phase,iteration,best_cost,current_cost,temperature
1,1,506.227,506.227,0
1,2,493.802,493.802,0
1,3,493.802,493.802,0
1,4,493.802,493.802,0
1,5,493.802,493.802,0
1,6,493.802,506.227,0
1,7,493.802,493.802,0
1,8,493.802,506.227,0
1,9,493.802,506.227,0
1,10,493.802,506.227,0
1,11,493.802,493.802,0
1,12,493.802,506.227,0
1,13,493.802,493.802,0
1,14,493.802,493.802,0
1,15,493.802,506.227,0
1,16,493.802,506.227,0
1,17,493.802,506.227,0
1,18,493.802,493.802,0
1,19,493.802,506.227,0
1,20,493.802,493.802,0
2,1,493.802,493.802,148.141
2,2,493.802,493.802,148.141
2,3,493.802,493.802,148.141
2,4,493.802,493.802,148.141
2,5,493.802,493.802,148.141
2,6,493.802,493.802,148.141
2,7,493.802,493.802,148.141
2,8,493.802,493.802,148.141
2,9,493.802,493.802,148.141
2,10,493.802,493.802,148.141
2,11,493.802,493.802,148.141
2,12,493.802,493.802,148.141
2,13,493.802,493.802,148.141
2,14,493.802,493.802,148.141
2,15,493.802,493.802,148.141
2,16,493.802,493.802,148.141
2,17,493.802,493.802,148.141
2,18,493.802,493.802,148.141
2,19,493.802,493.802,148.141
2,20,493.802,493.802,148.141
2,21,493.802,493.802,148.141
2,22,493.802,493.802,148.141
2,23,493.802,493.802,148.141
2,24,493.802,493.802,148.141
2,25,493.802,493.802,148.141
2,26,493.802,493.802,148.141
2,27,493.802,493.802,148.141
2,28,493.802,551.755,148.141
2,29,493.802,551.755,148.141
2,30,493.802,493.802,148.141
2,31,493.802,493.802,148.141
2,32,493.802,493.802,148.141
2,33,493.802,493.802,148.141
2,34,493.802,493.802,148.141
2,35,493.802,493.802,148.141
2,36,493.802,493.802,148.141
2,37,493.802,493.802,148.141
2,38,493.802,493.802,148.141
2,39,493.802,493.802,148.141
2,40,493.802,493.802,148.141
2,41,493.802,493.802,146.659
2,42,493.802,493.802,146.659
2,43,493.802,493.802,146.659
2,44,493.802,493.802,146.659
2,45,493.802,493.802,146.659
2,46,493.802,493.802,146.659
2,47,493.802,493.802,146.659
2,48,493.802,493.802,146.659
2,49,493.802,493.802,146.659
2,50,493.802,493.802,146.659
2,51,493.802,493.802,146.659
2,52,493.802,493.802,146.659
2,53,493.802,493.802,146.659
2,54,493.802,493.802,146.659
2,55,493.802,493.802,146.659
2,56,493.802,493.802,146.659
2,57,493.802,493.802,146.659
2,58,493.802,493.802,146.659
2,59,493.802,493.802,146.659
2,60,493.802,493.802,146.659
2,61,493.802,493.802,146.659
2,62,493.802,493.802,146.659
2,63,493.802,493.802,146.659
2,64,493.802,493.802,146.659
2,65,493.802,493.802,146.659
2,66,493.802,493.802,146.659
2,67,493.802,493.802,146.659
2,68,493.802,493.802,146.659
2,69,493.802,493.802,146.659
2,70,493.802,493.802,146.659
2,71,493.802,493.802,146.659
2,72,493.802,493.802,146.659
2,73,493.802,820.195,146.659
2,74,493.802,794.377,146.659
2,75,493.802,794.377,146.659
2,76,493.802,794.377,146.659
2,77,493.802,510.371,146.659
2,78,493.802,510.371,146.659
2,79,493.802,510.371,146.659
2,80,493.802,493.802,146.659
2,81,493.802,493.802,145.193
2,82,493.802,493.802,145.193
2,83,493.802,493.802,145.193
2,84,493.802,493.802,145.193
2,85,493.802,493.802,145.193
2,86,493.802,493.802,145.193
2,87,493.802,493.802,145.193
2,88,493.802,493.802,145.193
2,89,493.802,493.802,145.193
2,90,493.802,493.802,145.193
2,91,493.802,493.802,145.193
2,92,493.802,493.802,145.193
2,93,493.802,493.802,145.193
2,94,493.802,493.802,145.193
2,95,493.802,493.802,145.193
2,96,493.802,493.802,145.193
2,97,493.802,493.802,145.193
2,98,493.802,493.802,145.193
2,99,493.802,493.802,145.193
2,100,493.802,493.802,145.193
2,101,493.802,493.802,145.193
2,102,493.802,493.802,145.193
2,103,493.802,493.802,145.193
2,104,493.802,493.802,145.193
2,105,493.802,493.802,145.193
2,106,493.802,493.802,145.193
2,107,493.802,493.802,145.193
2,108,493.802,493.802,145.193
2,109,493.802,493.802,145.193
2,110,493.802,493.802,145.193
2,111,493.802,493.802,145.193
2,112,493.802,493.802,145.193
2,113,493.802,493.802,145.193
2,114,493.802,493.802,145.193
2,115,493.802,493.802,145.193
2,116,493.802,493.802,145.193
2,117,493.802,493.802,145.193
2,118,493.802,493.802,145.193
2,119,493.802,493.802,145.193
2,120,493.802,493.802,145.193
2,121,493.802,493.802,143.741
2,122,493.802,493.802,143.741
2,123,493.802,493.802,143.741
2,124,493.802,493.802,143.741
2,125,493.802,493.802,143.741
2,126,493.802,493.802,143.741
2,127,493.802,493.802,143.741
2,128,493.802,493.802,143.741
2,129,493.802,493.802,143.741
2,130,493.802,493.802,143.741
2,131,493.802,493.802,143.741
2,132,493.802,493.802,143.741
2,133,493.802,493.802,143.741
2,134,493.802,493.802,143.741
2,135,493.802,493.802,143.741
2,136,493.802,493.802,143.741
2,137,493.802,493.802,143.741
2,138,493.802,493.802,143.741
2,139,493.802,493.802,143.741
2,140,493.802,493.802,143.741
2,141,493.802,493.802,143.741
2,142,493.802,493.802,143.741
2,143,493.802,493.802,143.741
2,144,493.802,493.802,143.741
2,145,493.802,827.849,143.741
2,146,493.802,827.849,143.741
2,147,493.802,827.849,143.741
2,148,493.802,827.849,143.741
2,149,493.802,827.849,143.741
2,150,493.802,827.849,143.741
2,151,493.802,827.849,143.741
2,152,493.802,804.987,143.741
2,153,493.802,804.987,143.741
2,154,493.802,804.987,143.741
2,155,493.802,522.612,143.741
2,156,493.802,522.612,143.741
2,157,493.802,522.612,143.741
2,158,493.802,522.612,143.741
2,159,493.802,510.371,143.741
2,160,493.802,510.371,143.741
2,161,493.802,510.371,142.303
2,162,493.802,510.371,142.303
2,163,493.802,510.371,142.303
2,164,493.802,510.371,142.303
2,165,493.802,510.371,142.303
2,166,493.802,510.371,142.303
2,167,493.802,510.371,142.303
2,168,493.802,510.371,142.303
2,169,493.802,510.371,142.303
2,170,493.802,510.371,142.303
2,171,493.802,510.371,142.303
2,172,493.802,510.371,142.303
2,173,493.802,510.371,142.303
2,174,493.802,510.371,142.303
2,175,493.802,510.371,142.303
2,176,493.802,510.371,142.303
2,177,493.802,510.371,142.303
2,178,493.802,510.371,142.303
2,179,493.802,510.371,142.303
2,180,493.802,510.371,142.303
2,181,493.802,510.371,142.303
2,182,493.802,510.371,142.303
2,183,493.802,510.371,142.303
2,184,493.802,510.371,142.303
2,185,493.802,510.371,142.303
2,186,493.802,510.371,142.303
2,187,493.802,510.371,142.303
2,188,493.802,510.371,142.303
2,189,493.802,510.371,142.303
2,190,493.802,510.371,142.303
2,191,493.802,510.371,142.303
2,192,493.802,510.371,142.303
2,193,493.802,510.371,142.303
2,194,493.802,510.371,142.303
2,195,493.802,510.371,142.303
2,196,493.802,510.371,142.303
2,197,493.802,510.371,142.303
2,198,493.802,510.371,142.303
2,199,493.802,510.371,142.303
2,200,493.802,510.371,142.303
2,201,493.802,510.371,140.88
2,202,493.802,510.371,140.88
2,203,493.802,510.371,140.88
2,204,493.802,510.371,140.88
2,205,493.802,510.371,140.88
2,206,493.802,510.371,140.88
2,207,493.802,510.371,140.88
2,208,493.802,510.371,140.88
2,209,493.802,510.371,140.88
2,210,493.802,510.371,140.88
2,211,493.802,510.371,140.88
2,212,493.802,510.371,140.88
2,213,493.802,510.371,140.88
2,214,493.802,782.954,140.88
2,215,493.802,782.954,140.88
2,216,493.802,782.954,140.88
2,217,493.802,782.954,140.88
2,218,493.802,782.954,140.88
2,219,493.802,564.053,140.88
2,220,493.802,564.053,140.88
2,221,493.802,564.053,140.88
2,222,493.802,564.053,140.88
2,223,493.802,564.053,140.88
2,224,493.802,506.735,140.88
2,225,493.802,506.735,140.88
2,226,493.802,551.755,140.88
2,227,493.802,551.755,140.88
2,228,493.802,527.985,140.88
2,229,493.802,527.985,140.88
2,230,493.802,629.664,140.88
2,231,493.802,622.466,140.88
2,232,493.802,622.466,140.88
2,233,493.802,622.466,140.88
2,234,493.802,622.466,140.88
2,235,493.802,622.466,140.88
2,236,493.802,622.466,140.88
2,237,493.802,622.466,140.88
2,238,493.802,622.466,140.88
2,239,493.802,622.466,140.88
2,240,493.802,622.466,140.88
2,241,493.802,622.466,139.471
2,242,493.802,622.466,139.471
2,243,493.802,622.466,139.471
2,244,493.802,622.466,139.471
2,245,493.802,622.466,139.471
2,246,493.802,622.466,139.471
2,247,493.802,622.466,139.471
2,248,493.802,622.466,139.471
2,249,493.802,622.466,139.471
2,250,493.802,622.466,139.471
2,251,493.802,622.466,139.471
2,252,493.802,622.466,139.471
2,253,493.802,622.466,139.471
2,254,493.802,622.466,139.471
2,255,493.802,622.466,139.471
2,256,493.802,622.466,139.471
2,257,493.802,622.466,139.471
2,258,493.802,622.466,139.471
2,259,493.802,622.466,139.471
2,260,493.802,622.466,139.471
2,261,493.802,622.466,139.471
2,262,493.802,622.466,139.471
2,263,493.802,622.466,139.471
2,264,493.802,622.466,139.471
2,265,493.802,622.466,139.471
2,266,493.802,622.466,139.471
2,267,493.802,622.466,139.471
2,268,493.802,622.466,139.471
2,269,493.802,622.466,139.471
2,270,493.802,622.466,139.471
2,271,493.802,622.466,139.471
2,272,493.802,622.466,139.471
2,273,493.802,622.466,139.471
2,274,493.802,622.466,139.471
2,275,493.802,622.466,139.471
2,276,493.802,622.466,139.471
2,277,493.802,622.466,139.471
2,278,493.802,567.621,139.471
2,279,493.802,567.621,139.471
2,280,493.802,567.621,139.471
2,281,493.802,531.651,138.077
2,282,493.802,531.651,138.077
2,283,493.802,531.651,138.077
2,284,493.802,531.651,138.077
2,285,493.802,531.651,138.077
2,286,493.802,531.651,138.077
2,287,493.802,531.651,138.077
2,288,493.802,531.651,138.077
2,289,493.802,531.651,138.077
2,290,493.802,531.651,138.077
2,291,493.802,531.651,138.077
2,292,493.802,531.651,138.077
2,293,493.802,531.651,138.077
2,294,493.802,531.651,138.077
2,295,493.802,531.651,138.077
2,296,493.802,531.651,138.077
2,297,493.802,531.651,138.077
2,298,493.802,531.651,138.077
2,299,493.802,531.651,138.077
2,300,493.802,531.651,138.077
2,301,493.802,531.651,138.077
2,302,493.802,531.651,138.077
2,303,493.802,531.651,138.077
2,304,493.802,531.651,138.077
2,305,493.802,531.651,138.077
2,306,493.802,531.651,138.077
2,307,493.802,518.268,138.077
2,308,493.802,518.268,138.077
2,309,493.802,518.268,138.077
2,310,493.802,518.268,138.077
2,311,493.802,518.268,138.077
2,312,493.802,518.268,138.077
2,313,493.802,518.268,138.077
2,314,493.802,518.268,138.077
2,315,493.802,518.268,138.077
2,316,493.802,518.268,138.077
2,317,493.802,518.268,138.077
2,318,493.802,518.268,138.077
2,319,493.802,531.651,138.077
2,320,493.802,531.651,138.077
2,321,493.802,531.651,136.696
2,322,493.802,531.651,136.696
2,323,493.802,531.651,136.696
2,324,493.802,531.651,136.696
2,325,493.802,531.651,136.696
2,326,493.802,531.651,136.696
2,327,493.802,531.651,136.696
2,328,493.802,531.651,136.696
2,329,493.802,531.651,136.696
2,330,493.802,531.651,136.696
2,331,493.802,531.651,136.696
2,332,493.802,531.651,136.696
2,333,493.802,531.651,136.696
2,334,493.802,531.651,136.696
2,335,493.802,531.651,136.696
2,336,493.802,531.651,136.696
2,337,493.802,531.651,136.696
2,338,493.802,531.651,136.696
2,339,493.802,531.651,136.696
2,340,493.802,531.651,136.696
2,341,493.802,531.651,136.696
2,342,493.802,531.651,136.696
2,343,493.802,531.651,136.696
2,344,493.802,531.651,136.696
2,345,493.802,531.651,136.696
2,346,493.802,531.651,136.696
2,347,493.802,531.651,136.696
2,348,493.802,531.651,136.696
2,349,493.802,531.651,136.696
2,350,493.802,531.651,136.696
2,351,493.802,531.651,136.696
2,352,493.802,531.651,136.696
2,353,493.802,531.651,136.696
2,354,493.802,531.651,136.696
2,355,493.802,531.651,136.696
2,356,493.802,531.651,136.696
2,357,493.802,531.651,136.696
2,358,493.802,531.651,136.696
2,359,493.802,531.651,136.696
2,360,493.802,531.651,136.696
2,361,493.802,531.651,135.329
2,362,493.802,531.651,135.329
2,363,493.802,514.417,135.329
2,364,493.802,514.417,135.329
2,365,493.802,514.417,135.329
2,366,493.802,514.417,135.329
2,367,493.802,514.417,135.329
2,368,493.802,514.417,135.329
2,369,493.802,514.417,135.329
2,370,493.802,514.417,135.329
2,371,493.802,514.417,135.329
2,372,493.802,514.417,135.329
2,373,493.802,514.417,135.329
2,374,493.802,514.417,135.329
2,375,493.802,514.417,135.329
2,376,493.802,514.417,135.329
2,377,493.802,514.417,135.329
2,378,493.802,514.417,135.329
2,379,493.802,514.417,135.329
2,380,493.802,514.417,135.329
2,381,493.802,514.417,135.329
2,382,493.802,514.417,135.329
2,383,493.802,514.417,135.329
2,384,493.802,514.417,135.329
2,385,493.802,514.417,135.329
2,386,493.802,514.417,135.329
2,387,493.802,514.417,135.329
2,388,493.802,514.417,135.329
2,389,493.802,514.417,135.329
2,390,493.802,514.417,135.329
2,391,493.802,514.417,135.329
2,392,493.802,514.417,135.329
2,393,493.802,514.417,135.329
2,394,493.802,514.417,135.329
2,395,493.802,514.417,135.329
2,396,493.802,514.417,135.329
2,397,493.802,514.417,135.329
2,398,493.802,514.417,135.329
2,399,493.802,514.417,135.329
2,400,493.802,514.417,135.329
2,401,493.802,514.417,133.976
2,402,493.802,514.417,133.976
2,403,493.802,514.417,133.976
2,404,493.802,514.417,133.976
2,405,493.802,514.417,133.976
2,406,493.802,514.417,133.976
2,407,493.802,514.417,133.976
2,408,491.132,491.132,133.976
2,409,491.132,491.132,133.976
2,410,491.132,491.132,133.976
2,411,491.132,491.132,133.976
2,412,491.132,491.132,133.976
2,413,491.132,491.132,133.976
2,414,491.132,491.132,133.976
2,415,491.132,491.132,133.976
2,416,491.132,491.132,133.976
2,417,491.132,491.132,133.976
2,418,491.132,491.132,133.976
2,419,491.132,491.132,133.976
2,420,491.132,491.132,133.976
2,421,491.132,844.815,133.976
2,422,491.132,825.602,133.976
2,423,491.132,825.602,133.976
2,424,491.132,825.602,133.976
2,425,491.132,825.602,133.976
2,426,491.132,825.602,133.976
2,427,491.132,825.602,133.976
2,428,491.132,825.602,133.976
2,429,491.132,825.602,133.976
2,430,491.132,827.849,133.976
2,431,491.132,827.849,133.976
2,432,491.132,827.849,133.976
2,433,491.132,827.849,133.976
2,434,491.132,827.849,133.976
2,435,491.132,827.849,133.976
2,436,491.132,827.849,133.976
2,437,491.132,827.849,133.976
2,438,491.132,827.849,133.976
2,439,491.132,827.849,133.976
2,440,491.132,742.578,133.976
2,441,491.132,790.361,132.636
2,442,491.132,790.361,132.636
2,443,491.132,790.361,132.636
2,444,491.132,893.042,132.636
2,445,491.132,790.361,132.636
2,446,491.132,790.361,132.636
2,447,491.132,790.361,132.636
2,448,491.132,790.361,132.636
2,449,491.132,790.361,132.636
2,450,491.132,742.391,132.636
2,451,491.132,742.391,132.636
2,452,491.132,742.391,132.636
2,453,491.132,742.391,132.636
2,454,491.132,742.391,132.636
2,455,491.132,742.391,132.636
2,456,491.132,742.391,132.636
2,457,491.132,742.391,132.636
2,458,491.132,742.391,132.636
2,459,491.132,742.391,132.636
2,460,491.132,742.391,132.636
2,461,491.132,742.391,132.636
2,462,491.132,742.391,132.636
2,463,491.132,742.391,132.636
2,464,491.132,742.391,132.636
2,465,491.132,742.391,132.636
2,466,491.132,742.391,132.636
2,467,491.132,742.391,132.636
2,468,491.132,742.391,132.636
2,469,491.132,742.391,132.636
2,470,491.132,742.391,132.636
2,471,491.132,742.391,132.636
2,472,491.132,742.391,132.636
2,473,491.132,742.391,132.636
2,474,491.132,742.391,132.636
2,475,491.132,742.391,132.636
2,476,491.132,742.391,132.636
2,477,491.132,742.391,132.636
2,478,491.132,742.391,132.636
2,479,491.132,742.391,132.636
2,480,491.132,742.391,132.636
2,481,491.132,742.391,131.31
2,482,491.132,742.391,131.31
2,483,491.132,742.391,131.31
2,484,491.132,789.775,131.31
2,485,491.132,789.775,131.31
2,486,491.132,798.127,131.31
2,487,491.132,798.127,131.31
2,488,491.132,789.775,131.31
2,489,491.132,789.775,131.31
2,490,491.132,789.775,131.31
2,491,491.132,789.775,131.31
2,492,491.132,789.775,131.31
2,493,491.132,789.775,131.31
2,494,491.132,789.775,131.31
2,495,491.132,789.775,131.31
2,496,491.132,789.775,131.31
2,497,491.132,789.775,131.31
2,498,491.132,789.775,131.31
2,499,491.132,789.775,131.31
2,500,491.132,789.775,131.31
2,501,491.132,789.775,131.31
2,502,491.132,789.775,131.31
2,503,491.132,789.775,131.31
2,504,491.132,798.127,131.31
2,505,491.132,515.087,131.31
2,506,491.132,510.371,131.31
2,507,491.132,510.371,131.31
2,508,491.132,510.371,131.31
2,509,491.132,493.802,131.31
2,510,491.132,493.802,131.31
2,511,491.132,493.802,131.31
2,512,491.132,493.802,131.31
2,513,491.132,493.802,131.31
2,514,491.132,493.802,131.31
2,515,491.132,493.802,131.31
2,516,491.132,493.802,131.31
2,517,491.132,493.802,131.31
2,518,491.132,493.802,131.31
2,519,491.132,493.802,131.31
2,520,491.132,493.802,131.31
2,521,491.132,493.802,129.996
2,522,491.132,493.802,129.996
2,523,491.132,493.802,129.996
2,524,491.132,493.802,129.996
2,525,491.132,493.802,129.996
2,526,491.132,493.802,129.996
2,527,491.132,493.802,129.996
2,528,491.132,493.802,129.996
2,529,491.132,493.802,129.996
2,530,491.132,493.802,129.996
2,531,491.132,493.802,129.996
2,532,491.132,493.802,129.996
2,533,491.132,493.802,129.996
2,534,491.132,493.802,129.996
2,535,491.132,493.802,129.996
2,536,491.132,493.802,129.996
2,537,491.132,493.802,129.996
2,538,491.132,493.802,129.996
2,539,491.132,493.802,129.996
2,540,491.132,493.802,129.996
2,541,491.132,493.802,129.996
2,542,491.132,493.802,129.996
2,543,491.132,512.975,129.996
2,544,491.132,512.975,129.996
2,545,491.132,512.975,129.996
2,546,491.132,512.975,129.996
2,547,491.132,512.975,129.996
2,548,491.132,512.975,129.996
2,549,491.132,493.802,129.996
2,550,491.132,493.802,129.996
2,551,491.132,493.802,129.996
2,552,491.132,493.802,129.996
2,553,491.132,493.802,129.996
2,554,491.132,493.802,129.996
2,555,491.132,506.735,129.996
2,556,491.132,551.755,129.996
2,557,491.132,551.755,129.996
2,558,491.132,551.755,129.996
2,559,491.132,551.755,129.996
2,560,491.132,510.371,129.996
2,561,491.132,510.371,128.696
2,562,491.132,510.371,128.696
2,563,491.132,510.371,128.696
2,564,491.132,510.371,128.696
2,565,491.132,510.371,128.696
2,566,491.132,510.371,128.696
2,567,491.132,510.371,128.696
2,568,491.132,545.267,128.696
2,569,491.132,510.371,128.696
2,570,491.132,510.371,128.696
2,571,491.132,510.371,128.696
2,572,491.132,510.371,128.696
2,573,491.132,510.371,128.696
2,574,491.132,510.371,128.696
2,575,491.132,510.371,128.696
2,576,491.132,510.371,128.696
2,577,491.132,510.371,128.696
2,578,491.132,510.371,128.696
2,579,491.132,510.371,128.696
2,580,491.132,510.371,128.696
2,581,491.132,510.371,128.696
2,582,491.132,510.371,128.696
2,583,491.132,510.371,128.696
2,584,491.132,510.371,128.696
2,585,491.132,598.649,128.696
2,586,491.132,598.649,128.696
2,587,491.132,566.555,128.696
2,588,491.132,782.954,128.696
2,589,491.132,775.287,128.696
2,590,491.132,775.287,128.696
2,591,491.132,775.287,128.696
2,592,491.132,775.287,128.696
2,593,491.132,775.287,128.696
2,594,491.132,775.287,128.696
2,595,491.132,1084.14,128.696
2,596,491.132,1084.14,128.696
2,597,491.132,771.129,128.696
2,598,491.132,771.129,128.696
2,599,491.132,771.129,128.696
2,600,491.132,771.129,128.696
2,601,491.132,771.129,127.41
2,602,491.132,771.129,127.41
2,603,491.132,771.129,127.41
2,604,491.132,771.129,127.41
2,605,491.132,591.511,127.41
2,606,491.132,591.511,127.41
2,607,491.132,591.511,127.41
2,608,491.132,591.511,127.41
2,609,491.132,546.343,127.41
2,610,491.132,546.343,127.41
2,611,491.132,546.343,127.41
2,612,491.132,546.343,127.41
2,613,491.132,546.343,127.41
2,614,491.132,546.343,127.41
2,615,491.132,546.343,127.41
2,616,491.132,546.343,127.41
2,617,491.132,546.343,127.41
2,618,491.132,547.181,127.41
2,619,491.132,547.181,127.41
2,620,491.132,547.181,127.41
2,621,491.132,515.087,127.41
2,622,491.132,515.087,127.41
2,623,491.132,515.087,127.41
2,624,491.132,515.087,127.41
2,625,491.132,515.087,127.41
2,626,491.132,506.227,127.41
2,627,491.132,506.227,127.41
2,628,491.132,519.891,127.41
2,629,491.132,519.891,127.41
2,630,491.132,519.891,127.41
2,631,491.132,519.891,127.41
2,632,491.132,519.891,127.41
2,633,491.132,519.891,127.41
2,634,491.132,519.891,127.41
2,635,491.132,519.891,127.41
2,636,491.132,519.891,127.41
2,637,491.132,519.891,127.41
2,638,491.132,535.289,127.41
2,639,491.132,509.201,127.41
2,640,491.132,509.201,127.41
2,641,491.132,509.201,126.135
2,642,491.132,509.201,126.135
2,643,491.132,509.201,126.135
2,644,491.132,509.201,126.135
2,645,491.132,509.201,126.135
2,646,491.132,509.201,126.135
2,647,491.132,509.201,126.135
2,648,491.132,509.201,126.135
2,649,491.132,509.201,126.135
2,650,491.132,509.201,126.135
2,651,491.132,493.802,126.135
2,652,491.132,493.802,126.135
2,653,491.132,493.802,126.135
2,654,491.132,493.802,126.135
2,655,491.132,493.802,126.135
2,656,491.132,493.802,126.135
2,657,491.132,493.802,126.135
2,658,491.132,493.802,126.135
2,659,491.132,493.802,126.135
2,660,491.132,493.802,126.135
2,661,491.132,493.802,126.135
2,662,491.132,493.802,126.135
2,663,491.132,493.802,126.135
2,664,491.132,493.802,126.135
2,665,491.132,493.802,126.135
2,666,491.132,493.802,126.135
2,667,491.132,493.802,126.135
2,668,491.132,493.802,126.135
2,669,491.132,493.802,126.135
2,670,491.132,493.802,126.135
2,671,491.132,493.802,126.135
2,672,491.132,493.802,126.135
2,673,491.132,493.802,126.135
2,674,491.132,493.802,126.135
2,675,491.132,493.802,126.135
2,676,491.132,493.802,126.135
2,677,491.132,493.802,126.135
2,678,491.132,493.802,126.135
2,679,491.132,493.802,126.135
2,680,491.132,493.802,126.135
2,681,491.132,493.802,124.874
2,682,491.132,493.802,124.874
2,683,491.132,493.802,124.874
2,684,491.132,493.802,124.874
2,685,491.132,493.802,124.874
2,686,491.132,493.802,124.874
2,687,491.132,493.802,124.874
2,688,491.132,493.802,124.874
2,689,491.132,493.802,124.874
2,690,491.132,493.802,124.874
2,691,491.132,493.802,124.874
2,692,491.132,493.802,124.874
2,693,491.132,493.802,124.874
2,694,491.132,493.802,124.874
2,695,491.132,493.802,124.874
2,696,491.132,493.802,124.874
2,697,491.132,493.802,124.874
2,698,491.132,493.802,124.874
2,699,491.132,493.802,124.874
2,700,491.132,493.802,124.874
2,701,491.132,493.802,124.874
2,702,491.132,493.802,124.874
2,703,491.132,493.802,124.874
2,704,491.132,493.802,124.874
2,705,491.132,493.802,124.874
2,706,491.132,493.802,124.874
2,707,491.132,493.802,124.874
2,708,491.132,493.802,124.874
2,709,491.132,493.802,124.874
2,710,491.132,493.802,124.874
2,711,491.132,493.802,124.874
2,712,491.132,493.802,124.874
2,713,491.132,493.802,124.874
2,714,491.132,493.802,124.874
2,715,491.132,493.802,124.874
2,716,491.132,493.802,124.874
2,717,491.132,493.802,124.874
2,718,491.132,493.802,124.874
2,719,491.132,493.802,124.874
2,720,491.132,493.802,124.874
2,721,491.132,493.802,123.625
2,722,491.132,506.735,123.625
2,723,491.132,506.735,123.625
2,724,491.132,506.735,123.625
2,725,491.132,506.735,123.625
2,726,491.132,506.735,123.625
2,727,491.132,506.735,123.625
2,728,491.132,506.735,123.625
2,729,491.132,506.735,123.625
2,730,491.132,506.227,123.625
2,731,491.132,506.227,123.625
2,732,491.132,506.227,123.625
2,733,491.132,506.227,123.625
2,734,491.132,506.227,123.625
2,735,491.132,506.227,123.625
2,736,491.132,506.227,123.625
2,737,491.132,506.227,123.625
2,738,491.132,506.227,123.625
2,739,491.132,506.227,123.625
2,740,491.132,506.227,123.625
2,741,491.132,506.227,123.625
2,742,491.132,506.227,123.625
2,743,491.132,506.227,123.625
2,744,491.132,506.227,123.625
2,745,491.132,506.227,123.625
2,746,491.132,515.087,123.625
2,747,491.132,515.087,123.625
2,748,491.132,515.087,123.625
2,749,491.132,515.087,123.625
2,750,491.132,515.087,123.625
2,751,491.132,515.087,123.625
2,752,491.132,515.087,123.625
2,753,491.132,515.087,123.625
2,754,491.132,515.087,123.625
2,755,491.132,515.087,123.625
2,756,491.132,506.227,123.625
2,757,491.132,506.227,123.625
2,758,491.132,506.227,123.625
2,759,491.132,506.227,123.625
2,760,491.132,506.227,123.625
2,761,491.132,506.227,122.389
2,762,491.132,506.227,122.389
2,763,491.132,506.227,122.389
2,764,477.083,477.083,122.389
2,765,477.083,477.083,122.389
2,766,477.083,477.083,122.389
2,767,477.083,477.083,122.389
2,768,477.083,477.083,122.389
2,769,477.083,477.083,122.389
2,770,477.083,477.083,122.389
2,771,477.083,477.083,122.389
2,772,477.083,477.083,122.389
2,773,477.083,477.083,122.389
2,774,477.083,477.083,122.389
2,775,477.083,477.083,122.389
2,776,477.083,477.083,122.389
2,777,477.083,477.083,122.389
2,778,477.083,477.083,122.389
2,779,477.083,477.083,122.389
2,780,477.083,477.083,122.389
2,781,477.083,477.083,122.389
2,782,477.083,477.083,122.389
2,783,477.083,477.083,122.389
2,784,477.083,477.083,122.389
2,785,477.083,477.083,122.389
2,786,477.083,477.083,122.389
2,787,477.083,477.083,122.389
2,788,477.083,477.083,122.389
2,789,477.083,477.083,122.389
2,790,477.083,477.083,122.389
2,791,477.083,477.083,122.389
2,792,477.083,477.083,122.389
2,793,477.083,477.083,122.389
2,794,477.083,477.083,122.389
2,795,477.083,477.083,122.389
2,796,477.083,477.083,122.389
2,797,477.083,477.083,122.389
2,798,477.083,477.083,122.389
2,799,477.083,477.083,122.389
2,800,477.083,477.083,122.389
2,801,477.083,477.083,121.165
2,802,477.083,477.083,121.165
2,803,477.083,477.083,121.165
2,804,477.083,477.083,121.165
2,805,477.083,477.083,121.165
2,806,477.083,477.083,121.165
2,807,477.083,477.083,121.165
2,808,477.083,477.083,121.165
2,809,477.083,477.083,121.165
2,810,477.083,477.083,121.165
2,811,477.083,477.083,121.165
2,812,477.083,477.083,121.165
2,813,477.083,477.083,121.165
2,814,477.083,477.083,121.165
2,815,477.083,477.083,121.165
2,816,477.083,477.083,121.165
2,817,477.083,477.083,121.165
2,818,477.083,477.083,121.165
2,819,477.083,477.083,121.165
2,820,477.083,477.083,121.165
2,821,477.083,477.083,121.165
2,822,477.083,477.083,121.165
2,823,477.083,477.083,121.165
2,824,477.083,477.083,121.165
2,825,477.083,477.083,121.165
2,826,477.083,477.083,121.165
2,827,477.083,477.083,121.165
2,828,477.083,477.083,121.165
2,829,477.083,477.083,121.165
2,830,477.083,477.083,121.165
2,831,477.083,477.083,121.165
2,832,477.083,477.083,121.165
2,833,477.083,477.083,121.165
2,834,477.083,477.083,121.165
2,835,477.083,477.083,121.165
2,836,477.083,477.083,121.165
2,837,477.083,477.083,121.165
2,838,477.083,477.083,121.165
2,839,477.083,477.083,121.165
2,840,477.083,477.083,121.165
2,841,477.083,477.083,119.954
2,842,477.083,477.083,119.954
2,843,477.083,477.083,119.954
2,844,477.083,477.083,119.954
2,845,477.083,477.083,119.954
2,846,477.083,477.083,119.954
2,847,477.083,477.083,119.954
2,848,477.083,565.361,119.954
2,849,477.083,477.083,119.954
2,850,477.083,477.083,119.954
2,851,477.083,477.083,119.954
2,852,477.083,477.083,119.954
2,853,477.083,477.083,119.954
2,854,477.083,477.083,119.954
2,855,477.083,477.083,119.954
2,856,477.083,477.083,119.954
2,857,477.083,477.083,119.954
2,858,477.083,477.083,119.954
2,859,477.083,477.083,119.954
2,860,477.083,477.083,119.954
2,861,477.083,477.083,119.954
2,862,477.083,477.083,119.954
2,863,477.083,477.083,119.954
2,864,477.083,477.083,119.954
2,865,477.083,477.083,119.954
2,866,477.083,477.083,119.954
2,867,477.083,477.083,119.954
2,868,477.083,477.083,119.954
2,869,477.083,477.083,119.954
2,870,477.083,477.083,119.954
2,871,477.083,477.083,119.954
2,872,477.083,477.083,119.954
2,873,477.083,477.083,119.954
2,874,477.083,477.083,119.954
2,875,477.083,477.083,119.954
2,876,477.083,477.083,119.954
2,877,477.083,477.083,119.954
2,878,477.083,477.083,119.954
2,879,477.083,477.083,119.954
2,880,477.083,477.083,119.954
2,881,477.083,477.083,118.754
2,882,477.083,477.083,118.754
2,883,477.083,477.083,118.754
2,884,477.083,477.083,118.754
2,885,477.083,477.083,118.754
2,886,477.083,477.083,118.754
2,887,477.083,477.083,118.754
2,888,477.083,477.083,118.754
2,889,477.083,477.083,118.754
2,890,477.083,477.083,118.754
2,891,477.083,477.083,118.754
2,892,477.083,477.083,118.754
2,893,477.083,477.083,118.754
2,894,477.083,477.083,118.754
2,895,477.083,477.083,118.754
2,896,477.083,477.083,118.754
2,897,477.083,477.083,118.754
2,898,477.083,477.083,118.754
2,899,477.083,477.083,118.754
2,900,477.083,477.083,118.754
2,901,477.083,477.083,118.754
2,902,477.083,477.083,118.754
2,903,477.083,477.083,118.754
2,904,477.083,477.083,118.754
2,905,477.083,477.083,118.754
2,906,477.083,477.083,118.754
2,907,477.083,477.083,118.754
2,908,477.083,477.083,118.754
2,909,477.083,477.083,118.754
2,910,477.083,477.083,118.754
2,911,477.083,477.083,118.754
2,912,477.083,477.083,118.754
2,913,477.083,477.083,118.754
2,914,477.083,477.083,118.754
2,915,477.083,477.083,118.754
2,916,477.083,477.083,118.754
2,917,477.083,477.083,118.754
2,918,477.083,477.083,118.754
2,919,477.083,477.083,118.754
2,920,477.083,477.083,118.754
2,921,477.083,477.083,117.566
2,922,477.083,477.083,117.566
2,923,477.083,477.083,117.566
2,924,477.083,477.083,117.566
2,925,477.083,477.083,117.566
2,926,477.083,565.361,117.566
2,927,477.083,565.361,117.566
2,928,477.083,477.083,117.566
2,929,477.083,477.083,117.566
2,930,477.083,477.083,117.566
2,931,477.083,477.083,117.566
2,932,477.083,477.083,117.566
2,933,477.083,477.083,117.566
2,934,477.083,755.556,117.566
2,935,477.083,755.556,117.566
2,936,477.083,755.556,117.566
2,937,477.083,755.556,117.566
2,938,477.083,755.556,117.566
2,939,477.083,755.556,117.566
2,940,477.083,755.556,117.566
2,941,477.083,755.556,117.566
2,942,477.083,519.891,117.566
2,943,477.083,519.891,117.566
2,944,477.083,519.891,117.566
2,945,477.083,493.802,117.566
2,946,477.083,493.802,117.566
2,947,477.083,493.802,117.566
2,948,477.083,493.802,117.566
2,949,477.083,493.802,117.566
2,950,477.083,493.802,117.566
2,951,477.083,493.802,117.566
2,952,477.083,493.802,117.566
2,953,477.083,493.802,117.566
2,954,477.083,493.802,117.566
2,955,477.083,493.802,117.566
2,956,477.083,493.802,117.566
2,957,477.083,493.802,117.566
2,958,477.083,493.802,117.566
2,959,477.083,493.802,117.566
2,960,477.083,795.967,117.566
2,961,477.083,795.967,116.391
2,962,477.083,795.967,116.391
2,963,477.083,795.967,116.391
2,964,477.083,795.967,116.391
2,965,477.083,795.967,116.391
2,966,477.083,795.967,116.391
2,967,477.083,795.967,116.391
2,968,477.083,795.967,116.391
2,969,477.083,795.967,116.391
2,970,477.083,795.967,116.391
2,971,477.083,556.245,116.391
2,972,477.083,556.245,116.391
2,973,477.083,556.245,116.391
2,974,477.083,571.644,116.391
2,975,477.083,571.644,116.391
2,976,477.083,571.644,116.391
2,977,477.083,571.644,116.391
2,978,477.083,556.245,116.391
2,979,477.083,556.245,116.391
2,980,477.083,514.174,116.391
2,981,477.083,514.174,116.391
2,982,477.083,514.174,116.391
2,983,477.083,514.174,116.391
2,984,477.083,514.174,116.391
2,985,477.083,514.174,116.391
2,986,477.083,514.174,116.391
2,987,477.083,500.31,116.391
2,988,477.083,500.31,116.391
2,989,477.083,500.31,116.391
2,990,477.083,500.31,116.391
2,991,477.083,500.31,116.391
2,992,477.083,500.31,116.391
2,993,477.083,500.31,116.391
2,994,477.083,500.31,116.391
2,995,477.083,500.31,116.391
2,996,477.083,500.31,116.391
2,997,477.083,500.31,116.391
2,998,477.083,500.31,116.391
2,999,477.083,500.31,116.391
2,1000,477.083,500.31,116.391
2,1001,477.083,500.31,115.227
2,1002,477.083,500.31,115.227
2,1003,477.083,500.31,115.227
2,1004,477.083,500.31,115.227
2,1005,477.083,500.31,115.227
2,1006,477.083,500.31,115.227
2,1007,477.083,500.31,115.227
2,1008,477.083,500.31,115.227
2,1009,477.083,500.31,115.227
2,1010,477.083,531.939,115.227
2,1011,477.083,531.939,115.227
2,1012,477.083,531.939,115.227
2,1013,477.083,764.321,115.227
2,1014,477.083,764.858,115.227
2,1015,477.083,764.858,115.227
2,1016,477.083,764.858,115.227
2,1017,477.083,764.858,115.227
2,1018,477.083,764.858,115.227
2,1019,477.083,764.858,115.227
2,1020,477.083,764.858,115.227
2,1021,477.083,764.858,115.227
2,1022,477.083,764.858,115.227
2,1023,477.083,764.858,115.227
2,1024,477.083,764.858,115.227
2,1025,477.083,764.858,115.227
2,1026,477.083,795.374,115.227
2,1027,477.083,795.374,115.227
2,1028,477.083,795.374,115.227
2,1029,477.083,795.374,115.227
2,1030,477.083,901.749,115.227
2,1031,477.083,901.749,115.227
2,1032,477.083,893.091,115.227
2,1033,477.083,862.24,115.227
2,1034,477.083,862.24,115.227
2,1035,477.083,862.24,115.227
2,1036,477.083,862.24,115.227
2,1037,477.083,862.24,115.227
2,1038,477.083,764.858,115.227
2,1039,477.083,764.858,115.227
2,1040,477.083,764.858,115.227
2,1041,477.083,764.858,114.075
2,1042,477.083,549.646,114.075
2,1043,477.083,549.646,114.075
2,1044,477.083,549.646,114.075
2,1045,477.083,549.646,114.075
2,1046,477.083,549.646,114.075
2,1047,477.083,503.942,114.075
2,1048,477.083,503.942,114.075
2,1049,477.083,503.942,114.075
2,1050,477.083,503.942,114.075
2,1051,477.083,503.942,114.075
2,1052,477.083,503.942,114.075
2,1053,477.083,503.942,114.075
2,1054,477.083,503.942,114.075
2,1055,477.083,503.942,114.075
2,1056,477.083,503.942,114.075
2,1057,477.083,503.942,114.075
2,1058,477.083,503.942,114.075
2,1059,477.083,503.942,114.075
2,1060,477.083,503.942,114.075
2,1061,477.083,503.942,114.075
2,1062,477.083,503.942,114.075
2,1063,477.083,503.942,114.075
2,1064,477.083,503.942,114.075
2,1065,477.083,503.942,114.075
2,1066,477.083,503.942,114.075
2,1067,477.083,503.942,114.075
2,1068,477.083,503.942,114.075
2,1069,477.083,503.942,114.075
2,1070,477.083,503.942,114.075
2,1071,477.083,503.942,114.075
2,1072,477.083,503.942,114.075
2,1073,477.083,503.942,114.075
2,1074,477.083,503.942,114.075
2,1075,477.083,503.942,114.075
2,1076,477.083,503.942,114.075
2,1077,477.083,503.942,114.075
2,1078,477.083,503.942,114.075
2,1079,477.083,503.942,114.075
2,1080,477.083,503.942,114.075
2,1081,477.083,500.728,112.934
2,1082,477.083,500.728,112.934
2,1083,477.083,500.728,112.934
2,1084,477.083,500.728,112.934
2,1085,477.083,500.728,112.934
2,1086,477.083,500.728,112.934
2,1087,477.083,500.728,112.934
2,1088,477.083,500.728,112.934
2,1089,477.083,500.728,112.934
2,1090,477.083,500.728,112.934
2,1091,477.083,500.728,112.934
2,1092,477.083,500.728,112.934
2,1093,477.083,500.728,112.934
2,1094,477.083,500.728,112.934
2,1095,477.083,500.728,112.934
2,1096,477.083,500.728,112.934
2,1097,477.083,500.728,112.934
2,1098,477.083,500.728,112.934
2,1099,477.083,500.728,112.934
2,1100,477.083,500.728,112.934
2,1101,477.083,500.728,112.934
2,1102,477.083,500.728,112.934
2,1103,477.083,500.728,112.934
2,1104,477.083,500.728,112.934
2,1105,477.083,500.728,112.934
2,1106,477.083,500.728,112.934
2,1107,477.083,534.463,112.934
2,1108,477.083,534.463,112.934
2,1109,477.083,534.463,112.934
2,1110,477.083,534.463,112.934
2,1111,477.083,534.463,112.934
2,1112,477.083,534.463,112.934
2,1113,477.083,534.463,112.934
2,1114,477.083,534.463,112.934
2,1115,477.083,534.463,112.934
2,1116,477.083,534.463,112.934
2,1117,477.083,534.463,112.934
2,1118,477.083,534.463,112.934
2,1119,477.083,534.463,112.934
2,1120,477.083,534.463,112.934
2,1121,477.083,534.463,111.805
2,1122,477.083,534.463,111.805
2,1123,463.575,463.575,111.805
2,1124,463.575,463.575,111.805
2,1125,463.575,463.575,111.805
2,1126,463.575,463.575,111.805
2,1127,463.575,463.575,111.805
2,1128,463.575,463.575,111.805
2,1129,463.575,463.575,111.805
2,1130,463.575,463.575,111.805
2,1131,463.575,463.575,111.805
2,1132,463.575,463.575,111.805
2,1133,463.575,463.575,111.805
2,1134,463.575,463.575,111.805
2,1135,463.575,463.575,111.805
2,1136,463.575,463.575,111.805
2,1137,463.575,463.575,111.805
2,1138,463.575,463.575,111.805
2,1139,463.575,463.575,111.805
2,1140,463.575,463.575,111.805
2,1141,463.575,463.575,111.805
2,1142,463.575,463.575,111.805
2,1143,463.575,463.575,111.805
2,1144,463.575,463.575,111.805
2,1145,463.575,463.575,111.805
2,1146,463.575,463.575,111.805
2,1147,463.575,463.575,111.805
2,1148,463.575,463.575,111.805
2,1149,463.575,463.575,111.805
2,1150,463.575,463.575,111.805
2,1151,463.575,463.575,111.805
2,1152,463.575,463.575,111.805
2,1153,463.575,463.575,111.805
2,1154,463.575,463.575,111.805
2,1155,463.575,463.575,111.805
2,1156,463.575,463.575,111.805
2,1157,463.575,463.575,111.805
2,1158,463.575,463.575,111.805
2,1159,463.575,463.575,111.805
2,1160,463.575,463.575,111.805
2,1161,463.575,463.575,110.686
2,1162,463.575,463.575,110.686
2,1163,463.575,463.575,110.686
2,1164,463.575,463.575,110.686
2,1165,463.575,463.575,110.686
2,1166,463.575,465.597,110.686
2,1167,463.575,465.597,110.686
2,1168,463.575,463.575,110.686
2,1169,463.575,463.575,110.686
2,1170,463.575,463.575,110.686
2,1171,463.575,463.575,110.686
2,1172,463.575,463.575,110.686
2,1173,463.575,463.575,110.686
2,1174,463.575,463.575,110.686
2,1175,463.575,463.575,110.686
2,1176,463.575,463.575,110.686
2,1177,463.575,463.575,110.686
2,1178,463.575,463.575,110.686
2,1179,463.575,463.575,110.686
2,1180,463.575,463.575,110.686
2,1181,463.575,463.575,110.686
2,1182,463.575,463.575,110.686
2,1183,463.575,463.575,110.686
2,1184,463.575,463.575,110.686
2,1185,463.575,463.575,110.686
2,1186,463.575,463.575,110.686
2,1187,463.575,463.575,110.686
2,1188,463.575,463.575,110.686
2,1189,463.575,463.575,110.686
2,1190,463.575,463.575,110.686
2,1191,463.575,463.575,110.686
2,1192,463.575,463.575,110.686
2,1193,463.575,463.575,110.686
2,1194,463.575,463.575,110.686
2,1195,463.575,463.575,110.686
2,1196,463.575,463.575,110.686
2,1197,463.575,463.575,110.686
2,1198,463.575,463.575,110.686
2,1199,463.575,463.575,110.686
2,1200,463.575,463.575,110.686
2,1201,463.575,463.575,109.58
2,1202,463.575,463.575,109.58
2,1203,463.575,463.575,109.58
2,1204,463.575,463.575,109.58
2,1205,463.575,463.575,109.58
2,1206,463.575,463.575,109.58
2,1207,463.575,463.575,109.58
2,1208,463.575,463.575,109.58
2,1209,463.575,463.575,109.58
2,1210,463.575,463.575,109.58
2,1211,463.575,463.575,109.58
2,1212,463.575,463.575,109.58
2,1213,463.575,463.575,109.58
2,1214,463.575,463.575,109.58
2,1215,463.575,463.575,109.58
2,1216,463.575,463.575,109.58
2,1217,463.575,518.268,109.58
2,1218,463.575,518.268,109.58
2,1219,463.575,518.268,109.58
2,1220,463.575,518.268,109.58
2,1221,463.575,518.268,109.58
2,1222,463.575,518.268,109.58
2,1223,463.575,518.268,109.58
2,1224,463.575,518.268,109.58
2,1225,463.575,518.268,109.58
2,1226,463.575,518.268,109.58
2,1227,463.575,518.268,109.58
2,1228,463.575,518.268,109.58
2,1229,463.575,518.268,109.58
2,1230,463.575,518.268,109.58
2,1231,463.575,518.268,109.58
2,1232,463.575,518.268,109.58
2,1233,463.575,518.268,109.58
2,1234,463.575,518.268,109.58
2,1235,463.575,518.268,109.58
2,1236,463.575,518.268,109.58
2,1237,463.575,518.268,109.58
2,1238,463.575,518.268,109.58
2,1239,463.575,518.268,109.58
2,1240,463.575,518.268,109.58
2,1241,463.575,518.268,108.484
2,1242,463.575,518.268,108.484
2,1243,463.575,518.268,108.484
2,1244,463.575,518.268,108.484
2,1245,463.575,518.268,108.484
2,1246,463.575,518.268,108.484
2,1247,463.575,518.268,108.484
2,1248,463.575,518.268,108.484
2,1249,463.575,518.268,108.484
2,1250,463.575,518.268,108.484
2,1251,463.575,518.268,108.484
2,1252,463.575,518.268,108.484
2,1253,463.575,518.268,108.484
2,1254,463.575,518.268,108.484
2,1255,463.575,518.268,108.484
2,1256,463.575,518.268,108.484
2,1257,463.575,518.268,108.484
2,1258,463.575,518.268,108.484
2,1259,463.575,518.268,108.484
2,1260,463.575,518.268,108.484
2,1261,463.575,518.268,108.484
2,1262,463.575,518.268,108.484
2,1263,463.575,518.268,108.484
2,1264,463.575,518.268,108.484
2,1265,463.575,518.268,108.484
2,1266,463.575,518.268,108.484
2,1267,463.575,518.268,108.484
2,1268,463.575,518.268,108.484
2,1269,463.575,518.268,108.484
2,1270,463.575,518.268,108.484
2,1271,463.575,518.268,108.484
2,1272,463.575,518.268,108.484
2,1273,463.575,582.207,108.484
2,1274,463.575,582.207,108.484
2,1275,463.575,582.207,108.484
2,1276,463.575,582.207,108.484
2,1277,463.575,582.207,108.484
2,1278,463.575,557.357,108.484
2,1279,463.575,557.357,108.484
2,1280,463.575,557.357,108.484
2,1281,463.575,557.357,107.399
2,1282,463.575,557.357,107.399
2,1283,463.575,551.985,107.399
2,1284,463.575,551.985,107.399
2,1285,463.575,527.407,107.399
2,1286,463.575,596.107,107.399
2,1287,463.575,596.107,107.399
2,1288,463.575,564.053,107.399
2,1289,463.575,564.053,107.399
2,1290,463.575,564.053,107.399
2,1291,463.575,564.053,107.399
2,1292,463.575,564.053,107.399
2,1293,463.575,506.735,107.399
2,1294,463.575,506.735,107.399
2,1295,463.575,506.735,107.399
2,1296,463.575,477.083,107.399
2,1297,463.575,477.083,107.399
2,1298,463.575,477.083,107.399
2,1299,463.575,477.083,107.399
2,1300,463.575,477.083,107.399
2,1301,463.575,477.083,107.399
2,1302,463.575,477.083,107.399
2,1303,463.575,477.083,107.399
2,1304,463.575,477.083,107.399
2,1305,463.575,477.083,107.399
2,1306,463.575,477.083,107.399
2,1307,463.575,477.083,107.399
2,1308,463.575,477.083,107.399
2,1309,463.575,477.083,107.399
2,1310,463.575,477.083,107.399
2,1311,463.575,477.083,107.399
2,1312,463.575,477.083,107.399
2,1313,463.575,477.083,107.399
2,1314,463.575,477.083,107.399
2,1315,463.575,477.083,107.399
2,1316,463.575,477.083,107.399
2,1317,463.575,477.083,107.399
2,1318,463.575,477.083,107.399
2,1319,463.575,477.083,107.399
2,1320,463.575,477.083,107.399
2,1321,463.575,477.083,106.325
2,1322,463.575,477.083,106.325
2,1323,463.575,477.083,106.325
2,1324,463.575,477.083,106.325
2,1325,463.575,477.083,106.325
2,1326,463.575,477.083,106.325
2,1327,463.575,477.083,106.325
2,1328,463.575,477.083,106.325
2,1329,463.575,477.083,106.325
2,1330,463.575,477.083,106.325
2,1331,463.575,477.083,106.325
2,1332,463.575,477.083,106.325
2,1333,463.575,477.083,106.325
2,1334,463.575,477.083,106.325
2,1335,463.575,477.083,106.325
2,1336,463.575,477.083,106.325
2,1337,463.575,477.083,106.325
2,1338,463.575,477.083,106.325
2,1339,463.575,477.083,106.325
2,1340,463.575,477.083,106.325
2,1341,463.575,477.083,106.325
2,1342,463.575,477.083,106.325
2,1343,463.575,477.083,106.325
2,1344,463.575,477.083,106.325
2,1345,463.575,477.083,106.325
2,1346,463.575,477.083,106.325
2,1347,463.575,477.083,106.325
2,1348,463.575,477.083,106.325
2,1349,463.575,477.083,106.325
2,1350,463.575,477.083,106.325
2,1351,463.575,477.083,106.325
2,1352,463.575,477.083,106.325
2,1353,463.575,477.083,106.325
2,1354,463.575,565.361,106.325
2,1355,463.575,477.083,106.325
2,1356,463.575,477.083,106.325
2,1357,463.575,477.083,106.325
2,1358,463.575,477.083,106.325
2,1359,463.575,477.083,106.325
2,1360,463.575,477.083,106.325
2,1361,463.575,477.083,105.262
2,1362,463.575,477.083,105.262
2,1363,463.575,477.083,105.262
2,1364,463.575,477.083,105.262
2,1365,463.575,477.083,105.262
2,1366,463.575,477.083,105.262
2,1367,463.575,477.083,105.262
2,1368,463.575,477.083,105.262
2,1369,463.575,477.083,105.262
2,1370,463.575,477.083,105.262
2,1371,463.575,477.083,105.262
2,1372,463.575,477.083,105.262
2,1373,463.575,477.083,105.262
2,1374,463.575,477.083,105.262
2,1375,463.575,477.083,105.262
2,1376,463.575,477.083,105.262
2,1377,463.575,477.083,105.262
2,1378,463.575,477.083,105.262
2,1379,463.575,477.083,105.262
2,1380,463.575,477.083,105.262
2,1381,463.575,477.083,105.262
2,1382,463.575,477.083,105.262
2,1383,463.575,477.083,105.262
2,1384,463.575,511.978,105.262
2,1385,463.575,511.978,105.262
2,1386,463.575,477.083,105.262
2,1387,463.575,477.083,105.262
2,1388,463.575,477.083,105.262
2,1389,463.575,477.083,105.262
2,1390,463.575,477.083,105.262
2,1391,463.575,477.083,105.262
2,1392,463.575,477.083,105.262
2,1393,463.575,477.083,105.262
2,1394,463.575,477.083,105.262
2,1395,463.575,477.083,105.262
2,1396,463.575,477.083,105.262
2,1397,463.575,477.083,105.262
2,1398,463.575,477.083,105.262
2,1399,463.575,477.083,105.262
2,1400,463.575,477.083,105.262
2,1401,463.575,477.083,104.209
2,1402,463.575,477.083,104.209
2,1403,463.575,477.083,104.209
2,1404,463.575,511.978,104.209
2,1405,463.575,511.978,104.209
2,1406,463.575,477.083,104.209
2,1407,463.575,477.083,104.209
2,1408,463.575,477.083,104.209
2,1409,463.575,477.083,104.209
2,1410,463.575,477.083,104.209
2,1411,463.575,477.083,104.209
2,1412,463.575,477.083,104.209
2,1413,463.575,477.083,104.209
2,1414,463.575,511.978,104.209
2,1415,463.575,511.978,104.209
2,1416,463.575,511.978,104.209
2,1417,463.575,511.978,104.209
2,1418,463.575,477.083,104.209
2,1419,463.575,477.083,104.209
2,1420,463.575,477.083,104.209
2,1421,463.575,477.083,104.209
2,1422,463.575,477.083,104.209
2,1423,463.575,477.083,104.209
2,1424,463.575,477.083,104.209
2,1425,463.575,477.083,104.209
2,1426,463.575,477.083,104.209
2,1427,463.575,477.083,104.209
2,1428,463.575,477.083,104.209
2,1429,463.575,477.083,104.209
2,1430,463.575,477.083,104.209
2,1431,463.575,477.083,104.209
2,1432,463.575,477.083,104.209
2,1433,463.575,477.083,104.209
2,1434,463.575,477.083,104.209
2,1435,463.575,477.083,104.209
2,1436,463.575,477.083,104.209
2,1437,463.575,477.083,104.209
2,1438,463.575,477.083,104.209
2,1439,463.575,477.083,104.209
2,1440,463.575,477.083,104.209
2,1441,463.575,477.083,103.167
2,1442,463.575,777.405,103.167
2,1443,463.575,777.405,103.167
2,1444,463.575,777.405,103.167
2,1445,463.575,777.405,103.167
2,1446,463.575,777.405,103.167
2,1447,463.575,777.405,103.167
2,1448,463.575,777.405,103.167
2,1449,463.575,777.405,103.167
2,1450,463.575,477.083,103.167
2,1451,463.575,477.083,103.167
2,1452,463.575,477.083,103.167
2,1453,463.575,477.083,103.167
2,1454,463.575,477.083,103.167
2,1455,463.575,477.083,103.167
2,1456,463.575,477.083,103.167
2,1457,463.575,477.083,103.167
2,1458,463.575,477.083,103.167
2,1459,463.575,477.083,103.167
2,1460,463.575,477.083,103.167
2,1461,463.575,477.083,103.167
2,1462,463.575,477.083,103.167
2,1463,463.575,477.083,103.167
2,1464,463.575,477.083,103.167
2,1465,463.575,477.083,103.167
2,1466,463.575,477.083,103.167
2,1467,463.575,533.267,103.167
2,1468,463.575,533.267,103.167
2,1469,463.575,533.267,103.167
2,1470,463.575,533.267,103.167
2,1471,463.575,477.083,103.167
2,1472,463.575,477.083,103.167
2,1473,463.575,477.083,103.167
2,1474,463.575,477.083,103.167
2,1475,463.575,477.083,103.167
2,1476,463.575,477.083,103.167
2,1477,463.575,477.083,103.167
2,1478,463.575,477.083,103.167
2,1479,463.575,477.083,103.167
2,1480,463.575,477.083,103.167
2,1481,463.575,477.083,102.135
2,1482,463.575,477.083,102.135
2,1483,463.575,477.083,102.135
2,1484,463.575,477.083,102.135
2,1485,463.575,477.083,102.135
2,1486,463.575,477.083,102.135
2,1487,463.575,477.083,102.135
2,1488,463.575,750.202,102.135
2,1489,463.575,750.202,102.135
2,1490,463.575,750.202,102.135
2,1491,463.575,750.202,102.135
2,1492,463.575,750.202,102.135
2,1493,463.575,750.202,102.135
2,1494,463.575,750.202,102.135
2,1495,463.575,750.202,102.135
2,1496,463.575,477.083,102.135
2,1497,463.575,477.083,102.135
2,1498,463.575,477.083,102.135
2,1499,463.575,477.083,102.135
2,1500,463.575,477.083,102.135
2,1501,463.575,477.083,102.135
2,1502,463.575,477.083,102.135
2,1503,463.575,477.083,102.135
2,1504,463.575,477.083,102.135
2,1505,463.575,477.083,102.135
2,1506,463.575,477.083,102.135
2,1507,463.575,477.083,102.135
2,1508,463.575,477.083,102.135
2,1509,463.575,477.083,102.135
2,1510,463.575,477.083,102.135
2,1511,463.575,477.083,102.135
2,1512,463.575,477.083,102.135
2,1513,463.575,477.083,102.135
2,1514,463.575,477.083,102.135
2,1515,463.575,477.083,102.135
2,1516,463.575,477.083,102.135
2,1517,463.575,477.083,102.135
2,1518,463.575,477.083,102.135
2,1519,463.575,477.083,102.135
2,1520,463.575,477.083,102.135
2,1521,463.575,477.083,101.114
2,1522,463.575,477.083,101.114
2,1523,463.575,477.083,101.114
2,1524,463.575,477.083,101.114
2,1525,463.575,477.083,101.114
2,1526,463.575,477.083,101.114
2,1527,463.575,477.083,101.114
2,1528,463.575,477.083,101.114
2,1529,463.575,477.083,101.114
2,1530,463.575,477.083,101.114
2,1531,463.575,477.083,101.114
2,1532,463.575,477.083,101.114
2,1533,463.575,477.083,101.114
2,1534,463.575,477.083,101.114
2,1535,463.575,477.083,101.114
2,1536,463.575,477.083,101.114
2,1537,463.575,477.083,101.114
2,1538,463.575,477.083,101.114
2,1539,463.575,477.083,101.114
2,1540,463.575,477.083,101.114
2,1541,463.575,477.083,101.114
2,1542,463.575,477.083,101.114
2,1543,463.575,477.083,101.114
2,1544,463.575,477.083,101.114
2,1545,463.575,533.267,101.114
2,1546,463.575,527.327,101.114
2,1547,463.575,527.327,101.114
2,1548,463.575,527.327,101.114
2,1549,463.575,519.891,101.114
2,1550,463.575,519.891,101.114
2,1551,463.575,519.891,101.114
2,1552,463.575,519.891,101.114
2,1553,463.575,519.891,101.114
2,1554,463.575,490.943,101.114
2,1555,463.575,490.943,101.114
2,1556,463.575,490.943,101.114
2,1557,463.575,490.943,101.114
2,1558,463.575,490.943,101.114
2,1559,463.575,490.943,101.114
2,1560,463.575,490.943,101.114
2,1561,463.575,538.667,100.103
2,1562,463.575,503.556,100.103
2,1563,463.575,503.556,100.103
2,1564,463.575,503.556,100.103
2,1565,463.575,503.556,100.103
2,1566,463.575,503.556,100.103
2,1567,463.575,503.556,100.103
2,1568,463.575,503.556,100.103
2,1569,463.575,503.556,100.103
2,1570,463.575,503.556,100.103
2,1571,463.575,503.556,100.103
2,1572,463.575,503.556,100.103
2,1573,463.575,503.556,100.103
2,1574,463.575,503.556,100.103
2,1575,463.575,503.556,100.103
2,1576,463.575,503.556,100.103
2,1577,463.575,503.556,100.103
2,1578,463.575,503.556,100.103
2,1579,463.575,503.556,100.103
2,1580,463.575,503.556,100.103
2,1581,463.575,503.556,100.103
2,1582,463.575,503.556,100.103
2,1583,463.575,503.556,100.103
2,1584,463.575,503.556,100.103
2,1585,463.575,503.556,100.103
2,1586,463.575,503.556,100.103
2,1587,463.575,503.556,100.103
2,1588,463.575,503.556,100.103
2,1589,463.575,503.556,100.103
2,1590,463.575,503.556,100.103
2,1591,463.575,503.556,100.103
2,1592,463.575,503.556,100.103
2,1593,463.575,595.792,100.103
2,1594,463.575,497.458,100.103
2,1595,463.575,497.458,100.103
2,1596,463.575,543.105,100.103
2,1597,463.575,543.105,100.103
2,1598,463.575,542.918,100.103
2,1599,463.575,542.918,100.103
2,1600,463.575,542.918,100.103
2,1601,463.575,542.918,99.1018
2,1602,463.575,542.918,99.1018
2,1603,463.575,542.918,99.1018
2,1604,463.575,542.918,99.1018
2,1605,463.575,542.918,99.1018
2,1606,463.575,542.918,99.1018
2,1607,463.575,542.918,99.1018
2,1608,463.575,542.918,99.1018
2,1609,463.575,497.498,99.1018
2,1610,463.575,497.498,99.1018
2,1611,463.575,497.498,99.1018
2,1612,463.575,497.498,99.1018
2,1613,463.575,497.498,99.1018
2,1614,463.575,497.498,99.1018
2,1615,463.575,497.498,99.1018
2,1616,463.575,497.498,99.1018
2,1617,463.575,497.498,99.1018
2,1618,463.575,497.458,99.1018
2,1619,463.575,497.458,99.1018
2,1620,463.575,497.458,99.1018
2,1621,463.575,497.458,99.1018
2,1622,463.575,476.356,99.1018
2,1623,463.575,476.356,99.1018
2,1624,463.575,476.356,99.1018
2,1625,463.575,476.356,99.1018
2,1626,463.575,476.356,99.1018
2,1627,463.575,476.326,99.1018
2,1628,463.575,476.326,99.1018
2,1629,463.575,476.326,99.1018
2,1630,463.575,476.326,99.1018
2,1631,463.575,476.326,99.1018
2,1632,463.575,476.326,99.1018
2,1633,463.575,476.326,99.1018
2,1634,463.575,476.326,99.1018
2,1635,463.575,476.326,99.1018
2,1636,463.575,476.326,99.1018
2,1637,463.575,476.326,99.1018
2,1638,463.575,476.326,99.1018
2,1639,463.575,476.326,99.1018
2,1640,463.575,476.326,99.1018
2,1641,463.575,476.326,98.1108
2,1642,463.575,476.326,98.1108
2,1643,463.575,476.326,98.1108
2,1644,463.575,497.46,98.1108
2,1645,463.575,497.46,98.1108
2,1646,463.575,497.46,98.1108
2,1647,463.575,497.46,98.1108
2,1648,463.575,497.46,98.1108
2,1649,463.575,497.46,98.1108
2,1650,463.575,497.46,98.1108
2,1651,463.575,497.46,98.1108
2,1652,463.575,497.46,98.1108
2,1653,463.575,497.46,98.1108
2,1654,463.575,497.46,98.1108
2,1655,463.575,497.46,98.1108
2,1656,463.575,497.46,98.1108
2,1657,463.575,497.46,98.1108
2,1658,463.575,497.46,98.1108
2,1659,463.575,497.46,98.1108
2,1660,463.575,497.46,98.1108
2,1661,463.575,497.46,98.1108
2,1662,463.575,497.46,98.1108
2,1663,463.575,497.46,98.1108
2,1664,463.575,497.46,98.1108
2,1665,463.575,497.46,98.1108
2,1666,463.575,497.46,98.1108
2,1667,463.575,497.46,98.1108
2,1668,463.575,497.46,98.1108
2,1669,463.575,497.46,98.1108
2,1670,463.575,497.46,98.1108
2,1671,463.575,497.46,98.1108
2,1672,463.575,497.46,98.1108
2,1673,463.575,497.46,98.1108
2,1674,463.575,497.46,98.1108
2,1675,463.575,486.013,98.1108
2,1676,463.575,486.013,98.1108
2,1677,463.575,486.013,98.1108
2,1678,463.575,486.013,98.1108
2,1679,463.575,486.013,98.1108
2,1680,463.575,486.013,98.1108
2,1681,463.575,486.013,97.1297
2,1682,463.575,486.013,97.1297
2,1683,463.575,486.013,97.1297
2,1684,463.575,486.013,97.1297
2,1685,463.575,486.013,97.1297
2,1686,463.575,486.013,97.1297
2,1687,463.575,486.013,97.1297
2,1688,463.575,486.013,97.1297
2,1689,463.575,486.013,97.1297
2,1690,463.575,486.013,97.1297
2,1691,463.575,486.013,97.1297
2,1692,463.575,486.013,97.1297
2,1693,463.575,486.013,97.1297
2,1694,463.575,486.013,97.1297
2,1695,463.575,486.013,97.1297
2,1696,463.575,497.458,97.1297
2,1697,463.575,497.458,97.1297
2,1698,463.575,497.458,97.1297
2,1699,463.575,497.458,97.1297
2,1700,463.575,497.458,97.1297
2,1701,463.575,497.458,97.1297
2,1702,463.575,476.356,97.1297
2,1703,463.575,476.356,97.1297
2,1704,463.575,476.326,97.1297
2,1705,463.575,476.326,97.1297
2,1706,463.575,476.326,97.1297
2,1707,463.575,476.326,97.1297
2,1708,463.575,476.326,97.1297
2,1709,463.575,476.326,97.1297
2,1710,463.575,476.326,97.1297
2,1711,463.575,476.326,97.1297
2,1712,463.575,476.326,97.1297
2,1713,463.575,476.326,97.1297
2,1714,463.575,476.326,97.1297
2,1715,463.575,476.326,97.1297
2,1716,463.575,476.326,97.1297
2,1717,463.575,476.326,97.1297
2,1718,463.575,476.326,97.1297
2,1719,463.575,476.326,97.1297
2,1720,463.575,476.326,97.1297
2,1721,463.575,476.326,96.1584
2,1722,463.575,476.326,96.1584
2,1723,463.575,476.326,96.1584
2,1724,463.575,476.326,96.1584
2,1725,463.575,476.326,96.1584
2,1726,463.575,476.326,96.1584
2,1727,463.575,476.326,96.1584
2,1728,463.575,476.326,96.1584
2,1729,463.575,476.326,96.1584
2,1730,463.575,476.356,96.1584
2,1731,463.575,476.356,96.1584
2,1732,463.575,476.356,96.1584
2,1733,463.575,476.356,96.1584
2,1734,463.575,476.326,96.1584
2,1735,463.575,476.326,96.1584
2,1736,463.575,476.326,96.1584
2,1737,463.575,476.326,96.1584
2,1738,463.575,476.326,96.1584
2,1739,463.575,476.326,96.1584
2,1740,463.575,476.326,96.1584
2,1741,463.575,476.326,96.1584
2,1742,463.575,476.326,96.1584
2,1743,463.575,476.326,96.1584
2,1744,463.575,476.326,96.1584
2,1745,463.575,476.326,96.1584
2,1746,463.575,476.326,96.1584
2,1747,463.575,476.326,96.1584
2,1748,463.575,476.326,96.1584
2,1749,463.575,476.326,96.1584
2,1750,463.575,476.326,96.1584
2,1751,463.575,476.326,96.1584
2,1752,463.575,476.326,96.1584
2,1753,463.575,476.326,96.1584
2,1754,463.575,476.326,96.1584
2,1755,463.575,476.326,96.1584
2,1756,463.575,476.326,96.1584
2,1757,463.575,476.326,96.1584
2,1758,463.575,476.326,96.1584
2,1759,463.575,476.326,96.1584
2,1760,463.575,476.326,96.1584
2,1761,463.575,476.326,95.1968
2,1762,463.575,476.326,95.1968
2,1763,463.575,476.326,95.1968
2,1764,463.575,476.326,95.1968
2,1765,463.575,476.326,95.1968
2,1766,463.575,476.326,95.1968
2,1767,463.575,476.326,95.1968
2,1768,463.575,476.326,95.1968
2,1769,463.575,476.326,95.1968
2,1770,463.575,476.326,95.1968
2,1771,463.575,476.326,95.1968
2,1772,463.575,476.326,95.1968
2,1773,463.575,476.326,95.1968
2,1774,463.575,476.326,95.1968
2,1775,463.575,476.326,95.1968
2,1776,463.575,476.326,95.1968
2,1777,463.575,476.326,95.1968
2,1778,463.575,476.326,95.1968
2,1779,463.575,476.326,95.1968
2,1780,463.575,476.326,95.1968
2,1781,463.575,476.326,95.1968
2,1782,463.575,476.326,95.1968
2,1783,463.575,476.326,95.1968
2,1784,463.575,476.326,95.1968
2,1785,463.575,476.326,95.1968
2,1786,463.575,476.326,95.1968
2,1787,463.575,476.326,95.1968
2,1788,463.575,476.326,95.1968
2,1789,463.575,476.326,95.1968
2,1790,463.575,476.326,95.1968
2,1791,463.575,476.326,95.1968
2,1792,463.575,476.326,95.1968
2,1793,463.575,476.326,95.1968
2,1794,463.575,476.326,95.1968
2,1795,463.575,476.326,95.1968
2,1796,463.575,476.326,95.1968
2,1797,463.575,476.326,95.1968
2,1798,463.575,476.326,95.1968
2,1799,463.575,476.326,95.1968
2,1800,463.575,476.326,95.1968
2,1801,463.575,476.326,94.2449
2,1802,463.575,476.326,94.2449
2,1803,463.575,476.326,94.2449
2,1804,463.575,899.607,94.2449
2,1805,463.575,899.607,94.2449
2,1806,463.575,998.09,94.2449
2,1807,463.575,998.09,94.2449
2,1808,463.575,873.06,94.2449
2,1809,463.575,873.06,94.2449
2,1810,463.575,873.06,94.2449
2,1811,463.575,870.432,94.2449
2,1812,463.575,870.432,94.2449
2,1813,463.575,870.432,94.2449
2,1814,463.575,870.432,94.2449
2,1815,463.575,870.432,94.2449
2,1816,463.575,870.432,94.2449
2,1817,463.575,870.432,94.2449
2,1818,463.575,870.432,94.2449
2,1819,463.575,870.432,94.2449
2,1820,463.575,870.432,94.2449
2,1821,463.575,908.826,94.2449
2,1822,463.575,908.826,94.2449
2,1823,463.575,908.826,94.2449
2,1824,463.575,908.826,94.2449
2,1825,463.575,908.826,94.2449
2,1826,463.575,908.826,94.2449
2,1827,463.575,908.826,94.2449
2,1828,463.575,908.826,94.2449
2,1829,463.575,908.826,94.2449
2,1830,463.575,908.826,94.2449
2,1831,463.575,908.826,94.2449
2,1832,463.575,908.826,94.2449
2,1833,463.575,908.826,94.2449
2,1834,463.575,908.826,94.2449
2,1835,463.575,908.826,94.2449
2,1836,463.575,908.826,94.2449
2,1837,463.575,908.826,94.2449
2,1838,463.575,908.826,94.2449
2,1839,463.575,908.826,94.2449
2,1840,463.575,908.826,94.2449
2,1841,463.575,908.826,93.3024
2,1842,463.575,908.826,93.3024
2,1843,463.575,552.137,93.3024
2,1844,463.575,552.137,93.3024
2,1845,463.575,552.137,93.3024
2,1846,463.575,552.137,93.3024
2,1847,463.575,552.137,93.3024
2,1848,463.575,552.137,93.3024
2,1849,463.575,552.137,93.3024
2,1850,463.575,552.137,93.3024
2,1851,463.575,552.137,93.3024
2,1852,463.575,552.137,93.3024
2,1853,463.575,552.137,93.3024
2,1854,463.575,552.137,93.3024
2,1855,463.575,552.137,93.3024
2,1856,463.575,552.137,93.3024
2,1857,463.575,552.137,93.3024
2,1858,463.575,552.137,93.3024
2,1859,463.575,552.137,93.3024
2,1860,463.575,552.137,93.3024
2,1861,463.575,552.137,93.3024
2,1862,463.575,552.137,93.3024
2,1863,463.575,552.137,93.3024
2,1864,463.575,552.137,93.3024
2,1865,463.575,552.137,93.3024
2,1866,463.575,552.137,93.3024
2,1867,463.575,552.137,93.3024
2,1868,463.575,531.939,93.3024
2,1869,463.575,531.939,93.3024
2,1870,463.575,531.939,93.3024
2,1871,463.575,531.939,93.3024
2,1872,463.575,531.939,93.3024
2,1873,463.575,531.939,93.3024
2,1874,463.575,531.939,93.3024
2,1875,463.575,531.939,93.3024
2,1876,463.575,531.939,93.3024
2,1877,463.575,531.939,93.3024
2,1878,463.575,531.939,93.3024
2,1879,463.575,531.939,93.3024
2,1880,463.575,531.939,93.3024
2,1881,463.575,531.939,92.3694
2,1882,463.575,531.939,92.3694
2,1883,463.575,531.939,92.3694
2,1884,463.575,531.939,92.3694
2,1885,463.575,531.939,92.3694
2,1886,463.575,531.939,92.3694
2,1887,463.575,500.31,92.3694
2,1888,463.575,500.31,92.3694
2,1889,463.575,500.31,92.3694
2,1890,463.575,500.31,92.3694
2,1891,463.575,500.31,92.3694
2,1892,463.575,500.31,92.3694
2,1893,463.575,500.31,92.3694
2,1894,463.575,500.31,92.3694
2,1895,463.575,573.48,92.3694
2,1896,463.575,573.48,92.3694
2,1897,463.575,573.48,92.3694
2,1898,463.575,573.48,92.3694
2,1899,463.575,573.48,92.3694
2,1900,463.575,573.48,92.3694
2,1901,463.575,552.724,92.3694
2,1902,463.575,506.227,92.3694
2,1903,463.575,506.227,92.3694
2,1904,463.575,506.227,92.3694
2,1905,463.575,506.227,92.3694
2,1906,463.575,506.227,92.3694
2,1907,463.575,506.227,92.3694
2,1908,463.575,506.227,92.3694
2,1909,463.575,506.227,92.3694
2,1910,463.575,506.227,92.3694
2,1911,463.575,506.227,92.3694
2,1912,463.575,506.227,92.3694
2,1913,463.575,506.227,92.3694
2,1914,463.575,506.227,92.3694
2,1915,463.575,506.227,92.3694
2,1916,463.575,506.227,92.3694
2,1917,463.575,506.227,92.3694
2,1918,463.575,506.227,92.3694
2,1919,463.575,506.227,92.3694
2,1920,463.575,506.227,92.3694
2,1921,463.575,506.227,91.4457
2,1922,463.575,506.227,91.4457
2,1923,463.575,506.227,91.4457
2,1924,463.575,506.227,91.4457
2,1925,463.575,506.227,91.4457
2,1926,463.575,506.227,91.4457
2,1927,463.575,506.227,91.4457
2,1928,463.575,519.891,91.4457
2,1929,463.575,519.891,91.4457
2,1930,463.575,519.891,91.4457
2,1931,463.575,493.802,91.4457
2,1932,463.575,493.802,91.4457
2,1933,463.575,493.802,91.4457
2,1934,463.575,493.802,91.4457
2,1935,463.575,493.802,91.4457
2,1936,463.575,493.802,91.4457
2,1937,463.575,493.802,91.4457
2,1938,463.575,493.802,91.4457
2,1939,463.575,493.802,91.4457
2,1940,463.575,493.802,91.4457
2,1941,463.575,493.802,91.4457
2,1942,463.575,493.802,91.4457
2,1943,463.575,493.802,91.4457
2,1944,463.575,493.802,91.4457
2,1945,463.575,493.802,91.4457
2,1946,463.575,493.802,91.4457
2,1947,463.575,493.802,91.4457
2,1948,463.575,493.802,91.4457
2,1949,463.575,493.802,91.4457
2,1950,463.575,493.802,91.4457
2,1951,463.575,493.802,91.4457
2,1952,463.575,493.802,91.4457
2,1953,463.575,493.802,91.4457
2,1954,463.575,493.802,91.4457
2,1955,463.575,493.802,91.4457
2,1956,463.575,493.802,91.4457
2,1957,463.575,493.802,91.4457
2,1958,463.575,493.802,91.4457
2,1959,463.575,493.802,91.4457
2,1960,463.575,493.802,91.4457
2,1961,463.575,493.802,90.5312
2,1962,463.575,493.802,90.5312
2,1963,463.575,493.802,90.5312
2,1964,463.575,493.802,90.5312
2,1965,463.575,493.802,90.5312
2,1966,463.575,493.802,90.5312
2,1967,463.575,493.802,90.5312
2,1968,463.575,493.802,90.5312
2,1969,463.575,493.802,90.5312
2,1970,463.575,493.802,90.5312
2,1971,463.575,493.802,90.5312
2,1972,463.575,493.802,90.5312
2,1973,463.575,493.802,90.5312
2,1974,463.575,493.802,90.5312
2,1975,463.575,493.802,90.5312
2,1976,463.575,493.802,90.5312
2,1977,463.575,493.802,90.5312
2,1978,463.575,493.802,90.5312
2,1979,463.575,493.802,90.5312
2,1980,463.575,551.755,90.5312
2,1981,463.575,506.227,90.5312
2,1982,463.575,506.227,90.5312
2,1983,463.575,506.227,90.5312
2,1984,463.575,506.227,90.5312
2,1985,463.575,506.227,90.5312
2,1986,463.575,506.227,90.5312
2,1987,463.575,506.227,90.5312
2,1988,463.575,506.227,90.5312
2,1989,463.575,506.227,90.5312
2,1990,463.575,506.227,90.5312
2,1991,463.575,506.227,90.5312
2,1992,463.575,506.227,90.5312
2,1993,463.575,506.227,90.5312
2,1994,463.575,506.227,90.5312
2,1995,463.575,506.227,90.5312
2,1996,463.575,506.227,90.5312
2,1997,463.575,506.227,90.5312
2,1998,463.575,506.227,90.5312
2,1999,463.575,506.227,90.5312
2,2000,463.575,476.577,90.5312
2,2001,463.575,476.577,89.6259
2,2002,463.575,476.577,89.6259
2,2003,463.575,921.093,89.6259
2,2004,463.575,921.093,89.6259
2,2005,463.575,842.741,89.6259
2,2006,463.575,842.741,89.6259
2,2007,463.575,842.741,89.6259
2,2008,463.575,842.741,89.6259
2,2009,463.575,842.741,89.6259
2,2010,463.575,842.741,89.6259
2,2011,463.575,842.741,89.6259
2,2012,463.575,528.687,89.6259
2,2013,463.575,528.687,89.6259
2,2014,463.575,486.013,89.6259
2,2015,463.575,486.013,89.6259
2,2016,463.575,486.013,89.6259
2,2017,463.575,486.013,89.6259
2,2018,463.575,486.013,89.6259
2,2019,463.575,486.013,89.6259
2,2020,463.575,486.013,89.6259
2,2021,463.575,486.013,89.6259
2,2022,463.575,486.013,89.6259
2,2023,463.575,486.013,89.6259
2,2024,463.575,486.013,89.6259
2,2025,463.575,486.013,89.6259
2,2026,463.575,486.013,89.6259
2,2027,463.575,486.013,89.6259
2,2028,463.575,486.013,89.6259
2,2029,463.575,486.013,89.6259
2,2030,463.575,486.013,89.6259
2,2031,463.575,486.013,89.6259
2,2032,463.575,486.013,89.6259
2,2033,463.575,486.013,89.6259
2,2034,463.575,486.013,89.6259
2,2035,463.575,486.013,89.6259
2,2036,463.575,486.013,89.6259
2,2037,463.575,486.013,89.6259
2,2038,463.575,486.013,89.6259
2,2039,463.575,486.013,89.6259
2,2040,463.575,486.013,89.6259
2,2041,463.575,486.013,88.7297
2,2042,463.575,486.013,88.7297
2,2043,463.575,486.013,88.7297
2,2044,463.575,486.013,88.7297
2,2045,463.575,486.013,88.7297
2,2046,463.575,486.013,88.7297
2,2047,463.575,486.013,88.7297
2,2048,463.575,486.013,88.7297
2,2049,463.575,486.013,88.7297
2,2050,463.575,486.013,88.7297
2,2051,463.575,486.013,88.7297
2,2052,463.575,486.013,88.7297
2,2053,463.575,486.013,88.7297
2,2054,463.575,486.013,88.7297
2,2055,463.575,486.013,88.7297
2,2056,463.575,486.013,88.7297
2,2057,463.575,486.013,88.7297
2,2058,463.575,486.013,88.7297
2,2059,463.575,486.013,88.7297
2,2060,463.575,486.013,88.7297
2,2061,463.575,486.013,88.7297
2,2062,463.575,486.013,88.7297
2,2063,463.575,486.013,88.7297
2,2064,463.575,486.013,88.7297
2,2065,463.575,486.013,88.7297
2,2066,463.575,486.013,88.7297
2,2067,463.575,486.013,88.7297
2,2068,463.575,486.013,88.7297
2,2069,463.575,486.013,88.7297
2,2070,463.575,528.687,88.7297
2,2071,463.575,528.687,88.7297
2,2072,463.575,528.687,88.7297
2,2073,463.575,528.687,88.7297
2,2074,463.575,528.687,88.7297
2,2075,463.575,528.687,88.7297
2,2076,463.575,486.013,88.7297
2,2077,463.575,486.013,88.7297
2,2078,463.575,486.013,88.7297
2,2079,463.575,486.013,88.7297
2,2080,463.575,486.013,88.7297
2,2081,463.575,486.013,87.8424
2,2082,463.575,486.013,87.8424
2,2083,463.575,486.013,87.8424
2,2084,463.575,486.013,87.8424
2,2085,463.575,486.013,87.8424
2,2086,463.575,486.013,87.8424
2,2087,463.575,486.013,87.8424
2,2088,463.575,486.013,87.8424
2,2089,463.575,486.013,87.8424
2,2090,463.575,486.013,87.8424
2,2091,463.575,486.013,87.8424
2,2092,463.575,486.013,87.8424
2,2093,463.575,486.013,87.8424
2,2094,463.575,486.013,87.8424
2,2095,463.575,486.013,87.8424
2,2096,463.575,486.013,87.8424
2,2097,463.575,486.013,87.8424
2,2098,463.575,486.013,87.8424
2,2099,463.575,486.013,87.8424
2,2100,463.575,486.013,87.8424
2,2101,463.575,486.013,87.8424
2,2102,463.575,486.013,87.8424
2,2103,463.575,486.013,87.8424
2,2104,463.575,486.013,87.8424
2,2105,463.575,486.013,87.8424
2,2106,463.575,486.013,87.8424
2,2107,463.575,486.013,87.8424
2,2108,463.575,486.013,87.8424
2,2109,463.575,486.013,87.8424
2,2110,463.575,486.013,87.8424
2,2111,463.575,486.013,87.8424
2,2112,463.575,486.013,87.8424
2,2113,463.575,486.013,87.8424
2,2114,463.575,486.013,87.8424
2,2115,463.575,486.013,87.8424
2,2116,463.575,486.013,87.8424
2,2117,463.575,486.013,87.8424
2,2118,463.575,486.013,87.8424
2,2119,463.575,486.013,87.8424
2,2120,463.575,486.013,87.8424
2,2121,463.575,503.556,86.9639
2,2122,463.575,503.556,86.9639
2,2123,463.575,503.556,86.9639
2,2124,463.575,503.556,86.9639
2,2125,463.575,503.556,86.9639
2,2126,463.575,503.556,86.9639
2,2127,463.575,503.556,86.9639
2,2128,463.575,503.556,86.9639
2,2129,463.575,503.556,86.9639
2,2130,463.575,503.556,86.9639
2,2131,463.575,503.556,86.9639
2,2132,463.575,503.556,86.9639
2,2133,463.575,503.556,86.9639
2,2134,463.575,503.556,86.9639
2,2135,463.575,503.556,86.9639
2,2136,463.575,503.556,86.9639
2,2137,463.575,503.556,86.9639
2,2138,463.575,503.556,86.9639
2,2139,463.575,503.556,86.9639
2,2140,463.575,503.556,86.9639
2,2141,463.575,503.556,86.9639
2,2142,463.575,503.556,86.9639
2,2143,463.575,503.556,86.9639
2,2144,463.575,527.985,86.9639
2,2145,463.575,527.985,86.9639
2,2146,463.575,527.985,86.9639
2,2147,463.575,527.985,86.9639
2,2148,463.575,527.985,86.9639
2,2149,463.575,527.985,86.9639
2,2150,463.575,527.985,86.9639
2,2151,463.575,527.985,86.9639
2,2152,463.575,527.985,86.9639
2,2153,463.575,527.985,86.9639
2,2154,463.575,527.985,86.9639
2,2155,463.575,527.985,86.9639
2,2156,463.575,527.985,86.9639
2,2157,463.575,527.985,86.9639
2,2158,463.575,527.985,86.9639
2,2159,463.575,527.985,86.9639
2,2160,463.575,527.985,86.9639
2,2161,463.575,527.985,86.0943
2,2162,463.575,527.985,86.0943
2,2163,463.575,527.985,86.0943
2,2164,463.575,527.985,86.0943
2,2165,463.575,629.664,86.0943
2,2166,463.575,506.227,86.0943
2,2167,463.575,506.227,86.0943
2,2168,463.575,506.227,86.0943
2,2169,463.575,506.227,86.0943
2,2170,463.575,506.227,86.0943
2,2171,463.575,506.227,86.0943
2,2172,463.575,506.227,86.0943
2,2173,463.575,506.735,86.0943
2,2174,463.575,506.735,86.0943
2,2175,463.575,506.735,86.0943
2,2176,463.575,506.735,86.0943
2,2177,463.575,506.735,86.0943
2,2178,463.575,506.735,86.0943
2,2179,463.575,506.735,86.0943
2,2180,463.575,506.735,86.0943
2,2181,463.575,506.735,86.0943
2,2182,463.575,506.735,86.0943
2,2183,463.575,506.735,86.0943
2,2184,463.575,506.735,86.0943
2,2185,463.575,506.735,86.0943
2,2186,463.575,506.735,86.0943
2,2187,463.575,506.735,86.0943
2,2188,463.575,506.735,86.0943
2,2189,463.575,506.735,86.0943
2,2190,463.575,506.735,86.0943
2,2191,463.575,506.735,86.0943
2,2192,463.575,506.735,86.0943
2,2193,463.575,506.735,86.0943
2,2194,463.575,506.735,86.0943
2,2195,463.575,506.735,86.0943
2,2196,463.575,493.802,86.0943
2,2197,463.575,493.802,86.0943
2,2198,463.575,493.802,86.0943
2,2199,463.575,493.802,86.0943
2,2200,463.575,493.802,86.0943
2,2201,463.575,493.802,85.2334
2,2202,463.575,493.802,85.2334
2,2203,463.575,493.802,85.2334
2,2204,463.575,493.802,85.2334
2,2205,463.575,493.802,85.2334
2,2206,463.575,493.802,85.2334
2,2207,463.575,493.802,85.2334
2,2208,463.575,493.802,85.2334
2,2209,463.575,493.802,85.2334
2,2210,463.575,493.802,85.2334
2,2211,463.575,493.802,85.2334
2,2212,463.575,493.802,85.2334
2,2213,463.575,493.802,85.2334
2,2214,463.575,493.802,85.2334
2,2215,463.575,493.802,85.2334
2,2216,463.575,493.802,85.2334
2,2217,463.575,493.802,85.2334
2,2218,463.575,493.802,85.2334
2,2219,463.575,493.802,85.2334
2,2220,463.575,493.802,85.2334
2,2221,463.575,493.802,85.2334
2,2222,463.575,493.802,85.2334
2,2223,463.575,493.802,85.2334
2,2224,463.575,493.802,85.2334
2,2225,463.575,493.802,85.2334
2,2226,463.575,493.802,85.2334
2,2227,463.575,493.802,85.2334
2,2228,463.575,493.802,85.2334
2,2229,463.575,493.802,85.2334
2,2230,463.575,493.802,85.2334
2,2231,463.575,493.802,85.2334
2,2232,463.575,493.802,85.2334
2,2233,463.575,493.802,85.2334
2,2234,463.575,493.802,85.2334
2,2235,463.575,493.802,85.2334
2,2236,463.575,493.802,85.2334
2,2237,463.575,493.802,85.2334
2,2238,463.575,493.802,85.2334
2,2239,463.575,493.802,85.2334
2,2240,463.575,493.802,85.2334
2,2241,463.575,493.802,84.381
2,2242,463.575,493.802,84.381
2,2243,463.575,493.802,84.381
2,2244,463.575,493.802,84.381
2,2245,463.575,493.802,84.381
2,2246,463.575,493.802,84.381
2,2247,463.575,493.802,84.381
2,2248,463.575,493.802,84.381
2,2249,463.575,493.802,84.381
2,2250,463.575,493.802,84.381
2,2251,463.575,493.802,84.381
2,2252,463.575,493.802,84.381
2,2253,463.575,506.735,84.381
2,2254,463.575,506.735,84.381
2,2255,463.575,506.735,84.381
2,2256,463.575,506.735,84.381
2,2257,463.575,506.735,84.381
2,2258,463.575,506.735,84.381
2,2259,463.575,506.735,84.381
2,2260,463.575,506.735,84.381
2,2261,463.575,506.735,84.381
2,2262,463.575,506.735,84.381
2,2263,463.575,506.735,84.381
2,2264,463.575,506.735,84.381
2,2265,463.575,506.735,84.381
2,2266,463.575,506.735,84.381
2,2267,463.575,506.735,84.381
2,2268,463.575,506.735,84.381
2,2269,463.575,506.735,84.381
2,2270,463.575,506.735,84.381
2,2271,463.575,506.735,84.381
2,2272,463.575,506.735,84.381
2,2273,463.575,506.735,84.381
2,2274,463.575,506.735,84.381
2,2275,463.575,506.735,84.381
2,2276,463.575,506.735,84.381
2,2277,463.575,506.735,84.381
2,2278,463.575,506.735,84.381
2,2279,463.575,506.735,84.381
2,2280,463.575,506.735,84.381
2,2281,463.575,506.922,83.5372
2,2282,463.575,506.922,83.5372
2,2283,463.575,506.922,83.5372
2,2284,463.575,506.922,83.5372
2,2285,463.575,506.922,83.5372
2,2286,463.575,506.735,83.5372
2,2287,463.575,506.735,83.5372
2,2288,463.575,506.735,83.5372
2,2289,463.575,506.735,83.5372
2,2290,463.575,506.735,83.5372
2,2291,463.575,506.735,83.5372
2,2292,463.575,506.735,83.5372
2,2293,463.575,506.735,83.5372
2,2294,463.575,506.735,83.5372
2,2295,463.575,506.735,83.5372
2,2296,463.575,506.735,83.5372
2,2297,463.575,506.735,83.5372
2,2298,463.575,506.735,83.5372
2,2299,463.575,506.735,83.5372
2,2300,463.575,506.735,83.5372
2,2301,463.575,506.735,83.5372
2,2302,463.575,506.735,83.5372
2,2303,463.575,506.735,83.5372
2,2304,463.575,506.735,83.5372
2,2305,463.575,506.735,83.5372
2,2306,463.575,506.735,83.5372
2,2307,463.575,506.735,83.5372
2,2308,463.575,506.735,83.5372
2,2309,463.575,506.735,83.5372
2,2310,463.575,506.735,83.5372
2,2311,463.575,506.735,83.5372
2,2312,463.575,506.735,83.5372
2,2313,463.575,506.735,83.5372
2,2314,463.575,506.735,83.5372
2,2315,463.575,506.735,83.5372
2,2316,463.575,506.735,83.5372
2,2317,463.575,506.735,83.5372
2,2318,463.575,506.735,83.5372
2,2319,463.575,506.735,83.5372
2,2320,463.575,506.735,83.5372
2,2321,463.575,506.735,82.7018
2,2322,463.575,506.735,82.7018
2,2323,463.575,506.735,82.7018
2,2324,463.575,506.735,82.7018
2,2325,463.575,506.735,82.7018
2,2326,463.575,506.735,82.7018
2,2327,463.575,506.735,82.7018
2,2328,463.575,506.735,82.7018
2,2329,463.575,506.735,82.7018
2,2330,463.575,506.735,82.7018
2,2331,463.575,506.735,82.7018
2,2332,463.575,506.735,82.7018
2,2333,463.575,506.735,82.7018
2,2334,463.575,506.735,82.7018
2,2335,463.575,506.735,82.7018
2,2336,463.575,506.735,82.7018
2,2337,463.575,506.735,82.7018
2,2338,463.575,506.735,82.7018
2,2339,463.575,506.735,82.7018
2,2340,463.575,506.735,82.7018
2,2341,463.575,506.735,82.7018
2,2342,463.575,506.735,82.7018
2,2343,463.575,506.735,82.7018
2,2344,463.575,506.735,82.7018
2,2345,463.575,506.735,82.7018
2,2346,463.575,506.735,82.7018
2,2347,463.575,506.735,82.7018
2,2348,463.575,506.735,82.7018
2,2349,463.575,506.735,82.7018
2,2350,463.575,506.735,82.7018
2,2351,463.575,506.735,82.7018
2,2352,463.575,506.735,82.7018
2,2353,463.575,506.735,82.7018
2,2354,463.575,506.735,82.7018
2,2355,463.575,506.735,82.7018
2,2356,463.575,506.735,82.7018
2,2357,463.575,506.735,82.7018
2,2358,463.575,506.735,82.7018
2,2359,463.575,506.735,82.7018
2,2360,463.575,506.735,82.7018
2,2361,463.575,506.735,81.8748
2,2362,463.575,506.735,81.8748
2,2363,463.575,506.735,81.8748
2,2364,463.575,506.735,81.8748
2,2365,463.575,506.735,81.8748
2,2366,463.575,506.735,81.8748
2,2367,463.575,506.735,81.8748
2,2368,463.575,506.735,81.8748
2,2369,463.575,506.735,81.8748
2,2370,463.575,506.735,81.8748
2,2371,463.575,506.735,81.8748
2,2372,463.575,506.735,81.8748
2,2373,463.575,506.735,81.8748
2,2374,463.575,506.735,81.8748
2,2375,463.575,506.735,81.8748
2,2376,463.575,506.735,81.8748
2,2377,463.575,506.735,81.8748
2,2378,463.575,506.735,81.8748
2,2379,463.575,609.399,81.8748
2,2380,463.575,609.399,81.8748
2,2381,463.575,609.399,81.8748
2,2382,463.575,506.735,81.8748
2,2383,463.575,506.735,81.8748
2,2384,463.575,493.802,81.8748
2,2385,463.575,493.802,81.8748
2,2386,463.575,493.802,81.8748
2,2387,463.575,493.802,81.8748
2,2388,463.575,493.802,81.8748
2,2389,463.575,493.802,81.8748
2,2390,463.575,493.802,81.8748
2,2391,463.575,493.802,81.8748
2,2392,463.575,493.802,81.8748
2,2393,463.575,493.802,81.8748
2,2394,463.575,493.802,81.8748
2,2395,463.575,493.802,81.8748
2,2396,463.575,493.802,81.8748
2,2397,463.575,493.802,81.8748
2,2398,463.575,493.802,81.8748
2,2399,463.575,493.802,81.8748
2,2400,463.575,493.802,81.8748
2,2401,463.575,493.802,81.0561
2,2402,463.575,493.802,81.0561
2,2403,463.575,493.802,81.0561
2,2404,463.575,493.802,81.0561
2,2405,463.575,493.802,81.0561
2,2406,463.575,493.802,81.0561
2,2407,463.575,493.802,81.0561
2,2408,463.575,493.802,81.0561
2,2409,463.575,493.802,81.0561
2,2410,463.575,493.802,81.0561
2,2411,463.575,493.802,81.0561
2,2412,463.575,493.802,81.0561
2,2413,463.575,493.802,81.0561
2,2414,463.575,493.802,81.0561
2,2415,463.575,493.802,81.0561
2,2416,463.575,493.802,81.0561
2,2417,463.575,493.802,81.0561
2,2418,463.575,493.802,81.0561
2,2419,463.575,493.802,81.0561
2,2420,463.575,493.802,81.0561
2,2421,463.575,493.802,81.0561
2,2422,463.575,493.802,81.0561
2,2423,463.575,493.802,81.0561
2,2424,463.575,493.802,81.0561
2,2425,463.575,493.802,81.0561
2,2426,463.575,493.802,81.0561
2,2427,463.575,493.802,81.0561
2,2428,463.575,493.802,81.0561
2,2429,463.575,493.802,81.0561
2,2430,463.575,493.802,81.0561
2,2431,463.575,493.802,81.0561
2,2432,463.575,493.802,81.0561
2,2433,463.575,619.813,81.0561
2,2434,463.575,619.813,81.0561
2,2435,463.575,506.735,81.0561
2,2436,463.575,506.735,81.0561
2,2437,463.575,506.735,81.0561
2,2438,463.575,506.735,81.0561
2,2439,463.575,506.735,81.0561
2,2440,463.575,506.735,81.0561
2,2441,463.575,506.735,80.2455
2,2442,463.575,506.735,80.2455
2,2443,463.575,506.735,80.2455
2,2444,463.575,506.735,80.2455
2,2445,463.575,506.735,80.2455
2,2446,463.575,506.735,80.2455
2,2447,463.575,506.735,80.2455
2,2448,463.575,506.735,80.2455
2,2449,463.575,506.735,80.2455
2,2450,463.575,506.735,80.2455
2,2451,463.575,506.735,80.2455
2,2452,463.575,506.735,80.2455
2,2453,463.575,506.735,80.2455
2,2454,463.575,506.735,80.2455
2,2455,463.575,506.735,80.2455
2,2456,463.575,506.735,80.2455
2,2457,463.575,506.735,80.2455
2,2458,463.575,506.735,80.2455
2,2459,463.575,506.735,80.2455
2,2460,463.575,506.735,80.2455
2,2461,463.575,506.735,80.2455
2,2462,463.575,506.735,80.2455
2,2463,463.575,506.735,80.2455
2,2464,463.575,506.735,80.2455
2,2465,463.575,506.735,80.2455
2,2466,463.575,506.735,80.2455
2,2467,463.575,506.735,80.2455
2,2468,463.575,506.735,80.2455
2,2469,463.575,506.735,80.2455
2,2470,463.575,506.735,80.2455
2,2471,463.575,506.735,80.2455
2,2472,463.575,506.735,80.2455
2,2473,463.575,506.735,80.2455
2,2474,463.575,506.735,80.2455
2,2475,463.575,506.735,80.2455
2,2476,463.575,506.735,80.2455
2,2477,463.575,506.735,80.2455
2,2478,463.575,506.735,80.2455
2,2479,463.575,506.735,80.2455
2,2480,463.575,506.735,80.2455
2,2481,463.575,506.735,79.4431
2,2482,463.575,506.735,79.4431
2,2483,463.575,506.735,79.4431
2,2484,463.575,506.735,79.4431
2,2485,463.575,506.735,79.4431
2,2486,463.575,506.735,79.4431
2,2487,463.575,506.227,79.4431
2,2488,463.575,506.227,79.4431
2,2489,463.575,506.227,79.4431
2,2490,463.575,506.227,79.4431
2,2491,463.575,506.227,79.4431
2,2492,463.575,506.227,79.4431
2,2493,463.575,506.227,79.4431
2,2494,463.575,506.227,79.4431
2,2495,463.575,515.087,79.4431
2,2496,463.575,515.087,79.4431
2,2497,463.575,515.087,79.4431
2,2498,463.575,515.087,79.4431
2,2499,463.575,515.087,79.4431
2,2500,463.575,515.087,79.4431
2,2501,463.575,515.087,79.4431
2,2502,463.575,515.087,79.4431
2,2503,463.575,515.087,79.4431
2,2504,463.575,515.087,79.4431
2,2505,463.575,515.087,79.4431
2,2506,463.575,515.087,79.4431
2,2507,463.575,515.087,79.4431
2,2508,463.575,515.087,79.4431
2,2509,463.575,515.087,79.4431
2,2510,463.575,515.087,79.4431
2,2511,463.575,515.087,79.4431
2,2512,463.575,515.087,79.4431
2,2513,463.575,515.087,79.4431
2,2514,463.575,506.227,79.4431
2,2515,463.575,506.227,79.4431
2,2516,463.575,506.227,79.4431
2,2517,463.575,506.227,79.4431
2,2518,463.575,506.227,79.4431
2,2519,463.575,506.227,79.4431
2,2520,463.575,506.227,79.4431
2,2521,463.575,506.227,78.6486
2,2522,463.575,506.227,78.6486
2,2523,463.575,506.227,78.6486
2,2524,463.575,506.227,78.6486
2,2525,463.575,506.227,78.6486
2,2526,463.575,506.227,78.6486
2,2527,463.575,506.227,78.6486
2,2528,463.575,506.227,78.6486
2,2529,463.575,506.227,78.6486
2,2530,463.575,506.227,78.6486
2,2531,463.575,506.227,78.6486
2,2532,463.575,506.227,78.6486
2,2533,463.575,506.227,78.6486
2,2534,463.575,506.227,78.6486
2,2535,463.575,506.227,78.6486
2,2536,463.575,506.227,78.6486
2,2537,463.575,506.227,78.6486
2,2538,463.575,506.227,78.6486
2,2539,463.575,506.227,78.6486
2,2540,463.575,506.227,78.6486
2,2541,463.575,506.227,78.6486
2,2542,463.575,506.227,78.6486
2,2543,463.575,506.227,78.6486
2,2544,463.575,506.227,78.6486
2,2545,463.575,506.227,78.6486
2,2546,463.575,515.087,78.6486
2,2547,463.575,515.087,78.6486
2,2548,463.575,515.087,78.6486
2,2549,463.575,515.087,78.6486
2,2550,463.575,584.722,78.6486
2,2551,463.575,515.087,78.6486
2,2552,463.575,515.087,78.6486
2,2553,463.575,515.087,78.6486
2,2554,463.575,515.087,78.6486
2,2555,463.575,515.087,78.6486
2,2556,463.575,515.087,78.6486
2,2557,463.575,515.087,78.6486
2,2558,463.575,515.087,78.6486
2,2559,463.575,515.087,78.6486
2,2560,463.575,515.087,78.6486
2,2561,463.575,515.087,77.8621
2,2562,463.575,515.087,77.8621
2,2563,463.575,515.087,77.8621
2,2564,463.575,515.087,77.8621
2,2565,463.575,515.087,77.8621
2,2566,463.575,515.087,77.8621
2,2567,463.575,515.087,77.8621
2,2568,463.575,515.087,77.8621
2,2569,463.575,515.087,77.8621
2,2570,463.575,515.087,77.8621
2,2571,463.575,515.087,77.8621
2,2572,463.575,515.087,77.8621
2,2573,463.575,515.087,77.8621
2,2574,463.575,515.087,77.8621
2,2575,463.575,515.087,77.8621
2,2576,463.575,515.087,77.8621
2,2577,463.575,486.013,77.8621
2,2578,463.575,486.013,77.8621
2,2579,463.575,486.013,77.8621
2,2580,463.575,486.013,77.8621
2,2581,463.575,486.013,77.8621
2,2582,463.575,486.013,77.8621
2,2583,463.575,486.013,77.8621
2,2584,463.575,486.013,77.8621
2,2585,463.575,486.013,77.8621
2,2586,463.575,486.013,77.8621
2,2587,463.575,486.013,77.8621
2,2588,463.575,486.013,77.8621
2,2589,463.575,486.013,77.8621
2,2590,463.575,486.631,77.8621
2,2591,463.575,486.631,77.8621
2,2592,463.575,486.631,77.8621
2,2593,463.575,486.631,77.8621
2,2594,463.575,486.631,77.8621
2,2595,463.575,486.631,77.8621
2,2596,463.575,486.631,77.8621
2,2597,463.575,486.631,77.8621
2,2598,463.575,486.631,77.8621
2,2599,463.575,486.631,77.8621
2,2600,463.575,486.631,77.8621
2,2601,463.575,486.631,77.0835
2,2602,463.575,486.631,77.0835
2,2603,463.575,486.013,77.0835
2,2604,463.575,486.013,77.0835
2,2605,463.575,486.013,77.0835
2,2606,463.575,486.013,77.0835
2,2607,463.575,486.013,77.0835
2,2608,463.575,486.013,77.0835
2,2609,463.575,476.577,77.0835
2,2610,463.575,476.577,77.0835
2,2611,463.575,476.577,77.0835
2,2612,463.575,476.577,77.0835
2,2613,463.575,476.577,77.0835
2,2614,463.575,476.577,77.0835
2,2615,463.575,476.577,77.0835
2,2616,463.575,486.013,77.0835
2,2617,463.575,486.013,77.0835
2,2618,463.575,486.013,77.0835
2,2619,463.575,486.013,77.0835
2,2620,463.575,486.013,77.0835
2,2621,463.575,486.013,77.0835
2,2622,463.575,486.013,77.0835
2,2623,463.575,486.013,77.0835
2,2624,463.575,486.013,77.0835
2,2625,463.575,486.013,77.0835
2,2626,463.575,486.013,77.0835
2,2627,463.575,486.013,77.0835
2,2628,463.575,486.013,77.0835
2,2629,463.575,486.013,77.0835
2,2630,463.575,486.013,77.0835
2,2631,463.575,486.013,77.0835
2,2632,463.575,486.013,77.0835
2,2633,463.575,486.013,77.0835
2,2634,463.575,486.013,77.0835
2,2635,463.575,486.013,77.0835
2,2636,463.575,486.013,77.0835
2,2637,463.575,486.013,77.0835
2,2638,463.575,486.013,77.0835
2,2639,463.575,486.013,77.0835
2,2640,463.575,486.013,77.0835
2,2641,463.575,486.013,76.3127
2,2642,463.575,486.013,76.3127
2,2643,463.575,486.013,76.3127
2,2644,463.575,486.013,76.3127
2,2645,463.575,486.013,76.3127
2,2646,463.575,486.013,76.3127
2,2647,463.575,563.51,76.3127
2,2648,463.575,563.51,76.3127
2,2649,463.575,563.51,76.3127
2,2650,463.575,561.491,76.3127
2,2651,463.575,561.491,76.3127
2,2652,463.575,561.491,76.3127
2,2653,463.575,561.491,76.3127
2,2654,463.575,561.491,76.3127
2,2655,463.575,561.491,76.3127
2,2656,463.575,561.491,76.3127
2,2657,463.575,561.491,76.3127
2,2658,463.575,561.491,76.3127
2,2659,463.575,561.491,76.3127
2,2660,463.575,561.491,76.3127
2,2661,463.575,561.491,76.3127
2,2662,463.575,561.491,76.3127
2,2663,463.575,521.311,76.3127
2,2664,463.575,521.311,76.3127
2,2665,463.575,521.311,76.3127
2,2666,463.575,521.311,76.3127
2,2667,463.575,521.311,76.3127
2,2668,463.575,521.311,76.3127
2,2669,463.575,521.311,76.3127
2,2670,463.575,521.311,76.3127
2,2671,463.575,521.311,76.3127
2,2672,463.575,521.311,76.3127
2,2673,463.575,521.311,76.3127
2,2674,463.575,521.311,76.3127
2,2675,463.575,521.311,76.3127
2,2676,463.575,521.311,76.3127
2,2677,463.575,521.311,76.3127
2,2678,463.575,521.311,76.3127
2,2679,463.575,521.311,76.3127
2,2680,463.575,521.311,76.3127
2,2681,463.575,521.311,75.5496
2,2682,463.575,521.311,75.5496
2,2683,463.575,521.311,75.5496
2,2684,463.575,521.311,75.5496
2,2685,463.575,521.311,75.5496
2,2686,463.575,521.311,75.5496
2,2687,463.575,521.311,75.5496
2,2688,463.575,521.311,75.5496
2,2689,463.575,862.063,75.5496
2,2690,463.575,862.063,75.5496
2,2691,463.575,862.063,75.5496
2,2692,463.575,1290.65,75.5496
2,2693,463.575,1290.65,75.5496
2,2694,463.575,862.063,75.5496
2,2695,463.575,851.617,75.5496
2,2696,463.575,851.617,75.5496
2,2697,463.575,851.617,75.5496
2,2698,463.575,851.617,75.5496
2,2699,463.575,839.399,75.5496
2,2700,463.575,839.399,75.5496
2,2701,463.575,839.399,75.5496
2,2702,463.575,839.399,75.5496
2,2703,463.575,839.399,75.5496
2,2704,463.575,839.399,75.5496
2,2705,463.575,839.399,75.5496
2,2706,463.575,839.399,75.5496
2,2707,463.575,839.399,75.5496
2,2708,463.575,839.399,75.5496
2,2709,463.575,839.399,75.5496
2,2710,463.575,839.399,75.5496
2,2711,463.575,839.399,75.5496
2,2712,463.575,839.399,75.5496
2,2713,463.575,839.399,75.5496
2,2714,463.575,839.399,75.5496
2,2715,463.575,839.399,75.5496
2,2716,463.575,839.399,75.5496
2,2717,463.575,839.399,75.5496
2,2718,463.575,839.399,75.5496
2,2719,463.575,839.399,75.5496
2,2720,463.575,839.399,75.5496
2,2721,463.575,839.399,74.7941
2,2722,463.575,839.399,74.7941
2,2723,463.575,523.326,74.7941
2,2724,463.575,523.326,74.7941
2,2725,463.575,523.326,74.7941
2,2726,463.575,523.326,74.7941
2,2727,463.575,523.326,74.7941
2,2728,463.575,523.326,74.7941
2,2729,463.575,523.326,74.7941
2,2730,463.575,517.934,74.7941
2,2731,463.575,517.934,74.7941
2,2732,463.575,517.934,74.7941
2,2733,463.575,517.934,74.7941
2,2734,463.575,517.934,74.7941
2,2735,463.575,517.934,74.7941
2,2736,463.575,517.934,74.7941
2,2737,463.575,517.934,74.7941
2,2738,463.575,517.934,74.7941
2,2739,463.575,517.934,74.7941
2,2740,463.575,517.934,74.7941
2,2741,463.575,517.934,74.7941
2,2742,463.575,517.934,74.7941
2,2743,463.575,517.934,74.7941
2,2744,463.575,517.934,74.7941
2,2745,463.575,517.934,74.7941
2,2746,463.575,517.934,74.7941
2,2747,463.575,517.934,74.7941
2,2748,463.575,517.934,74.7941
2,2749,463.575,517.934,74.7941
2,2750,463.575,517.934,74.7941
2,2751,463.575,517.934,74.7941
2,2752,463.575,517.934,74.7941
2,2753,463.575,517.934,74.7941
2,2754,463.575,517.934,74.7941
2,2755,463.575,517.934,74.7941
2,2756,463.575,517.934,74.7941
2,2757,463.575,517.934,74.7941
2,2758,463.575,517.934,74.7941
2,2759,463.575,517.934,74.7941
2,2760,463.575,517.934,74.7941
2,2761,463.575,517.934,74.0461
2,2762,463.575,517.934,74.0461
2,2763,463.575,517.934,74.0461
2,2764,463.575,517.934,74.0461
2,2765,463.575,517.934,74.0461
2,2766,463.575,517.934,74.0461
2,2767,463.575,517.934,74.0461
2,2768,463.575,517.934,74.0461
2,2769,463.575,517.934,74.0461
2,2770,463.575,517.934,74.0461
2,2771,463.575,517.934,74.0461
2,2772,463.575,517.934,74.0461
2,2773,463.575,517.934,74.0461
2,2774,463.575,517.934,74.0461
2,2775,463.575,517.934,74.0461
2,2776,463.575,517.934,74.0461
2,2777,463.575,517.934,74.0461
2,2778,463.575,517.934,74.0461
2,2779,463.575,517.934,74.0461
2,2780,463.575,517.934,74.0461
2,2781,463.575,517.934,74.0461
2,2782,463.575,517.934,74.0461
2,2783,463.575,517.934,74.0461
2,2784,463.575,517.934,74.0461
2,2785,463.575,517.934,74.0461
2,2786,463.575,517.934,74.0461
2,2787,463.575,517.934,74.0461
2,2788,463.575,517.934,74.0461
2,2789,463.575,517.934,74.0461
2,2790,463.575,517.934,74.0461
2,2791,463.575,517.934,74.0461
2,2792,463.575,499.272,74.0461
2,2793,463.575,499.272,74.0461
2,2794,463.575,499.272,74.0461
2,2795,463.575,499.272,74.0461
2,2796,463.575,499.272,74.0461
2,2797,463.575,499.272,74.0461
2,2798,463.575,499.272,74.0461
2,2799,463.575,499.272,74.0461
2,2800,463.575,499.272,74.0461
2,2801,463.575,499.272,73.3057
2,2802,463.575,499.272,73.3057
2,2803,463.575,499.272,73.3057
2,2804,463.575,499.272,73.3057
2,2805,463.575,499.272,73.3057
2,2806,463.575,499.272,73.3057
2,2807,463.575,499.272,73.3057
2,2808,463.575,499.272,73.3057
2,2809,463.575,499.272,73.3057
2,2810,463.575,499.272,73.3057
2,2811,463.575,499.272,73.3057
2,2812,463.575,499.272,73.3057
2,2813,463.575,499.272,73.3057
2,2814,463.575,499.272,73.3057
2,2815,463.575,499.272,73.3057
2,2816,463.575,499.272,73.3057
2,2817,463.575,499.272,73.3057
2,2818,463.575,499.272,73.3057
2,2819,463.575,478.78,73.3057
2,2820,463.575,478.78,73.3057
2,2821,463.575,478.78,73.3057
2,2822,463.575,478.78,73.3057
2,2823,463.575,478.78,73.3057
2,2824,463.575,499.272,73.3057
2,2825,463.575,499.272,73.3057
2,2826,463.575,499.272,73.3057
2,2827,463.575,499.272,73.3057
2,2828,463.575,499.272,73.3057
2,2829,463.575,499.272,73.3057
2,2830,463.575,499.272,73.3057
2,2831,463.575,499.272,73.3057
2,2832,463.575,499.272,73.3057
2,2833,463.575,499.272,73.3057
2,2834,463.575,499.272,73.3057
2,2835,463.575,499.272,73.3057
2,2836,463.575,499.272,73.3057
2,2837,463.575,499.272,73.3057
2,2838,463.575,499.272,73.3057
2,2839,463.575,499.272,73.3057
2,2840,463.575,499.272,73.3057
2,2841,463.575,499.272,72.5726
2,2842,463.575,499.272,72.5726
2,2843,463.575,499.272,72.5726
2,2844,463.575,499.272,72.5726
2,2845,463.575,499.272,72.5726
2,2846,463.575,499.272,72.5726
2,2847,463.575,499.272,72.5726
2,2848,463.575,499.272,72.5726
2,2849,463.575,499.272,72.5726
2,2850,463.575,499.272,72.5726
2,2851,463.575,499.272,72.5726
2,2852,463.575,499.272,72.5726
2,2853,463.575,499.272,72.5726
2,2854,463.575,499.272,72.5726
2,2855,463.575,499.272,72.5726
2,2856,463.575,499.272,72.5726
2,2857,463.575,499.272,72.5726
2,2858,463.575,499.272,72.5726
2,2859,463.575,499.272,72.5726
2,2860,463.575,499.272,72.5726
2,2861,463.575,499.272,72.5726
2,2862,463.575,499.272,72.5726
2,2863,463.575,499.272,72.5726
2,2864,463.575,499.272,72.5726
2,2865,463.575,499.272,72.5726
2,2866,463.575,499.272,72.5726
2,2867,463.575,486.631,72.5726
2,2868,463.575,486.631,72.5726
2,2869,463.575,486.631,72.5726
2,2870,463.575,486.013,72.5726
2,2871,463.575,486.013,72.5726
2,2872,463.575,486.013,72.5726
2,2873,463.575,486.013,72.5726
2,2874,463.575,486.013,72.5726
2,2875,463.575,486.013,72.5726
2,2876,463.575,486.013,72.5726
2,2877,463.575,486.013,72.5726
2,2878,463.575,486.013,72.5726
2,2879,463.575,486.013,72.5726
2,2880,463.575,486.013,72.5726
2,2881,463.575,486.013,71.8469
2,2882,463.575,486.013,71.8469
2,2883,463.575,486.013,71.8469
2,2884,463.575,486.013,71.8469
2,2885,463.575,486.013,71.8469
2,2886,463.575,486.013,71.8469
2,2887,463.575,486.013,71.8469
2,2888,463.575,486.013,71.8469
2,2889,463.575,486.013,71.8469
2,2890,463.575,486.013,71.8469
2,2891,463.575,486.013,71.8469
2,2892,463.575,486.013,71.8469
2,2893,463.575,486.013,71.8469
2,2894,463.575,486.013,71.8469
2,2895,463.575,486.013,71.8469
2,2896,463.575,486.013,71.8469
2,2897,463.575,486.013,71.8469
2,2898,463.575,486.013,71.8469
2,2899,463.575,486.013,71.8469
2,2900,463.575,486.013,71.8469
2,2901,463.575,486.013,71.8469
2,2902,463.575,486.013,71.8469
2,2903,463.575,486.013,71.8469
2,2904,463.575,486.013,71.8469
2,2905,463.575,486.013,71.8469
2,2906,463.575,486.013,71.8469
2,2907,463.575,486.013,71.8469
2,2908,463.575,486.013,71.8469
2,2909,463.575,497.458,71.8469
2,2910,463.575,476.356,71.8469
2,2911,463.575,476.356,71.8469
2,2912,463.575,476.356,71.8469
2,2913,463.575,476.356,71.8469
2,2914,463.575,476.356,71.8469
2,2915,463.575,476.356,71.8469
2,2916,463.575,476.356,71.8469
2,2917,463.575,476.356,71.8469
2,2918,463.575,476.356,71.8469
2,2919,463.575,476.356,71.8469
2,2920,463.575,476.356,71.8469
2,2921,463.575,476.356,71.1284
2,2922,463.575,476.356,71.1284
2,2923,463.575,476.356,71.1284
2,2924,463.575,476.356,71.1284
2,2925,463.575,476.356,71.1284
2,2926,463.575,476.356,71.1284
2,2927,463.575,476.356,71.1284
2,2928,463.575,476.356,71.1284
2,2929,463.575,476.356,71.1284
2,2930,463.575,476.356,71.1284
2,2931,463.575,476.356,71.1284
2,2932,463.575,476.356,71.1284
2,2933,463.575,476.356,71.1284
2,2934,463.575,476.356,71.1284
2,2935,463.575,476.356,71.1284
2,2936,463.575,476.356,71.1284
2,2937,463.575,476.356,71.1284
2,2938,463.575,476.356,71.1284
2,2939,463.575,476.356,71.1284
2,2940,463.575,476.356,71.1284
2,2941,463.575,476.356,71.1284
2,2942,463.575,476.356,71.1284
2,2943,463.575,476.356,71.1284
2,2944,463.575,488.615,71.1284
2,2945,463.575,478.78,71.1284
2,2946,463.575,478.78,71.1284
2,2947,463.575,478.78,71.1284
2,2948,463.575,478.78,71.1284
2,2949,463.575,499.272,71.1284
2,2950,463.575,499.272,71.1284
2,2951,463.575,499.272,71.1284
2,2952,463.575,499.272,71.1284
2,2953,463.575,499.272,71.1284
2,2954,463.575,499.272,71.1284
2,2955,463.575,499.272,71.1284
2,2956,463.575,499.272,71.1284
2,2957,463.575,499.272,71.1284
2,2958,463.575,499.272,71.1284
2,2959,463.575,548.981,71.1284
2,2960,463.575,548.981,71.1284
2,2961,463.575,548.981,70.4171
2,2962,463.575,548.981,70.4171
2,2963,463.575,548.981,70.4171
2,2964,463.575,548.981,70.4171
2,2965,463.575,548.981,70.4171
2,2966,463.575,548.981,70.4171
2,2967,463.575,548.981,70.4171
2,2968,463.575,548.981,70.4171
2,2969,463.575,548.981,70.4171
2,2970,463.575,548.981,70.4171
2,2971,463.575,548.981,70.4171
2,2972,463.575,548.981,70.4171
2,2973,463.575,548.981,70.4171
2,2974,463.575,548.981,70.4171
2,2975,463.575,548.981,70.4171
2,2976,463.575,548.981,70.4171
2,2977,463.575,548.981,70.4171
2,2978,463.575,548.981,70.4171
2,2979,463.575,548.981,70.4171
2,2980,463.575,512.869,70.4171
2,2981,463.575,512.869,70.4171
2,2982,463.575,512.869,70.4171
2,2983,463.575,512.869,70.4171
2,2984,463.575,512.869,70.4171
2,2985,463.575,512.869,70.4171
2,2986,463.575,512.869,70.4171
2,2987,463.575,512.869,70.4171
2,2988,463.575,512.869,70.4171
2,2989,463.575,512.869,70.4171
2,2990,463.575,512.869,70.4171
2,2991,463.575,512.869,70.4171
2,2992,463.575,512.869,70.4171
2,2993,463.575,512.869,70.4171
2,2994,463.575,512.869,70.4171
2,2995,463.575,512.869,70.4171
2,2996,463.575,512.869,70.4171
2,2997,463.575,512.869,70.4171
2,2998,463.575,512.869,70.4171
2,2999,463.575,512.869,70.4171
2,3000,463.575,512.869,70.4171
2,3001,463.575,512.869,69.713
2,3002,463.575,512.869,69.713
2,3003,463.575,512.869,69.713
2,3004,463.575,512.869,69.713
2,3005,463.575,512.869,69.713
2,3006,463.575,512.869,69.713
2,3007,463.575,512.869,69.713
2,3008,463.575,512.869,69.713
2,3009,463.575,512.869,69.713
2,3010,463.575,512.869,69.713
2,3011,463.575,512.869,69.713
2,3012,463.575,512.869,69.713
2,3013,463.575,512.869,69.713
2,3014,463.575,512.869,69.713
2,3015,463.575,512.869,69.713
2,3016,463.575,512.869,69.713
2,3017,463.575,512.869,69.713
2,3018,463.575,512.869,69.713
2,3019,463.575,512.869,69.713
2,3020,463.575,512.869,69.713
2,3021,463.575,512.869,69.713
2,3022,463.575,512.869,69.713
2,3023,463.575,512.869,69.713
2,3024,463.575,512.869,69.713
2,3025,463.575,512.869,69.713
2,3026,463.575,512.869,69.713
2,3027,463.575,512.869,69.713
2,3028,463.575,512.869,69.713
2,3029,463.575,512.869,69.713
2,3030,463.575,512.869,69.713
2,3031,463.575,512.869,69.713
2,3032,463.575,512.869,69.713
2,3033,463.575,512.869,69.713
2,3034,463.575,512.869,69.713
2,3035,463.575,512.869,69.713
2,3036,463.575,512.869,69.713
2,3037,463.575,512.869,69.713
2,3038,463.575,512.869,69.713
2,3039,463.575,512.869,69.713
2,3040,463.575,512.869,69.713
2,3041,463.575,512.869,69.0158
2,3042,463.575,545.692,69.0158
2,3043,463.575,545.692,69.0158
2,3044,463.575,545.692,69.0158
2,3045,463.575,527.985,69.0158
2,3046,463.575,527.985,69.0158
2,3047,463.575,527.985,69.0158
2,3048,463.575,527.985,69.0158
2,3049,463.575,527.985,69.0158
2,3050,463.575,527.985,69.0158
2,3051,463.575,527.985,69.0158
2,3052,463.575,527.985,69.0158
2,3053,463.575,527.985,69.0158
2,3054,463.575,527.985,69.0158
2,3055,463.575,527.985,69.0158
2,3056,463.575,527.985,69.0158
2,3057,463.575,527.985,69.0158
2,3058,463.575,527.985,69.0158
2,3059,463.575,527.985,69.0158
2,3060,463.575,527.985,69.0158
2,3061,463.575,527.985,69.0158
2,3062,463.575,527.985,69.0158
2,3063,463.575,527.985,69.0158
2,3064,463.575,527.985,69.0158
2,3065,463.575,527.985,69.0158
2,3066,463.575,527.985,69.0158
2,3067,463.575,527.985,69.0158
2,3068,463.575,527.985,69.0158
2,3069,463.575,527.985,69.0158
2,3070,463.575,527.985,69.0158
2,3071,463.575,527.985,69.0158
2,3072,463.575,527.985,69.0158
2,3073,463.575,526.008,69.0158
2,3074,463.575,526.008,69.0158
2,3075,463.575,526.008,69.0158
2,3076,463.575,526.008,69.0158
2,3077,463.575,526.008,69.0158
2,3078,463.575,526.008,69.0158
2,3079,463.575,526.008,69.0158
2,3080,463.575,526.008,69.0158
2,3081,463.575,526.008,68.3257
2,3082,463.575,526.008,68.3257
2,3083,463.575,526.008,68.3257
2,3084,463.575,526.008,68.3257
2,3085,463.575,526.008,68.3257
2,3086,463.575,526.008,68.3257
2,3087,463.575,526.008,68.3257
2,3088,463.575,526.008,68.3257
2,3089,463.575,526.008,68.3257
2,3090,463.575,526.008,68.3257
2,3091,463.575,526.008,68.3257
2,3092,463.575,526.008,68.3257
2,3093,463.575,526.008,68.3257
2,3094,463.575,526.008,68.3257
2,3095,463.575,526.008,68.3257
2,3096,463.575,526.008,68.3257
2,3097,463.575,526.008,68.3257
2,3098,463.575,526.008,68.3257
2,3099,463.575,526.008,68.3257
2,3100,463.575,526.008,68.3257
2,3101,463.575,526.008,68.3257
2,3102,463.575,526.008,68.3257
2,3103,463.575,526.008,68.3257
2,3104,463.575,526.008,68.3257
2,3105,463.575,527.985,68.3257
2,3106,463.575,527.985,68.3257
2,3107,463.575,527.985,68.3257
2,3108,463.575,527.985,68.3257
2,3109,463.575,527.985,68.3257
2,3110,463.575,527.985,68.3257
2,3111,463.575,527.985,68.3257
2,3112,463.575,527.985,68.3257
2,3113,463.575,527.985,68.3257
2,3114,463.575,503.556,68.3257
2,3115,463.575,503.556,68.3257
2,3116,463.575,503.556,68.3257
2,3117,463.575,503.556,68.3257
2,3118,463.575,503.556,68.3257
2,3119,463.575,563.51,68.3257
2,3120,463.575,563.51,68.3257
2,3121,463.575,563.51,67.6424
2,3122,463.575,563.51,67.6424
2,3123,463.575,563.51,67.6424
2,3124,463.575,563.51,67.6424
2,3125,463.575,563.51,67.6424
2,3126,463.575,563.51,67.6424
2,3127,463.575,563.51,67.6424
2,3128,463.575,563.51,67.6424
2,3129,463.575,563.51,67.6424
2,3130,463.575,563.51,67.6424
2,3131,463.575,563.51,67.6424
2,3132,463.575,486.013,67.6424
2,3133,463.575,486.013,67.6424
2,3134,463.575,486.013,67.6424
2,3135,463.575,486.013,67.6424
2,3136,463.575,486.013,67.6424
2,3137,463.575,486.013,67.6424
2,3138,463.575,486.013,67.6424
2,3139,463.575,486.013,67.6424
2,3140,463.575,486.013,67.6424
2,3141,463.575,486.013,67.6424
2,3142,463.575,486.013,67.6424
2,3143,463.575,486.013,67.6424
2,3144,463.575,486.013,67.6424
2,3145,463.575,486.013,67.6424
2,3146,463.575,486.013,67.6424
2,3147,463.575,486.013,67.6424
2,3148,463.575,486.013,67.6424
2,3149,463.575,486.013,67.6424
2,3150,463.575,486.013,67.6424
2,3151,463.575,486.013,67.6424
2,3152,463.575,486.013,67.6424
2,3153,463.575,486.013,67.6424
2,3154,463.575,486.013,67.6424
2,3155,463.575,486.631,67.6424
2,3156,463.575,486.013,67.6424
2,3157,463.575,486.013,67.6424
2,3158,463.575,486.013,67.6424
2,3159,463.575,486.013,67.6424
2,3160,463.575,486.013,67.6424
2,3161,463.575,486.013,66.966
2,3162,463.575,486.013,66.966
2,3163,463.575,486.013,66.966
2,3164,463.575,486.013,66.966
2,3165,463.575,486.013,66.966
2,3166,463.575,486.013,66.966
2,3167,463.575,486.013,66.966
2,3168,463.575,486.013,66.966
2,3169,463.575,486.013,66.966
2,3170,463.575,486.013,66.966
2,3171,463.575,486.013,66.966
2,3172,463.575,486.013,66.966
2,3173,463.575,486.013,66.966
2,3174,463.575,486.013,66.966
2,3175,463.575,486.013,66.966
2,3176,463.575,486.013,66.966
2,3177,463.575,486.013,66.966
2,3178,463.575,486.013,66.966
2,3179,463.575,486.013,66.966
2,3180,463.575,486.013,66.966
2,3181,463.575,486.013,66.966
2,3182,463.575,486.013,66.966
2,3183,463.575,486.013,66.966
2,3184,463.575,486.013,66.966
2,3185,463.575,486.013,66.966
2,3186,463.575,486.013,66.966
2,3187,463.575,486.013,66.966
2,3188,463.575,486.013,66.966
2,3189,463.575,476.577,66.966
2,3190,463.575,476.577,66.966
2,3191,463.575,476.577,66.966
2,3192,463.575,476.577,66.966
2,3193,463.575,476.577,66.966
2,3194,463.575,476.577,66.966
2,3195,463.575,476.577,66.966
2,3196,463.575,476.577,66.966
2,3197,463.575,476.577,66.966
2,3198,463.575,476.577,66.966
2,3199,463.575,476.577,66.966
2,3200,463.575,476.577,66.966
2,3201,463.575,476.577,66.2963
2,3202,463.575,476.577,66.2963
2,3203,463.575,476.577,66.2963
2,3204,463.575,476.577,66.2963
2,3205,463.575,476.577,66.2963
2,3206,463.575,476.577,66.2963
2,3207,463.575,476.577,66.2963
2,3208,463.575,476.577,66.2963
2,3209,463.575,476.577,66.2963
2,3210,463.575,476.577,66.2963
2,3211,463.575,476.577,66.2963
2,3212,463.575,476.577,66.2963
2,3213,463.575,476.577,66.2963
2,3214,463.575,476.577,66.2963
2,3215,463.575,476.577,66.2963
2,3216,463.575,476.577,66.2963
2,3217,463.575,476.577,66.2963
2,3218,463.575,476.577,66.2963
2,3219,463.575,476.577,66.2963
2,3220,463.575,476.577,66.2963
2,3221,463.575,476.577,66.2963
2,3222,463.575,476.577,66.2963
2,3223,463.575,476.577,66.2963
2,3224,463.575,476.577,66.2963
2,3225,463.575,476.577,66.2963
2,3226,463.575,476.577,66.2963
2,3227,463.575,476.577,66.2963
2,3228,463.575,476.577,66.2963
2,3229,463.575,476.577,66.2963
2,3230,463.575,476.577,66.2963
2,3231,463.575,476.577,66.2963
2,3232,463.575,476.577,66.2963
2,3233,463.575,476.577,66.2963
2,3234,463.575,476.577,66.2963
2,3235,463.575,476.577,66.2963
2,3236,463.575,476.577,66.2963
2,3237,463.575,476.577,66.2963
2,3238,463.575,476.577,66.2963
2,3239,463.575,476.577,66.2963
2,3240,463.575,476.577,66.2963
2,3241,463.575,476.577,65.6334
2,3242,463.575,476.577,65.6334
2,3243,463.575,476.577,65.6334
2,3244,463.575,476.577,65.6334
2,3245,463.575,476.577,65.6334
2,3246,463.575,476.577,65.6334
2,3247,463.575,476.577,65.6334
2,3248,463.575,476.577,65.6334
2,3249,463.575,476.577,65.6334
2,3250,463.575,476.577,65.6334
2,3251,463.575,476.577,65.6334
2,3252,463.575,476.577,65.6334
2,3253,463.575,476.577,65.6334
2,3254,463.575,476.577,65.6334
2,3255,463.575,476.577,65.6334
2,3256,463.575,476.577,65.6334
2,3257,463.575,476.577,65.6334
2,3258,463.575,476.577,65.6334
2,3259,463.575,476.577,65.6334
2,3260,463.575,476.577,65.6334
2,3261,463.575,476.577,65.6334
2,3262,463.575,476.577,65.6334
2,3263,463.575,476.577,65.6334
2,3264,463.575,476.577,65.6334
2,3265,463.575,476.577,65.6334
2,3266,463.575,476.577,65.6334
2,3267,463.575,476.577,65.6334
2,3268,463.575,476.577,65.6334
2,3269,463.575,476.577,65.6334
2,3270,463.575,476.577,65.6334
2,3271,463.575,476.577,65.6334
2,3272,463.575,476.577,65.6334
2,3273,463.575,476.577,65.6334
2,3274,463.575,476.577,65.6334
2,3275,463.575,476.577,65.6334
2,3276,463.575,476.577,65.6334
2,3277,463.575,476.577,65.6334
2,3278,463.575,476.577,65.6334
2,3279,463.575,476.577,65.6334
2,3280,463.575,476.577,65.6334
2,3281,463.575,476.577,64.977
2,3282,463.575,476.577,64.977
2,3283,463.575,476.577,64.977
2,3284,463.575,476.577,64.977
2,3285,463.575,476.577,64.977
2,3286,463.575,476.577,64.977
2,3287,463.575,476.577,64.977
2,3288,463.575,476.577,64.977
2,3289,463.575,476.577,64.977
2,3290,463.575,476.577,64.977
2,3291,463.575,476.577,64.977
2,3292,463.575,476.577,64.977
2,3293,463.575,476.577,64.977
2,3294,463.575,476.577,64.977
2,3295,463.575,476.577,64.977
2,3296,463.575,476.577,64.977
2,3297,463.575,476.577,64.977
2,3298,463.575,476.577,64.977
2,3299,463.575,477.196,64.977
2,3300,463.575,477.196,64.977
2,3301,463.575,477.196,64.977
2,3302,463.575,477.196,64.977
2,3303,463.575,477.196,64.977
2,3304,463.575,477.196,64.977
2,3305,463.575,476.577,64.977
2,3306,463.575,476.577,64.977
2,3307,463.575,476.577,64.977
2,3308,463.575,476.577,64.977
2,3309,463.575,476.577,64.977
2,3310,463.575,522.995,64.977
2,3311,463.575,522.995,64.977
2,3312,463.575,522.995,64.977
2,3313,463.575,522.995,64.977
2,3314,463.575,522.995,64.977
2,3315,463.575,522.995,64.977
2,3316,463.575,522.995,64.977
2,3317,463.575,522.995,64.977
2,3318,463.575,504.458,64.977
2,3319,463.575,504.458,64.977
2,3320,463.575,504.458,64.977
2,3321,463.575,504.458,64.3273
2,3322,463.575,504.458,64.3273
2,3323,463.575,504.458,64.3273
2,3324,463.575,504.458,64.3273
2,3325,463.575,504.458,64.3273
2,3326,463.575,504.458,64.3273
2,3327,463.575,504.458,64.3273
2,3328,463.575,504.458,64.3273
2,3329,463.575,504.458,64.3273
2,3330,463.575,519.857,64.3273
2,3331,463.575,519.857,64.3273
2,3332,463.575,519.857,64.3273
2,3333,463.575,504.458,64.3273
2,3334,463.575,504.458,64.3273
2,3335,463.575,504.458,64.3273
2,3336,463.575,504.458,64.3273
2,3337,463.575,504.458,64.3273
2,3338,463.575,504.458,64.3273
2,3339,463.575,504.458,64.3273
2,3340,463.575,504.458,64.3273
2,3341,463.575,504.458,64.3273
2,3342,463.575,504.458,64.3273
2,3343,463.575,504.458,64.3273
2,3344,463.575,504.458,64.3273
2,3345,463.575,504.458,64.3273
2,3346,463.575,504.458,64.3273
2,3347,463.575,504.458,64.3273
2,3348,463.575,504.458,64.3273
2,3349,463.575,616.27,64.3273
2,3350,463.575,616.27,64.3273
2,3351,463.575,612.121,64.3273
2,3352,463.575,605.869,64.3273
2,3353,463.575,605.869,64.3273
2,3354,463.575,605.869,64.3273
2,3355,463.575,605.869,64.3273
2,3356,463.575,605.869,64.3273
2,3357,463.575,605.869,64.3273
2,3358,463.575,605.869,64.3273
2,3359,463.575,605.869,64.3273
2,3360,463.575,605.869,64.3273
2,3361,463.575,605.869,63.684
2,3362,463.575,553.191,63.684
2,3363,463.575,553.191,63.684
2,3364,463.575,522.144,63.684
2,3365,463.575,522.144,63.684
2,3366,463.575,522.144,63.684
2,3367,463.575,522.144,63.684
2,3368,463.575,522.144,63.684
2,3369,463.575,522.144,63.684
2,3370,463.575,522.144,63.684
2,3371,463.575,522.144,63.684
2,3372,463.575,522.144,63.684
2,3373,463.575,522.144,63.684
2,3374,463.575,522.144,63.684
2,3375,463.575,522.144,63.684
2,3376,463.575,522.144,63.684
2,3377,463.575,522.144,63.684
2,3378,463.575,522.144,63.684
2,3379,463.575,522.144,63.684
2,3380,463.575,522.144,63.684
2,3381,463.575,522.144,63.684
2,3382,463.575,522.144,63.684
2,3383,463.575,522.144,63.684
2,3384,463.575,522.144,63.684
2,3385,463.575,522.144,63.684
2,3386,463.575,522.144,63.684
2,3387,463.575,522.144,63.684
2,3388,463.575,522.144,63.684
2,3389,463.575,522.144,63.684
2,3390,463.575,522.144,63.684
2,3391,463.575,522.144,63.684
2,3392,463.575,522.144,63.684
2,3393,463.575,537.543,63.684
2,3394,463.575,537.543,63.684
2,3395,463.575,537.543,63.684
2,3396,463.575,522.144,63.684
2,3397,463.575,522.144,63.684
2,3398,463.575,522.144,63.684
2,3399,463.575,522.144,63.684
2,3400,463.575,522.144,63.684
2,3401,463.575,522.144,63.0472
2,3402,463.575,522.144,63.0472
2,3403,463.575,522.144,63.0472
2,3404,463.575,522.144,63.0472
2,3405,463.575,522.144,63.0472
2,3406,463.575,522.144,63.0472
2,3407,463.575,522.144,63.0472
2,3408,463.575,522.144,63.0472
2,3409,463.575,522.144,63.0472
2,3410,463.575,522.144,63.0472
2,3411,463.575,522.144,63.0472
2,3412,463.575,522.144,63.0472
2,3413,463.575,522.144,63.0472
2,3414,463.575,522.144,63.0472
2,3415,463.575,522.144,63.0472
2,3416,463.575,522.144,63.0472
2,3417,463.575,522.144,63.0472
2,3418,463.575,522.144,63.0472
2,3419,463.575,522.144,63.0472
2,3420,463.575,522.144,63.0472
2,3421,463.575,522.144,63.0472
2,3422,463.575,522.144,63.0472
2,3423,463.575,522.144,63.0472
2,3424,463.575,522.144,63.0472
2,3425,463.575,522.144,63.0472
2,3426,463.575,522.144,63.0472
2,3427,463.575,522.144,63.0472
2,3428,463.575,522.144,63.0472
2,3429,463.575,522.144,63.0472
2,3430,463.575,522.144,63.0472
2,3431,463.575,522.144,63.0472
2,3432,463.575,522.144,63.0472
2,3433,463.575,522.144,63.0472
2,3434,463.575,522.144,63.0472
2,3435,463.575,522.144,63.0472
2,3436,463.575,522.144,63.0472
2,3437,463.575,522.144,63.0472
2,3438,463.575,522.144,63.0472
2,3439,463.575,522.144,63.0472
2,3440,463.575,522.144,63.0472
2,3441,463.575,522.144,62.4167
2,3442,463.575,522.144,62.4167
2,3443,463.575,522.144,62.4167
2,3444,463.575,522.144,62.4167
2,3445,463.575,522.144,62.4167
2,3446,463.575,522.144,62.4167
2,3447,463.575,522.144,62.4167
2,3448,463.575,522.144,62.4167
2,3449,463.575,522.144,62.4167
2,3450,463.575,522.144,62.4167
2,3451,463.575,522.144,62.4167
2,3452,463.575,522.144,62.4167
2,3453,463.575,522.144,62.4167
2,3454,463.575,522.144,62.4167
2,3455,463.575,522.144,62.4167
2,3456,463.575,522.144,62.4167
2,3457,463.575,522.144,62.4167
2,3458,463.575,522.144,62.4167
2,3459,463.575,522.144,62.4167
2,3460,463.575,522.144,62.4167
2,3461,463.575,522.144,62.4167
2,3462,463.575,522.144,62.4167
2,3463,463.575,522.144,62.4167
2,3464,463.575,522.144,62.4167
2,3465,463.575,522.144,62.4167
2,3466,463.575,522.144,62.4167
2,3467,463.575,522.144,62.4167
2,3468,463.575,522.144,62.4167
2,3469,463.575,522.144,62.4167
2,3470,463.575,522.144,62.4167
2,3471,463.575,522.144,62.4167
2,3472,463.575,522.144,62.4167
2,3473,463.575,522.144,62.4167
2,3474,463.575,522.144,62.4167
2,3475,463.575,522.144,62.4167
2,3476,463.575,522.144,62.4167
2,3477,463.575,522.144,62.4167
2,3478,463.575,522.144,62.4167
2,3479,463.575,522.144,62.4167
2,3480,463.575,522.144,62.4167
2,3481,463.575,522.144,61.7925
2,3482,463.575,522.144,61.7925
2,3483,463.575,522.144,61.7925
2,3484,463.575,522.144,61.7925
2,3485,463.575,522.144,61.7925
2,3486,463.575,522.144,61.7925
2,3487,463.575,522.144,61.7925
2,3488,463.575,522.144,61.7925
2,3489,463.575,522.144,61.7925
2,3490,463.575,522.144,61.7925
2,3491,463.575,522.144,61.7925
2,3492,463.575,522.144,61.7925
2,3493,463.575,522.144,61.7925
2,3494,463.575,522.144,61.7925
2,3495,463.575,522.144,61.7925
2,3496,463.575,522.144,61.7925
2,3497,463.575,522.144,61.7925
2,3498,463.575,522.144,61.7925
2,3499,463.575,522.144,61.7925
2,3500,463.575,522.144,61.7925
2,3501,463.575,522.144,61.7925
2,3502,463.575,522.144,61.7925
2,3503,463.575,522.144,61.7925
2,3504,463.575,522.144,61.7925
2,3505,463.575,522.144,61.7925
2,3506,463.575,522.144,61.7925
2,3507,463.575,522.144,61.7925
2,3508,463.575,522.144,61.7925
2,3509,463.575,522.144,61.7925
2,3510,463.575,522.144,61.7925
2,3511,463.575,522.144,61.7925
2,3512,463.575,522.144,61.7925
2,3513,463.575,522.144,61.7925
2,3514,463.575,522.144,61.7925
2,3515,463.575,522.144,61.7925
2,3516,463.575,522.144,61.7925
2,3517,463.575,522.144,61.7925
2,3518,463.575,522.144,61.7925
2,3519,463.575,522.144,61.7925
2,3520,463.575,522.144,61.7925
2,3521,463.575,522.144,61.1746
2,3522,463.575,522.144,61.1746
2,3523,463.575,522.144,61.1746
2,3524,463.575,522.144,61.1746
2,3525,463.575,522.144,61.1746
2,3526,463.575,522.144,61.1746
2,3527,463.575,522.144,61.1746
2,3528,463.575,522.144,61.1746
2,3529,463.575,522.144,61.1746
2,3530,463.575,522.144,61.1746
2,3531,463.575,522.144,61.1746
2,3532,463.575,522.144,61.1746
2,3533,463.575,522.144,61.1746
2,3534,463.575,522.144,61.1746
2,3535,463.575,522.144,61.1746
2,3536,463.575,522.144,61.1746
2,3537,463.575,522.144,61.1746
2,3538,463.575,522.144,61.1746
2,3539,463.575,522.144,61.1746
2,3540,463.575,522.144,61.1746
2,3541,463.575,522.144,61.1746
2,3542,463.575,522.144,61.1746
2,3543,463.575,522.144,61.1746
2,3544,463.575,522.144,61.1746
2,3545,463.575,522.144,61.1746
2,3546,463.575,522.144,61.1746
2,3547,463.575,522.144,61.1746
2,3548,463.575,522.144,61.1746
2,3549,463.575,522.144,61.1746
2,3550,463.575,522.144,61.1746
2,3551,463.575,522.144,61.1746
2,3552,463.575,522.144,61.1746
2,3553,463.575,522.144,61.1746
2,3554,463.575,522.144,61.1746
2,3555,463.575,522.144,61.1746
2,3556,463.575,522.144,61.1746
2,3557,463.575,522.144,61.1746
2,3558,463.575,522.144,61.1746
2,3559,463.575,522.144,61.1746
2,3560,463.575,522.144,61.1746
2,3561,463.575,522.144,60.5628
2,3562,463.575,522.144,60.5628
2,3563,463.575,522.144,60.5628
2,3564,463.575,522.144,60.5628
2,3565,463.575,522.144,60.5628
2,3566,463.575,522.144,60.5628
2,3567,463.575,522.144,60.5628
2,3568,463.575,522.144,60.5628
2,3569,463.575,522.144,60.5628
2,3570,463.575,522.144,60.5628
2,3571,463.575,522.144,60.5628
2,3572,463.575,522.144,60.5628
2,3573,463.575,522.144,60.5628
2,3574,463.575,522.144,60.5628
2,3575,463.575,522.144,60.5628
2,3576,463.575,522.144,60.5628
2,3577,463.575,522.144,60.5628
2,3578,463.575,522.144,60.5628
2,3579,463.575,522.144,60.5628
2,3580,463.575,522.144,60.5628
2,3581,463.575,522.144,60.5628
2,3582,463.575,522.144,60.5628
2,3583,463.575,522.144,60.5628
2,3584,463.575,522.144,60.5628
2,3585,463.575,522.144,60.5628
2,3586,463.575,522.144,60.5628
2,3587,463.575,522.144,60.5628
2,3588,463.575,522.144,60.5628
2,3589,463.575,522.144,60.5628
2,3590,463.575,522.144,60.5628
2,3591,463.575,522.144,60.5628
2,3592,463.575,522.144,60.5628
2,3593,463.575,522.144,60.5628
2,3594,463.575,522.144,60.5628
2,3595,463.575,522.144,60.5628
2,3596,463.575,522.144,60.5628
2,3597,463.575,522.144,60.5628
2,3598,463.575,522.144,60.5628
2,3599,463.575,522.144,60.5628
2,3600,463.575,522.144,60.5628
2,3601,463.575,522.144,59.9572
2,3602,463.575,522.144,59.9572
2,3603,463.575,522.144,59.9572
2,3604,463.575,522.144,59.9572
2,3605,463.575,522.144,59.9572
2,3606,463.575,522.144,59.9572
2,3607,463.575,522.144,59.9572
2,3608,463.575,522.144,59.9572
2,3609,463.575,522.144,59.9572
2,3610,463.575,522.144,59.9572
2,3611,463.575,522.144,59.9572
2,3612,463.575,522.144,59.9572
2,3613,463.575,522.144,59.9572
2,3614,463.575,522.144,59.9572
2,3615,463.575,522.144,59.9572
2,3616,463.575,522.144,59.9572
2,3617,463.575,522.144,59.9572
2,3618,463.575,522.144,59.9572
2,3619,463.575,522.144,59.9572
2,3620,463.575,522.144,59.9572
2,3621,463.575,522.144,59.9572
2,3622,463.575,522.144,59.9572
2,3623,463.575,522.144,59.9572
2,3624,463.575,522.144,59.9572
2,3625,463.575,522.144,59.9572
2,3626,463.575,522.144,59.9572
2,3627,463.575,522.144,59.9572
2,3628,463.575,522.144,59.9572
2,3629,463.575,522.144,59.9572
2,3630,463.575,522.144,59.9572
2,3631,463.575,522.144,59.9572
2,3632,463.575,522.144,59.9572
2,3633,463.575,522.144,59.9572
2,3634,463.575,522.144,59.9572
2,3635,463.575,522.144,59.9572
2,3636,463.575,522.144,59.9572
2,3637,463.575,522.144,59.9572
2,3638,463.575,522.144,59.9572
2,3639,463.575,522.144,59.9572
2,3640,463.575,522.144,59.9572
2,3641,463.575,522.144,59.3576
2,3642,463.575,522.144,59.3576
2,3643,463.575,522.144,59.3576
2,3644,463.575,522.144,59.3576
2,3645,463.575,522.144,59.3576
2,3646,463.575,522.144,59.3576
2,3647,463.575,522.144,59.3576
2,3648,463.575,522.144,59.3576
2,3649,463.575,522.144,59.3576
2,3650,463.575,522.144,59.3576
2,3651,463.575,522.144,59.3576
2,3652,463.575,522.144,59.3576
2,3653,463.575,522.144,59.3576
2,3654,463.575,522.144,59.3576
2,3655,463.575,522.144,59.3576
2,3656,463.575,522.144,59.3576
2,3657,463.575,522.144,59.3576
2,3658,463.575,522.144,59.3576
2,3659,463.575,522.144,59.3576
2,3660,463.575,522.144,59.3576
2,3661,463.575,522.144,59.3576
2,3662,463.575,522.144,59.3576
2,3663,463.575,522.144,59.3576
2,3664,463.575,522.144,59.3576
2,3665,463.575,522.144,59.3576
2,3666,463.575,522.144,59.3576
2,3667,463.575,522.144,59.3576
2,3668,463.575,522.144,59.3576
2,3669,463.575,522.144,59.3576
2,3670,463.575,522.144,59.3576
2,3671,463.575,522.144,59.3576
2,3672,463.575,522.144,59.3576
2,3673,463.575,522.144,59.3576
2,3674,463.575,522.144,59.3576
2,3675,463.575,522.144,59.3576
2,3676,463.575,522.144,59.3576
2,3677,463.575,522.144,59.3576
2,3678,463.575,537.543,59.3576
2,3679,463.575,537.543,59.3576
2,3680,463.575,537.543,59.3576
2,3681,463.575,537.543,58.7641
2,3682,463.575,537.543,58.7641
2,3683,463.575,522.144,58.7641
2,3684,463.575,522.144,58.7641
2,3685,463.575,522.144,58.7641
2,3686,463.575,522.144,58.7641
2,3687,463.575,522.144,58.7641
2,3688,463.575,522.144,58.7641
2,3689,463.575,522.144,58.7641
2,3690,463.575,522.144,58.7641
2,3691,463.575,522.144,58.7641
2,3692,463.575,522.144,58.7641
2,3693,463.575,522.144,58.7641
2,3694,463.575,522.144,58.7641
2,3695,463.575,522.144,58.7641
2,3696,463.575,522.144,58.7641
2,3697,463.575,522.144,58.7641
2,3698,463.575,522.144,58.7641
2,3699,463.575,522.144,58.7641
2,3700,463.575,522.144,58.7641
2,3701,463.575,522.144,58.7641
2,3702,463.575,522.144,58.7641
2,3703,463.575,522.144,58.7641
2,3704,463.575,522.144,58.7641
2,3705,463.575,522.144,58.7641
2,3706,463.575,522.144,58.7641
2,3707,463.575,522.144,58.7641
2,3708,463.575,522.144,58.7641
2,3709,463.575,522.144,58.7641
2,3710,463.575,522.144,58.7641
2,3711,463.575,522.144,58.7641
2,3712,463.575,522.144,58.7641
2,3713,463.575,522.144,58.7641
2,3714,463.575,522.144,58.7641
2,3715,463.575,522.144,58.7641
2,3716,463.575,522.144,58.7641
2,3717,463.575,522.144,58.7641
2,3718,463.575,522.144,58.7641
2,3719,463.575,522.144,58.7641
2,3720,463.575,522.144,58.7641
2,3721,463.575,522.144,58.1764
2,3722,463.575,522.144,58.1764
2,3723,463.575,522.144,58.1764
2,3724,463.575,522.144,58.1764
2,3725,463.575,522.144,58.1764
2,3726,463.575,522.144,58.1764
2,3727,463.575,522.144,58.1764
2,3728,463.575,522.144,58.1764
2,3729,463.575,522.144,58.1764
2,3730,463.575,522.144,58.1764
2,3731,463.575,522.144,58.1764
2,3732,463.575,522.144,58.1764
2,3733,463.575,522.144,58.1764
2,3734,463.575,522.144,58.1764
2,3735,463.575,522.144,58.1764
2,3736,463.575,522.144,58.1764
2,3737,463.575,522.144,58.1764
2,3738,463.575,522.144,58.1764
2,3739,463.575,522.144,58.1764
2,3740,463.575,522.144,58.1764
2,3741,463.575,522.144,58.1764
2,3742,463.575,522.144,58.1764
2,3743,463.575,522.144,58.1764
2,3744,463.575,522.144,58.1764
2,3745,463.575,522.144,58.1764
2,3746,463.575,522.144,58.1764
2,3747,463.575,522.144,58.1764
2,3748,463.575,522.144,58.1764
2,3749,463.575,522.144,58.1764
2,3750,463.575,522.144,58.1764
2,3751,463.575,522.144,58.1764
2,3752,463.575,522.144,58.1764
2,3753,463.575,522.144,58.1764
2,3754,463.575,522.144,58.1764
2,3755,463.575,522.144,58.1764
2,3756,463.575,522.144,58.1764
2,3757,463.575,522.144,58.1764
2,3758,463.575,522.144,58.1764
2,3759,463.575,522.144,58.1764
2,3760,463.575,522.144,58.1764
2,3761,463.575,522.144,57.5947
2,3762,463.575,522.144,57.5947
2,3763,463.575,522.144,57.5947
2,3764,463.575,522.144,57.5947
2,3765,463.575,522.144,57.5947
2,3766,463.575,522.144,57.5947
2,3767,463.575,522.144,57.5947
2,3768,463.575,522.144,57.5947
2,3769,463.575,522.144,57.5947
2,3770,463.575,522.144,57.5947
2,3771,463.575,522.144,57.5947
2,3772,463.575,522.144,57.5947
2,3773,463.575,522.144,57.5947
2,3774,463.575,522.144,57.5947
2,3775,463.575,522.144,57.5947
2,3776,463.575,522.144,57.5947
2,3777,463.575,522.144,57.5947
2,3778,463.575,522.144,57.5947
2,3779,463.575,522.144,57.5947
2,3780,463.575,522.144,57.5947
2,3781,463.575,522.144,57.5947
2,3782,463.575,522.144,57.5947
2,3783,463.575,522.144,57.5947
2,3784,463.575,522.144,57.5947
2,3785,463.575,522.144,57.5947
2,3786,463.575,522.144,57.5947
2,3787,463.575,522.144,57.5947
2,3788,463.575,522.144,57.5947
2,3789,463.575,522.144,57.5947
2,3790,463.575,522.144,57.5947
2,3791,463.575,522.144,57.5947
2,3792,463.575,522.144,57.5947
2,3793,463.575,522.144,57.5947
2,3794,463.575,522.144,57.5947
2,3795,463.575,522.144,57.5947
2,3796,463.575,522.144,57.5947
2,3797,463.575,522.144,57.5947
2,3798,463.575,522.144,57.5947
2,3799,463.575,522.144,57.5947
2,3800,463.575,522.144,57.5947
2,3801,463.575,522.144,57.0187
2,3802,463.575,522.144,57.0187
2,3803,463.575,522.144,57.0187
2,3804,463.575,522.144,57.0187
2,3805,463.575,522.144,57.0187
2,3806,463.575,522.144,57.0187
2,3807,463.575,522.144,57.0187
2,3808,463.575,522.144,57.0187
2,3809,463.575,522.144,57.0187
2,3810,463.575,522.144,57.0187
2,3811,463.575,522.144,57.0187
2,3812,463.575,522.144,57.0187
2,3813,463.575,537.543,57.0187
2,3814,463.575,537.543,57.0187
2,3815,463.575,537.543,57.0187
2,3816,463.575,537.543,57.0187
2,3817,463.575,522.144,57.0187
2,3818,463.575,522.144,57.0187
2,3819,463.575,522.144,57.0187
2,3820,463.575,522.144,57.0187
2,3821,463.575,522.144,57.0187
2,3822,463.575,522.144,57.0187
2,3823,463.575,522.144,57.0187
2,3824,463.575,522.144,57.0187
2,3825,463.575,522.144,57.0187
2,3826,463.575,522.144,57.0187
2,3827,463.575,522.144,57.0187
2,3828,463.575,522.144,57.0187
2,3829,463.575,522.144,57.0187
2,3830,463.575,522.144,57.0187
2,3831,463.575,522.144,57.0187
2,3832,463.575,522.144,57.0187
2,3833,463.575,522.144,57.0187
2,3834,463.575,522.144,57.0187
2,3835,463.575,522.144,57.0187
2,3836,463.575,522.144,57.0187
2,3837,463.575,522.144,57.0187
2,3838,463.575,522.144,57.0187
2,3839,463.575,522.144,57.0187
2,3840,463.575,522.144,57.0187
2,3841,463.575,522.144,56.4485
2,3842,463.575,522.144,56.4485
2,3843,463.575,522.144,56.4485
2,3844,463.575,522.144,56.4485
2,3845,463.575,522.144,56.4485
2,3846,463.575,522.144,56.4485
2,3847,463.575,522.144,56.4485
2,3848,463.575,522.144,56.4485
2,3849,463.575,522.144,56.4485
2,3850,463.575,522.144,56.4485
2,3851,463.575,522.144,56.4485
2,3852,463.575,522.144,56.4485
2,3853,463.575,522.144,56.4485
2,3854,463.575,522.144,56.4485
2,3855,463.575,522.144,56.4485
2,3856,463.575,522.144,56.4485
2,3857,463.575,522.144,56.4485
2,3858,463.575,522.144,56.4485
2,3859,463.575,522.144,56.4485
2,3860,463.575,522.144,56.4485
2,3861,463.575,522.144,56.4485
2,3862,463.575,522.144,56.4485
2,3863,463.575,522.144,56.4485
2,3864,463.575,522.144,56.4485
2,3865,463.575,522.144,56.4485
2,3866,463.575,522.144,56.4485
2,3867,463.575,522.144,56.4485
2,3868,463.575,522.144,56.4485
2,3869,463.575,522.144,56.4485
2,3870,463.575,522.144,56.4485
2,3871,463.575,522.144,56.4485
2,3872,463.575,522.144,56.4485
2,3873,463.575,522.144,56.4485
2,3874,463.575,522.144,56.4485
2,3875,463.575,522.144,56.4485
2,3876,463.575,522.144,56.4485
2,3877,463.575,522.144,56.4485
2,3878,463.575,522.144,56.4485
2,3879,463.575,522.144,56.4485
2,3880,463.575,522.144,56.4485
2,3881,463.575,522.144,55.884
2,3882,463.575,522.144,55.884
2,3883,463.575,522.144,55.884
2,3884,463.575,522.144,55.884
2,3885,463.575,522.144,55.884
2,3886,463.575,522.144,55.884
2,3887,463.575,522.144,55.884
2,3888,463.575,522.144,55.884
2,3889,463.575,522.144,55.884
2,3890,463.575,522.144,55.884
2,3891,463.575,522.144,55.884
2,3892,463.575,522.144,55.884
2,3893,463.575,522.144,55.884
2,3894,463.575,522.144,55.884
2,3895,463.575,522.144,55.884
2,3896,463.575,522.144,55.884
2,3897,463.575,522.144,55.884
2,3898,463.575,522.144,55.884
2,3899,463.575,522.144,55.884
2,3900,463.575,522.144,55.884
2,3901,463.575,522.144,55.884
2,3902,463.575,522.144,55.884
2,3903,463.575,522.144,55.884
2,3904,463.575,522.144,55.884
2,3905,463.575,522.144,55.884
2,3906,463.575,522.144,55.884
2,3907,463.575,522.144,55.884
2,3908,463.575,522.144,55.884
2,3909,463.575,522.144,55.884
2,3910,463.575,522.144,55.884
2,3911,463.575,522.144,55.884
2,3912,463.575,522.144,55.884
2,3913,463.575,522.144,55.884
2,3914,463.575,522.144,55.884
2,3915,463.575,522.144,55.884
2,3916,463.575,522.144,55.884
2,3917,463.575,522.144,55.884
2,3918,463.575,522.144,55.884
2,3919,463.575,522.144,55.884
2,3920,463.575,522.144,55.884
2,3921,463.575,522.144,55.3252
2,3922,463.575,522.144,55.3252
2,3923,463.575,522.144,55.3252
2,3924,463.575,522.144,55.3252
2,3925,463.575,522.144,55.3252
2,3926,463.575,522.144,55.3252
2,3927,463.575,522.144,55.3252
2,3928,463.575,522.144,55.3252
2,3929,463.575,522.144,55.3252
2,3930,463.575,522.144,55.3252
2,3931,463.575,522.144,55.3252
2,3932,463.575,522.144,55.3252
2,3933,463.575,522.144,55.3252
2,3934,463.575,522.144,55.3252
2,3935,463.575,522.144,55.3252
2,3936,463.575,522.144,55.3252
2,3937,463.575,522.144,55.3252
2,3938,463.575,522.144,55.3252
2,3939,463.575,522.144,55.3252
2,3940,463.575,522.144,55.3252
2,3941,463.575,522.144,55.3252
2,3942,463.575,522.144,55.3252
2,3943,463.575,522.144,55.3252
2,3944,463.575,522.144,55.3252
2,3945,463.575,522.144,55.3252
2,3946,463.575,522.144,55.3252
2,3947,463.575,522.144,55.3252
2,3948,463.575,522.144,55.3252
2,3949,463.575,522.144,55.3252
2,3950,463.575,522.144,55.3252
2,3951,463.575,522.144,55.3252
2,3952,463.575,522.144,55.3252
2,3953,463.575,522.144,55.3252
2,3954,463.575,522.144,55.3252
2,3955,463.575,522.144,55.3252
2,3956,463.575,522.144,55.3252
2,3957,463.575,522.144,55.3252
2,3958,463.575,522.144,55.3252
2,3959,463.575,522.144,55.3252
2,3960,463.575,522.144,55.3252
2,3961,463.575,522.144,54.7719
2,3962,463.575,522.144,54.7719
2,3963,463.575,522.144,54.7719
2,3964,463.575,522.144,54.7719
2,3965,463.575,522.144,54.7719
2,3966,463.575,522.144,54.7719
2,3967,463.575,522.144,54.7719
2,3968,463.575,522.144,54.7719
2,3969,463.575,522.144,54.7719
2,3970,463.575,522.144,54.7719
2,3971,463.575,522.144,54.7719
2,3972,463.575,522.144,54.7719
2,3973,463.575,522.144,54.7719
2,3974,463.575,522.144,54.7719
2,3975,463.575,522.144,54.7719
2,3976,463.575,522.144,54.7719
2,3977,463.575,522.144,54.7719
2,3978,463.575,522.144,54.7719
2,3979,463.575,522.144,54.7719
2,3980,463.575,522.144,54.7719
2,3981,463.575,522.144,54.7719
2,3982,463.575,522.144,54.7719
2,3983,463.575,522.144,54.7719
2,3984,463.575,522.144,54.7719
2,3985,463.575,522.144,54.7719
2,3986,463.575,522.144,54.7719
2,3987,463.575,522.144,54.7719
2,3988,463.575,522.144,54.7719
2,3989,463.575,522.144,54.7719
2,3990,463.575,522.144,54.7719
2,3991,463.575,522.144,54.7719
2,3992,463.575,522.144,54.7719
2,3993,463.575,522.144,54.7719
2,3994,463.575,522.144,54.7719
2,3995,463.575,522.144,54.7719
2,3996,463.575,522.144,54.7719
2,3997,463.575,522.144,54.7719
2,3998,463.575,522.144,54.7719
2,3999,463.575,522.144,54.7719
2,4000,463.575,522.144,54.7719
2,4001,463.575,522.144,54.2242
2,4002,463.575,522.144,54.2242
2,4003,463.575,522.144,54.2242
2,4004,463.575,522.144,54.2242
2,4005,463.575,522.144,54.2242
2,4006,463.575,522.144,54.2242
2,4007,463.575,522.144,54.2242
2,4008,463.575,522.144,54.2242
2,4009,463.575,522.144,54.2242
2,4010,463.575,522.144,54.2242
2,4011,463.575,522.144,54.2242
2,4012,463.575,522.144,54.2242
2,4013,463.575,522.144,54.2242
2,4014,463.575,522.144,54.2242
2,4015,463.575,522.144,54.2242
2,4016,463.575,522.144,54.2242
2,4017,463.575,522.144,54.2242
2,4018,463.575,522.144,54.2242
2,4019,463.575,522.144,54.2242
2,4020,463.575,522.144,54.2242
2,4021,463.575,522.144,54.2242
2,4022,463.575,522.144,54.2242
2,4023,463.575,522.144,54.2242
2,4024,463.575,522.144,54.2242
2,4025,463.575,522.144,54.2242
2,4026,463.575,522.144,54.2242
2,4027,463.575,522.144,54.2242
2,4028,463.575,522.144,54.2242
2,4029,463.575,522.144,54.2242
2,4030,463.575,522.144,54.2242
2,4031,463.575,522.144,54.2242
2,4032,463.575,522.144,54.2242
2,4033,463.575,522.144,54.2242
2,4034,463.575,522.144,54.2242
2,4035,463.575,522.144,54.2242
2,4036,463.575,522.144,54.2242
2,4037,463.575,522.144,54.2242
2,4038,463.575,522.144,54.2242
2,4039,463.575,522.144,54.2242
2,4040,463.575,522.144,54.2242
2,4041,463.575,522.144,53.682
2,4042,463.575,522.144,53.682
2,4043,463.575,522.144,53.682
2,4044,463.575,522.144,53.682
2,4045,463.575,522.144,53.682
2,4046,463.575,522.144,53.682
2,4047,463.575,522.144,53.682
2,4048,463.575,522.144,53.682
2,4049,463.575,522.144,53.682
2,4050,463.575,522.144,53.682
2,4051,463.575,522.144,53.682
2,4052,463.575,522.144,53.682
2,4053,463.575,522.144,53.682
2,4054,463.575,522.144,53.682
2,4055,463.575,522.144,53.682
2,4056,463.575,522.144,53.682
2,4057,463.575,522.144,53.682
2,4058,463.575,522.144,53.682
2,4059,463.575,522.144,53.682
2,4060,463.575,522.144,53.682
2,4061,463.575,522.144,53.682
2,4062,463.575,522.144,53.682
2,4063,463.575,522.144,53.682
2,4064,463.575,522.144,53.682
2,4065,463.575,522.144,53.682
2,4066,463.575,522.144,53.682
2,4067,463.575,522.144,53.682
2,4068,463.575,522.144,53.682
2,4069,463.575,522.144,53.682
2,4070,463.575,522.144,53.682
2,4071,463.575,522.144,53.682
2,4072,463.575,522.144,53.682
2,4073,463.575,522.144,53.682
2,4074,463.575,522.144,53.682
2,4075,463.575,522.144,53.682
2,4076,463.575,522.144,53.682
2,4077,463.575,522.144,53.682
2,4078,463.575,522.144,53.682
2,4079,463.575,522.144,53.682
2,4080,463.575,522.144,53.682
2,4081,463.575,522.144,53.1452
2,4082,463.575,522.144,53.1452
2,4083,463.575,522.144,53.1452
2,4084,463.575,522.144,53.1452
2,4085,463.575,522.144,53.1452
2,4086,463.575,522.144,53.1452
2,4087,463.575,522.144,53.1452
2,4088,463.575,522.144,53.1452
2,4089,463.575,522.144,53.1452
2,4090,463.575,522.144,53.1452
2,4091,463.575,522.144,53.1452
2,4092,463.575,522.144,53.1452
2,4093,463.575,522.144,53.1452
2,4094,463.575,522.144,53.1452
2,4095,463.575,522.144,53.1452
2,4096,463.575,522.144,53.1452
2,4097,463.575,522.144,53.1452
2,4098,463.575,522.144,53.1452
2,4099,463.575,522.144,53.1452
2,4100,463.575,522.144,53.1452
2,4101,463.575,522.144,53.1452
2,4102,463.575,522.144,53.1452
2,4103,463.575,522.144,53.1452
2,4104,463.575,522.144,53.1452
2,4105,463.575,522.144,53.1452
2,4106,463.575,522.144,53.1452
2,4107,463.575,522.144,53.1452
2,4108,463.575,522.144,53.1452
2,4109,463.575,522.144,53.1452
2,4110,463.575,522.144,53.1452
2,4111,463.575,522.144,53.1452
2,4112,463.575,522.144,53.1452
2,4113,463.575,522.144,53.1452
2,4114,463.575,522.144,53.1452
2,4115,463.575,522.144,53.1452
2,4116,463.575,522.144,53.1452
2,4117,463.575,522.144,53.1452
2,4118,463.575,522.144,53.1452
2,4119,463.575,522.144,53.1452
2,4120,463.575,522.144,53.1452
2,4121,463.575,522.144,52.6137
2,4122,463.575,522.144,52.6137
2,4123,463.575,522.144,52.6137
2,4124,463.575,522.144,52.6137
2,4125,463.575,522.144,52.6137
2,4126,463.575,522.144,52.6137
2,4127,463.575,522.144,52.6137
2,4128,463.575,522.144,52.6137
2,4129,463.575,522.144,52.6137
2,4130,463.575,522.144,52.6137
2,4131,463.575,522.144,52.6137
2,4132,463.575,522.144,52.6137
2,4133,463.575,522.144,52.6137
2,4134,463.575,522.144,52.6137
2,4135,463.575,522.144,52.6137
2,4136,463.575,522.144,52.6137
2,4137,463.575,522.144,52.6137
2,4138,463.575,522.144,52.6137
2,4139,463.575,522.144,52.6137
2,4140,463.575,522.144,52.6137
2,4141,463.575,522.144,52.6137
2,4142,463.575,522.144,52.6137
2,4143,463.575,522.144,52.6137
2,4144,463.575,522.144,52.6137
2,4145,463.575,522.144,52.6137
2,4146,463.575,522.144,52.6137
2,4147,463.575,522.144,52.6137
2,4148,463.575,522.144,52.6137
2,4149,463.575,522.144,52.6137
2,4150,463.575,522.144,52.6137
2,4151,463.575,522.144,52.6137
2,4152,463.575,522.144,52.6137
2,4153,463.575,522.144,52.6137
2,4154,463.575,522.144,52.6137
2,4155,463.575,522.144,52.6137
2,4156,463.575,522.144,52.6137
2,4157,463.575,522.144,52.6137
2,4158,463.575,522.144,52.6137
2,4159,463.575,522.144,52.6137
2,4160,463.575,522.144,52.6137
2,4161,463.575,522.144,52.0876
2,4162,463.575,522.144,52.0876
2,4163,463.575,522.144,52.0876
2,4164,463.575,522.144,52.0876
2,4165,463.575,522.144,52.0876
2,4166,463.575,522.144,52.0876
2,4167,463.575,522.144,52.0876
2,4168,463.575,522.144,52.0876
2,4169,463.575,522.144,52.0876
2,4170,463.575,522.144,52.0876
2,4171,463.575,522.144,52.0876
2,4172,463.575,522.144,52.0876
2,4173,463.575,522.144,52.0876
2,4174,463.575,522.144,52.0876
2,4175,463.575,522.144,52.0876
2,4176,463.575,522.144,52.0876
2,4177,463.575,522.144,52.0876
2,4178,463.575,522.144,52.0876
2,4179,463.575,522.144,52.0876
2,4180,463.575,522.144,52.0876
2,4181,463.575,522.144,52.0876
2,4182,463.575,522.144,52.0876
2,4183,463.575,522.144,52.0876
2,4184,463.575,522.144,52.0876
2,4185,463.575,522.144,52.0876
2,4186,463.575,522.144,52.0876
2,4187,463.575,522.144,52.0876
2,4188,463.575,522.144,52.0876
2,4189,463.575,522.144,52.0876
2,4190,463.575,522.144,52.0876
2,4191,463.575,522.144,52.0876
2,4192,463.575,522.144,52.0876
2,4193,463.575,522.144,52.0876
2,4194,463.575,522.144,52.0876
2,4195,463.575,522.144,52.0876
2,4196,463.575,522.144,52.0876
2,4197,463.575,522.144,52.0876
2,4198,463.575,522.144,52.0876
2,4199,463.575,522.144,52.0876
2,4200,463.575,522.144,52.0876
2,4201,463.575,522.144,51.5667
2,4202,463.575,522.144,51.5667
2,4203,463.575,522.144,51.5667
2,4204,463.575,522.144,51.5667
2,4205,463.575,522.144,51.5667
2,4206,463.575,522.144,51.5667
2,4207,463.575,522.144,51.5667
2,4208,463.575,522.144,51.5667
2,4209,463.575,522.144,51.5667
2,4210,463.575,522.144,51.5667
2,4211,463.575,522.144,51.5667
2,4212,463.575,522.144,51.5667
2,4213,463.575,522.144,51.5667
2,4214,463.575,522.144,51.5667
2,4215,463.575,522.144,51.5667
2,4216,463.575,522.144,51.5667
2,4217,463.575,522.144,51.5667
2,4218,463.575,522.144,51.5667
2,4219,463.575,522.144,51.5667
2,4220,463.575,522.144,51.5667
2,4221,463.575,522.144,51.5667
2,4222,463.575,522.144,51.5667
2,4223,463.575,522.144,51.5667
2,4224,463.575,522.144,51.5667
2,4225,463.575,522.144,51.5667
2,4226,463.575,522.144,51.5667
2,4227,463.575,522.144,51.5667
2,4228,463.575,522.144,51.5667
2,4229,463.575,522.144,51.5667
2,4230,463.575,522.144,51.5667
2,4231,463.575,522.144,51.5667
2,4232,463.575,522.144,51.5667
2,4233,463.575,522.144,51.5667
2,4234,463.575,522.144,51.5667
2,4235,463.575,522.144,51.5667
2,4236,463.575,522.144,51.5667
2,4237,463.575,522.144,51.5667
2,4238,463.575,522.144,51.5667
2,4239,463.575,522.144,51.5667
2,4240,463.575,522.144,51.5667
2,4241,463.575,522.144,51.051
2,4242,463.575,522.144,51.051
2,4243,463.575,522.144,51.051
2,4244,463.575,522.144,51.051
2,4245,463.575,522.144,51.051
2,4246,463.575,522.144,51.051
2,4247,463.575,522.144,51.051
2,4248,463.575,522.144,51.051
2,4249,463.575,522.144,51.051
2,4250,463.575,522.144,51.051
2,4251,463.575,522.144,51.051
2,4252,463.575,522.144,51.051
2,4253,463.575,522.144,51.051
2,4254,463.575,522.144,51.051
2,4255,463.575,522.144,51.051
2,4256,463.575,537.543,51.051
2,4257,463.575,537.543,51.051
2,4258,463.575,522.144,51.051
2,4259,463.575,522.144,51.051
2,4260,463.575,522.144,51.051
2,4261,463.575,522.144,51.051
2,4262,463.575,522.144,51.051
2,4263,463.575,522.144,51.051
2,4264,463.575,522.144,51.051
2,4265,463.575,522.144,51.051
2,4266,463.575,522.144,51.051
2,4267,463.575,522.144,51.051
2,4268,463.575,522.144,51.051
2,4269,463.575,522.144,51.051
2,4270,463.575,522.144,51.051
2,4271,463.575,522.144,51.051
2,4272,463.575,522.144,51.051
2,4273,463.575,522.144,51.051
2,4274,463.575,522.144,51.051
2,4275,463.575,522.144,51.051
2,4276,463.575,522.144,51.051
2,4277,463.575,522.144,51.051
2,4278,463.575,522.144,51.051
2,4279,463.575,522.144,51.051
2,4280,463.575,522.144,51.051
2,4281,463.575,522.144,50.5405
2,4282,463.575,522.144,50.5405
2,4283,463.575,522.144,50.5405
2,4284,463.575,522.144,50.5405
2,4285,463.575,522.144,50.5405
2,4286,463.575,522.144,50.5405
2,4287,463.575,522.144,50.5405
2,4288,463.575,522.144,50.5405
2,4289,463.575,522.144,50.5405
2,4290,463.575,522.144,50.5405
2,4291,463.575,522.144,50.5405
2,4292,463.575,522.144,50.5405
2,4293,463.575,623.656,50.5405
2,4294,463.575,623.656,50.5405
2,4295,463.575,623.656,50.5405
2,4296,463.575,623.656,50.5405
2,4297,463.575,623.656,50.5405
2,4298,463.575,539.2,50.5405
2,4299,463.575,539.2,50.5405
2,4300,463.575,539.2,50.5405
2,4301,463.575,523.326,50.5405
2,4302,463.575,523.326,50.5405
2,4303,463.575,523.326,50.5405
2,4304,463.575,523.326,50.5405
2,4305,463.575,523.326,50.5405
2,4306,463.575,523.326,50.5405
2,4307,463.575,523.326,50.5405
2,4308,463.575,523.326,50.5405
2,4309,463.575,523.326,50.5405
2,4310,463.575,523.326,50.5405
2,4311,463.575,523.326,50.5405
2,4312,463.575,523.326,50.5405
2,4313,463.575,523.326,50.5405
2,4314,463.575,523.326,50.5405
2,4315,463.575,523.326,50.5405
2,4316,463.575,523.326,50.5405
2,4317,463.575,523.326,50.5405
2,4318,463.575,523.326,50.5405
2,4319,463.575,523.326,50.5405
2,4320,463.575,523.326,50.5405
2,4321,463.575,523.326,50.0351
2,4322,463.575,523.326,50.0351
2,4323,463.575,523.326,50.0351
2,4324,463.575,523.326,50.0351
2,4325,463.575,523.326,50.0351
2,4326,463.575,523.326,50.0351
2,4327,463.575,523.326,50.0351
2,4328,463.575,523.326,50.0351
2,4329,463.575,516.673,50.0351
2,4330,463.575,516.673,50.0351
2,4331,463.575,516.673,50.0351
2,4332,463.575,516.673,50.0351
2,4333,463.575,516.673,50.0351
2,4334,463.575,516.673,50.0351
2,4335,463.575,516.673,50.0351
2,4336,463.575,516.673,50.0351
2,4337,463.575,516.673,50.0351
2,4338,463.575,516.673,50.0351
2,4339,463.575,516.673,50.0351
2,4340,463.575,516.673,50.0351
2,4341,463.575,516.673,50.0351
2,4342,463.575,516.673,50.0351
2,4343,463.575,516.673,50.0351
2,4344,463.575,516.673,50.0351
2,4345,463.575,516.673,50.0351
2,4346,463.575,516.673,50.0351
2,4347,463.575,516.673,50.0351
2,4348,463.575,516.673,50.0351
2,4349,463.575,516.673,50.0351
2,4350,463.575,516.673,50.0351
2,4351,463.575,516.673,50.0351
2,4352,463.575,516.673,50.0351
2,4353,463.575,516.673,50.0351
2,4354,463.575,516.673,50.0351
2,4355,463.575,516.673,50.0351
2,4356,463.575,516.673,50.0351
2,4357,463.575,516.673,50.0351
2,4358,463.575,516.673,50.0351
2,4359,463.575,516.673,50.0351
2,4360,463.575,516.673,50.0351
2,4361,463.575,516.673,49.5348
2,4362,463.575,516.673,49.5348
2,4363,463.575,516.673,49.5348
2,4364,463.575,516.673,49.5348
2,4365,463.575,516.673,49.5348
2,4366,463.575,516.673,49.5348
2,4367,463.575,516.673,49.5348
2,4368,463.575,516.673,49.5348
2,4369,463.575,516.673,49.5348
2,4370,463.575,516.673,49.5348
2,4371,463.575,516.673,49.5348
2,4372,463.575,516.673,49.5348
2,4373,463.575,516.673,49.5348
2,4374,463.575,516.673,49.5348
2,4375,463.575,516.673,49.5348
2,4376,463.575,516.673,49.5348
2,4377,463.575,516.673,49.5348
2,4378,463.575,516.673,49.5348
2,4379,463.575,516.673,49.5348
2,4380,463.575,516.673,49.5348
2,4381,463.575,516.673,49.5348
2,4382,463.575,516.673,49.5348
2,4383,463.575,516.673,49.5348
2,4384,463.575,516.673,49.5348
2,4385,463.575,516.673,49.5348
2,4386,463.575,516.673,49.5348
2,4387,463.575,516.673,49.5348
2,4388,463.575,516.673,49.5348
2,4389,463.575,516.673,49.5348
2,4390,463.575,516.673,49.5348
2,4391,463.575,516.673,49.5348
2,4392,463.575,516.673,49.5348
2,4393,463.575,516.673,49.5348
2,4394,463.575,516.673,49.5348
2,4395,463.575,516.673,49.5348
2,4396,463.575,516.673,49.5348
2,4397,463.575,516.673,49.5348
2,4398,463.575,516.673,49.5348
2,4399,463.575,516.673,49.5348
2,4400,463.575,516.673,49.5348
2,4401,463.575,516.673,49.0394
2,4402,463.575,516.673,49.0394
2,4403,463.575,516.673,49.0394
2,4404,463.575,516.673,49.0394
2,4405,463.575,516.673,49.0394
2,4406,463.575,516.673,49.0394
2,4407,463.575,516.673,49.0394
2,4408,463.575,516.673,49.0394
2,4409,463.575,516.673,49.0394
2,4410,463.575,516.673,49.0394
2,4411,463.575,516.673,49.0394
2,4412,463.575,516.673,49.0394
2,4413,463.575,516.673,49.0394
2,4414,463.575,516.673,49.0394
2,4415,463.575,516.673,49.0394
2,4416,463.575,516.673,49.0394
2,4417,463.575,516.673,49.0394
2,4418,463.575,516.673,49.0394
2,4419,463.575,516.673,49.0394
2,4420,463.575,516.673,49.0394
2,4421,463.575,516.673,49.0394
2,4422,463.575,516.673,49.0394
2,4423,463.575,516.673,49.0394
2,4424,463.575,516.673,49.0394
2,4425,463.575,516.673,49.0394
2,4426,463.575,516.673,49.0394
2,4427,463.575,516.673,49.0394
2,4428,463.575,516.673,49.0394
2,4429,463.575,516.673,49.0394
2,4430,463.575,516.673,49.0394
2,4431,463.575,516.673,49.0394
2,4432,463.575,516.673,49.0394
2,4433,463.575,516.673,49.0394
2,4434,463.575,516.673,49.0394
2,4435,463.575,516.673,49.0394
2,4436,463.575,516.673,49.0394
2,4437,463.575,516.673,49.0394
2,4438,463.575,516.673,49.0394
2,4439,463.575,516.673,49.0394
2,4440,463.575,516.673,49.0394
2,4441,463.575,516.673,48.549
2,4442,463.575,516.673,48.549
2,4443,463.575,516.673,48.549
2,4444,463.575,516.673,48.549
2,4445,463.575,516.673,48.549
2,4446,463.575,516.673,48.549
2,4447,463.575,516.673,48.549
2,4448,463.575,516.673,48.549
2,4449,463.575,516.673,48.549
2,4450,463.575,516.673,48.549
2,4451,463.575,516.673,48.549
2,4452,463.575,516.673,48.549
2,4453,463.575,516.673,48.549
2,4454,463.575,516.673,48.549
2,4455,463.575,516.673,48.549
2,4456,463.575,516.673,48.549
2,4457,463.575,516.673,48.549
2,4458,463.575,516.673,48.549
2,4459,463.575,516.673,48.549
2,4460,463.575,516.673,48.549
2,4461,463.575,516.673,48.549
2,4462,463.575,516.673,48.549
2,4463,463.575,516.673,48.549
2,4464,463.575,516.673,48.549
2,4465,463.575,516.673,48.549
2,4466,463.575,516.673,48.549
2,4467,463.575,516.673,48.549
2,4468,463.575,516.673,48.549
2,4469,463.575,516.673,48.549
2,4470,463.575,516.673,48.549
2,4471,463.575,516.673,48.549
2,4472,463.575,516.673,48.549
2,4473,463.575,516.673,48.549
2,4474,463.575,516.673,48.549
2,4475,463.575,516.673,48.549
2,4476,463.575,516.673,48.549
2,4477,463.575,516.673,48.549
2,4478,463.575,516.673,48.549
2,4479,463.575,516.673,48.549
2,4480,463.575,516.673,48.549
2,4481,463.575,516.673,48.0635
2,4482,463.575,516.673,48.0635
2,4483,463.575,516.673,48.0635
2,4484,463.575,516.673,48.0635
2,4485,463.575,516.673,48.0635
2,4486,463.575,516.673,48.0635
2,4487,463.575,516.673,48.0635
2,4488,463.575,516.673,48.0635
2,4489,463.575,516.673,48.0635
2,4490,463.575,516.673,48.0635
2,4491,463.575,516.673,48.0635
2,4492,463.575,516.673,48.0635
2,4493,463.575,516.673,48.0635
2,4494,463.575,516.673,48.0635
2,4495,463.575,516.673,48.0635
2,4496,463.575,516.673,48.0635
2,4497,463.575,516.673,48.0635
2,4498,463.575,516.673,48.0635
2,4499,463.575,516.673,48.0635
2,4500,463.575,516.673,48.0635
2,4501,463.575,516.673,48.0635
2,4502,463.575,516.673,48.0635
2,4503,463.575,516.673,48.0635
2,4504,463.575,516.673,48.0635
2,4505,463.575,516.673,48.0635
2,4506,463.575,516.673,48.0635
2,4507,463.575,516.673,48.0635
2,4508,463.575,516.673,48.0635
2,4509,463.575,516.673,48.0635
2,4510,463.575,516.673,48.0635
2,4511,463.575,516.673,48.0635
2,4512,463.575,516.673,48.0635
2,4513,463.575,516.673,48.0635
2,4514,463.575,516.673,48.0635
2,4515,463.575,516.673,48.0635
2,4516,463.575,516.673,48.0635
2,4517,463.575,516.673,48.0635
2,4518,463.575,516.673,48.0635
2,4519,463.575,516.673,48.0635
2,4520,463.575,516.673,48.0635
2,4521,463.575,516.673,47.5829
2,4522,463.575,516.673,47.5829
2,4523,463.575,516.673,47.5829
2,4524,463.575,516.673,47.5829
2,4525,463.575,516.673,47.5829
2,4526,463.575,516.673,47.5829
2,4527,463.575,516.673,47.5829
2,4528,463.575,516.673,47.5829
2,4529,463.575,516.673,47.5829
2,4530,463.575,516.673,47.5829
2,4531,463.575,516.673,47.5829
2,4532,463.575,516.673,47.5829
2,4533,463.575,516.673,47.5829
2,4534,463.575,516.673,47.5829
2,4535,463.575,516.673,47.5829
2,4536,463.575,516.673,47.5829
2,4537,463.575,516.673,47.5829
2,4538,463.575,516.673,47.5829
2,4539,463.575,516.673,47.5829
2,4540,463.575,516.673,47.5829
2,4541,463.575,516.673,47.5829
2,4542,463.575,516.673,47.5829
2,4543,463.575,516.673,47.5829
2,4544,463.575,516.673,47.5829
2,4545,463.575,516.673,47.5829
2,4546,463.575,516.673,47.5829
2,4547,463.575,516.673,47.5829
2,4548,463.575,516.673,47.5829
2,4549,463.575,516.673,47.5829
2,4550,463.575,516.673,47.5829
2,4551,463.575,516.673,47.5829
2,4552,463.575,516.673,47.5829
2,4553,463.575,532.072,47.5829
2,4554,463.575,532.072,47.5829
2,4555,463.575,532.072,47.5829
2,4556,463.575,532.072,47.5829
2,4557,463.575,532.072,47.5829
2,4558,463.575,532.072,47.5829
2,4559,463.575,532.072,47.5829
2,4560,463.575,532.072,47.5829
2,4561,463.575,532.072,47.1071
2,4562,463.575,516.673,47.1071
2,4563,463.575,516.673,47.1071
2,4564,463.575,516.673,47.1071
2,4565,463.575,516.673,47.1071
2,4566,463.575,516.673,47.1071
2,4567,463.575,516.673,47.1071
2,4568,463.575,516.673,47.1071
2,4569,463.575,516.673,47.1071
2,4570,463.575,516.673,47.1071
2,4571,463.575,516.673,47.1071
2,4572,463.575,516.673,47.1071
2,4573,463.575,516.673,47.1071
2,4574,463.575,516.673,47.1071
2,4575,463.575,516.673,47.1071
2,4576,463.575,516.673,47.1071
2,4577,463.575,516.673,47.1071
2,4578,463.575,516.673,47.1071
2,4579,463.575,516.673,47.1071
2,4580,463.575,516.673,47.1071
2,4581,463.575,516.673,47.1071
2,4582,463.575,516.673,47.1071
2,4583,463.575,516.673,47.1071
2,4584,463.575,516.673,47.1071
2,4585,463.575,516.673,47.1071
2,4586,463.575,516.673,47.1071
2,4587,463.575,516.673,47.1071
2,4588,463.575,516.673,47.1071
2,4589,463.575,516.673,47.1071
2,4590,463.575,516.673,47.1071
2,4591,463.575,516.673,47.1071
2,4592,463.575,516.673,47.1071
2,4593,463.575,516.673,47.1071
2,4594,463.575,516.673,47.1071
2,4595,463.575,516.673,47.1071
2,4596,463.575,516.673,47.1071
2,4597,463.575,516.673,47.1071
2,4598,463.575,516.673,47.1071
2,4599,463.575,516.673,47.1071
2,4600,463.575,532.072,47.1071
2,4601,463.575,516.673,46.636
2,4602,463.575,516.673,46.636
2,4603,463.575,516.673,46.636
2,4604,463.575,516.673,46.636
2,4605,463.575,516.673,46.636
2,4606,463.575,516.673,46.636
2,4607,463.575,516.673,46.636
2,4608,463.575,516.673,46.636
2,4609,463.575,516.673,46.636
2,4610,463.575,516.673,46.636
2,4611,463.575,516.673,46.636
2,4612,463.575,516.673,46.636
2,4613,463.575,516.673,46.636
2,4614,463.575,516.673,46.636
2,4615,463.575,516.673,46.636
2,4616,463.575,516.673,46.636
2,4617,463.575,516.673,46.636
2,4618,463.575,516.673,46.636
2,4619,463.575,516.673,46.636
2,4620,463.575,516.673,46.636
2,4621,463.575,516.673,46.636
2,4622,463.575,516.673,46.636
2,4623,463.575,516.673,46.636
2,4624,463.575,516.673,46.636
2,4625,463.575,516.673,46.636
2,4626,463.575,516.673,46.636
2,4627,463.575,516.673,46.636
2,4628,463.575,516.673,46.636
2,4629,463.575,516.673,46.636
2,4630,463.575,532.072,46.636
2,4631,463.575,516.673,46.636
2,4632,463.575,516.673,46.636
2,4633,463.575,516.673,46.636
2,4634,463.575,516.673,46.636
2,4635,463.575,516.673,46.636
2,4636,463.575,516.673,46.636
2,4637,463.575,516.673,46.636
2,4638,463.575,516.673,46.636
2,4639,463.575,516.673,46.636
2,4640,463.575,516.673,46.636
2,4641,463.575,516.673,46.1696
2,4642,463.575,516.673,46.1696
2,4643,463.575,516.673,46.1696
2,4644,463.575,516.673,46.1696
2,4645,463.575,516.673,46.1696
2,4646,463.575,516.673,46.1696
2,4647,463.575,516.673,46.1696
2,4648,463.575,516.673,46.1696
2,4649,463.575,516.673,46.1696
2,4650,463.575,516.673,46.1696
2,4651,463.575,516.673,46.1696
2,4652,463.575,516.673,46.1696
2,4653,463.575,516.673,46.1696
2,4654,463.575,516.673,46.1696
2,4655,463.575,516.673,46.1696
2,4656,463.575,516.673,46.1696
2,4657,463.575,516.673,46.1696
2,4658,463.575,516.673,46.1696
2,4659,463.575,516.673,46.1696
2,4660,463.575,516.673,46.1696
2,4661,463.575,516.673,46.1696
2,4662,463.575,516.673,46.1696
2,4663,463.575,516.673,46.1696
2,4664,463.575,516.673,46.1696
2,4665,463.575,516.673,46.1696
2,4666,463.575,516.673,46.1696
2,4667,463.575,516.673,46.1696
2,4668,463.575,516.673,46.1696
2,4669,463.575,516.673,46.1696
2,4670,463.575,516.673,46.1696
2,4671,463.575,516.673,46.1696
2,4672,463.575,516.673,46.1696
2,4673,463.575,516.673,46.1696
2,4674,463.575,516.673,46.1696
2,4675,463.575,516.673,46.1696
2,4676,463.575,516.673,46.1696
2,4677,463.575,516.673,46.1696
2,4678,463.575,516.673,46.1696
2,4679,463.575,516.673,46.1696
2,4680,463.575,516.673,46.1696
2,4681,463.575,516.673,45.7079
2,4682,463.575,516.673,45.7079
2,4683,463.575,516.673,45.7079
2,4684,463.575,516.673,45.7079
2,4685,463.575,516.673,45.7079
2,4686,463.575,516.673,45.7079
2,4687,463.575,516.673,45.7079
2,4688,463.575,516.673,45.7079
2,4689,463.575,516.673,45.7079
2,4690,463.575,516.673,45.7079
2,4691,463.575,516.673,45.7079
2,4692,463.575,516.673,45.7079
2,4693,463.575,516.673,45.7079
2,4694,463.575,516.673,45.7079
2,4695,463.575,516.673,45.7079
2,4696,463.575,516.673,45.7079
2,4697,463.575,516.673,45.7079
2,4698,463.575,516.673,45.7079
2,4699,463.575,516.673,45.7079
2,4700,463.575,516.673,45.7079
2,4701,463.575,516.673,45.7079
2,4702,463.575,516.673,45.7079
2,4703,463.575,516.673,45.7079
2,4704,463.575,516.673,45.7079
2,4705,463.575,516.673,45.7079
2,4706,463.575,516.673,45.7079
2,4707,463.575,516.673,45.7079
2,4708,463.575,516.673,45.7079
2,4709,463.575,516.673,45.7079
2,4710,463.575,516.673,45.7079
2,4711,463.575,516.673,45.7079
2,4712,463.575,516.673,45.7079
2,4713,463.575,516.673,45.7079
2,4714,463.575,516.673,45.7079
2,4715,463.575,516.673,45.7079
2,4716,463.575,516.673,45.7079
2,4717,463.575,516.673,45.7079
2,4718,463.575,516.673,45.7079
2,4719,463.575,516.673,45.7079
2,4720,463.575,516.673,45.7079
2,4721,463.575,516.673,45.2509
2,4722,463.575,516.673,45.2509
2,4723,463.575,516.673,45.2509
2,4724,463.575,516.673,45.2509
2,4725,463.575,516.673,45.2509
2,4726,463.575,516.673,45.2509
2,4727,463.575,516.673,45.2509
2,4728,463.575,516.673,45.2509
2,4729,463.575,516.673,45.2509
2,4730,463.575,516.673,45.2509
2,4731,463.575,516.673,45.2509
2,4732,463.575,516.673,45.2509
2,4733,463.575,516.673,45.2509
2,4734,463.575,516.673,45.2509
2,4735,463.575,516.673,45.2509
2,4736,463.575,516.673,45.2509
2,4737,463.575,516.673,45.2509
2,4738,463.575,516.673,45.2509
2,4739,463.575,516.673,45.2509
2,4740,463.575,516.673,45.2509
2,4741,463.575,516.673,45.2509
2,4742,463.575,516.673,45.2509
2,4743,463.575,516.673,45.2509
2,4744,463.575,516.673,45.2509
2,4745,463.575,516.673,45.2509
2,4746,463.575,516.673,45.2509
2,4747,463.575,516.673,45.2509
2,4748,463.575,516.673,45.2509
2,4749,463.575,516.673,45.2509
2,4750,463.575,568.709,45.2509
2,4751,463.575,568.709,45.2509
2,4752,463.575,568.709,45.2509
2,4753,463.575,568.709,45.2509
2,4754,463.575,516.673,45.2509
2,4755,463.575,516.673,45.2509
2,4756,463.575,516.673,45.2509
2,4757,463.575,516.673,45.2509
2,4758,463.575,516.673,45.2509
2,4759,463.575,516.673,45.2509
2,4760,463.575,516.673,45.2509
2,4761,463.575,516.673,44.7984
2,4762,463.575,516.673,44.7984
2,4763,463.575,516.673,44.7984
2,4764,463.575,516.673,44.7984
2,4765,463.575,516.673,44.7984
2,4766,463.575,516.673,44.7984
2,4767,463.575,516.673,44.7984
2,4768,463.575,516.673,44.7984
2,4769,463.575,516.673,44.7984
2,4770,463.575,516.673,44.7984
2,4771,463.575,516.673,44.7984
2,4772,463.575,516.673,44.7984
2,4773,463.575,516.673,44.7984
2,4774,463.575,516.673,44.7984
2,4775,463.575,516.673,44.7984
2,4776,463.575,516.673,44.7984
2,4777,463.575,516.673,44.7984
2,4778,463.575,516.673,44.7984
2,4779,463.575,516.673,44.7984
2,4780,463.575,516.673,44.7984
2,4781,463.575,516.673,44.7984
2,4782,463.575,516.673,44.7984
2,4783,463.575,516.673,44.7984
2,4784,463.575,516.673,44.7984
2,4785,463.575,516.673,44.7984
2,4786,463.575,516.673,44.7984
2,4787,463.575,516.673,44.7984
2,4788,463.575,516.673,44.7984
2,4789,463.575,516.673,44.7984
2,4790,463.575,516.673,44.7984
2,4791,463.575,516.673,44.7984
2,4792,463.575,516.673,44.7984
2,4793,463.575,516.673,44.7984
2,4794,463.575,516.673,44.7984
2,4795,463.575,516.673,44.7984
2,4796,463.575,516.673,44.7984
2,4797,463.575,516.673,44.7984
2,4798,463.575,516.673,44.7984
2,4799,463.575,516.673,44.7984
2,4800,463.575,516.673,44.7984
2,4801,463.575,516.673,44.3504
2,4802,463.575,516.673,44.3504
2,4803,463.575,516.673,44.3504
2,4804,463.575,516.673,44.3504
2,4805,463.575,516.673,44.3504
2,4806,463.575,516.673,44.3504
2,4807,463.575,516.673,44.3504
2,4808,463.575,516.673,44.3504
2,4809,463.575,516.673,44.3504
2,4810,463.575,516.673,44.3504
2,4811,463.575,516.673,44.3504
2,4812,463.575,516.673,44.3504
2,4813,463.575,516.673,44.3504
2,4814,463.575,516.673,44.3504
2,4815,463.575,516.673,44.3504
2,4816,463.575,516.673,44.3504
2,4817,463.575,516.673,44.3504
2,4818,463.575,516.673,44.3504
2,4819,463.575,516.673,44.3504
2,4820,463.575,516.673,44.3504
2,4821,463.575,516.673,44.3504
2,4822,463.575,516.673,44.3504
2,4823,463.575,516.673,44.3504
2,4824,463.575,516.673,44.3504
2,4825,463.575,516.673,44.3504
2,4826,463.575,516.673,44.3504
2,4827,463.575,516.673,44.3504
2,4828,463.575,516.673,44.3504
2,4829,463.575,516.673,44.3504
2,4830,463.575,516.673,44.3504
2,4831,463.575,516.673,44.3504
2,4832,463.575,516.673,44.3504
2,4833,463.575,516.673,44.3504
2,4834,463.575,516.673,44.3504
2,4835,463.575,516.673,44.3504
2,4836,463.575,516.673,44.3504
2,4837,463.575,516.673,44.3504
2,4838,463.575,516.673,44.3504
2,4839,463.575,516.673,44.3504
2,4840,463.575,516.673,44.3504
2,4841,463.575,516.673,43.9069
2,4842,463.575,516.673,43.9069
2,4843,463.575,516.673,43.9069
2,4844,463.575,516.673,43.9069
2,4845,463.575,516.673,43.9069
2,4846,463.575,516.673,43.9069
2,4847,463.575,516.673,43.9069
2,4848,463.575,516.673,43.9069
2,4849,463.575,516.673,43.9069
2,4850,463.575,516.673,43.9069
2,4851,463.575,516.673,43.9069
2,4852,463.575,516.673,43.9069
2,4853,463.575,516.673,43.9069
2,4854,463.575,516.673,43.9069
2,4855,463.575,516.673,43.9069
2,4856,463.575,516.673,43.9069
2,4857,463.575,516.673,43.9069
2,4858,463.575,516.673,43.9069
2,4859,463.575,516.673,43.9069
2,4860,463.575,516.673,43.9069
2,4861,463.575,516.673,43.9069
2,4862,463.575,516.673,43.9069
2,4863,463.575,516.673,43.9069
2,4864,463.575,516.673,43.9069
2,4865,463.575,516.673,43.9069
2,4866,463.575,516.673,43.9069
2,4867,463.575,516.673,43.9069
2,4868,463.575,516.673,43.9069
2,4869,463.575,516.673,43.9069
2,4870,463.575,516.673,43.9069
2,4871,463.575,516.673,43.9069
2,4872,463.575,516.673,43.9069
2,4873,463.575,516.673,43.9069
2,4874,463.575,516.673,43.9069
2,4875,463.575,516.673,43.9069
2,4876,463.575,516.673,43.9069
2,4877,463.575,516.673,43.9069
2,4878,463.575,516.673,43.9069
2,4879,463.575,516.673,43.9069
2,4880,463.575,516.673,43.9069
2,4881,463.575,516.673,43.4678
2,4882,463.575,516.673,43.4678
2,4883,463.575,516.673,43.4678
2,4884,463.575,516.673,43.4678
2,4885,463.575,516.673,43.4678
2,4886,463.575,516.673,43.4678
2,4887,463.575,516.673,43.4678
2,4888,463.575,516.673,43.4678
2,4889,463.575,516.673,43.4678
2,4890,463.575,516.673,43.4678
2,4891,463.575,516.673,43.4678
2,4892,463.575,516.673,43.4678
2,4893,463.575,516.673,43.4678
2,4894,463.575,516.673,43.4678
2,4895,463.575,516.673,43.4678
2,4896,463.575,516.673,43.4678
2,4897,463.575,516.673,43.4678
2,4898,463.575,516.673,43.4678
2,4899,463.575,516.673,43.4678
2,4900,463.575,516.673,43.4678
2,4901,463.575,516.673,43.4678
2,4902,463.575,516.673,43.4678
2,4903,463.575,516.673,43.4678
2,4904,463.575,516.673,43.4678
2,4905,463.575,516.673,43.4678
2,4906,463.575,516.673,43.4678
2,4907,463.575,516.673,43.4678
2,4908,463.575,516.673,43.4678
2,4909,463.575,516.673,43.4678
2,4910,463.575,516.673,43.4678
2,4911,463.575,516.673,43.4678
2,4912,463.575,516.673,43.4678
2,4913,463.575,516.673,43.4678
2,4914,463.575,516.673,43.4678
2,4915,463.575,516.673,43.4678
2,4916,463.575,516.673,43.4678
2,4917,463.575,516.673,43.4678
2,4918,463.575,516.673,43.4678
2,4919,463.575,516.673,43.4678
2,4920,463.575,516.673,43.4678
2,4921,463.575,516.673,43.0331
2,4922,463.575,516.673,43.0331
2,4923,463.575,516.673,43.0331
2,4924,463.575,516.673,43.0331
2,4925,463.575,516.673,43.0331
2,4926,463.575,516.673,43.0331
2,4927,463.575,516.673,43.0331
2,4928,463.575,516.673,43.0331
2,4929,463.575,516.673,43.0331
2,4930,463.575,516.673,43.0331
2,4931,463.575,516.673,43.0331
2,4932,463.575,516.673,43.0331
2,4933,463.575,516.673,43.0331
2,4934,463.575,516.673,43.0331
2,4935,463.575,516.673,43.0331
2,4936,463.575,516.673,43.0331
2,4937,463.575,516.673,43.0331
2,4938,463.575,516.673,43.0331
2,4939,463.575,516.673,43.0331
2,4940,463.575,516.673,43.0331
2,4941,463.575,516.673,43.0331
2,4942,463.575,516.673,43.0331
2,4943,463.575,516.673,43.0331
2,4944,463.575,516.673,43.0331
2,4945,463.575,516.673,43.0331
2,4946,463.575,516.673,43.0331
2,4947,463.575,516.673,43.0331
2,4948,463.575,516.673,43.0331
2,4949,463.575,516.673,43.0331
2,4950,463.575,516.673,43.0331
2,4951,463.575,516.673,43.0331
2,4952,463.575,516.673,43.0331
2,4953,463.575,516.673,43.0331
2,4954,463.575,516.673,43.0331
2,4955,463.575,516.673,43.0331
2,4956,463.575,516.673,43.0331
2,4957,463.575,516.673,43.0331
2,4958,463.575,516.673,43.0331
2,4959,463.575,516.673,43.0331
2,4960,463.575,516.673,43.0331
2,4961,463.575,516.673,42.6028
2,4962,463.575,516.673,42.6028
2,4963,463.575,516.673,42.6028
2,4964,463.575,516.673,42.6028
2,4965,463.575,516.673,42.6028
2,4966,463.575,516.673,42.6028
2,4967,463.575,516.673,42.6028
2,4968,463.575,516.673,42.6028
2,4969,463.575,516.673,42.6028
2,4970,463.575,516.673,42.6028
2,4971,463.575,516.673,42.6028
2,4972,463.575,516.673,42.6028
2,4973,463.575,516.673,42.6028
2,4974,463.575,516.673,42.6028
2,4975,463.575,516.673,42.6028
2,4976,463.575,516.673,42.6028
2,4977,463.575,516.673,42.6028
2,4978,463.575,516.673,42.6028
2,4979,463.575,516.673,42.6028
2,4980,463.575,516.673,42.6028
2,4981,463.575,516.673,42.6028
2,4982,463.575,516.673,42.6028
2,4983,463.575,516.673,42.6028
2,4984,463.575,516.673,42.6028
2,4985,463.575,516.673,42.6028
2,4986,463.575,516.673,42.6028
2,4987,463.575,516.673,42.6028
2,4988,463.575,516.673,42.6028
2,4989,463.575,516.673,42.6028
2,4990,463.575,516.673,42.6028
2,4991,463.575,516.673,42.6028
2,4992,463.575,516.673,42.6028
2,4993,463.575,516.673,42.6028
2,4994,463.575,516.673,42.6028
2,4995,463.575,516.673,42.6028
2,4996,463.575,516.673,42.6028
2,4997,463.575,516.673,42.6028
2,4998,463.575,516.673,42.6028
2,4999,463.575,516.673,42.6028
2,5000,463.575,516.673,42.6028
2,5001,463.575,516.673,42.1768
2,5002,463.575,516.673,42.1768
2,5003,463.575,516.673,42.1768
2,5004,463.575,516.673,42.1768
2,5005,463.575,516.673,42.1768
2,5006,463.575,516.673,42.1768
2,5007,463.575,516.673,42.1768
2,5008,463.575,516.673,42.1768
2,5009,463.575,516.673,42.1768
2,5010,463.575,516.673,42.1768
2,5011,463.575,516.673,42.1768
2,5012,463.575,516.673,42.1768
2,5013,463.575,516.673,42.1768
2,5014,463.575,516.673,42.1768
2,5015,463.575,516.673,42.1768
2,5016,463.575,516.673,42.1768
2,5017,463.575,516.673,42.1768
2,5018,463.575,516.673,42.1768
2,5019,463.575,516.673,42.1768
2,5020,463.575,516.673,42.1768
2,5021,463.575,516.673,42.1768
2,5022,463.575,516.673,42.1768
2,5023,463.575,516.673,42.1768
2,5024,463.575,516.673,42.1768
2,5025,463.575,516.673,42.1768
2,5026,463.575,516.673,42.1768
2,5027,463.575,516.673,42.1768
2,5028,463.575,516.673,42.1768
2,5029,463.575,516.673,42.1768
2,5030,463.575,516.673,42.1768
2,5031,463.575,516.673,42.1768
2,5032,463.575,516.673,42.1768
2,5033,463.575,516.673,42.1768
2,5034,463.575,516.673,42.1768
2,5035,463.575,516.673,42.1768
2,5036,463.575,516.673,42.1768
2,5037,463.575,516.673,42.1768
2,5038,463.575,516.673,42.1768
2,5039,463.575,516.673,42.1768
2,5040,463.575,516.673,42.1768
2,5041,463.575,516.673,41.755
2,5042,463.575,516.673,41.755
2,5043,463.575,516.673,41.755
2,5044,463.575,516.673,41.755
2,5045,463.575,516.673,41.755
2,5046,463.575,516.673,41.755
2,5047,463.575,516.673,41.755
2,5048,463.575,516.673,41.755
2,5049,463.575,516.673,41.755
2,5050,463.575,516.673,41.755
2,5051,463.575,516.673,41.755
2,5052,463.575,516.673,41.755
2,5053,463.575,516.673,41.755
2,5054,463.575,516.673,41.755
2,5055,463.575,516.673,41.755
2,5056,463.575,516.673,41.755
2,5057,463.575,516.673,41.755
2,5058,463.575,516.673,41.755
2,5059,463.575,516.673,41.755
2,5060,463.575,516.673,41.755
2,5061,463.575,516.673,41.755
2,5062,463.575,516.673,41.755
2,5063,463.575,516.673,41.755
2,5064,463.575,516.673,41.755
2,5065,463.575,516.673,41.755
2,5066,463.575,516.673,41.755
2,5067,463.575,516.673,41.755
2,5068,463.575,516.673,41.755
2,5069,463.575,516.673,41.755
2,5070,463.575,516.673,41.755
2,5071,463.575,516.673,41.755
2,5072,463.575,516.673,41.755
2,5073,463.575,516.673,41.755
2,5074,463.575,516.673,41.755
2,5075,463.575,516.673,41.755
2,5076,463.575,516.673,41.755
2,5077,463.575,516.673,41.755
2,5078,463.575,516.673,41.755
2,5079,463.575,516.673,41.755
2,5080,463.575,516.673,41.755
2,5081,463.575,516.673,41.3374
2,5082,463.575,516.673,41.3374
2,5083,463.575,516.673,41.3374
2,5084,463.575,516.673,41.3374
2,5085,463.575,516.673,41.3374
2,5086,463.575,516.673,41.3374
2,5087,463.575,516.673,41.3374
2,5088,463.575,516.673,41.3374
2,5089,463.575,516.673,41.3374
2,5090,463.575,516.673,41.3374
2,5091,463.575,516.673,41.3374
2,5092,463.575,516.673,41.3374
2,5093,463.575,516.673,41.3374
2,5094,463.575,516.673,41.3374
2,5095,463.575,516.673,41.3374
2,5096,463.575,516.673,41.3374
2,5097,463.575,516.673,41.3374
2,5098,463.575,516.673,41.3374
2,5099,463.575,516.673,41.3374
2,5100,463.575,516.673,41.3374
2,5101,463.575,516.673,41.3374
2,5102,463.575,516.673,41.3374
2,5103,463.575,516.673,41.3374
2,5104,463.575,516.673,41.3374
2,5105,463.575,516.673,41.3374
2,5106,463.575,516.673,41.3374
2,5107,463.575,516.673,41.3374
2,5108,463.575,516.673,41.3374
2,5109,463.575,516.673,41.3374
2,5110,463.575,516.673,41.3374
2,5111,463.575,516.673,41.3374
2,5112,463.575,516.673,41.3374
2,5113,463.575,516.673,41.3374
2,5114,463.575,516.673,41.3374
2,5115,463.575,516.673,41.3374
2,5116,463.575,516.673,41.3374
2,5117,463.575,516.673,41.3374
2,5118,463.575,516.673,41.3374
2,5119,463.575,516.673,41.3374
2,5120,463.575,516.673,41.3374
2,5121,463.575,516.673,40.9241
2,5122,463.575,516.673,40.9241
2,5123,463.575,516.673,40.9241
2,5124,463.575,516.673,40.9241
2,5125,463.575,516.673,40.9241
2,5126,463.575,516.673,40.9241
2,5127,463.575,516.673,40.9241
2,5128,463.575,516.673,40.9241
2,5129,463.575,516.673,40.9241
2,5130,463.575,516.673,40.9241
2,5131,463.575,516.673,40.9241
2,5132,463.575,516.673,40.9241
2,5133,463.575,516.673,40.9241
2,5134,463.575,516.673,40.9241
2,5135,463.575,516.673,40.9241
2,5136,463.575,516.673,40.9241
2,5137,463.575,516.673,40.9241
2,5138,463.575,516.673,40.9241
2,5139,463.575,516.673,40.9241
2,5140,463.575,516.673,40.9241
2,5141,463.575,516.673,40.9241
2,5142,463.575,516.673,40.9241
2,5143,463.575,516.673,40.9241
2,5144,463.575,516.673,40.9241
2,5145,463.575,516.673,40.9241
2,5146,463.575,516.673,40.9241
2,5147,463.575,516.673,40.9241
2,5148,463.575,516.673,40.9241
2,5149,463.575,516.673,40.9241
2,5150,463.575,516.673,40.9241
2,5151,463.575,516.673,40.9241
2,5152,463.575,516.673,40.9241
2,5153,463.575,516.673,40.9241
2,5154,463.575,516.673,40.9241
2,5155,463.575,516.673,40.9241
2,5156,463.575,516.673,40.9241
2,5157,463.575,516.673,40.9241
2,5158,463.575,516.673,40.9241
2,5159,463.575,516.673,40.9241
2,5160,463.575,516.673,40.9241
2,5161,463.575,516.673,40.5148
2,5162,463.575,516.673,40.5148
2,5163,463.575,516.673,40.5148
2,5164,463.575,516.673,40.5148
2,5165,463.575,516.673,40.5148
2,5166,463.575,516.673,40.5148
2,5167,463.575,516.673,40.5148
2,5168,463.575,516.673,40.5148
2,5169,463.575,516.673,40.5148
2,5170,463.575,516.673,40.5148
2,5171,463.575,516.673,40.5148
2,5172,463.575,516.673,40.5148
2,5173,463.575,516.673,40.5148
2,5174,463.575,516.673,40.5148
2,5175,463.575,516.673,40.5148
2,5176,463.575,516.673,40.5148
2,5177,463.575,516.673,40.5148
2,5178,463.575,516.673,40.5148
2,5179,463.575,516.673,40.5148
2,5180,463.575,516.673,40.5148
2,5181,463.575,516.673,40.5148
2,5182,463.575,516.673,40.5148
2,5183,463.575,516.673,40.5148
2,5184,463.575,516.673,40.5148
2,5185,463.575,516.673,40.5148
2,5186,463.575,516.673,40.5148
2,5187,463.575,516.673,40.5148
2,5188,463.575,516.673,40.5148
2,5189,463.575,516.673,40.5148
2,5190,463.575,516.673,40.5148
2,5191,463.575,516.673,40.5148
2,5192,463.575,516.673,40.5148
2,5193,463.575,516.673,40.5148
2,5194,463.575,516.673,40.5148
2,5195,463.575,516.673,40.5148
2,5196,463.575,516.673,40.5148
2,5197,463.575,516.673,40.5148
2,5198,463.575,516.673,40.5148
2,5199,463.575,516.673,40.5148
2,5200,463.575,516.673,40.5148
3,1,463.575,463.575,9.98
3,2,463.575,500.728,9.96004
3,3,463.575,463.575,9.94012
3,4,463.575,463.575,9.92024
3,5,463.575,506.227,9.9004
3,6,463.575,500.728,9.8806
3,7,463.575,463.575,9.86084
3,8,463.575,476.577,9.84112
3,9,463.575,500.728,9.82143
3,10,463.575,490.943,9.80179
3,11,463.575,495.313,9.78219
3,12,463.575,500.728,9.76262
3,13,463.575,476.577,9.7431
3,14,463.575,476.577,9.72361
3,15,463.575,476.577,9.70416
3,16,463.575,476.577,9.68476
3,17,463.575,463.575,9.66539
3,18,463.575,463.575,9.64606
3,19,463.575,495.313,9.62676
3,20,463.575,500.728,9.60751
3,21,463.575,463.575,9.58829
3,22,463.575,500.728,9.56912
3,23,463.575,500.728,9.54998
3,24,463.575,463.575,9.53088
3,25,463.575,463.575,9.51182
3,26,463.575,500.728,9.49279
3,27,463.575,463.575,9.47381
3,28,463.575,500.728,9.45486
3,29,463.575,506.227,9.43595
3,30,463.575,495.313,9.41708
3,31,463.575,500.728,9.39825
3,32,463.575,463.575,9.37945
3,33,463.575,490.943,9.36069
3,34,463.575,463.575,9.34197
3,35,463.575,500.728,9.32328
3,36,463.575,500.728,9.30464
3,37,463.575,490.943,9.28603
3,38,463.575,463.575,9.26746
3,39,463.575,463.575,9.24892
3,40,463.575,463.575,9.23042
3,41,463.575,500.728,9.21196
3,42,463.575,476.577,9.19354
3,43,463.575,500.728,9.17515
3,44,463.575,490.943,9.1568
3,45,463.575,463.575,9.13849
3,46,463.575,490.943,9.12021
3,47,463.575,493.802,9.10197
3,48,463.575,500.728,9.08377
3,49,463.575,500.728,9.0656
3,50,463.575,463.575,9.04747
3,51,463.575,506.227,9.02937
3,52,463.575,463.575,9.01131
3,53,463.575,490.943,8.99329
3,54,463.575,490.943,8.97531
3,55,463.575,463.575,8.95735
3,56,463.575,500.728,8.93944
3,57,463.575,500.728,8.92156
3,58,463.575,531.939,8.90372
3,59,463.575,500.728,8.88591
3,60,463.575,500.728,8.86814
3,61,463.575,506.735,8.8504
3,62,463.575,506.735,8.8327
3,63,463.575,506.735,8.81504
3,64,463.575,506.735,8.79741
3,65,463.575,506.735,8.77981
3,66,463.575,506.735,8.76225
3,67,463.575,506.735,8.74473
3,68,463.575,506.735,8.72724
3,69,463.575,506.735,8.70978
3,70,463.575,506.735,8.69236
3,71,463.575,506.735,8.67498
3,72,463.575,506.735,8.65763
3,73,463.575,476.326,8.64031
3,74,463.575,476.326,8.62303
3,75,463.575,506.735,8.60579
3,76,463.575,476.326,8.58858
3,77,463.575,476.326,8.5714
3,78,463.575,540.374,8.55426
3,79,463.575,506.735,8.53715
3,80,463.575,476.326,8.52007
3,81,463.575,476.326,8.50303
3,82,463.575,476.326,8.48603
3,83,463.575,506.735,8.46905
3,84,463.575,551.755,8.45212
3,85,463.575,476.326,8.43521
3,86,463.575,476.577,8.41834
3,87,463.575,476.577,8.40151
3,88,463.575,476.577,8.3847
3,89,463.575,476.577,8.36793
3,90,463.575,476.577,8.3512
3,91,463.575,476.577,8.33449
3,92,463.575,513.459,8.31783
3,93,463.575,490.943,8.30119
3,94,463.575,476.577,8.28459
3,95,463.575,476.577,8.26802
3,96,463.575,490.943,8.25148
3,97,463.575,476.577,8.23498
3,98,463.575,476.577,8.21851
3,99,463.575,476.577,8.20207
3,100,463.575,476.577,8.18567
4,1,463.575,463.575,139.073
4,2,463.575,463.575,139.073
4,3,463.575,463.575,139.073
4,4,463.575,463.575,139.073
4,5,463.575,463.575,139.073
4,6,463.575,463.575,139.073
4,7,463.575,463.575,139.073
4,8,463.575,463.575,139.073
4,9,463.575,463.575,139.073
4,10,463.575,463.575,139.073
4,11,463.575,463.575,139.073
4,12,463.575,463.575,139.073
4,13,463.575,463.575,139.073
4,14,463.575,463.575,139.073
4,15,463.575,463.575,139.073
4,16,463.575,463.575,139.073
4,17,463.575,463.575,139.073
4,18,463.575,463.575,139.073
4,19,463.575,463.575,139.073
4,20,463.575,463.575,139.073
4,21,463.575,463.575,139.073
4,22,463.575,463.575,139.073
4,23,463.575,463.575,139.073
4,24,463.575,463.575,139.073
4,25,463.575,463.575,139.073
4,26,463.575,463.575,139.073
4,27,463.575,463.575,139.073
4,28,463.575,463.575,139.073
4,29,463.575,463.575,139.073
4,30,463.575,463.575,139.073
4,31,463.575,463.575,139.073
4,32,463.575,463.575,139.073
4,33,463.575,463.575,139.073
4,34,463.575,463.575,139.073
4,35,463.575,463.575,139.073
4,36,463.575,463.575,139.073
4,37,463.575,463.575,139.073
4,38,463.575,463.575,139.073
4,39,463.575,463.575,139.073
4,40,463.575,463.575,139.073
4,41,463.575,463.575,137.682
4,42,463.575,463.575,137.682
4,43,463.575,463.575,137.682
4,44,463.575,463.575,137.682
4,45,463.575,463.575,137.682
4,46,463.575,463.575,137.682
4,47,463.575,463.575,137.682
4,48,463.575,463.575,137.682
4,49,463.575,463.575,137.682
4,50,463.575,463.575,137.682
4,51,463.575,463.575,137.682
4,52,463.575,463.575,137.682
4,53,463.575,463.575,137.682
4,54,463.575,463.575,137.682
4,55,463.575,463.575,137.682
4,56,463.575,463.575,137.682
4,57,463.575,518.268,137.682
4,58,463.575,518.268,137.682
4,59,463.575,518.268,137.682
4,60,463.575,518.268,137.682
4,61,463.575,518.268,137.682
4,62,463.575,518.268,137.682
4,63,463.575,518.268,137.682
4,64,463.575,518.268,137.682
4,65,463.575,518.268,137.682
4,66,463.575,518.268,137.682
4,67,463.575,518.268,137.682
4,68,463.575,518.268,137.682
4,69,463.575,518.268,137.682
4,70,463.575,518.268,137.682
4,71,463.575,518.268,137.682
4,72,463.575,518.268,137.682
4,73,463.575,518.268,137.682
4,74,463.575,518.268,137.682
4,75,463.575,518.268,137.682
4,76,463.575,518.268,137.682
4,77,463.575,518.268,137.682
4,78,463.575,518.268,137.682
4,79,463.575,518.268,137.682
4,80,463.575,518.268,137.682
4,81,463.575,518.268,136.305
4,82,463.575,582.207,136.305
4,83,463.575,582.207,136.305
4,84,463.575,514.417,136.305
4,85,463.575,514.417,136.305
4,86,463.575,514.417,136.305
4,87,463.575,521.784,136.305
4,88,463.575,521.784,136.305
4,89,463.575,521.784,136.305
4,90,463.575,521.784,136.305
4,91,463.575,521.784,136.305
4,92,463.575,521.784,136.305
4,93,463.575,514.417,136.305
4,94,463.575,514.417,136.305
4,95,463.575,514.417,136.305
4,96,463.575,514.417,136.305
4,97,463.575,514.417,136.305
4,98,463.575,531.651,136.305
4,99,463.575,531.651,136.305
4,100,463.575,531.651,136.305
4,101,463.575,531.651,136.305
4,102,463.575,531.651,136.305
4,103,463.575,531.651,136.305
4,104,463.575,531.651,136.305
4,105,463.575,531.651,136.305
4,106,463.575,531.651,136.305
4,107,463.575,531.651,136.305
4,108,463.575,531.651,136.305
4,109,463.575,531.651,136.305
4,110,463.575,531.651,136.305
4,111,463.575,531.651,136.305
4,112,463.575,531.651,136.305
4,113,463.575,531.651,136.305
4,114,463.575,531.651,136.305
4,115,463.575,531.651,136.305
4,116,463.575,531.651,136.305
4,117,463.575,531.651,136.305
4,118,463.575,531.651,136.305
4,119,463.575,531.651,136.305
4,120,463.575,531.651,136.305
4,121,463.575,531.651,134.942
4,122,463.575,531.651,134.942
4,123,463.575,531.651,134.942
4,124,463.575,531.651,134.942
4,125,463.575,531.651,134.942
4,126,463.575,531.651,134.942
4,127,463.575,531.651,134.942
4,128,463.575,531.651,134.942
4,129,463.575,531.651,134.942
4,130,463.575,531.651,134.942
4,131,463.575,531.651,134.942
4,132,463.575,531.651,134.942
4,133,463.575,531.651,134.942
4,134,463.575,531.651,134.942
4,135,463.575,518.268,134.942
4,136,463.575,518.268,134.942
4,137,463.575,518.268,134.942
4,138,463.575,518.268,134.942
4,139,463.575,518.268,134.942
4,140,463.575,518.268,134.942
4,141,463.575,518.268,134.942
4,142,463.575,518.268,134.942
4,143,463.575,518.268,134.942
4,144,463.575,518.268,134.942
4,145,463.575,518.268,134.942
4,146,463.575,518.268,134.942
4,147,463.575,518.268,134.942
4,148,463.575,518.268,134.942
4,149,463.575,518.268,134.942
4,150,463.575,518.268,134.942
4,151,463.575,864.533,134.942
4,152,463.575,864.533,134.942
4,153,463.575,861.001,134.942
4,154,463.575,861.001,134.942
4,155,463.575,861.001,134.942
4,156,463.575,861.001,134.942
4,157,463.575,861.001,134.942
4,158,463.575,861.001,134.942
4,159,463.575,843.767,134.942
4,160,463.575,843.767,134.942
4,161,463.575,843.767,133.593
4,162,463.575,843.767,133.593
4,163,463.575,843.767,133.593
4,164,463.575,843.767,133.593
4,165,463.575,843.767,133.593
4,166,463.575,843.767,133.593
4,167,463.575,525.896,133.593
4,168,463.575,525.896,133.593
4,169,463.575,525.896,133.593
4,170,463.575,525.896,133.593
4,171,463.575,525.896,133.593
4,172,463.575,525.896,133.593
4,173,463.575,514.417,133.593
4,174,463.575,514.417,133.593
4,175,463.575,514.417,133.593
4,176,463.575,514.417,133.593
4,177,463.575,514.417,133.593
4,178,463.575,514.417,133.593
4,179,463.575,514.417,133.593
4,180,463.575,514.417,133.593
4,181,463.575,514.417,133.593
4,182,463.575,514.417,133.593
4,183,463.575,514.417,133.593
4,184,463.575,514.417,133.593
4,185,463.575,514.417,133.593
4,186,463.575,514.417,133.593
4,187,463.575,514.417,133.593
4,188,463.575,514.417,133.593
4,189,463.575,514.417,133.593
4,190,463.575,514.417,133.593
4,191,463.575,514.417,133.593
4,192,463.575,514.417,133.593
4,193,463.575,514.417,133.593
4,194,463.575,514.417,133.593
4,195,463.575,514.417,133.593
4,196,463.575,514.417,133.593
4,197,463.575,514.417,133.593
4,198,463.575,514.417,133.593
4,199,463.575,514.417,133.593
4,200,463.575,514.417,133.593
4,201,463.575,514.417,132.257
4,202,463.575,514.417,132.257
4,203,463.575,514.417,132.257
4,204,463.575,514.417,132.257
4,205,463.575,514.417,132.257
4,206,463.575,514.417,132.257
4,207,463.575,514.417,132.257
4,208,463.575,514.417,132.257
4,209,463.575,514.417,132.257
4,210,463.575,514.417,132.257
4,211,463.575,514.417,132.257
4,212,463.575,514.417,132.257
4,213,463.575,514.417,132.257
4,214,463.575,514.417,132.257
4,215,463.575,514.417,132.257
4,216,463.575,514.417,132.257
4,217,463.575,514.417,132.257
4,218,463.575,514.417,132.257
4,219,463.575,514.417,132.257
4,220,463.575,514.417,132.257
4,221,463.575,514.417,132.257
4,222,463.575,514.417,132.257
4,223,463.575,514.417,132.257
4,224,463.575,514.417,132.257
4,225,463.575,463.575,132.257
4,226,463.575,463.575,132.257
4,227,463.575,463.575,132.257
4,228,463.575,463.575,132.257
4,229,463.575,463.575,132.257
4,230,463.575,463.575,132.257
4,231,463.575,463.575,132.257
4,232,463.575,463.575,132.257
4,233,463.575,463.575,132.257
4,234,463.575,463.575,132.257
4,235,463.575,463.575,132.257
4,236,463.575,463.575,132.257
4,237,463.575,463.575,132.257
4,238,463.575,463.575,132.257
4,239,463.575,463.575,132.257
4,240,463.575,463.575,132.257
4,241,463.575,463.575,130.934
4,242,463.575,463.575,130.934
4,243,463.575,463.575,130.934
4,244,463.575,463.575,130.934
4,245,463.575,463.575,130.934
4,246,463.575,463.575,130.934
4,247,463.575,463.575,130.934
4,248,463.575,463.575,130.934
4,249,463.575,463.575,130.934
4,250,463.575,463.575,130.934
4,251,463.575,463.575,130.934
4,252,463.575,463.575,130.934
4,253,463.575,463.575,130.934
4,254,463.575,463.575,130.934
4,255,463.575,491.132,130.934
4,256,463.575,491.132,130.934
4,257,463.575,491.132,130.934
4,258,463.575,491.132,130.934
4,259,463.575,491.132,130.934
4,260,463.575,491.132,130.934
4,261,463.575,491.132,130.934
4,262,463.575,491.132,130.934
4,263,463.575,491.132,130.934
4,264,463.575,491.132,130.934
4,265,463.575,491.132,130.934
4,266,463.575,491.132,130.934
4,267,463.575,491.132,130.934
4,268,463.575,491.132,130.934
4,269,463.575,491.132,130.934
4,270,463.575,491.132,130.934
4,271,463.575,491.132,130.934
4,272,463.575,491.132,130.934
4,273,463.575,491.132,130.934
4,274,463.575,491.132,130.934
4,275,463.575,491.132,130.934
4,276,463.575,491.132,130.934
4,277,463.575,491.132,130.934
4,278,463.575,491.132,130.934
4,279,463.575,491.132,130.934
4,280,463.575,491.132,130.934
4,281,463.575,491.132,129.625
4,282,463.575,491.132,129.625
4,283,463.575,859.479,129.625
4,284,463.575,859.479,129.625
4,285,463.575,852.119,129.625
4,286,463.575,852.119,129.625
4,287,463.575,1167.02,129.625
4,288,463.575,1167.02,129.625
4,289,463.575,1167.02,129.625
4,290,463.575,1167.02,129.625
4,291,463.575,1167.02,129.625
4,292,463.575,1167.02,129.625
4,293,463.575,1134.53,129.625
4,294,463.575,1134.53,129.625
4,295,463.575,1134.53,129.625
4,296,463.575,1134.53,129.625
4,297,463.575,787.19,129.625
4,298,463.575,787.19,129.625
4,299,463.575,787.19,129.625
4,300,463.575,787.19,129.625
4,301,463.575,774.286,129.625
4,302,463.575,463.575,129.625
4,303,463.575,463.575,129.625
4,304,463.575,463.575,129.625
4,305,463.575,463.575,129.625
4,306,463.575,463.575,129.625
4,307,463.575,463.575,129.625
4,308,463.575,463.575,129.625
4,309,463.575,463.575,129.625
4,310,463.575,463.575,129.625
4,311,463.575,463.575,129.625
4,312,463.575,463.575,129.625
4,313,463.575,522.995,129.625
4,314,463.575,522.995,129.625
4,315,463.575,522.995,129.625
4,316,463.575,522.995,129.625
4,317,463.575,465.597,129.625
4,318,463.575,465.597,129.625
4,319,463.575,465.597,129.625
4,320,463.575,465.597,129.625
4,321,463.575,465.597,128.328
4,322,463.575,465.597,128.328
4,323,463.575,465.597,128.328
4,324,463.575,465.597,128.328
4,325,463.575,465.597,128.328
4,326,463.575,465.597,128.328
4,327,463.575,465.597,128.328
4,328,463.575,465.597,128.328
4,329,463.575,465.597,128.328
4,330,463.575,463.575,128.328
4,331,463.575,463.575,128.328
4,332,463.575,463.575,128.328
4,333,463.575,463.575,128.328
4,334,463.575,463.575,128.328
4,335,463.575,463.575,128.328
4,336,463.575,463.575,128.328
4,337,463.575,463.575,128.328
4,338,463.575,463.575,128.328
4,339,463.575,463.575,128.328
4,340,463.575,463.575,128.328
4,341,463.575,463.575,128.328
4,342,463.575,463.575,128.328
4,343,463.575,463.575,128.328
4,344,463.575,463.575,128.328
4,345,463.575,463.575,128.328
4,346,463.575,463.575,128.328
4,347,463.575,463.575,128.328
4,348,463.575,463.575,128.328
4,349,463.575,463.575,128.328
4,350,463.575,463.575,128.328
4,351,463.575,463.575,128.328
4,352,463.575,463.575,128.328
4,353,463.575,463.575,128.328
4,354,463.575,463.575,128.328
4,355,463.575,463.575,128.328
4,356,463.575,463.575,128.328
4,357,463.575,463.575,128.328
4,358,463.575,463.575,128.328
4,359,463.575,463.575,128.328
4,360,463.575,463.575,128.328
4,361,463.575,463.575,127.045
4,362,463.575,463.575,127.045
4,363,463.575,463.575,127.045
4,364,463.575,463.575,127.045
4,365,463.575,518.268,127.045
4,366,463.575,518.268,127.045
4,367,463.575,518.268,127.045
4,368,463.575,518.268,127.045
4,369,463.575,518.268,127.045
4,370,463.575,518.268,127.045
4,371,463.575,518.268,127.045
4,372,463.575,518.268,127.045
4,373,463.575,518.268,127.045
4,374,463.575,518.268,127.045
4,375,463.575,518.268,127.045
4,376,463.575,518.268,127.045
4,377,463.575,518.268,127.045
4,378,463.575,518.268,127.045
4,379,463.575,518.268,127.045
4,380,463.575,518.268,127.045
4,381,463.575,518.268,127.045
4,382,463.575,518.268,127.045
4,383,463.575,518.268,127.045
4,384,463.575,518.268,127.045
4,385,463.575,518.268,127.045
4,386,463.575,538.674,127.045
4,387,463.575,538.674,127.045
4,388,463.575,538.674,127.045
4,389,463.575,538.674,127.045
4,390,463.575,538.674,127.045
4,391,463.575,538.674,127.045
4,392,463.575,538.674,127.045
4,393,463.575,538.674,127.045
4,394,463.575,538.674,127.045
4,395,463.575,538.674,127.045
4,396,463.575,538.674,127.045
4,397,463.575,538.674,127.045
4,398,463.575,538.674,127.045
4,399,463.575,538.674,127.045
4,400,463.575,496.92,127.045
4,401,463.575,496.92,125.775
4,402,463.575,496.92,125.775
4,403,463.575,496.92,125.775
4,404,463.575,496.92,125.775
4,405,463.575,496.92,125.775
4,406,463.575,496.92,125.775
4,407,463.575,496.92,125.775
4,408,463.575,496.92,125.775
4,409,463.575,496.92,125.775
4,410,463.575,496.92,125.775
4,411,463.575,496.92,125.775
4,412,463.575,496.92,125.775
4,413,463.575,496.92,125.775
4,414,463.575,496.92,125.775
4,415,463.575,496.92,125.775
4,416,463.575,496.92,125.775
4,417,463.575,496.92,125.775
4,418,463.575,496.92,125.775
4,419,463.575,496.92,125.775
4,420,463.575,496.92,125.775
4,421,463.575,496.92,125.775
4,422,463.575,496.92,125.775
4,423,463.575,496.92,125.775
4,424,463.575,496.92,125.775
4,425,463.575,496.92,125.775
4,426,463.575,496.92,125.775
4,427,463.575,496.92,125.775
4,428,463.575,496.92,125.775
4,429,463.575,496.92,125.775
4,430,463.575,496.92,125.775
4,431,463.575,496.92,125.775
4,432,463.575,496.92,125.775
4,433,463.575,496.92,125.775
4,434,463.575,496.92,125.775
4,435,463.575,496.92,125.775
4,436,463.575,496.92,125.775
4,437,463.575,491.132,125.775
4,438,463.575,491.132,125.775
4,439,463.575,463.575,125.775
4,440,463.575,463.575,125.775
4,441,463.575,463.575,124.517
4,442,463.575,463.575,124.517
4,443,463.575,463.575,124.517
4,444,463.575,463.575,124.517
4,445,463.575,463.575,124.517
4,446,463.575,465.597,124.517
4,447,463.575,465.597,124.517
4,448,463.575,465.597,124.517
4,449,463.575,465.597,124.517
4,450,463.575,463.575,124.517
4,451,463.575,463.575,124.517
4,452,463.575,463.575,124.517
4,453,463.575,463.575,124.517
4,454,463.575,463.575,124.517
4,455,463.575,463.575,124.517
4,456,463.575,463.575,124.517
4,457,463.575,463.575,124.517
4,458,463.575,463.575,124.517
4,459,463.575,491.132,124.517
4,460,463.575,491.132,124.517
4,461,463.575,491.132,124.517
4,462,463.575,491.132,124.517
4,463,463.575,491.132,124.517
4,464,463.575,491.132,124.517
4,465,463.575,491.132,124.517
4,466,463.575,491.132,124.517
4,467,463.575,491.132,124.517
4,468,463.575,491.132,124.517
4,469,463.575,491.132,124.517
4,470,463.575,491.132,124.517
4,471,463.575,491.132,124.517
4,472,463.575,491.132,124.517
4,473,463.575,491.132,124.517
4,474,463.575,491.132,124.517
4,475,463.575,491.132,124.517
4,476,463.575,491.132,124.517
4,477,463.575,491.132,124.517
4,478,463.575,491.132,124.517
4,479,463.575,491.132,124.517
4,480,463.575,491.132,124.517
4,481,463.575,491.132,123.272
4,482,463.575,491.132,123.272
4,483,463.575,491.132,123.272
4,484,463.575,491.132,123.272
4,485,463.575,491.132,123.272
4,486,463.575,491.132,123.272
4,487,463.575,491.132,123.272
4,488,463.575,491.132,123.272
4,489,463.575,491.132,123.272
4,490,463.575,491.132,123.272
4,491,463.575,491.132,123.272
4,492,463.575,491.132,123.272
4,493,463.575,491.132,123.272
4,494,463.575,491.132,123.272
4,495,463.575,491.132,123.272
4,496,463.575,491.132,123.272
4,497,463.575,491.132,123.272
4,498,463.575,491.132,123.272
4,499,463.575,491.132,123.272
4,500,463.575,491.132,123.272
4,501,463.575,491.132,123.272
4,502,463.575,491.132,123.272
4,503,463.575,491.132,123.272
4,504,463.575,491.132,123.272
4,505,463.575,514.417,123.272
4,506,463.575,514.417,123.272
4,507,463.575,514.417,123.272
4,508,463.575,514.417,123.272
4,509,463.575,514.417,123.272
4,510,463.575,514.417,123.272
4,511,463.575,514.417,123.272
4,512,463.575,514.417,123.272
4,513,463.575,514.417,123.272
4,514,463.575,514.417,123.272
4,515,463.575,514.417,123.272
4,516,463.575,514.417,123.272
4,517,463.575,514.417,123.272
4,518,463.575,514.417,123.272
4,519,463.575,514.417,123.272
4,520,463.575,514.417,123.272
4,521,463.575,514.417,122.039
4,522,463.575,514.417,122.039
4,523,463.575,514.417,122.039
4,524,463.575,515.005,122.039
4,525,463.575,514.417,122.039
4,526,463.575,514.417,122.039
4,527,463.575,514.417,122.039
4,528,463.575,491.132,122.039
4,529,463.575,491.132,122.039
4,530,463.575,491.132,122.039
4,531,463.575,788.847,122.039
4,532,463.575,788.847,122.039
4,533,463.575,788.847,122.039
4,534,463.575,788.847,122.039
4,535,463.575,788.847,122.039
4,536,463.575,788.847,122.039
4,537,463.575,788.847,122.039
4,538,463.575,788.847,122.039
4,539,463.575,788.847,122.039
4,540,463.575,788.847,122.039
4,541,463.575,788.847,122.039
4,542,463.575,788.847,122.039
4,543,463.575,788.847,122.039
4,544,463.575,788.847,122.039
4,545,463.575,788.847,122.039
4,546,463.575,788.847,122.039
4,547,463.575,788.847,122.039
4,548,463.575,788.847,122.039
4,549,463.575,788.847,122.039
4,550,463.575,788.847,122.039
4,551,463.575,788.847,122.039
4,552,463.575,1129.08,122.039
4,553,463.575,900.399,122.039
4,554,463.575,900.399,122.039
4,555,463.575,900.399,122.039
4,556,463.575,900.399,122.039
4,557,463.575,900.399,122.039
4,558,463.575,900.399,122.039
4,559,463.575,900.399,122.039
4,560,463.575,873.26,122.039
4,561,463.575,873.26,120.819
4,562,463.575,873.26,120.819
4,563,463.575,873.26,120.819
4,564,463.575,873.26,120.819
4,565,463.575,893.996,120.819
4,566,463.575,893.996,120.819
4,567,463.575,893.996,120.819
4,568,463.575,893.996,120.819
4,569,463.575,893.996,120.819
4,570,463.575,893.996,120.819
4,571,463.575,893.996,120.819
4,572,463.575,893.996,120.819
4,573,463.575,893.996,120.819
4,574,463.575,893.996,120.819
4,575,463.575,870.978,120.819
4,576,463.575,867.676,120.819
4,577,463.575,867.676,120.819
4,578,463.575,867.676,120.819
4,579,463.575,867.676,120.819
4,580,463.575,867.676,120.819
4,581,463.575,867.676,120.819
4,582,463.575,867.764,120.819
4,583,463.575,867.764,120.819
4,584,463.575,867.764,120.819
4,585,463.575,570.761,120.819
4,586,463.575,570.761,120.819
4,587,463.575,528.687,120.819
4,588,463.575,528.687,120.819
4,589,463.575,528.687,120.819
4,590,463.575,528.687,120.819
4,591,463.575,486.013,120.819
4,592,463.575,486.013,120.819
4,593,463.575,486.013,120.819
4,594,463.575,486.013,120.819
4,595,463.575,486.013,120.819
4,596,463.575,486.013,120.819
4,597,463.575,503.556,120.819
4,598,463.575,503.556,120.819
4,599,463.575,503.556,120.819
4,600,463.575,503.556,120.819
4,601,463.575,503.556,119.61
4,602,463.575,503.556,119.61
4,603,463.575,503.556,119.61
4,604,463.575,503.556,119.61
4,605,463.575,503.556,119.61
4,606,463.575,503.556,119.61
4,607,463.575,503.556,119.61
4,608,463.575,503.556,119.61
4,609,463.575,503.556,119.61
4,610,463.575,503.556,119.61
4,611,463.575,503.556,119.61
4,612,463.575,503.556,119.61
4,613,463.575,503.556,119.61
4,614,463.575,503.556,119.61
4,615,463.575,503.556,119.61
4,616,463.575,503.556,119.61
4,617,463.575,503.556,119.61
4,618,463.575,503.556,119.61
4,619,463.575,503.556,119.61
4,620,463.575,503.556,119.61
4,621,463.575,503.556,119.61
4,622,463.575,503.556,119.61
4,623,463.575,503.556,119.61
4,624,463.575,503.556,119.61
4,625,463.575,486.013,119.61
4,626,463.575,486.013,119.61
4,627,463.575,486.013,119.61
4,628,463.575,486.013,119.61
4,629,463.575,486.013,119.61
4,630,463.575,486.013,119.61
4,631,463.575,486.013,119.61
4,632,463.575,486.013,119.61
4,633,463.575,486.013,119.61
4,634,463.575,486.013,119.61
4,635,463.575,486.013,119.61
4,636,463.575,486.013,119.61
4,637,463.575,486.013,119.61
4,638,463.575,486.013,119.61
4,639,463.575,486.013,119.61
4,640,463.575,486.013,119.61
4,641,463.575,486.013,118.414
4,642,463.575,486.013,118.414
4,643,463.575,486.013,118.414
4,644,463.575,486.013,118.414
4,645,463.575,486.013,118.414
4,646,463.575,486.013,118.414
4,647,463.575,486.013,118.414
4,648,463.575,486.013,118.414
4,649,463.575,486.013,118.414
4,650,463.575,486.013,118.414
4,651,463.575,486.013,118.414
4,652,463.575,486.013,118.414
4,653,463.575,486.013,118.414
4,654,463.575,486.013,118.414
4,655,463.575,486.013,118.414
4,656,463.575,503.556,118.414
4,657,463.575,503.556,118.414
4,658,463.575,503.556,118.414
4,659,463.575,503.556,118.414
4,660,463.575,503.556,118.414
4,661,463.575,503.556,118.414
4,662,463.575,595.792,118.414
4,663,463.575,595.792,118.414
4,664,463.575,545.692,118.414
4,665,463.575,545.692,118.414
4,666,463.575,545.692,118.414
4,667,463.575,545.692,118.414
4,668,463.575,545.692,118.414
4,669,463.575,545.692,118.414
4,670,463.575,545.692,118.414
4,671,463.575,545.692,118.414
4,672,463.575,545.692,118.414
4,673,463.575,545.692,118.414
4,674,463.575,545.692,118.414
4,675,463.575,545.692,118.414
4,676,463.575,545.692,118.414
4,677,463.575,545.692,118.414
4,678,463.575,545.692,118.414
4,679,463.575,545.692,118.414
4,680,463.575,545.692,118.414
4,681,463.575,545.692,117.23
4,682,463.575,545.692,117.23
4,683,463.575,545.692,117.23
4,684,463.575,545.692,117.23
4,685,463.575,545.692,117.23
4,686,463.575,545.692,117.23
4,687,463.575,545.692,117.23
4,688,463.575,476.577,117.23
4,689,463.575,476.577,117.23
4,690,463.575,476.577,117.23
4,691,463.575,476.577,117.23
4,692,463.575,476.577,117.23
4,693,463.575,476.577,117.23
4,694,463.575,476.577,117.23
4,695,463.575,476.577,117.23
4,696,463.575,476.577,117.23
4,697,463.575,476.577,117.23
4,698,463.575,476.577,117.23
4,699,463.575,476.577,117.23
4,700,463.575,476.577,117.23
4,701,463.575,476.577,117.23
4,702,463.575,476.577,117.23
4,703,463.575,476.577,117.23
4,704,463.575,476.577,117.23
4,705,463.575,476.577,117.23
4,706,463.575,476.577,117.23
4,707,463.575,476.577,117.23
4,708,463.575,476.577,117.23
4,709,463.575,476.577,117.23
4,710,463.575,529.231,117.23
4,711,463.575,529.231,117.23
4,712,463.575,529.231,117.23
4,713,463.575,529.231,117.23
4,714,463.575,490.943,117.23
4,715,463.575,490.943,117.23
4,716,463.575,490.943,117.23
4,717,463.575,490.943,117.23
4,718,463.575,490.943,117.23
4,719,463.575,490.943,117.23
4,720,463.575,490.943,117.23
4,721,463.575,490.943,116.058
4,722,463.575,490.943,116.058
4,723,463.575,490.943,116.058
4,724,463.575,490.943,116.058
4,725,463.575,490.943,116.058
4,726,463.575,490.943,116.058
4,727,463.575,490.943,116.058
4,728,463.575,550.113,116.058
4,729,463.575,550.113,116.058
4,730,463.575,550.113,116.058
4,731,463.575,550.113,116.058
4,732,463.575,498.077,116.058
4,733,463.575,498.077,116.058
4,734,463.575,498.077,116.058
4,735,463.575,498.077,116.058
4,736,463.575,498.077,116.058
4,737,463.575,497.458,116.058
4,738,463.575,497.458,116.058
4,739,463.575,497.458,116.058
4,740,463.575,497.458,116.058
4,741,463.575,497.458,116.058
4,742,463.575,497.458,116.058
4,743,463.575,497.458,116.058
4,744,463.575,497.458,116.058
4,745,463.575,497.458,116.058
4,746,463.575,497.458,116.058
4,747,463.575,497.458,116.058
4,748,463.575,497.458,116.058
4,749,463.575,497.458,116.058
4,750,463.575,497.458,116.058
4,751,463.575,497.458,116.058
4,752,463.575,497.458,116.058
4,753,463.575,497.458,116.058
4,754,463.575,497.458,116.058
4,755,463.575,497.458,116.058
4,756,463.575,497.458,116.058
4,757,463.575,497.458,116.058
4,758,463.575,497.458,116.058
4,759,463.575,497.458,116.058
4,760,463.575,497.458,116.058
4,761,463.575,497.458,114.897
4,762,463.575,563.505,114.897
4,763,463.575,563.505,114.897
4,764,463.575,563.505,114.897
4,765,463.575,563.505,114.897
4,766,463.575,563.505,114.897
4,767,463.575,563.505,114.897
4,768,463.575,563.505,114.897
4,769,463.575,563.505,114.897
4,770,463.575,563.505,114.897
4,771,463.575,543.105,114.897
4,772,463.575,543.105,114.897
4,773,463.575,543.105,114.897
4,774,463.575,543.105,114.897
4,775,463.575,543.105,114.897
4,776,463.575,542.918,114.897
4,777,463.575,542.918,114.897
4,778,463.575,542.918,114.897
4,779,463.575,542.918,114.897
4,780,463.575,542.918,114.897
4,781,463.575,542.918,114.897
4,782,463.575,542.918,114.897
4,783,463.575,542.918,114.897
4,784,463.575,542.918,114.897
4,785,463.575,506.735,114.897
4,786,463.575,506.735,114.897
4,787,463.575,506.735,114.897
4,788,463.575,506.735,114.897
4,789,463.575,506.735,114.897
4,790,463.575,506.735,114.897
4,791,463.575,506.735,114.897
4,792,463.575,506.735,114.897
4,793,463.575,506.735,114.897
4,794,463.575,506.735,114.897
4,795,463.575,515.087,114.897
4,796,463.575,515.087,114.897
4,797,463.575,503.556,114.897
4,798,463.575,503.556,114.897
4,799,463.575,503.556,114.897
4,800,463.575,503.556,114.897
4,801,463.575,503.556,113.748
4,802,463.575,503.556,113.748
4,803,463.575,503.556,113.748
4,804,463.575,503.556,113.748
4,805,463.575,503.556,113.748
4,806,463.575,503.556,113.748
4,807,463.575,503.556,113.748
4,808,463.575,503.556,113.748
4,809,463.575,503.556,113.748
4,810,463.575,503.556,113.748
4,811,463.575,503.556,113.748
4,812,463.575,503.556,113.748
4,813,463.575,503.556,113.748
4,814,463.575,503.556,113.748
4,815,463.575,503.556,113.748
4,816,463.575,503.556,113.748
4,817,463.575,503.556,113.748
4,818,463.575,503.556,113.748
4,819,463.575,503.556,113.748
4,820,463.575,503.556,113.748
4,821,463.575,805.466,113.748
4,822,463.575,805.466,113.748
4,823,463.575,805.466,113.748
4,824,463.575,805.466,113.748
4,825,463.575,805.466,113.748
4,826,463.575,805.466,113.748
4,827,463.575,805.466,113.748
4,828,463.575,805.466,113.748
4,829,463.575,805.466,113.748
4,830,463.575,805.466,113.748
4,831,463.575,799.161,113.748
4,832,463.575,799.161,113.748
4,833,463.575,799.161,113.748
4,834,463.575,799.161,113.748
4,835,463.575,799.161,113.748
4,836,463.575,799.161,113.748
4,837,463.575,799.161,113.748
4,838,463.575,799.161,113.748
4,839,463.575,848.341,113.748
4,840,463.575,848.341,113.748
4,841,463.575,848.341,112.611
4,842,463.575,848.341,112.611
4,843,463.575,755.556,112.611
4,844,463.575,755.556,112.611
4,845,463.575,477.083,112.611
4,846,463.575,477.083,112.611
4,847,463.575,477.083,112.611
4,848,463.575,477.083,112.611
4,849,463.575,477.083,112.611
4,850,463.575,477.083,112.611
4,851,463.575,477.083,112.611
4,852,463.575,511.978,112.611
4,853,463.575,511.978,112.611
4,854,463.575,511.978,112.611
4,855,463.575,511.978,112.611
4,856,463.575,477.083,112.611
4,857,463.575,477.083,112.611
4,858,463.575,477.083,112.611
4,859,463.575,477.083,112.611
4,860,463.575,477.083,112.611
4,861,463.575,477.083,112.611
4,862,463.575,477.083,112.611
4,863,463.575,477.083,112.611
4,864,463.575,477.083,112.611
4,865,463.575,477.083,112.611
4,866,463.575,477.083,112.611
4,867,463.575,477.083,112.611
4,868,463.575,477.083,112.611
4,869,463.575,477.083,112.611
4,870,463.575,477.083,112.611
4,871,463.575,477.083,112.611
4,872,463.575,477.083,112.611
4,873,463.575,477.083,112.611
4,874,463.575,477.083,112.611
4,875,463.575,477.083,112.611
4,876,463.575,477.083,112.611
4,877,463.575,477.083,112.611
4,878,463.575,477.083,112.611
4,879,463.575,477.083,112.611
4,880,463.575,477.083,112.611
4,881,463.575,477.083,111.485
4,882,463.575,477.083,111.485
4,883,463.575,477.083,111.485
4,884,463.575,477.083,111.485
4,885,463.575,477.083,111.485
4,886,463.575,477.083,111.485
4,887,463.575,477.083,111.485
4,888,463.575,477.083,111.485
4,889,463.575,477.083,111.485
4,890,463.575,477.083,111.485
4,891,463.575,477.083,111.485
4,892,463.575,477.083,111.485
4,893,463.575,477.083,111.485
4,894,463.575,477.083,111.485
4,895,463.575,477.083,111.485
4,896,463.575,477.083,111.485
4,897,463.575,477.083,111.485
4,898,463.575,762.983,111.485
4,899,463.575,762.983,111.485
4,900,463.575,762.983,111.485
4,901,463.575,762.983,111.485
4,902,463.575,762.983,111.485
4,903,463.575,742.391,111.485
4,904,463.575,742.391,111.485
4,905,463.575,742.391,111.485
4,906,463.575,742.391,111.485
4,907,463.575,742.391,111.485
4,908,463.575,742.391,111.485
4,909,463.575,742.391,111.485
4,910,463.575,742.391,111.485
4,911,463.575,742.391,111.485
4,912,463.575,742.391,111.485
4,913,463.575,845.055,111.485
4,914,463.575,549.226,111.485
4,915,463.575,542.849,111.485
4,916,463.575,542.849,111.485
4,917,463.575,542.849,111.485
4,918,463.575,542.849,111.485
4,919,463.575,542.849,111.485
4,920,463.575,542.849,111.485
4,921,463.575,542.849,110.37
4,922,463.575,542.849,110.37
4,923,463.575,542.849,110.37
4,924,463.575,542.849,110.37
4,925,463.575,542.849,110.37
4,926,463.575,542.849,110.37
4,927,463.575,542.849,110.37
4,928,463.575,542.849,110.37
4,929,463.575,542.849,110.37
4,930,463.575,542.849,110.37
4,931,463.575,542.849,110.37
4,932,463.575,598.305,110.37
4,933,463.575,558.983,110.37
4,934,463.575,558.983,110.37
4,935,463.575,506.227,110.37
4,936,463.575,506.227,110.37
4,937,463.575,506.227,110.37
4,938,463.575,506.227,110.37
4,939,463.575,506.227,110.37
4,940,463.575,506.227,110.37
4,941,463.575,506.227,110.37
4,942,463.575,506.227,110.37
4,943,463.575,506.227,110.37
4,944,463.575,506.227,110.37
4,945,463.575,506.227,110.37
4,946,463.575,506.227,110.37
4,947,463.575,506.227,110.37
4,948,463.575,506.227,110.37
4,949,463.575,506.227,110.37
4,950,463.575,506.227,110.37
4,951,463.575,506.227,110.37
4,952,463.575,506.227,110.37
4,953,463.575,506.227,110.37
4,954,463.575,506.227,110.37
4,955,463.575,506.227,110.37
4,956,463.575,506.227,110.37
4,957,463.575,506.227,110.37
4,958,463.575,506.227,110.37
4,959,463.575,506.227,110.37
4,960,463.575,506.227,110.37
4,961,463.575,506.227,109.266
4,962,463.575,506.227,109.266
4,963,463.575,506.227,109.266
4,964,463.575,506.227,109.266
4,965,463.575,506.227,109.266
4,966,463.575,506.227,109.266
4,967,463.575,506.227,109.266
4,968,463.575,506.227,109.266
4,969,463.575,506.227,109.266
4,970,463.575,506.227,109.266
4,971,463.575,506.227,109.266
4,972,463.575,506.227,109.266
4,973,463.575,506.227,109.266
4,974,463.575,506.227,109.266
4,975,463.575,506.227,109.266
4,976,463.575,477.083,109.266
4,977,463.575,477.083,109.266
4,978,463.575,477.083,109.266
4,979,463.575,477.083,109.266
4,980,463.575,477.083,109.266
4,981,463.575,477.083,109.266
4,982,463.575,477.083,109.266
4,983,463.575,477.083,109.266
4,984,463.575,477.083,109.266
4,985,463.575,477.083,109.266
4,986,463.575,477.083,109.266
4,987,463.575,477.083,109.266
4,988,463.575,477.083,109.266
4,989,463.575,477.083,109.266
4,990,463.575,477.083,109.266
4,991,463.575,477.083,109.266
4,992,463.575,477.083,109.266
4,993,463.575,477.083,109.266
4,994,463.575,477.083,109.266
4,995,463.575,477.083,109.266
4,996,463.575,477.083,109.266
4,997,463.575,477.083,109.266
4,998,463.575,477.083,109.266
4,999,463.575,477.083,109.266
4,1000,463.575,477.083,109.266
4,1001,463.575,477.083,108.174
4,1002,463.575,477.083,108.174
4,1003,463.575,477.083,108.174
4,1004,463.575,477.083,108.174
4,1005,463.575,477.083,108.174
4,1006,463.575,477.083,108.174
4,1007,463.575,477.083,108.174
4,1008,463.575,477.083,108.174
4,1009,463.575,477.083,108.174
4,1010,463.575,477.083,108.174
4,1011,463.575,477.083,108.174
4,1012,463.575,477.083,108.174
4,1013,463.575,477.083,108.174
4,1014,463.575,477.083,108.174
4,1015,463.575,477.083,108.174
4,1016,463.575,477.083,108.174
4,1017,463.575,477.083,108.174
4,1018,463.575,477.083,108.174
4,1019,463.575,477.083,108.174
4,1020,463.575,477.083,108.174
4,1021,463.575,477.083,108.174
4,1022,463.575,477.083,108.174
4,1023,463.575,477.083,108.174
4,1024,463.575,477.083,108.174
4,1025,463.575,477.083,108.174
4,1026,463.575,477.083,108.174
4,1027,463.575,477.083,108.174
4,1028,463.575,477.083,108.174
4,1029,463.575,477.083,108.174
4,1030,463.575,477.083,108.174
4,1031,463.575,477.083,108.174
4,1032,463.575,477.083,108.174
4,1033,463.575,477.083,108.174
4,1034,463.575,477.083,108.174
4,1035,463.575,477.083,108.174
4,1036,463.575,477.083,108.174
4,1037,463.575,477.083,108.174
4,1038,463.575,477.083,108.174
4,1039,463.575,477.083,108.174
4,1040,463.575,477.083,108.174
4,1041,463.575,477.083,107.092
4,1042,463.575,477.083,107.092
4,1043,463.575,477.083,107.092
4,1044,463.575,477.083,107.092
4,1045,463.575,477.083,107.092
4,1046,463.575,477.083,107.092
4,1047,463.575,477.083,107.092
4,1048,463.575,477.083,107.092
4,1049,463.575,477.083,107.092
4,1050,463.575,477.083,107.092
4,1051,463.575,477.083,107.092
4,1052,463.575,477.083,107.092
4,1053,463.575,477.083,107.092
4,1054,463.575,477.083,107.092
4,1055,463.575,477.083,107.092
4,1056,463.575,477.083,107.092
4,1057,463.575,477.083,107.092
4,1058,463.575,477.083,107.092
4,1059,463.575,477.083,107.092
4,1060,463.575,477.083,107.092
4,1061,463.575,477.083,107.092
4,1062,463.575,477.083,107.092
4,1063,463.575,477.083,107.092
4,1064,463.575,742.391,107.092
4,1065,463.575,742.391,107.092
4,1066,463.575,742.391,107.092
4,1067,463.575,742.391,107.092
4,1068,463.575,742.391,107.092
4,1069,463.575,742.391,107.092
4,1070,463.575,742.391,107.092
4,1071,463.575,761.421,107.092
4,1072,463.575,786.026,107.092
4,1073,463.575,786.026,107.092
4,1074,463.575,786.026,107.092
4,1075,463.575,786.026,107.092
4,1076,463.575,786.026,107.092
4,1077,463.575,786.026,107.092
4,1078,463.575,786.026,107.092
4,1079,463.575,786.026,107.092
4,1080,463.575,506.735,107.092
4,1081,463.575,795.967,106.021
4,1082,463.575,795.967,106.021
4,1083,463.575,795.967,106.021
4,1084,463.575,795.967,106.021
4,1085,463.575,795.967,106.021
4,1086,463.575,795.967,106.021
4,1087,463.575,795.967,106.021
4,1088,463.575,768.251,106.021
4,1089,463.575,768.251,106.021
4,1090,463.575,768.251,106.021
4,1091,463.575,768.251,106.021
4,1092,463.575,768.251,106.021
4,1093,463.575,768.251,106.021
4,1094,463.575,768.251,106.021
4,1095,463.575,768.251,106.021
4,1096,463.575,768.251,106.021
4,1097,463.575,768.251,106.021
4,1098,463.575,768.251,106.021
4,1099,463.575,768.251,106.021
4,1100,463.575,768.251,106.021
4,1101,463.575,768.251,106.021
4,1102,463.575,768.251,106.021
4,1103,463.575,768.251,106.021
4,1104,463.575,768.251,106.021
4,1105,463.575,768.251,106.021
4,1106,463.575,768.251,106.021
4,1107,463.575,768.251,106.021
4,1108,463.575,531.939,106.021
4,1109,463.575,531.939,106.021
4,1110,463.575,531.939,106.021
4,1111,463.575,531.939,106.021
4,1112,463.575,531.939,106.021
4,1113,463.575,531.939,106.021
4,1114,463.575,531.939,106.021
4,1115,463.575,531.939,106.021
4,1116,463.575,531.939,106.021
4,1117,463.575,531.939,106.021
4,1118,463.575,531.939,106.021
4,1119,463.575,531.939,106.021
4,1120,463.575,531.939,106.021
4,1121,463.575,531.939,104.961
4,1122,463.575,531.939,104.961
4,1123,463.575,531.939,104.961
4,1124,463.575,531.939,104.961
4,1125,463.575,531.939,104.961
4,1126,463.575,531.939,104.961
4,1127,463.575,531.939,104.961
4,1128,463.575,531.939,104.961
4,1129,463.575,503.942,104.961
4,1130,463.575,500.728,104.961
4,1131,463.575,500.728,104.961
4,1132,463.575,549.978,104.961
4,1133,463.575,549.978,104.961
4,1134,463.575,549.978,104.961
4,1135,463.575,549.978,104.961
4,1136,463.575,525.464,104.961
4,1137,463.575,525.464,104.961
4,1138,463.575,525.464,104.961
4,1139,463.575,525.464,104.961
4,1140,463.575,525.464,104.961
4,1141,463.575,525.464,104.961
4,1142,463.575,525.464,104.961
4,1143,463.575,525.464,104.961
4,1144,463.575,525.464,104.961
4,1145,463.575,525.464,104.961
4,1146,463.575,525.464,104.961
4,1147,463.575,525.464,104.961
4,1148,463.575,525.464,104.961
4,1149,463.575,525.464,104.961
4,1150,463.575,525.464,104.961
4,1151,463.575,525.464,104.961
4,1152,463.575,525.464,104.961
4,1153,463.575,525.464,104.961
4,1154,463.575,525.464,104.961
4,1155,463.575,525.464,104.961
4,1156,463.575,525.464,104.961
4,1157,463.575,540.862,104.961
4,1158,463.575,540.862,104.961
4,1159,463.575,540.862,104.961
4,1160,463.575,525.464,104.961
4,1161,463.575,525.464,103.911
4,1162,463.575,525.464,103.911
4,1163,463.575,525.464,103.911
4,1164,463.575,525.464,103.911
4,1165,463.575,525.464,103.911
4,1166,463.575,525.464,103.911
4,1167,463.575,525.464,103.911
4,1168,463.575,525.464,103.911
4,1169,463.575,525.464,103.911
4,1170,463.575,525.464,103.911
4,1171,463.575,525.464,103.911
4,1172,463.575,525.464,103.911
4,1173,463.575,525.464,103.911
4,1174,463.575,525.464,103.911
4,1175,463.575,525.464,103.911
4,1176,463.575,525.464,103.911
4,1177,463.575,525.464,103.911
4,1178,463.575,525.464,103.911
4,1179,463.575,525.464,103.911
4,1180,463.575,525.464,103.911
4,1181,463.575,525.464,103.911
4,1182,463.575,525.464,103.911
4,1183,463.575,525.464,103.911
4,1184,463.575,525.464,103.911
4,1185,463.575,525.464,103.911
4,1186,463.575,525.464,103.911
4,1187,463.575,525.464,103.911
4,1188,463.575,525.464,103.911
4,1189,463.575,525.464,103.911
4,1190,463.575,525.464,103.911
4,1191,463.575,525.464,103.911
4,1192,463.575,525.464,103.911
4,1193,463.575,525.464,103.911
4,1194,463.575,525.464,103.911
4,1195,463.575,525.464,103.911
4,1196,463.575,525.464,103.911
4,1197,463.575,525.464,103.911
4,1198,463.575,525.464,103.911
4,1199,463.575,525.464,103.911
4,1200,463.575,525.464,103.911
4,1201,463.575,525.464,102.872
4,1202,463.575,540.862,102.872
4,1203,463.575,525.464,102.872
4,1204,463.575,540.862,102.872
4,1205,463.575,540.862,102.872
4,1206,463.575,540.862,102.872
4,1207,463.575,540.862,102.872
4,1208,463.575,525.464,102.872
4,1209,463.575,897.992,102.872
4,1210,463.575,897.992,102.872
4,1211,463.575,897.992,102.872
4,1212,463.575,897.992,102.872
4,1213,463.575,897.992,102.872
4,1214,463.575,897.992,102.872
4,1215,463.575,549.978,102.872
4,1216,463.575,549.978,102.872
4,1217,463.575,549.978,102.872
4,1218,463.575,549.978,102.872
4,1219,463.575,549.978,102.872
4,1220,463.575,549.978,102.872
4,1221,463.575,549.978,102.872
4,1222,463.575,549.978,102.872
4,1223,463.575,637.016,102.872
4,1224,463.575,637.016,102.872
4,1225,463.575,613.718,102.872
4,1226,463.575,549.978,102.872
4,1227,463.575,548.091,102.872
4,1228,463.575,491.132,102.872
4,1229,463.575,491.132,102.872
4,1230,463.575,491.132,102.872
4,1231,463.575,491.132,102.872
4,1232,463.575,491.132,102.872
4,1233,463.575,491.132,102.872
4,1234,463.575,491.132,102.872
4,1235,463.575,491.132,102.872
4,1236,463.575,491.132,102.872
4,1237,463.575,491.132,102.872
4,1238,463.575,491.132,102.872
4,1239,463.575,491.132,102.872
4,1240,463.575,491.132,102.872
4,1241,463.575,491.132,101.843
4,1242,463.575,491.132,101.843
4,1243,463.575,491.132,101.843
4,1244,463.575,491.132,101.843
4,1245,463.575,491.132,101.843
4,1246,463.575,491.132,101.843
4,1247,463.575,491.132,101.843
4,1248,463.575,491.132,101.843
4,1249,463.575,491.132,101.843
4,1250,463.575,491.132,101.843
4,1251,463.575,491.132,101.843
4,1252,463.575,491.132,101.843
4,1253,463.575,491.132,101.843
4,1254,463.575,491.132,101.843
4,1255,463.575,491.132,101.843
4,1256,463.575,491.132,101.843
4,1257,463.575,491.132,101.843
4,1258,463.575,491.132,101.843
4,1259,463.575,491.132,101.843
4,1260,463.575,491.132,101.843
4,1261,463.575,491.132,101.843
4,1262,463.575,542.849,101.843
4,1263,463.575,542.849,101.843
4,1264,463.575,542.849,101.843
4,1265,463.575,542.849,101.843
4,1266,463.575,542.849,101.843
4,1267,463.575,542.849,101.843
4,1268,463.575,542.849,101.843
4,1269,463.575,542.849,101.843
4,1270,463.575,542.849,101.843
4,1271,463.575,542.849,101.843
4,1272,463.575,542.849,101.843
4,1273,463.575,542.849,101.843
4,1274,463.575,542.849,101.843
4,1275,463.575,542.849,101.843
4,1276,463.575,542.849,101.843
4,1277,463.575,542.849,101.843
4,1278,463.575,542.849,101.843
4,1279,463.575,542.849,101.843
4,1280,463.575,542.849,101.843
4,1281,463.575,542.849,100.825
4,1282,463.575,542.849,100.825
4,1283,463.575,869.722,100.825
4,1284,463.575,869.722,100.825
4,1285,463.575,869.722,100.825
4,1286,463.575,869.722,100.825
4,1287,463.575,818.253,100.825
4,1288,463.575,818.253,100.825
4,1289,463.575,818.253,100.825
4,1290,463.575,818.253,100.825
4,1291,463.575,496.92,100.825
4,1292,463.575,496.92,100.825
4,1293,463.575,496.92,100.825
4,1294,463.575,496.92,100.825
4,1295,463.575,496.92,100.825
4,1296,463.575,491.132,100.825
4,1297,463.575,542.849,100.825
4,1298,463.575,542.849,100.825
4,1299,463.575,542.849,100.825
4,1300,463.575,542.849,100.825
4,1301,463.575,542.849,100.825
4,1302,463.575,542.849,100.825
4,1303,463.575,542.849,100.825
4,1304,463.575,542.849,100.825
4,1305,463.575,542.849,100.825
4,1306,463.575,542.849,100.825
4,1307,463.575,542.849,100.825
4,1308,463.575,542.849,100.825
4,1309,463.575,598.305,100.825
4,1310,463.575,598.305,100.825
4,1311,463.575,598.305,100.825
4,1312,463.575,591.511,100.825
4,1313,463.575,591.511,100.825
4,1314,463.575,591.511,100.825
4,1315,463.575,546.343,100.825
4,1316,463.575,546.343,100.825
4,1317,463.575,546.343,100.825
4,1318,463.575,546.343,100.825
4,1319,463.575,546.343,100.825
4,1320,463.575,546.343,100.825
4,1321,463.575,546.343,99.8166
4,1322,463.575,546.343,99.8166
4,1323,463.575,546.343,99.8166
4,1324,463.575,546.343,99.8166
4,1325,463.575,546.343,99.8166
4,1326,463.575,546.343,99.8166
4,1327,463.575,546.343,99.8166
4,1328,463.575,544.613,99.8166
4,1329,463.575,463.575,99.8166
4,1330,463.575,463.575,99.8166
4,1331,463.575,463.575,99.8166
4,1332,463.575,463.575,99.8166
4,1333,463.575,463.575,99.8166
4,1334,463.575,463.575,99.8166
4,1335,463.575,463.575,99.8166
4,1336,463.575,463.575,99.8166
4,1337,463.575,463.575,99.8166
4,1338,463.575,463.575,99.8166
4,1339,463.575,463.575,99.8166
4,1340,463.575,463.575,99.8166
4,1341,463.575,463.575,99.8166
4,1342,463.575,463.575,99.8166
4,1343,463.575,463.575,99.8166
4,1344,463.575,463.575,99.8166
4,1345,463.575,463.575,99.8166
4,1346,463.575,463.575,99.8166
4,1347,463.575,463.575,99.8166
4,1348,463.575,463.575,99.8166
4,1349,463.575,463.575,99.8166
4,1350,463.575,463.575,99.8166
4,1351,463.575,463.575,99.8166
4,1352,463.575,463.575,99.8166
4,1353,463.575,463.575,99.8166
4,1354,463.575,463.575,99.8166
4,1355,463.575,463.575,99.8166
4,1356,463.575,463.575,99.8166
4,1357,463.575,463.575,99.8166
4,1358,463.575,463.575,99.8166
4,1359,463.575,463.575,99.8166
4,1360,463.575,463.575,99.8166
4,1361,463.575,463.575,98.8184
4,1362,463.575,463.575,98.8184
4,1363,463.575,463.575,98.8184
4,1364,463.575,463.575,98.8184
4,1365,463.575,463.575,98.8184
4,1366,463.575,463.575,98.8184
4,1367,463.575,463.575,98.8184
4,1368,463.575,463.575,98.8184
4,1369,463.575,463.575,98.8184
4,1370,463.575,463.575,98.8184
4,1371,463.575,463.575,98.8184
4,1372,463.575,463.575,98.8184
4,1373,463.575,463.575,98.8184
4,1374,463.575,463.575,98.8184
4,1375,463.575,463.575,98.8184
4,1376,463.575,463.575,98.8184
4,1377,463.575,514.417,98.8184
4,1378,463.575,514.417,98.8184
4,1379,463.575,514.417,98.8184
4,1380,463.575,514.417,98.8184
4,1381,463.575,514.417,98.8184
4,1382,463.575,514.417,98.8184
4,1383,463.575,514.417,98.8184
4,1384,463.575,514.417,98.8184
4,1385,463.575,514.417,98.8184
4,1386,463.575,514.417,98.8184
4,1387,463.575,514.417,98.8184
4,1388,463.575,516.44,98.8184
4,1389,463.575,465.597,98.8184
4,1390,463.575,465.597,98.8184
4,1391,463.575,463.575,98.8184
4,1392,463.575,463.575,98.8184
4,1393,463.575,463.575,98.8184
4,1394,463.575,463.575,98.8184
4,1395,463.575,463.575,98.8184
4,1396,463.575,463.575,98.8184
4,1397,463.575,463.575,98.8184
4,1398,463.575,463.575,98.8184
4,1399,463.575,463.575,98.8184
4,1400,463.575,463.575,98.8184
4,1401,463.575,463.575,97.8303
4,1402,463.575,463.575,97.8303
4,1403,463.575,463.575,97.8303
4,1404,463.575,463.575,97.8303
4,1405,463.575,463.575,97.8303
4,1406,463.575,463.575,97.8303
4,1407,463.575,463.575,97.8303
4,1408,463.575,463.575,97.8303
4,1409,463.575,463.575,97.8303
4,1410,463.575,463.575,97.8303
4,1411,463.575,463.575,97.8303
4,1412,463.575,463.575,97.8303
4,1413,463.575,463.575,97.8303
4,1414,463.575,463.575,97.8303
4,1415,463.575,463.575,97.8303
4,1416,463.575,463.575,97.8303
4,1417,463.575,463.575,97.8303
4,1418,463.575,463.575,97.8303
4,1419,463.575,463.575,97.8303
4,1420,463.575,463.575,97.8303
4,1421,463.575,463.575,97.8303
4,1422,463.575,463.575,97.8303
4,1423,463.575,463.575,97.8303
4,1424,463.575,463.575,97.8303
4,1425,463.575,463.575,97.8303
4,1426,463.575,463.575,97.8303
4,1427,463.575,463.575,97.8303
4,1428,463.575,463.575,97.8303
4,1429,463.575,463.575,97.8303
4,1430,463.575,463.575,97.8303
4,1431,463.575,463.575,97.8303
4,1432,463.575,463.575,97.8303
4,1433,463.575,463.575,97.8303
4,1434,463.575,463.575,97.8303
4,1435,463.575,463.575,97.8303
4,1436,463.575,565.087,97.8303
4,1437,463.575,565.087,97.8303
4,1438,463.575,565.087,97.8303
4,1439,463.575,565.087,97.8303
4,1440,463.575,463.575,97.8303
4,1441,463.575,463.575,96.8519
4,1442,463.575,463.575,96.8519
4,1443,463.575,463.575,96.8519
4,1444,463.575,463.575,96.8519
4,1445,463.575,463.575,96.8519
4,1446,463.575,538.674,96.8519
4,1447,463.575,538.674,96.8519
4,1448,463.575,538.674,96.8519
4,1449,463.575,538.674,96.8519
4,1450,463.575,538.674,96.8519
4,1451,463.575,538.674,96.8519
4,1452,463.575,538.674,96.8519
4,1453,463.575,538.674,96.8519
4,1454,463.575,518.268,96.8519
4,1455,463.575,518.268,96.8519
4,1456,463.575,518.268,96.8519
4,1457,463.575,518.268,96.8519
4,1458,463.575,518.268,96.8519
4,1459,463.575,518.268,96.8519
4,1460,463.575,518.268,96.8519
4,1461,463.575,518.268,96.8519
4,1462,463.575,518.268,96.8519
4,1463,463.575,518.268,96.8519
4,1464,463.575,518.268,96.8519
4,1465,463.575,518.268,96.8519
4,1466,463.575,518.268,96.8519
4,1467,463.575,518.268,96.8519
4,1468,463.575,518.268,96.8519
4,1469,463.575,518.268,96.8519
4,1470,463.575,518.268,96.8519
4,1471,463.575,518.268,96.8519
4,1472,463.575,518.268,96.8519
4,1473,463.575,518.268,96.8519
4,1474,463.575,518.268,96.8519
4,1475,463.575,518.268,96.8519
4,1476,463.575,518.268,96.8519
4,1477,463.575,518.268,96.8519
4,1478,463.575,531.651,96.8519
4,1479,463.575,531.651,96.8519
4,1480,463.575,598.305,96.8519
4,1481,463.575,598.305,95.8834
4,1482,463.575,598.305,95.8834
4,1483,463.575,531.651,95.8834
4,1484,463.575,531.651,95.8834
4,1485,463.575,531.651,95.8834
4,1486,463.575,531.651,95.8834
4,1487,463.575,531.651,95.8834
4,1488,463.575,531.651,95.8834
4,1489,463.575,531.651,95.8834
4,1490,463.575,531.651,95.8834
4,1491,463.575,531.651,95.8834
4,1492,463.575,598.305,95.8834
4,1493,463.575,598.305,95.8834
4,1494,463.575,598.305,95.8834
4,1495,463.575,598.305,95.8834
4,1496,463.575,598.305,95.8834
4,1497,463.575,598.305,95.8834
4,1498,463.575,591.511,95.8834
4,1499,463.575,591.511,95.8834
4,1500,463.575,591.511,95.8834
4,1501,463.575,546.343,95.8834
4,1502,463.575,801.772,95.8834
4,1503,463.575,801.772,95.8834
4,1504,463.575,801.772,95.8834
4,1505,463.575,801.772,95.8834
4,1506,463.575,801.772,95.8834
4,1507,463.575,801.772,95.8834
4,1508,463.575,801.772,95.8834
4,1509,463.575,801.772,95.8834
4,1510,463.575,816.245,95.8834
4,1511,463.575,816.245,95.8834
4,1512,463.575,816.245,95.8834
4,1513,463.575,806.033,95.8834
4,1514,463.575,627.071,95.8834
4,1515,463.575,569.754,95.8834
4,1516,463.575,569.754,95.8834
4,1517,463.575,569.754,95.8834
4,1518,463.575,516.371,95.8834
4,1519,463.575,516.371,95.8834
4,1520,463.575,516.371,95.8834
4,1521,463.575,516.371,94.9246
4,1522,463.575,516.371,94.9246
4,1523,463.575,516.371,94.9246
4,1524,463.575,514.174,94.9246
4,1525,463.575,514.174,94.9246
4,1526,463.575,514.174,94.9246
4,1527,463.575,514.174,94.9246
4,1528,463.575,514.174,94.9246
4,1529,463.575,514.174,94.9246
4,1530,463.575,514.174,94.9246
4,1531,463.575,514.174,94.9246
4,1532,463.575,514.174,94.9246
4,1533,463.575,514.174,94.9246
4,1534,463.575,514.174,94.9246
4,1535,463.575,514.174,94.9246
4,1536,463.575,514.174,94.9246
4,1537,463.575,514.174,94.9246
4,1538,463.575,514.174,94.9246
4,1539,463.575,514.174,94.9246
4,1540,463.575,514.174,94.9246
4,1541,463.575,514.174,94.9246
4,1542,463.575,514.174,94.9246
4,1543,463.575,514.174,94.9246
4,1544,463.575,514.174,94.9246
4,1545,463.575,514.174,94.9246
4,1546,463.575,514.174,94.9246
4,1547,463.575,514.174,94.9246
4,1548,463.575,514.174,94.9246
4,1549,463.575,514.174,94.9246
4,1550,463.575,514.174,94.9246
4,1551,463.575,514.174,94.9246
4,1552,463.575,514.174,94.9246
4,1553,463.575,514.174,94.9246
4,1554,463.575,514.174,94.9246
4,1555,463.575,514.174,94.9246
4,1556,463.575,514.174,94.9246
4,1557,463.575,514.174,94.9246
4,1558,463.575,514.174,94.9246
4,1559,463.575,514.174,94.9246
4,1560,463.575,514.174,94.9246
4,1561,463.575,514.174,93.9753
4,1562,463.575,514.174,93.9753
4,1563,463.575,514.174,93.9753
4,1564,463.575,514.174,93.9753
4,1565,463.575,514.174,93.9753
4,1566,463.575,514.174,93.9753
4,1567,463.575,514.174,93.9753
4,1568,463.575,514.174,93.9753
4,1569,463.575,514.174,93.9753
4,1570,463.575,514.174,93.9753
4,1571,463.575,514.174,93.9753
4,1572,463.575,514.174,93.9753
4,1573,463.575,514.174,93.9753
4,1574,463.575,514.174,93.9753
4,1575,463.575,514.174,93.9753
4,1576,463.575,514.174,93.9753
4,1577,463.575,514.174,93.9753
4,1578,463.575,514.174,93.9753
4,1579,463.575,514.174,93.9753
4,1580,463.575,514.174,93.9753
4,1581,463.575,514.174,93.9753
4,1582,463.575,514.174,93.9753
4,1583,463.575,514.174,93.9753
4,1584,463.575,514.174,93.9753
4,1585,463.575,514.174,93.9753
4,1586,463.575,514.174,93.9753
4,1587,463.575,514.174,93.9753
4,1588,463.575,514.174,93.9753
4,1589,463.575,514.174,93.9753
4,1590,463.575,514.174,93.9753
4,1591,463.575,514.174,93.9753
4,1592,463.575,514.174,93.9753
4,1593,463.575,514.174,93.9753
4,1594,463.575,514.174,93.9753
4,1595,463.575,514.174,93.9753
4,1596,463.575,514.174,93.9753
4,1597,463.575,514.174,93.9753
4,1598,463.575,514.174,93.9753
4,1599,463.575,514.174,93.9753
4,1600,463.575,514.174,93.9753
4,1601,463.575,514.174,93.0356
4,1602,463.575,514.174,93.0356
4,1603,463.575,514.174,93.0356
4,1604,463.575,514.174,93.0356
4,1605,463.575,514.174,93.0356
4,1606,463.575,514.174,93.0356
4,1607,463.575,514.174,93.0356
4,1608,463.575,531.939,93.0356
4,1609,463.575,531.939,93.0356
4,1610,463.575,531.939,93.0356
4,1611,463.575,531.939,93.0356
4,1612,463.575,531.939,93.0356
4,1613,463.575,531.939,93.0356
4,1614,463.575,531.939,93.0356
4,1615,463.575,531.939,93.0356
4,1616,463.575,531.939,93.0356
4,1617,463.575,588.122,93.0356
4,1618,463.575,506.735,93.0356
4,1619,463.575,506.735,93.0356
4,1620,463.575,506.735,93.0356
4,1621,463.575,506.735,93.0356
4,1622,463.575,506.735,93.0356
4,1623,463.575,477.083,93.0356
4,1624,463.575,477.083,93.0356
4,1625,463.575,477.083,93.0356
4,1626,463.575,477.083,93.0356
4,1627,463.575,477.083,93.0356
4,1628,463.575,477.083,93.0356
4,1629,463.575,477.083,93.0356
4,1630,463.575,477.083,93.0356
4,1631,463.575,477.083,93.0356
4,1632,463.575,477.083,93.0356
4,1633,463.575,477.083,93.0356
4,1634,463.575,477.083,93.0356
4,1635,463.575,477.083,93.0356
4,1636,463.575,477.083,93.0356
4,1637,463.575,477.083,93.0356
4,1638,463.575,477.083,93.0356
4,1639,463.575,477.083,93.0356
4,1640,463.575,477.083,93.0356
4,1641,463.575,477.083,92.1052
4,1642,463.575,477.083,92.1052
4,1643,463.575,477.083,92.1052
4,1644,463.575,477.083,92.1052
4,1645,463.575,477.083,92.1052
4,1646,463.575,477.083,92.1052
4,1647,463.575,477.083,92.1052
4,1648,463.575,477.083,92.1052
4,1649,463.575,477.083,92.1052
4,1650,463.575,477.083,92.1052
4,1651,463.575,477.083,92.1052
4,1652,463.575,477.083,92.1052
4,1653,463.575,477.083,92.1052
4,1654,463.575,477.083,92.1052
4,1655,463.575,477.083,92.1052
4,1656,463.575,477.083,92.1052
4,1657,463.575,477.083,92.1052
4,1658,463.575,477.083,92.1052
4,1659,463.575,477.083,92.1052
4,1660,463.575,477.083,92.1052
4,1661,463.575,477.083,92.1052
4,1662,463.575,477.083,92.1052
4,1663,463.575,477.083,92.1052
4,1664,463.575,477.083,92.1052
4,1665,463.575,477.083,92.1052
4,1666,463.575,477.083,92.1052
4,1667,463.575,477.083,92.1052
4,1668,463.575,477.083,92.1052
4,1669,463.575,477.083,92.1052
4,1670,463.575,477.083,92.1052
4,1671,463.575,477.083,92.1052
4,1672,463.575,477.083,92.1052
4,1673,463.575,477.083,92.1052
4,1674,463.575,477.083,92.1052
4,1675,463.575,477.083,92.1052
4,1676,463.575,477.083,92.1052
4,1677,463.575,477.083,92.1052
4,1678,463.575,477.083,92.1052
4,1679,463.575,477.083,92.1052
4,1680,463.575,477.083,92.1052
4,1681,463.575,477.083,91.1842
4,1682,463.575,477.083,91.1842
4,1683,463.575,477.083,91.1842
4,1684,463.575,477.083,91.1842
4,1685,463.575,477.083,91.1842
4,1686,463.575,477.083,91.1842
4,1687,463.575,477.083,91.1842
4,1688,463.575,477.083,91.1842
4,1689,463.575,477.083,91.1842
4,1690,463.575,477.083,91.1842
4,1691,463.575,477.083,91.1842
4,1692,463.575,477.083,91.1842
4,1693,463.575,477.083,91.1842
4,1694,463.575,477.083,91.1842
4,1695,463.575,477.083,91.1842
4,1696,463.575,477.083,91.1842
4,1697,463.575,477.083,91.1842
4,1698,463.575,477.083,91.1842
4,1699,463.575,477.083,91.1842
4,1700,463.575,477.083,91.1842
4,1701,463.575,477.083,91.1842
4,1702,463.575,477.083,91.1842
4,1703,463.575,477.083,91.1842
4,1704,463.575,477.083,91.1842
4,1705,463.575,477.083,91.1842
4,1706,463.575,477.083,91.1842
4,1707,463.575,477.083,91.1842
4,1708,463.575,477.083,91.1842
4,1709,463.575,477.083,91.1842
4,1710,463.575,477.083,91.1842
4,1711,463.575,477.083,91.1842
4,1712,463.575,477.083,91.1842
4,1713,463.575,477.083,91.1842
4,1714,463.575,477.083,91.1842
4,1715,463.575,477.083,91.1842
4,1716,463.575,477.083,91.1842
4,1717,463.575,477.083,91.1842
4,1718,463.575,477.083,91.1842
4,1719,463.575,477.083,91.1842
4,1720,463.575,477.083,91.1842
4,1721,463.575,477.083,90.2723
4,1722,463.575,477.083,90.2723
4,1723,463.575,477.083,90.2723
4,1724,463.575,477.083,90.2723
4,1725,463.575,750.202,90.2723
4,1726,463.575,750.202,90.2723
4,1727,463.575,750.202,90.2723
4,1728,463.575,750.202,90.2723
4,1729,463.575,750.202,90.2723
4,1730,463.575,750.202,90.2723
4,1731,463.575,750.202,90.2723
4,1732,463.575,750.202,90.2723
4,1733,463.575,750.202,90.2723
4,1734,463.575,750.202,90.2723
4,1735,463.575,750.202,90.2723
4,1736,463.575,755.556,90.2723
4,1737,463.575,755.556,90.2723
4,1738,463.575,755.556,90.2723
4,1739,463.575,755.556,90.2723
4,1740,463.575,755.556,90.2723
4,1741,463.575,755.556,90.2723
4,1742,463.575,755.556,90.2723
4,1743,463.575,765.893,90.2723
4,1744,463.575,765.893,90.2723
4,1745,463.575,765.893,90.2723
4,1746,463.575,765.893,90.2723
4,1747,463.575,765.893,90.2723
4,1748,463.575,765.893,90.2723
4,1749,463.575,765.893,90.2723
4,1750,463.575,765.893,90.2723
4,1751,463.575,765.893,90.2723
4,1752,463.575,750.924,90.2723
4,1753,463.575,750.924,90.2723
4,1754,463.575,750.924,90.2723
4,1755,463.575,750.924,90.2723
4,1756,463.575,750.924,90.2723
4,1757,463.575,477.083,90.2723
4,1758,463.575,477.083,90.2723
4,1759,463.575,477.083,90.2723
4,1760,463.575,477.083,90.2723
4,1761,463.575,477.083,89.3696
4,1762,463.575,477.083,89.3696
4,1763,463.575,477.083,89.3696
4,1764,463.575,477.083,89.3696
4,1765,463.575,477.083,89.3696
4,1766,463.575,477.083,89.3696
4,1767,463.575,477.083,89.3696
4,1768,463.575,477.083,89.3696
4,1769,463.575,477.083,89.3696
4,1770,463.575,477.083,89.3696
4,1771,463.575,477.083,89.3696
4,1772,463.575,477.083,89.3696
4,1773,463.575,477.083,89.3696
4,1774,463.575,477.083,89.3696
4,1775,463.575,477.083,89.3696
4,1776,463.575,477.083,89.3696
4,1777,463.575,477.083,89.3696
4,1778,463.575,477.083,89.3696
4,1779,463.575,477.083,89.3696
4,1780,463.575,477.083,89.3696
4,1781,463.575,477.083,89.3696
4,1782,463.575,477.083,89.3696
4,1783,463.575,477.083,89.3696
4,1784,463.575,477.083,89.3696
4,1785,463.575,477.083,89.3696
4,1786,463.575,477.083,89.3696
4,1787,463.575,477.083,89.3696
4,1788,463.575,477.083,89.3696
4,1789,463.575,477.083,89.3696
4,1790,463.575,477.083,89.3696
4,1791,463.575,477.083,89.3696
4,1792,463.575,477.083,89.3696
4,1793,463.575,477.083,89.3696
4,1794,463.575,477.083,89.3696
4,1795,463.575,477.083,89.3696
4,1796,463.575,477.083,89.3696
4,1797,463.575,477.083,89.3696
4,1798,463.575,477.083,89.3696
4,1799,463.575,477.083,89.3696
4,1800,463.575,477.083,89.3696
4,1801,463.575,477.083,88.4759
4,1802,463.575,477.083,88.4759
4,1803,463.575,477.083,88.4759
4,1804,463.575,477.083,88.4759
4,1805,463.575,477.083,88.4759
4,1806,463.575,477.083,88.4759
4,1807,463.575,477.083,88.4759
4,1808,463.575,477.083,88.4759
4,1809,463.575,477.083,88.4759
4,1810,463.575,477.083,88.4759
4,1811,463.575,477.083,88.4759
4,1812,463.575,477.083,88.4759
4,1813,463.575,477.083,88.4759
4,1814,463.575,477.083,88.4759
4,1815,463.575,477.083,88.4759
4,1816,463.575,477.083,88.4759
4,1817,463.575,477.083,88.4759
4,1818,463.575,477.083,88.4759
4,1819,463.575,477.083,88.4759
4,1820,463.575,477.083,88.4759
4,1821,463.575,477.083,88.4759
4,1822,463.575,477.083,88.4759
4,1823,463.575,477.083,88.4759
4,1824,463.575,477.083,88.4759
4,1825,463.575,477.083,88.4759
4,1826,463.575,477.083,88.4759
4,1827,463.575,477.083,88.4759
4,1828,463.575,477.083,88.4759
4,1829,463.575,477.083,88.4759
4,1830,463.575,477.083,88.4759
4,1831,463.575,477.083,88.4759
4,1832,463.575,477.083,88.4759
4,1833,463.575,477.083,88.4759
4,1834,463.575,477.083,88.4759
4,1835,463.575,477.083,88.4759
4,1836,463.575,477.083,88.4759
4,1837,463.575,477.083,88.4759
4,1838,463.575,477.083,88.4759
4,1839,463.575,477.083,88.4759
4,1840,463.575,477.083,88.4759
4,1841,463.575,533.267,87.5912
4,1842,463.575,533.267,87.5912
4,1843,463.575,533.267,87.5912
4,1844,463.575,533.267,87.5912
4,1845,463.575,533.267,87.5912
4,1846,463.575,533.267,87.5912
4,1847,463.575,533.267,87.5912
4,1848,463.575,533.267,87.5912
4,1849,463.575,477.083,87.5912
4,1850,463.575,477.083,87.5912
4,1851,463.575,477.083,87.5912
4,1852,463.575,477.083,87.5912
4,1853,463.575,477.083,87.5912
4,1854,463.575,477.083,87.5912
4,1855,463.575,477.083,87.5912
4,1856,463.575,477.083,87.5912
4,1857,463.575,477.083,87.5912
4,1858,463.575,477.083,87.5912
4,1859,463.575,477.083,87.5912
4,1860,463.575,477.083,87.5912
4,1861,463.575,477.083,87.5912
4,1862,463.575,477.083,87.5912
4,1863,463.575,477.083,87.5912
4,1864,463.575,477.083,87.5912
4,1865,463.575,477.083,87.5912
4,1866,463.575,477.083,87.5912
4,1867,463.575,477.083,87.5912
4,1868,463.575,477.083,87.5912
4,1869,463.575,477.083,87.5912
4,1870,463.575,724.742,87.5912
4,1871,463.575,724.742,87.5912
4,1872,463.575,724.742,87.5912
4,1873,463.575,724.742,87.5912
4,1874,463.575,724.742,87.5912
4,1875,463.575,724.742,87.5912
4,1876,463.575,724.742,87.5912
4,1877,463.575,724.742,87.5912
4,1878,463.575,724.742,87.5912
4,1879,463.575,724.742,87.5912
4,1880,463.575,724.742,87.5912
4,1881,463.575,724.742,86.7153
4,1882,463.575,724.742,86.7153
4,1883,463.575,724.742,86.7153
4,1884,463.575,724.742,86.7153
4,1885,463.575,724.742,86.7153
4,1886,463.575,724.742,86.7153
4,1887,463.575,724.742,86.7153
4,1888,463.575,724.742,86.7153
4,1889,463.575,724.742,86.7153
4,1890,463.575,724.742,86.7153
4,1891,463.575,724.742,86.7153
4,1892,463.575,724.742,86.7153
4,1893,463.575,724.742,86.7153
4,1894,463.575,506.227,86.7153
4,1895,463.575,506.227,86.7153
4,1896,463.575,544.613,86.7153
4,1897,463.575,544.613,86.7153
4,1898,463.575,544.613,86.7153
4,1899,463.575,544.613,86.7153
4,1900,463.575,544.613,86.7153
4,1901,463.575,544.613,86.7153
4,1902,463.575,544.613,86.7153
4,1903,463.575,544.613,86.7153
4,1904,463.575,506.227,86.7153
4,1905,463.575,506.227,86.7153
4,1906,463.575,506.227,86.7153
4,1907,463.575,506.227,86.7153
4,1908,463.575,506.227,86.7153
4,1909,463.575,506.227,86.7153
4,1910,463.575,506.227,86.7153
4,1911,463.575,506.227,86.7153
4,1912,463.575,506.227,86.7153
4,1913,463.575,506.227,86.7153
4,1914,463.575,506.227,86.7153
4,1915,463.575,506.227,86.7153
4,1916,463.575,506.227,86.7153
4,1917,463.575,519.891,86.7153
4,1918,463.575,519.891,86.7153
4,1919,463.575,519.891,86.7153
4,1920,463.575,490.943,86.7153
4,1921,463.575,490.943,85.8481
4,1922,463.575,490.943,85.8481
4,1923,463.575,490.943,85.8481
4,1924,463.575,490.943,85.8481
4,1925,463.575,490.943,85.8481
4,1926,463.575,490.943,85.8481
4,1927,463.575,490.943,85.8481
4,1928,463.575,550.113,85.8481
4,1929,463.575,550.113,85.8481
4,1930,463.575,543.105,85.8481
4,1931,463.575,506.922,85.8481
4,1932,463.575,506.922,85.8481
4,1933,463.575,506.922,85.8481
4,1934,463.575,506.922,85.8481
4,1935,463.575,506.922,85.8481
4,1936,463.575,506.735,85.8481
4,1937,463.575,506.735,85.8481
4,1938,463.575,506.735,85.8481
4,1939,463.575,506.735,85.8481
4,1940,463.575,506.735,85.8481
4,1941,463.575,506.735,85.8481
4,1942,463.575,506.735,85.8481
4,1943,463.575,506.735,85.8481
4,1944,463.575,506.735,85.8481
4,1945,463.575,506.735,85.8481
4,1946,463.575,506.735,85.8481
4,1947,463.575,506.227,85.8481
4,1948,463.575,506.735,85.8481
4,1949,463.575,506.735,85.8481
4,1950,463.575,506.735,85.8481
4,1951,463.575,506.735,85.8481
4,1952,463.575,506.735,85.8481
4,1953,463.575,506.735,85.8481
4,1954,463.575,506.922,85.8481
4,1955,463.575,506.922,85.8481
4,1956,463.575,506.922,85.8481
4,1957,463.575,506.922,85.8481
4,1958,463.575,506.922,85.8481
4,1959,463.575,506.735,85.8481
4,1960,463.575,506.735,85.8481
4,1961,463.575,509.635,84.9896
4,1962,463.575,509.635,84.9896
4,1963,463.575,506.735,84.9896
4,1964,463.575,515.087,84.9896
4,1965,463.575,515.087,84.9896
4,1966,463.575,515.087,84.9896
4,1967,463.575,515.087,84.9896
4,1968,463.575,515.087,84.9896
4,1969,463.575,515.087,84.9896
4,1970,463.575,515.087,84.9896
4,1971,463.575,515.087,84.9896
4,1972,463.575,515.087,84.9896
4,1973,463.575,515.087,84.9896
4,1974,463.575,515.087,84.9896
4,1975,463.575,503.556,84.9896
4,1976,463.575,503.556,84.9896
4,1977,463.575,503.556,84.9896
4,1978,463.575,503.556,84.9896
4,1979,463.575,503.556,84.9896
4,1980,463.575,503.556,84.9896
4,1981,463.575,503.556,84.9896
4,1982,463.575,503.556,84.9896
4,1983,463.575,503.556,84.9896
4,1984,463.575,503.556,84.9896
4,1985,463.575,503.556,84.9896
4,1986,463.575,503.556,84.9896
4,1987,463.575,503.556,84.9896
4,1988,463.575,503.556,84.9896
4,1989,463.575,503.556,84.9896
4,1990,463.575,503.556,84.9896
4,1991,463.575,503.556,84.9896
4,1992,463.575,503.556,84.9896
4,1993,463.575,503.556,84.9896
4,1994,463.575,503.556,84.9896
4,1995,463.575,503.556,84.9896
4,1996,463.575,563.51,84.9896
4,1997,463.575,563.51,84.9896
4,1998,463.575,499.272,84.9896
4,1999,463.575,499.272,84.9896
4,2000,463.575,499.272,84.9896
4,2001,463.575,499.272,84.1397
4,2002,463.575,499.272,84.1397
4,2003,463.575,499.272,84.1397
4,2004,463.575,499.272,84.1397
4,2005,463.575,499.272,84.1397
4,2006,463.575,499.272,84.1397
4,2007,463.575,499.272,84.1397
4,2008,463.575,499.272,84.1397
4,2009,463.575,499.272,84.1397
4,2010,463.575,499.272,84.1397
4,2011,463.575,499.272,84.1397
4,2012,463.575,499.272,84.1397
4,2013,463.575,499.272,84.1397
4,2014,463.575,499.272,84.1397
4,2015,463.575,499.272,84.1397
4,2016,463.575,499.272,84.1397
4,2017,463.575,499.272,84.1397
4,2018,463.575,499.272,84.1397
4,2019,463.575,499.272,84.1397
4,2020,463.575,499.272,84.1397
4,2021,463.575,499.272,84.1397
4,2022,463.575,499.272,84.1397
4,2023,463.575,499.272,84.1397
4,2024,463.575,499.272,84.1397
4,2025,463.575,499.272,84.1397
4,2026,463.575,499.272,84.1397
4,2027,463.575,499.272,84.1397
4,2028,463.575,486.631,84.1397
4,2029,463.575,486.631,84.1397
4,2030,463.575,486.631,84.1397
4,2031,463.575,486.631,84.1397
4,2032,463.575,486.631,84.1397
4,2033,463.575,486.631,84.1397
4,2034,463.575,486.631,84.1397
4,2035,463.575,486.631,84.1397
4,2036,463.575,486.631,84.1397
4,2037,463.575,486.631,84.1397
4,2038,463.575,486.631,84.1397
4,2039,463.575,486.631,84.1397
4,2040,463.575,486.631,84.1397
4,2041,463.575,486.631,83.2983
4,2042,463.575,486.631,83.2983
4,2043,463.575,486.631,83.2983
4,2044,463.575,486.631,83.2983
4,2045,463.575,486.631,83.2983
4,2046,463.575,486.631,83.2983
4,2047,463.575,477.196,83.2983
4,2048,463.575,477.196,83.2983
4,2049,463.575,477.196,83.2983
4,2050,463.575,477.196,83.2983
4,2051,463.575,477.196,83.2983
4,2052,463.575,477.196,83.2983
4,2053,463.575,477.196,83.2983
4,2054,463.575,477.196,83.2983
4,2055,463.575,477.196,83.2983
4,2056,463.575,477.196,83.2983
4,2057,463.575,477.196,83.2983
4,2058,463.575,477.196,83.2983
4,2059,463.575,477.196,83.2983
4,2060,463.575,477.196,83.2983
4,2061,463.575,477.196,83.2983
4,2062,463.575,477.196,83.2983
4,2063,463.575,477.196,83.2983
4,2064,463.575,477.196,83.2983
4,2065,463.575,477.196,83.2983
4,2066,463.575,477.196,83.2983
4,2067,463.575,477.196,83.2983
4,2068,463.575,477.196,83.2983
4,2069,463.575,476.577,83.2983
4,2070,463.575,476.577,83.2983
4,2071,463.575,476.577,83.2983
4,2072,463.575,476.577,83.2983
4,2073,463.575,476.577,83.2983
4,2074,463.575,476.577,83.2983
4,2075,463.575,476.577,83.2983
4,2076,463.575,476.577,83.2983
4,2077,463.575,476.577,83.2983
4,2078,463.575,476.577,83.2983
4,2079,463.575,476.577,83.2983
4,2080,463.575,476.577,83.2983
4,2081,463.575,476.577,82.4653
4,2082,463.575,486.013,82.4653
4,2083,463.575,486.013,82.4653
4,2084,463.575,486.013,82.4653
4,2085,463.575,486.013,82.4653
4,2086,463.575,486.013,82.4653
4,2087,463.575,486.013,82.4653
4,2088,463.575,486.013,82.4653
4,2089,463.575,486.013,82.4653
4,2090,463.575,486.013,82.4653
4,2091,463.575,486.013,82.4653
4,2092,463.575,486.013,82.4653
4,2093,463.575,486.013,82.4653
4,2094,463.575,486.013,82.4653
4,2095,463.575,486.013,82.4653
4,2096,463.575,486.013,82.4653
4,2097,463.575,486.013,82.4653
4,2098,463.575,486.013,82.4653
4,2099,463.575,486.013,82.4653
4,2100,463.575,486.013,82.4653
4,2101,463.575,486.013,82.4653
4,2102,463.575,486.013,82.4653
4,2103,463.575,486.013,82.4653
4,2104,463.575,486.013,82.4653
4,2105,463.575,486.013,82.4653
4,2106,463.575,497.458,82.4653
4,2107,463.575,497.458,82.4653
4,2108,463.575,497.458,82.4653
4,2109,463.575,497.458,82.4653
4,2110,463.575,497.458,82.4653
4,2111,463.575,497.458,82.4653
4,2112,463.575,497.458,82.4653
4,2113,463.575,497.458,82.4653
4,2114,463.575,497.458,82.4653
4,2115,463.575,497.458,82.4653
4,2116,463.575,497.458,82.4653
4,2117,463.575,497.458,82.4653
4,2118,463.575,497.458,82.4653
4,2119,463.575,497.458,82.4653
4,2120,463.575,497.458,82.4653
4,2121,463.575,497.458,81.6407
4,2122,463.575,497.458,81.6407
4,2123,463.575,497.458,81.6407
4,2124,463.575,497.458,81.6407
4,2125,463.575,497.458,81.6407
4,2126,463.575,497.458,81.6407
4,2127,463.575,497.458,81.6407
4,2128,463.575,497.458,81.6407
4,2129,463.575,497.458,81.6407
4,2130,463.575,497.458,81.6407
4,2131,463.575,497.458,81.6407
4,2132,463.575,497.458,81.6407
4,2133,463.575,497.458,81.6407
4,2134,463.575,497.458,81.6407
4,2135,463.575,497.458,81.6407
4,2136,463.575,497.458,81.6407
4,2137,463.575,497.458,81.6407
4,2138,463.575,497.458,81.6407
4,2139,463.575,497.458,81.6407
4,2140,463.575,497.458,81.6407
4,2141,463.575,497.458,81.6407
4,2142,463.575,497.458,81.6407
4,2143,463.575,497.458,81.6407
4,2144,463.575,497.458,81.6407
4,2145,463.575,543.105,81.6407
4,2146,463.575,543.105,81.6407
4,2147,463.575,543.105,81.6407
4,2148,463.575,543.105,81.6407
4,2149,463.575,543.105,81.6407
4,2150,463.575,563.505,81.6407
4,2151,463.575,563.505,81.6407
4,2152,463.575,563.505,81.6407
4,2153,463.575,563.505,81.6407
4,2154,463.575,563.505,81.6407
4,2155,463.575,563.505,81.6407
4,2156,463.575,563.505,81.6407
4,2157,463.575,506.922,81.6407
4,2158,463.575,506.735,81.6407
4,2159,463.575,506.735,81.6407
4,2160,463.575,506.735,81.6407
4,2161,463.575,506.735,80.8243
4,2162,463.575,506.735,80.8243
4,2163,463.575,506.735,80.8243
4,2164,463.575,506.735,80.8243
4,2165,463.575,506.735,80.8243
4,2166,463.575,506.735,80.8243
4,2167,463.575,506.735,80.8243
4,2168,463.575,506.735,80.8243
4,2169,463.575,506.735,80.8243
4,2170,463.575,506.735,80.8243
4,2171,463.575,506.735,80.8243
4,2172,463.575,506.735,80.8243
4,2173,463.575,609.399,80.8243
4,2174,463.575,506.735,80.8243
4,2175,463.575,506.735,80.8243
4,2176,463.575,506.735,80.8243
4,2177,463.575,506.735,80.8243
4,2178,463.575,506.735,80.8243
4,2179,463.575,506.735,80.8243
4,2180,463.575,506.735,80.8243
4,2181,463.575,506.735,80.8243
4,2182,463.575,506.735,80.8243
4,2183,463.575,506.735,80.8243
4,2184,463.575,506.735,80.8243
4,2185,463.575,506.735,80.8243
4,2186,463.575,506.735,80.8243
4,2187,463.575,506.735,80.8243
4,2188,463.575,506.735,80.8243
4,2189,463.575,506.735,80.8243
4,2190,463.575,506.735,80.8243
4,2191,463.575,506.735,80.8243
4,2192,463.575,506.735,80.8243
4,2193,463.575,506.735,80.8243
4,2194,463.575,506.735,80.8243
4,2195,463.575,506.735,80.8243
4,2196,463.575,506.735,80.8243
4,2197,463.575,506.735,80.8243
4,2198,463.575,506.735,80.8243
4,2199,463.575,506.735,80.8243
4,2200,463.575,506.735,80.8243
4,2201,463.575,506.735,80.016
4,2202,463.575,506.735,80.016
4,2203,463.575,506.735,80.016
4,2204,463.575,506.735,80.016
4,2205,463.575,506.735,80.016
4,2206,463.575,506.735,80.016
4,2207,463.575,506.735,80.016
4,2208,463.575,506.735,80.016
4,2209,463.575,506.735,80.016
4,2210,463.575,506.735,80.016
4,2211,463.575,506.735,80.016
4,2212,463.575,506.735,80.016
4,2213,463.575,506.735,80.016
4,2214,463.575,506.735,80.016
4,2215,463.575,506.735,80.016
4,2216,463.575,506.735,80.016
4,2217,463.575,506.735,80.016
4,2218,463.575,506.735,80.016
4,2219,463.575,506.735,80.016
4,2220,463.575,506.735,80.016
4,2221,463.575,506.735,80.016
4,2222,463.575,506.735,80.016
4,2223,463.575,506.735,80.016
4,2224,463.575,506.735,80.016
4,2225,463.575,506.735,80.016
4,2226,463.575,506.735,80.016
4,2227,463.575,506.735,80.016
4,2228,463.575,506.735,80.016
4,2229,463.575,506.735,80.016
4,2230,463.575,506.735,80.016
4,2231,463.575,506.735,80.016
4,2232,463.575,506.735,80.016
4,2233,463.575,506.735,80.016
4,2234,463.575,506.735,80.016
4,2235,463.575,506.735,80.016
4,2236,463.575,506.735,80.016
4,2237,463.575,506.735,80.016
4,2238,463.575,506.735,80.016
4,2239,463.575,506.735,80.016
4,2240,463.575,506.735,80.016
4,2241,463.575,506.735,79.2159
4,2242,463.575,506.735,79.2159
4,2243,463.575,506.735,79.2159
4,2244,463.575,506.735,79.2159
4,2245,463.575,506.735,79.2159
4,2246,463.575,506.735,79.2159
4,2247,463.575,506.735,79.2159
4,2248,463.575,506.735,79.2159
4,2249,463.575,506.735,79.2159
4,2250,463.575,506.735,79.2159
4,2251,463.575,506.735,79.2159
4,2252,463.575,506.735,79.2159
4,2253,463.575,506.735,79.2159
4,2254,463.575,506.735,79.2159
4,2255,463.575,506.735,79.2159
4,2256,463.575,506.735,79.2159
4,2257,463.575,506.735,79.2159
4,2258,463.575,506.735,79.2159
4,2259,463.575,506.735,79.2159
4,2260,463.575,506.735,79.2159
4,2261,463.575,506.735,79.2159
4,2262,463.575,506.735,79.2159
4,2263,463.575,506.735,79.2159
4,2264,463.575,506.735,79.2159
4,2265,463.575,506.735,79.2159
4,2266,463.575,506.735,79.2159
4,2267,463.575,493.802,79.2159
4,2268,463.575,493.802,79.2159
4,2269,463.575,493.802,79.2159
4,2270,463.575,493.802,79.2159
4,2271,463.575,493.802,79.2159
4,2272,463.575,493.802,79.2159
4,2273,463.575,493.802,79.2159
4,2274,463.575,493.802,79.2159
4,2275,463.575,493.802,79.2159
4,2276,463.575,493.802,79.2159
4,2277,463.575,493.802,79.2159
4,2278,463.575,493.802,79.2159
4,2279,463.575,493.802,79.2159
4,2280,463.575,493.802,79.2159
4,2281,463.575,493.802,78.4237
4,2282,463.575,493.802,78.4237
4,2283,463.575,493.802,78.4237
4,2284,463.575,493.802,78.4237
4,2285,463.575,493.802,78.4237
4,2286,463.575,493.802,78.4237
4,2287,463.575,493.802,78.4237
4,2288,463.575,493.802,78.4237
4,2289,463.575,493.802,78.4237
4,2290,463.575,493.802,78.4237
4,2291,463.575,493.802,78.4237
4,2292,463.575,493.802,78.4237
4,2293,463.575,493.802,78.4237
4,2294,463.575,493.802,78.4237
4,2295,463.575,493.802,78.4237
4,2296,463.575,493.802,78.4237
4,2297,463.575,493.802,78.4237
4,2298,463.575,493.802,78.4237
4,2299,463.575,493.802,78.4237
4,2300,463.575,493.802,78.4237
4,2301,463.575,493.802,78.4237
4,2302,463.575,493.802,78.4237
4,2303,463.575,493.802,78.4237
4,2304,463.575,493.802,78.4237
4,2305,463.575,493.802,78.4237
4,2306,463.575,493.802,78.4237
4,2307,463.575,493.802,78.4237
4,2308,463.575,493.802,78.4237
4,2309,463.575,493.802,78.4237
4,2310,463.575,493.802,78.4237
4,2311,463.575,506.735,78.4237
4,2312,463.575,506.735,78.4237
4,2313,463.575,506.735,78.4237
4,2314,463.575,506.735,78.4237
4,2315,463.575,506.735,78.4237
4,2316,463.575,506.735,78.4237
4,2317,463.575,506.735,78.4237
4,2318,463.575,506.735,78.4237
4,2319,463.575,506.735,78.4237
4,2320,463.575,506.735,78.4237
4,2321,463.575,506.735,77.6395
4,2322,463.575,506.735,77.6395
4,2323,463.575,506.735,77.6395
4,2324,463.575,506.735,77.6395
4,2325,463.575,506.735,77.6395
4,2326,463.575,506.735,77.6395
4,2327,463.575,506.735,77.6395
4,2328,463.575,506.735,77.6395
4,2329,463.575,506.735,77.6395
4,2330,463.575,506.735,77.6395
4,2331,463.575,506.735,77.6395
4,2332,463.575,506.735,77.6395
4,2333,463.575,506.735,77.6395
4,2334,463.575,506.735,77.6395
4,2335,463.575,506.735,77.6395
4,2336,463.575,506.735,77.6395
4,2337,463.575,506.735,77.6395
4,2338,463.575,506.735,77.6395
4,2339,463.575,506.735,77.6395
4,2340,463.575,506.735,77.6395
4,2341,463.575,506.735,77.6395
4,2342,463.575,506.735,77.6395
4,2343,463.575,506.735,77.6395
4,2344,463.575,506.735,77.6395
4,2345,463.575,506.735,77.6395
4,2346,463.575,506.735,77.6395
4,2347,463.575,506.735,77.6395
4,2348,463.575,506.735,77.6395
4,2349,463.575,506.735,77.6395
4,2350,463.575,493.802,77.6395
4,2351,463.575,493.802,77.6395
4,2352,463.575,493.802,77.6395
4,2353,463.575,493.802,77.6395
4,2354,463.575,493.802,77.6395
4,2355,463.575,493.802,77.6395
4,2356,463.575,493.802,77.6395
4,2357,463.575,493.802,77.6395
4,2358,463.575,493.802,77.6395
4,2359,463.575,493.802,77.6395
4,2360,463.575,493.802,77.6395
4,2361,463.575,493.802,76.8631
4,2362,463.575,493.802,76.8631
4,2363,463.575,493.802,76.8631
4,2364,463.575,493.802,76.8631
4,2365,463.575,493.802,76.8631
4,2366,463.575,493.802,76.8631
4,2367,463.575,493.802,76.8631
4,2368,463.575,493.802,76.8631
4,2369,463.575,493.802,76.8631
4,2370,463.575,493.802,76.8631
4,2371,463.575,493.802,76.8631
4,2372,463.575,493.802,76.8631
4,2373,463.575,493.802,76.8631
4,2374,463.575,493.802,76.8631
4,2375,463.575,493.802,76.8631
4,2376,463.575,493.802,76.8631
4,2377,463.575,493.802,76.8631
4,2378,463.575,493.802,76.8631
4,2379,463.575,493.802,76.8631
4,2380,463.575,493.802,76.8631
4,2381,463.575,493.802,76.8631
4,2382,463.575,493.802,76.8631
4,2383,463.575,493.802,76.8631
4,2384,463.575,493.802,76.8631
4,2385,463.575,493.802,76.8631
4,2386,463.575,493.802,76.8631
4,2387,463.575,493.802,76.8631
4,2388,463.575,493.802,76.8631
4,2389,463.575,493.802,76.8631
4,2390,463.575,493.802,76.8631
4,2391,463.575,493.802,76.8631
4,2392,463.575,493.802,76.8631
4,2393,463.575,493.802,76.8631
4,2394,463.575,493.802,76.8631
4,2395,463.575,493.802,76.8631
4,2396,463.575,493.802,76.8631
4,2397,463.575,493.802,76.8631
4,2398,463.575,493.802,76.8631
4,2399,463.575,493.802,76.8631
4,2400,463.575,493.802,76.8631
4,2401,463.575,493.802,76.0945
4,2402,463.575,493.802,76.0945
4,2403,463.575,493.802,76.0945
4,2404,463.575,493.802,76.0945
4,2405,463.575,493.802,76.0945
4,2406,463.575,493.802,76.0945
4,2407,463.575,493.802,76.0945
4,2408,463.575,493.802,76.0945
4,2409,463.575,493.802,76.0945
4,2410,463.575,493.802,76.0945
4,2411,463.575,493.802,76.0945
4,2412,463.575,493.802,76.0945
4,2413,463.575,493.802,76.0945
4,2414,463.575,493.802,76.0945
4,2415,463.575,493.802,76.0945
4,2416,463.575,493.802,76.0945
4,2417,463.575,493.802,76.0945
4,2418,463.575,493.802,76.0945
4,2419,463.575,493.802,76.0945
4,2420,463.575,493.802,76.0945
4,2421,463.575,493.802,76.0945
4,2422,463.575,493.802,76.0945
4,2423,463.575,493.802,76.0945
4,2424,463.575,493.802,76.0945
4,2425,463.575,493.802,76.0945
4,2426,463.575,493.802,76.0945
4,2427,463.575,493.802,76.0945
4,2428,463.575,493.802,76.0945
4,2429,463.575,493.802,76.0945
4,2430,463.575,493.802,76.0945
4,2431,463.575,493.802,76.0945
4,2432,463.575,493.802,76.0945
4,2433,463.575,493.802,76.0945
4,2434,463.575,493.802,76.0945
4,2435,463.575,493.802,76.0945
4,2436,463.575,493.802,76.0945
4,2437,463.575,493.802,76.0945
4,2438,463.575,493.802,76.0945
4,2439,463.575,493.802,76.0945
4,2440,463.575,493.802,76.0945
4,2441,463.575,493.802,75.3335
4,2442,463.575,493.802,75.3335
4,2443,463.575,493.802,75.3335
4,2444,463.575,493.802,75.3335
4,2445,463.575,493.802,75.3335
4,2446,463.575,493.802,75.3335
4,2447,463.575,493.802,75.3335
4,2448,463.575,493.802,75.3335
4,2449,463.575,493.802,75.3335
4,2450,463.575,493.802,75.3335
4,2451,463.575,493.802,75.3335
4,2452,463.575,493.802,75.3335
4,2453,463.575,493.802,75.3335
4,2454,463.575,493.802,75.3335
4,2455,463.575,493.802,75.3335
4,2456,463.575,493.802,75.3335
4,2457,463.575,493.802,75.3335
4,2458,463.575,493.802,75.3335
4,2459,463.575,493.802,75.3335
4,2460,463.575,493.802,75.3335
4,2461,463.575,493.802,75.3335
4,2462,463.575,493.802,75.3335
4,2463,463.575,493.802,75.3335
4,2464,463.575,493.802,75.3335
4,2465,463.575,493.802,75.3335
4,2466,463.575,493.802,75.3335
4,2467,463.575,493.802,75.3335
4,2468,463.575,493.802,75.3335
4,2469,463.575,493.802,75.3335
4,2470,463.575,493.802,75.3335
4,2471,463.575,493.802,75.3335
4,2472,463.575,493.802,75.3335
4,2473,463.575,493.802,75.3335
4,2474,463.575,493.802,75.3335
4,2475,463.575,515.087,75.3335
4,2476,463.575,515.087,75.3335
4,2477,463.575,515.087,75.3335
4,2478,463.575,515.087,75.3335
4,2479,463.575,515.087,75.3335
4,2480,463.575,515.087,75.3335
4,2481,463.575,515.087,74.5802
4,2482,463.575,515.087,74.5802
4,2483,463.575,515.087,74.5802
4,2484,463.575,515.087,74.5802
4,2485,463.575,515.087,74.5802
4,2486,463.575,515.087,74.5802
4,2487,463.575,515.087,74.5802
4,2488,463.575,515.087,74.5802
4,2489,463.575,515.087,74.5802
4,2490,463.575,515.087,74.5802
4,2491,463.575,506.735,74.5802
4,2492,463.575,506.735,74.5802
4,2493,463.575,506.735,74.5802
4,2494,463.575,506.735,74.5802
4,2495,463.575,506.735,74.5802
4,2496,463.575,506.735,74.5802
4,2497,463.575,506.735,74.5802
4,2498,463.575,506.735,74.5802
4,2499,463.575,506.735,74.5802
4,2500,463.575,506.735,74.5802
4,2501,463.575,506.735,74.5802
4,2502,463.575,506.735,74.5802
4,2503,463.575,506.735,74.5802
4,2504,463.575,506.735,74.5802
4,2505,463.575,506.735,74.5802
4,2506,463.575,506.735,74.5802
4,2507,463.575,506.735,74.5802
4,2508,463.575,506.735,74.5802
4,2509,463.575,506.735,74.5802
4,2510,463.575,506.735,74.5802
4,2511,463.575,506.735,74.5802
4,2512,463.575,506.735,74.5802
4,2513,463.575,506.735,74.5802
4,2514,463.575,506.735,74.5802
4,2515,463.575,506.735,74.5802
4,2516,463.575,506.735,74.5802
4,2517,463.575,506.735,74.5802
4,2518,463.575,506.735,74.5802
4,2519,463.575,506.735,74.5802
4,2520,463.575,506.735,74.5802
4,2521,463.575,493.802,73.8344
4,2522,463.575,493.802,73.8344
4,2523,463.575,493.802,73.8344
4,2524,463.575,493.802,73.8344
4,2525,463.575,493.802,73.8344
4,2526,463.575,493.802,73.8344
4,2527,463.575,493.802,73.8344
4,2528,463.575,493.802,73.8344
4,2529,463.575,493.802,73.8344
4,2530,463.575,493.802,73.8344
4,2531,463.575,493.802,73.8344
4,2532,463.575,493.802,73.8344
4,2533,463.575,493.802,73.8344
4,2534,463.575,493.802,73.8344
4,2535,463.575,493.802,73.8344
4,2536,463.575,493.802,73.8344
4,2537,463.575,493.802,73.8344
4,2538,463.575,493.802,73.8344
4,2539,463.575,493.802,73.8344
4,2540,463.575,493.802,73.8344
4,2541,463.575,493.802,73.8344
4,2542,463.575,493.802,73.8344
4,2543,463.575,493.802,73.8344
4,2544,463.575,493.802,73.8344
4,2545,463.575,493.802,73.8344
4,2546,463.575,493.802,73.8344
4,2547,463.575,493.802,73.8344
4,2548,463.575,493.802,73.8344
4,2549,463.575,493.802,73.8344
4,2550,463.575,493.802,73.8344
4,2551,463.575,493.802,73.8344
4,2552,463.575,542.659,73.8344
4,2553,463.575,538.717,73.8344
4,2554,463.575,538.717,73.8344
4,2555,463.575,538.717,73.8344
4,2556,463.575,493.802,73.8344
4,2557,463.575,493.802,73.8344
4,2558,463.575,493.802,73.8344
4,2559,463.575,493.802,73.8344
4,2560,463.575,493.802,73.8344
4,2561,463.575,493.802,73.096
4,2562,463.575,493.802,73.096
4,2563,463.575,493.802,73.096
4,2564,463.575,493.802,73.096
4,2565,463.575,493.802,73.096
4,2566,463.575,493.802,73.096
4,2567,463.575,493.802,73.096
4,2568,463.575,493.802,73.096
4,2569,463.575,493.802,73.096
4,2570,463.575,493.802,73.096
4,2571,463.575,493.802,73.096
4,2572,463.575,493.802,73.096
4,2573,463.575,493.802,73.096
4,2574,463.575,493.802,73.096
4,2575,463.575,493.802,73.096
4,2576,463.575,493.802,73.096
4,2577,463.575,493.802,73.096
4,2578,463.575,493.802,73.096
4,2579,463.575,493.802,73.096
4,2580,463.575,493.802,73.096
4,2581,463.575,493.802,73.096
4,2582,463.575,493.802,73.096
4,2583,463.575,493.802,73.096
4,2584,463.575,493.802,73.096
4,2585,463.575,493.802,73.096
4,2586,463.575,493.802,73.096
4,2587,463.575,493.802,73.096
4,2588,463.575,493.802,73.096
4,2589,463.575,493.802,73.096
4,2590,463.575,493.802,73.096
4,2591,463.575,493.802,73.096
4,2592,463.575,493.802,73.096
4,2593,463.575,493.802,73.096
4,2594,463.575,493.802,73.096
4,2595,463.575,493.802,73.096
4,2596,463.575,493.802,73.096
4,2597,463.575,493.802,73.096
4,2598,463.575,493.802,73.096
4,2599,463.575,493.802,73.096
4,2600,463.575,493.802,73.096
4,2601,463.575,493.802,72.3651
4,2602,463.575,493.802,72.3651
4,2603,463.575,493.802,72.3651
4,2604,463.575,493.802,72.3651
4,2605,463.575,493.802,72.3651
4,2606,463.575,493.802,72.3651
4,2607,463.575,493.802,72.3651
4,2608,463.575,493.802,72.3651
4,2609,463.575,493.802,72.3651
4,2610,463.575,493.802,72.3651
4,2611,463.575,493.802,72.3651
4,2612,463.575,493.802,72.3651
4,2613,463.575,493.802,72.3651
4,2614,463.575,493.802,72.3651
4,2615,463.575,493.802,72.3651
4,2616,463.575,493.802,72.3651
4,2617,463.575,493.802,72.3651
4,2618,463.575,493.802,72.3651
4,2619,463.575,493.802,72.3651
4,2620,463.575,493.802,72.3651
4,2621,463.575,493.802,72.3651
4,2622,463.575,493.802,72.3651
4,2623,463.575,493.802,72.3651
4,2624,463.575,493.802,72.3651
4,2625,463.575,493.802,72.3651
4,2626,463.575,493.802,72.3651
4,2627,463.575,493.802,72.3651
4,2628,463.575,495.313,72.3651
4,2629,463.575,495.313,72.3651
4,2630,463.575,495.313,72.3651
4,2631,463.575,495.313,72.3651
4,2632,463.575,495.313,72.3651
4,2633,463.575,495.313,72.3651
4,2634,463.575,495.313,72.3651
4,2635,463.575,495.313,72.3651
4,2636,463.575,495.313,72.3651
4,2637,463.575,495.313,72.3651
4,2638,463.575,495.313,72.3651
4,2639,463.575,495.313,72.3651
4,2640,463.575,495.313,72.3651
4,2641,463.575,495.313,71.6414
4,2642,463.575,495.313,71.6414
4,2643,463.575,495.313,71.6414
4,2644,463.575,495.313,71.6414
4,2645,463.575,495.313,71.6414
4,2646,463.575,495.313,71.6414
4,2647,463.575,495.313,71.6414
4,2648,463.575,495.313,71.6414
4,2649,463.575,495.313,71.6414
4,2650,463.575,495.313,71.6414
4,2651,463.575,493.802,71.6414
4,2652,463.575,493.802,71.6414
4,2653,463.575,493.802,71.6414
4,2654,463.575,493.802,71.6414
4,2655,463.575,493.802,71.6414
4,2656,463.575,493.802,71.6414
4,2657,463.575,493.802,71.6414
4,2658,463.575,493.802,71.6414
4,2659,463.575,493.802,71.6414
4,2660,463.575,493.802,71.6414
4,2661,463.575,493.802,71.6414
4,2662,463.575,493.802,71.6414
4,2663,463.575,493.802,71.6414
4,2664,463.575,493.802,71.6414
4,2665,463.575,493.802,71.6414
4,2666,463.575,493.802,71.6414
4,2667,463.575,493.802,71.6414
4,2668,463.575,493.802,71.6414
4,2669,463.575,493.802,71.6414
4,2670,463.575,493.802,71.6414
4,2671,463.575,493.802,71.6414
4,2672,463.575,493.802,71.6414
4,2673,463.575,493.802,71.6414
4,2674,463.575,493.802,71.6414
4,2675,463.575,493.802,71.6414
4,2676,463.575,493.802,71.6414
4,2677,463.575,493.802,71.6414
4,2678,463.575,493.802,71.6414
4,2679,463.575,493.802,71.6414
4,2680,463.575,493.802,71.6414
4,2681,463.575,493.802,70.925
4,2682,463.575,493.802,70.925
4,2683,463.575,493.802,70.925
4,2684,463.575,493.802,70.925
4,2685,463.575,493.802,70.925
4,2686,463.575,493.802,70.925
4,2687,463.575,493.802,70.925
4,2688,463.575,493.802,70.925
4,2689,463.575,493.802,70.925
4,2690,463.575,493.802,70.925
4,2691,463.575,493.802,70.925
4,2692,463.575,493.802,70.925
4,2693,463.575,493.802,70.925
4,2694,463.575,493.802,70.925
4,2695,463.575,493.802,70.925
4,2696,463.575,493.802,70.925
4,2697,463.575,493.802,70.925
4,2698,463.575,493.802,70.925
4,2699,463.575,493.802,70.925
4,2700,463.575,493.802,70.925
4,2701,463.575,493.802,70.925
4,2702,463.575,493.802,70.925
4,2703,463.575,493.802,70.925
4,2704,463.575,493.802,70.925
4,2705,463.575,493.802,70.925
4,2706,463.575,493.802,70.925
4,2707,463.575,493.802,70.925
4,2708,463.575,493.802,70.925
4,2709,463.575,493.802,70.925
4,2710,463.575,493.802,70.925
4,2711,463.575,493.802,70.925
4,2712,463.575,493.802,70.925
4,2713,463.575,493.802,70.925
4,2714,463.575,493.802,70.925
4,2715,463.575,493.802,70.925
4,2716,463.575,493.802,70.925
4,2717,463.575,493.802,70.925
4,2718,463.575,493.802,70.925
4,2719,463.575,493.802,70.925
4,2720,463.575,493.802,70.925
4,2721,463.575,493.802,70.2158
4,2722,463.575,493.802,70.2158
4,2723,463.575,493.802,70.2158
4,2724,463.575,493.802,70.2158
4,2725,463.575,493.802,70.2158
4,2726,463.575,493.802,70.2158
4,2727,463.575,493.802,70.2158
4,2728,463.575,493.802,70.2158
4,2729,463.575,493.802,70.2158
4,2730,463.575,493.802,70.2158
4,2731,463.575,493.802,70.2158
4,2732,463.575,493.802,70.2158
4,2733,463.575,515.087,70.2158
4,2734,463.575,515.087,70.2158
4,2735,463.575,515.087,70.2158
4,2736,463.575,515.087,70.2158
4,2737,463.575,515.087,70.2158
4,2738,463.575,515.087,70.2158
4,2739,463.575,515.087,70.2158
4,2740,463.575,515.087,70.2158
4,2741,463.575,515.087,70.2158
4,2742,463.575,515.087,70.2158
4,2743,463.575,515.087,70.2158
4,2744,463.575,515.087,70.2158
4,2745,463.575,515.087,70.2158
4,2746,463.575,515.087,70.2158
4,2747,463.575,515.087,70.2158
4,2748,463.575,515.087,70.2158
4,2749,463.575,515.087,70.2158
4,2750,463.575,515.087,70.2158
4,2751,463.575,510.371,70.2158
4,2752,463.575,510.371,70.2158
4,2753,463.575,510.371,70.2158
4,2754,463.575,510.371,70.2158
4,2755,463.575,510.371,70.2158
4,2756,463.575,510.371,70.2158
4,2757,463.575,506.735,70.2158
4,2758,463.575,506.735,70.2158
4,2759,463.575,515.087,70.2158
4,2760,463.575,510.371,70.2158
4,2761,463.575,510.371,69.5136
4,2762,463.575,510.371,69.5136
4,2763,463.575,510.371,69.5136
4,2764,463.575,510.371,69.5136
4,2765,463.575,510.371,69.5136
4,2766,463.575,510.371,69.5136
4,2767,463.575,566.555,69.5136
4,2768,463.575,566.555,69.5136
4,2769,463.575,566.555,69.5136
4,2770,463.575,566.555,69.5136
4,2771,463.575,566.555,69.5136
4,2772,463.575,566.555,69.5136
4,2773,463.575,566.555,69.5136
4,2774,463.575,566.555,69.5136
4,2775,463.575,566.555,69.5136
4,2776,463.575,510.371,69.5136
4,2777,463.575,510.371,69.5136
4,2778,463.575,510.371,69.5136
4,2779,463.575,510.371,69.5136
4,2780,463.575,510.371,69.5136
4,2781,463.575,510.371,69.5136
4,2782,463.575,510.371,69.5136
4,2783,463.575,510.371,69.5136
4,2784,463.575,510.371,69.5136
4,2785,463.575,510.371,69.5136
4,2786,463.575,510.371,69.5136
4,2787,463.575,510.371,69.5136
4,2788,463.575,510.371,69.5136
4,2789,463.575,510.371,69.5136
4,2790,463.575,510.371,69.5136
4,2791,463.575,510.371,69.5136
4,2792,463.575,510.371,69.5136
4,2793,463.575,510.371,69.5136
4,2794,463.575,510.371,69.5136
4,2795,463.575,510.371,69.5136
4,2796,463.575,510.371,69.5136
4,2797,463.575,510.371,69.5136
4,2798,463.575,510.371,69.5136
4,2799,463.575,510.371,69.5136
4,2800,463.575,510.371,69.5136
4,2801,463.575,510.371,68.8185
4,2802,463.575,510.371,68.8185
4,2803,463.575,510.371,68.8185
4,2804,463.575,510.371,68.8185
4,2805,463.575,510.371,68.8185
4,2806,463.575,510.371,68.8185
4,2807,463.575,510.371,68.8185
4,2808,463.575,510.371,68.8185
4,2809,463.575,510.371,68.8185
4,2810,463.575,510.371,68.8185
4,2811,463.575,510.371,68.8185
4,2812,463.575,510.371,68.8185
4,2813,463.575,510.371,68.8185
4,2814,463.575,510.371,68.8185
4,2815,463.575,510.371,68.8185
4,2816,463.575,510.371,68.8185
4,2817,463.575,510.371,68.8185
4,2818,463.575,510.371,68.8185
4,2819,463.575,510.371,68.8185
4,2820,463.575,510.371,68.8185
4,2821,463.575,510.371,68.8185
4,2822,463.575,510.371,68.8185
4,2823,463.575,510.371,68.8185
4,2824,463.575,510.371,68.8185
4,2825,463.575,510.371,68.8185
4,2826,463.575,510.371,68.8185
4,2827,463.575,510.371,68.8185
4,2828,463.575,510.371,68.8185
4,2829,463.575,510.371,68.8185
4,2830,463.575,510.371,68.8185
4,2831,463.575,510.371,68.8185
4,2832,463.575,510.371,68.8185
4,2833,463.575,510.371,68.8185
4,2834,463.575,510.371,68.8185
4,2835,463.575,510.371,68.8185
4,2836,463.575,510.371,68.8185
4,2837,463.575,510.371,68.8185
4,2838,463.575,510.371,68.8185
4,2839,463.575,510.371,68.8185
4,2840,463.575,510.371,68.8185
4,2841,463.575,510.371,68.1303
4,2842,463.575,510.371,68.1303
4,2843,463.575,510.371,68.1303
4,2844,463.575,510.371,68.1303
4,2845,463.575,510.371,68.1303
4,2846,463.575,510.371,68.1303
4,2847,463.575,510.371,68.1303
4,2848,463.575,510.371,68.1303
4,2849,463.575,510.371,68.1303
4,2850,463.575,510.371,68.1303
4,2851,463.575,510.371,68.1303
4,2852,463.575,510.371,68.1303
4,2853,463.575,510.371,68.1303
4,2854,463.575,510.371,68.1303
4,2855,463.575,510.371,68.1303
4,2856,463.575,510.371,68.1303
4,2857,463.575,506.735,68.1303
4,2858,463.575,506.735,68.1303
4,2859,463.575,506.735,68.1303
4,2860,463.575,506.735,68.1303
4,2861,463.575,506.735,68.1303
4,2862,463.575,506.735,68.1303
4,2863,463.575,506.735,68.1303
4,2864,463.575,506.735,68.1303
4,2865,463.575,506.735,68.1303
4,2866,463.575,506.735,68.1303
4,2867,463.575,506.735,68.1303
4,2868,463.575,506.735,68.1303
4,2869,463.575,506.735,68.1303
4,2870,463.575,493.802,68.1303
4,2871,463.575,506.735,68.1303
4,2872,463.575,506.735,68.1303
4,2873,463.575,506.735,68.1303
4,2874,463.575,506.735,68.1303
4,2875,463.575,506.735,68.1303
4,2876,463.575,506.735,68.1303
4,2877,463.575,506.735,68.1303
4,2878,463.575,506.735,68.1303
4,2879,463.575,506.735,68.1303
4,2880,463.575,506.735,68.1303
4,2881,463.575,506.735,67.449
4,2882,463.575,506.735,67.449
4,2883,463.575,506.735,67.449
4,2884,463.575,506.735,67.449
4,2885,463.575,506.735,67.449
4,2886,463.575,506.735,67.449
4,2887,463.575,506.735,67.449
4,2888,463.575,506.735,67.449
4,2889,463.575,506.735,67.449
4,2890,463.575,506.735,67.449
4,2891,463.575,506.735,67.449
4,2892,463.575,506.735,67.449
4,2893,463.575,506.735,67.449
4,2894,463.575,506.735,67.449
4,2895,463.575,506.735,67.449
4,2896,463.575,506.735,67.449
4,2897,463.575,506.735,67.449
4,2898,463.575,506.735,67.449
4,2899,463.575,506.735,67.449
4,2900,463.575,506.735,67.449
4,2901,463.575,506.735,67.449
4,2902,463.575,506.735,67.449
4,2903,463.575,506.735,67.449
4,2904,463.575,506.735,67.449
4,2905,463.575,506.735,67.449
4,2906,463.575,506.735,67.449
4,2907,463.575,506.735,67.449
4,2908,463.575,506.735,67.449
4,2909,463.575,506.735,67.449
4,2910,463.575,506.735,67.449
4,2911,463.575,506.735,67.449
4,2912,463.575,506.735,67.449
4,2913,463.575,506.735,67.449
4,2914,463.575,506.735,67.449
4,2915,463.575,506.735,67.449
4,2916,463.575,506.735,67.449
4,2917,463.575,564.053,67.449
4,2918,463.575,564.053,67.449
4,2919,463.575,564.053,67.449
4,2920,463.575,564.053,67.449
4,2921,463.575,564.053,66.7745
4,2922,463.575,510.371,66.7745
4,2923,463.575,510.371,66.7745
4,2924,463.575,510.371,66.7745
4,2925,463.575,510.371,66.7745
4,2926,463.575,598.649,66.7745
4,2927,463.575,598.649,66.7745
4,2928,463.575,598.649,66.7745
4,2929,463.575,598.649,66.7745
4,2930,463.575,510.371,66.7745
4,2931,463.575,510.371,66.7745
4,2932,463.575,510.371,66.7745
4,2933,463.575,510.371,66.7745
4,2934,463.575,510.371,66.7745
4,2935,463.575,510.371,66.7745
4,2936,463.575,510.371,66.7745
4,2937,463.575,510.371,66.7745
4,2938,463.575,510.371,66.7745
4,2939,463.575,510.371,66.7745
4,2940,463.575,510.371,66.7745
4,2941,463.575,510.371,66.7745
4,2942,463.575,510.371,66.7745
4,2943,463.575,510.371,66.7745
4,2944,463.575,510.371,66.7745
4,2945,463.575,510.371,66.7745
4,2946,463.575,510.371,66.7745
4,2947,463.575,510.371,66.7745
4,2948,463.575,510.371,66.7745
4,2949,463.575,510.371,66.7745
4,2950,463.575,510.371,66.7745
4,2951,463.575,510.371,66.7745
4,2952,463.575,510.371,66.7745
4,2953,463.575,510.371,66.7745
4,2954,463.575,510.371,66.7745
4,2955,463.575,510.371,66.7745
4,2956,463.575,510.371,66.7745
4,2957,463.575,510.371,66.7745
4,2958,463.575,510.371,66.7745
4,2959,463.575,510.371,66.7745
4,2960,463.575,510.371,66.7745
