phase,iteration,best_cost,current_cost,temperature
1,1,683.014,683.014,0
1,2,683.014,687.968,0
1,3,671.636,671.636,0
1,4,671.636,683.014,0
1,5,671.636,683.014,0
1,6,671.636,683.014,0
1,7,671.636,671.636,0
1,8,671.636,687.968,0
1,9,671.636,683.014,0
1,10,671.636,683.014,0
1,11,671.636,675.417,0
1,12,671.636,683.014,0
1,13,671.636,679.781,0
1,14,671.636,683.014,0
1,15,671.636,683.014,0
1,16,671.636,687.444,0
1,17,671.636,687.968,0
1,18,671.636,683.014,0
1,19,671.636,675.417,0
1,20,671.636,687.444,0
2,1,671.636,730.341,201.491
2,2,671.636,730.341,201.491
2,3,671.636,730.341,201.491
2,4,671.636,730.341,201.491
2,5,671.636,689.329,201.491
2,6,671.636,689.329,201.491
2,7,671.636,689.329,201.491
2,8,671.636,689.329,201.491
2,9,671.636,681.712,201.491
2,10,671.636,681.712,201.491
2,11,671.636,681.712,201.491
2,12,671.636,681.712,201.491
2,13,671.636,691.079,201.491
2,14,671.636,691.079,201.491
2,15,671.636,685.723,201.491
2,16,671.636,685.723,201.491
2,17,671.636,685.723,201.491
2,18,671.636,685.723,201.491
2,19,671.636,685.723,201.491
2,20,671.636,685.723,201.491
2,21,671.636,685.723,201.491
2,22,671.636,685.723,201.491
2,23,671.636,685.723,201.491
2,24,671.636,685.723,201.491
2,25,671.636,685.723,201.491
2,26,671.636,685.723,201.491
2,27,671.636,691.602,201.491
2,28,671.636,691.602,201.491
2,29,671.636,687.143,201.491
2,30,671.636,687.143,201.491
2,31,671.636,687.143,201.491
2,32,671.636,687.143,201.491
2,33,671.636,687.143,201.491
2,34,671.636,687.143,201.491
2,35,671.636,687.143,201.491
2,36,671.636,687.143,201.491
2,37,671.636,687.143,201.491
2,38,671.636,687.143,201.491
2,39,671.636,687.143,201.491
2,40,671.636,687.143,201.491
2,41,671.636,685.379,199.476
2,42,671.636,685.379,199.476
2,43,671.636,685.379,199.476
2,44,671.636,681.367,199.476
2,45,671.636,681.367,199.476
2,46,671.636,681.367,199.476
2,47,671.636,681.367,199.476
2,48,671.636,681.367,199.476
2,49,671.636,681.367,199.476
2,50,671.636,681.367,199.476
2,51,671.636,681.367,199.476
2,52,671.636,681.367,199.476
2,53,671.636,681.367,199.476
2,54,671.636,681.367,199.476
2,55,671.636,681.367,199.476
2,56,671.636,681.367,199.476
2,57,671.636,681.367,199.476
2,58,671.636,681.367,199.476
2,59,671.636,681.367,199.476
2,60,671.636,681.367,199.476
2,61,671.636,681.367,199.476
2,62,671.636,681.367,199.476
2,63,671.636,681.325,199.476
2,64,671.636,677.669,199.476
2,65,671.636,677.669,199.476
2,66,671.636,677.669,199.476
2,67,671.636,715.198,199.476
2,68,671.636,715.198,199.476
2,69,671.636,687.143,199.476
2,70,671.636,687.143,199.476
2,71,671.636,687.143,199.476
2,72,671.636,687.143,199.476
2,73,671.636,681.325,199.476
2,74,671.636,681.325,199.476
2,75,671.636,1004.32,199.476
2,76,671.636,1004.32,199.476
2,77,671.636,979.04,199.476
2,78,671.636,978.926,199.476
2,79,671.636,978.926,199.476
2,80,671.636,978.926,199.476
2,81,671.636,978.926,197.481
2,82,671.636,978.926,197.481
2,83,671.636,975.27,197.481
2,84,671.636,1022.91,197.481
2,85,671.636,1022.91,197.481
2,86,671.636,1022.91,197.481
2,87,671.636,975.383,197.481
2,88,671.636,975.383,197.481
2,89,671.636,975.383,197.481
2,90,671.636,975.383,197.481
2,91,671.636,975.383,197.481
2,92,671.636,975.383,197.481
2,93,671.636,975.383,197.481
2,94,671.636,975.383,197.481
2,95,671.636,975.383,197.481
2,96,671.636,975.383,197.481
2,97,671.636,975.27,197.481
2,98,671.636,683.985,197.481
2,99,671.636,683.985,197.481
2,100,671.636,683.985,197.481
2,101,671.636,683.985,197.481
2,102,671.636,683.985,197.481
2,103,671.636,683.985,197.481
2,104,671.636,683.985,197.481
2,105,671.636,683.985,197.481
2,106,671.636,683.985,197.481
2,107,671.636,681.873,197.481
2,108,671.636,681.873,197.481
2,109,671.636,681.873,197.481
2,110,671.636,681.873,197.481
2,111,671.636,681.873,197.481
2,112,671.636,715.198,197.481
2,113,671.636,715.198,197.481
2,114,671.636,715.198,197.481
2,115,671.636,715.198,197.481
2,116,671.636,715.198,197.481
2,117,671.636,715.198,197.481
2,118,671.636,715.198,197.481
2,119,671.636,715.198,197.481
2,120,671.636,715.198,197.481
2,121,671.636,715.198,195.506
2,122,671.636,715.198,195.506
2,123,671.636,715.198,195.506
2,124,671.636,687.143,195.506
2,125,671.636,687.143,195.506
2,126,671.636,687.143,195.506
2,127,671.636,687.143,195.506
2,128,671.636,687.143,195.506
2,129,671.636,687.143,195.506
2,130,671.636,687.143,195.506
2,131,671.636,687.143,195.506
2,132,671.636,687.143,195.506
2,133,671.636,687.143,195.506
2,134,671.636,687.143,195.506
2,135,667.523,667.523,195.506
2,136,667.523,667.523,195.506
2,137,667.523,667.523,195.506
2,138,667.523,667.523,195.506
2,139,667.523,667.523,195.506
2,140,667.523,667.523,195.506
2,141,667.523,667.523,195.506
2,142,667.523,667.523,195.506
2,143,667.523,669.924,195.506
2,144,667.523,669.924,195.506
2,145,667.523,669.924,195.506
2,146,667.523,669.924,195.506
2,147,667.523,669.924,195.506
2,148,667.523,669.924,195.506
2,149,667.523,669.924,195.506
2,150,667.523,669.924,195.506
2,151,667.523,669.924,195.506
2,152,667.523,669.924,195.506
2,153,667.523,669.924,195.506
2,154,667.523,669.924,195.506
2,155,667.523,669.924,195.506
2,156,667.523,669.924,195.506
2,157,667.523,669.924,195.506
2,158,667.523,669.924,195.506
2,159,667.523,669.924,195.506
2,160,667.523,669.924,195.506
2,161,667.523,669.811,193.551
2,162,667.523,669.811,193.551
2,163,667.523,669.811,193.551
2,164,667.523,669.811,193.551
2,165,667.523,669.811,193.551
2,166,667.523,669.811,193.551
2,167,667.523,669.811,193.551
2,168,667.523,669.811,193.551
2,169,667.523,669.811,193.551
2,170,667.523,669.811,193.551
2,171,667.523,669.811,193.551
2,172,667.523,669.811,193.551
2,173,667.523,669.811,193.551
2,174,667.523,669.811,193.551
2,175,665.912,665.912,193.551
2,176,665.912,743.58,193.551
2,177,665.912,709.256,193.551
2,178,665.912,702.978,193.551
2,179,665.912,702.978,193.551
2,180,665.912,702.978,193.551
2,181,665.912,702.978,193.551
2,182,665.912,689.766,193.551
2,183,665.912,689.766,193.551
2,184,665.912,689.766,193.551
2,185,665.912,688.242,193.551
2,186,665.912,685.276,193.551
2,187,665.912,677.649,193.551
2,188,665.912,677.649,193.551
2,189,665.912,677.649,193.551
2,190,665.912,677.649,193.551
2,191,665.912,677.649,193.551
2,192,665.912,677.649,193.551
2,193,665.912,689.175,193.551
2,194,665.912,689.175,193.551
2,195,665.912,689.175,193.551
2,196,665.912,689.175,193.551
2,197,665.912,689.175,193.551
2,198,657.139,657.139,193.551
2,199,657.139,657.139,193.551
2,200,644.36,644.36,193.551
2,201,644.36,709.13,191.616
2,202,644.36,685.547,191.616
2,203,644.36,685.547,191.616
2,204,644.36,686.265,191.616
2,205,644.36,686.265,191.616
2,206,644.36,686.265,191.616
2,207,644.36,646.327,191.616
2,208,644.36,980.079,191.616
2,209,644.36,954.904,191.616
2,210,644.36,954.904,191.616
2,211,644.36,954.904,191.616
2,212,644.36,954.904,191.616
2,213,644.36,954.904,191.616
2,214,644.36,954.904,191.616
2,215,644.36,954.904,191.616
2,216,644.36,954.904,191.616
2,217,644.36,954.904,191.616
2,218,644.36,954.904,191.616
2,219,644.36,954.904,191.616
2,220,644.36,954.904,191.616
2,221,644.36,954.904,191.616
2,222,644.36,954.904,191.616
2,223,644.36,954.904,191.616
2,224,644.36,954.904,191.616
2,225,644.36,954.904,191.616
2,226,644.36,954.904,191.616
2,227,644.36,954.904,191.616
2,228,644.36,954.904,191.616
2,229,644.36,942.127,191.616
2,230,644.36,942.127,191.616
2,231,644.36,1013.73,191.616
2,232,644.36,1013.73,191.616
2,233,644.36,1013.73,191.616
2,234,644.36,699.938,191.616
2,235,644.36,699.938,191.616
2,236,644.36,699.938,191.616
2,237,644.36,699.938,191.616
2,238,644.36,699.938,191.616
2,239,644.36,699.938,191.616
2,240,644.36,699.938,191.616
2,241,644.36,664.781,189.699
2,242,644.36,664.781,189.699
2,243,644.36,664.781,189.699
2,244,644.36,664.781,189.699
2,245,644.36,664.781,189.699
2,246,644.36,664.781,189.699
2,247,644.36,664.781,189.699
2,248,644.36,664.781,189.699
2,249,644.36,664.781,189.699
2,250,644.36,664.781,189.699
2,251,644.36,664.781,189.699
2,252,644.36,664.781,189.699
2,253,644.36,664.781,189.699
2,254,644.36,664.781,189.699
2,255,644.36,664.781,189.699
2,256,644.36,664.781,189.699
2,257,644.36,673.72,189.699
2,258,644.36,673.72,189.699
2,259,644.36,673.72,189.699
2,260,644.36,673.72,189.699
2,261,644.36,673.72,189.699
2,262,644.36,777.817,189.699
2,263,644.36,777.817,189.699
2,264,644.36,777.817,189.699
2,265,644.36,777.817,189.699
2,266,644.36,763.046,189.699
2,267,644.36,742.175,189.699
2,268,644.36,742.175,189.699
2,269,644.36,742.175,189.699
2,270,644.36,687.773,189.699
2,271,644.36,687.773,189.699
2,272,644.36,687.773,189.699
2,273,644.36,687.773,189.699
2,274,644.36,997.687,189.699
2,275,644.36,997.687,189.699
2,276,644.36,997.687,189.699
2,277,644.36,1081.99,189.699
2,278,644.36,1018.11,189.699
2,279,644.36,1018.11,189.699
2,280,644.36,1018.11,189.699
2,281,644.36,1018.11,187.803
2,282,644.36,1037.58,187.803
2,283,644.36,1037.58,187.803
2,284,644.36,1021.08,187.803
2,285,644.36,1021.08,187.803
2,286,644.36,1036.67,187.803
2,287,644.36,987.224,187.803
2,288,644.36,987.224,187.803
2,289,644.36,987.224,187.803
2,290,644.36,987.224,187.803
2,291,644.36,1030.37,187.803
2,292,644.36,1030.37,187.803
2,293,644.36,1030.37,187.803
2,294,644.36,1030.37,187.803
2,295,644.36,1030.37,187.803
2,296,644.36,1030.37,187.803
2,297,644.36,1030.37,187.803
2,298,644.36,1030.37,187.803
2,299,644.36,1030.37,187.803
2,300,644.36,1041.32,187.803
2,301,644.36,1041.32,187.803
2,302,644.36,1041.32,187.803
2,303,644.36,1010.05,187.803
2,304,644.36,1005.91,187.803
2,305,644.36,1005.91,187.803
2,306,644.36,1005.91,187.803
2,307,644.36,1005.91,187.803
2,308,644.36,1005.91,187.803
2,309,644.36,991.997,187.803
2,310,644.36,991.997,187.803
2,311,644.36,991.997,187.803
2,312,644.36,991.997,187.803
2,313,644.36,991.997,187.803
2,314,644.36,991.997,187.803
2,315,644.36,991.997,187.803
2,316,644.36,991.997,187.803
2,317,644.36,995.304,187.803
2,318,644.36,995.304,187.803
2,319,644.36,995.304,187.803
2,320,644.36,995.304,187.803
2,321,644.36,995.304,185.924
2,322,644.36,995.304,185.924
2,323,644.36,995.304,185.924
2,324,644.36,995.304,185.924
2,325,644.36,995.304,185.924
2,326,644.36,995.304,185.924
2,327,644.36,995.304,185.924
2,328,644.36,998.386,185.924
2,329,644.36,998.386,185.924
2,330,644.36,707.777,185.924
2,331,644.36,707.777,185.924
2,332,644.36,707.777,185.924
2,333,644.36,707.777,185.924
2,334,644.36,699.832,185.924
2,335,644.36,699.832,185.924
2,336,644.36,699.832,185.924
2,337,644.36,699.832,185.924
2,338,644.36,699.832,185.924
2,339,644.36,699.832,185.924
2,340,644.36,685.649,185.924
2,341,644.36,685.649,185.924
2,342,644.36,685.649,185.924
2,343,644.36,685.649,185.924
2,344,644.36,685.649,185.924
2,345,644.36,685.649,185.924
2,346,644.36,685.649,185.924
2,347,644.36,685.649,185.924
2,348,644.36,1016.88,185.924
2,349,644.36,1016.88,185.924
2,350,644.36,1016.88,185.924
2,351,644.36,1016.77,185.924
2,352,644.36,1016.77,185.924
2,353,644.36,1016.77,185.924
2,354,644.36,975.457,185.924
2,355,644.36,954.109,185.924
2,356,644.36,954.109,185.924
2,357,644.36,954.109,185.924
2,358,644.36,954.109,185.924
2,359,644.36,954.109,185.924
2,360,644.36,954.109,185.924
2,361,644.36,954.109,184.065
2,362,644.36,954.109,184.065
2,363,644.36,954.109,184.065
2,364,644.36,954.109,184.065
2,365,644.36,954.109,184.065
2,366,644.36,954.109,184.065
2,367,644.36,954.109,184.065
2,368,644.36,954.109,184.065
2,369,644.36,954.109,184.065
2,370,644.36,954.109,184.065
2,371,644.36,954.109,184.065
2,372,644.36,954.109,184.065
2,373,644.36,954.109,184.065
2,374,644.36,954.109,184.065
2,375,644.36,954.109,184.065
2,376,644.36,954.109,184.065
2,377,644.36,975.457,184.065
2,378,644.36,975.457,184.065
2,379,644.36,975.457,184.065
2,380,644.36,975.457,184.065
2,381,644.36,975.457,184.065
2,382,644.36,975.457,184.065
2,383,644.36,975.457,184.065
2,384,644.36,975.457,184.065
2,385,644.36,975.457,184.065
2,386,644.36,975.457,184.065
2,387,644.36,975.457,184.065
2,388,644.36,975.457,184.065
2,389,644.36,975.457,184.065
2,390,644.36,975.457,184.065
2,391,644.36,975.457,184.065
2,392,644.36,975.457,184.065
2,393,644.36,975.457,184.065
2,394,644.36,975.457,184.065
2,395,644.36,975.457,184.065
2,396,644.36,975.457,184.065
2,397,644.36,1264.06,184.065
2,398,644.36,1264.06,184.065
2,399,644.36,1264.06,184.065
2,400,644.36,1264.06,184.065
2,401,644.36,1338.65,182.225
2,402,644.36,1338.65,182.225
2,403,644.36,1338.65,182.225
2,404,644.36,1338.65,182.225
2,405,644.36,1338.65,182.225
2,406,644.36,1338.65,182.225
2,407,644.36,1315.36,182.225
2,408,644.36,1315.36,182.225
2,409,644.36,1315.36,182.225
2,410,644.36,1315.36,182.225
2,411,644.36,1327.03,182.225
2,412,644.36,1327.03,182.225
2,413,644.36,1327.03,182.225
2,414,644.36,1272.48,182.225
2,415,644.36,1272.48,182.225
2,416,644.36,1272.48,182.225
2,417,644.36,1272.48,182.225
2,418,644.36,1272.48,182.225
2,419,644.36,1260.81,182.225
2,420,644.36,1260.81,182.225
2,421,644.36,1260.42,182.225
2,422,644.36,1260.42,182.225
2,423,644.36,1260.42,182.225
2,424,644.36,1260.42,182.225
2,425,644.36,1260.42,182.225
2,426,644.36,1260.42,182.225
2,427,644.36,1260.42,182.225
2,428,644.36,1541.22,182.225
2,429,644.36,1503.63,182.225
2,430,644.36,1503.63,182.225
2,431,644.36,1503.63,182.225
2,432,644.36,1282.69,182.225
2,433,644.36,1018.69,182.225
2,434,644.36,1018.69,182.225
2,435,644.36,1018.69,182.225
2,436,644.36,984.086,182.225
2,437,644.36,984.086,182.225
2,438,644.36,984.086,182.225
2,439,644.36,1005.42,182.225
2,440,644.36,984.58,182.225
2,441,644.36,984.58,180.402
2,442,644.36,984.58,180.402
2,443,644.36,984.58,180.402
2,444,644.36,979.829,180.402
2,445,644.36,979.829,180.402
2,446,644.36,979.829,180.402
2,447,644.36,975.307,180.402
2,448,644.36,1011.3,180.402
2,449,644.36,1011.3,180.402
2,450,644.36,1084.25,180.402
2,451,644.36,1036.4,180.402
2,452,644.36,1003.29,180.402
2,453,644.36,1003.29,180.402
2,454,644.36,1003.29,180.402
2,455,644.36,996.661,180.402
2,456,644.36,965.429,180.402
2,457,644.36,955.116,180.402
2,458,644.36,955.116,180.402
2,459,644.36,955.116,180.402
2,460,644.36,1021.22,180.402
2,461,644.36,975.32,180.402
2,462,644.36,975.32,180.402
2,463,644.36,975.32,180.402
2,464,644.36,1275.89,180.402
2,465,644.36,1275.89,180.402
2,466,644.36,1275.89,180.402
2,467,644.36,1275.89,180.402
2,468,644.36,1275.89,180.402
2,469,644.36,1275.89,180.402
2,470,644.36,1275.89,180.402
2,471,644.36,1275.89,180.402
2,472,644.36,1275.89,180.402
2,473,644.36,1275.89,180.402
2,474,644.36,1291.55,180.402
2,475,644.36,1291.55,180.402
2,476,644.36,1291.55,180.402
2,477,644.36,1291.55,180.402
2,478,644.36,1291.55,180.402
2,479,644.36,1291.55,180.402
2,480,644.36,1291.55,180.402
2,481,644.36,1291.55,178.598
2,482,644.36,1291.55,178.598
2,483,644.36,1024.5,178.598
2,484,644.36,1024.5,178.598
2,485,644.36,1024.5,178.598
2,486,644.36,1024.5,178.598
2,487,644.36,1024.5,178.598
2,488,644.36,1024.5,178.598
2,489,644.36,1024.5,178.598
2,490,644.36,1024.5,178.598
2,491,644.36,1024.5,178.598
2,492,644.36,933.034,178.598
2,493,644.36,933.034,178.598
2,494,644.36,933.034,178.598
2,495,644.36,933.034,178.598
2,496,644.36,933.034,178.598
2,497,644.36,942.402,178.598
2,498,644.36,942.402,178.598
2,499,644.36,942.402,178.598
2,500,644.36,942.402,178.598
2,501,644.36,938.852,178.598
2,502,644.36,938.852,178.598
2,503,644.36,670.125,178.598
2,504,644.36,670.125,178.598
2,505,644.36,670.125,178.598
2,506,644.36,670.125,178.598
2,507,644.36,670.125,178.598
2,508,644.36,670.125,178.598
2,509,644.36,670.125,178.598
2,510,644.36,670.125,178.598
2,511,644.36,670.125,178.598
2,512,644.36,670.125,178.598
2,513,644.36,670.125,178.598
2,514,644.36,670.125,178.598
2,515,644.36,670.125,178.598
2,516,644.36,657.299,178.598
2,517,644.36,657.299,178.598
2,518,644.36,657.299,178.598
2,519,644.36,657.299,178.598
2,520,644.36,657.299,178.598
2,521,644.36,657.299,176.812
2,522,644.36,657.299,176.812
2,523,644.36,657.299,176.812
2,524,644.36,657.299,176.812
2,525,644.36,652.475,176.812
2,526,644.36,652.475,176.812
2,527,644.36,652.475,176.812
2,528,644.36,652.475,176.812
2,529,644.36,667.261,176.812
2,530,644.36,667.261,176.812
2,531,644.36,667.261,176.812
2,532,644.36,667.261,176.812
2,533,644.36,667.261,176.812
2,534,644.36,667.261,176.812
2,535,644.36,667.261,176.812
2,536,644.36,652.475,176.812
2,537,644.36,652.475,176.812
2,538,644.36,652.475,176.812
2,539,644.36,652.475,176.812
2,540,644.36,652.475,176.812
2,541,644.36,652.475,176.812
2,542,644.36,652.475,176.812
2,543,644.36,652.475,176.812
2,544,644.36,652.475,176.812
2,545,644.36,652.475,176.812
2,546,644.36,652.475,176.812
2,547,644.36,652.475,176.812
2,548,644.36,652.475,176.812
2,549,644.36,652.475,176.812
2,550,644.36,652.475,176.812
2,551,644.36,652.475,176.812
2,552,644.36,652.475,176.812
2,553,644.36,652.475,176.812
2,554,644.36,652.475,176.812
2,555,644.36,652.475,176.812
2,556,644.36,652.475,176.812
2,557,644.36,652.475,176.812
2,558,644.36,652.475,176.812
2,559,644.36,652.475,176.812
2,560,644.36,652.475,176.812
2,561,644.36,652.475,175.044
2,562,644.36,652.475,175.044
2,563,644.36,652.475,175.044
2,564,644.36,652.475,175.044
2,565,644.36,648.463,175.044
2,566,644.36,648.463,175.044
2,567,644.36,648.463,175.044
2,568,644.36,648.463,175.044
2,569,644.36,648.463,175.044
2,570,644.36,648.463,175.044
2,571,644.36,648.463,175.044
2,572,644.36,648.463,175.044
2,573,644.36,648.463,175.044
2,574,644.36,648.463,175.044
2,575,644.36,648.463,175.044
2,576,644.36,648.463,175.044
2,577,644.36,648.463,175.044
2,578,644.36,648.463,175.044
2,579,644.36,648.463,175.044
2,580,644.36,648.463,175.044
2,581,644.36,652.361,175.044
2,582,644.36,652.361,175.044
2,583,644.36,652.361,175.044
2,584,644.36,652.361,175.044
2,585,644.36,652.361,175.044
2,586,644.36,652.361,175.044
2,587,644.36,652.361,175.044
2,588,644.36,652.361,175.044
2,589,644.36,652.361,175.044
2,590,644.36,652.361,175.044
2,591,644.36,652.361,175.044
2,592,644.36,652.361,175.044
2,593,644.36,652.361,175.044
2,594,644.36,652.361,175.044
2,595,644.36,652.361,175.044
2,596,644.36,652.361,175.044
2,597,644.36,652.361,175.044
2,598,644.36,652.361,175.044
2,599,644.36,652.361,175.044
2,600,644.36,652.361,175.044
2,601,644.36,652.361,173.294
2,602,644.36,652.361,173.294
2,603,644.36,652.361,173.294
2,604,644.36,652.361,173.294
2,605,644.36,652.361,173.294
2,606,644.36,652.361,173.294
2,607,644.36,652.361,173.294
2,608,644.36,652.361,173.294
2,609,644.36,648.463,173.294
2,610,644.36,648.463,173.294
2,611,644.36,648.463,173.294
2,612,644.36,648.463,173.294
2,613,644.36,648.463,173.294
2,614,644.36,648.463,173.294
2,615,644.36,648.463,173.294
2,616,644.36,648.463,173.294
2,617,644.36,648.463,173.294
2,618,644.36,648.463,173.294
2,619,644.36,648.463,173.294
2,620,644.36,699.058,173.294
2,621,644.36,699.058,173.294
2,622,644.36,699.058,173.294
2,623,644.36,699.058,173.294
2,624,644.36,705.354,173.294
2,625,644.36,705.354,173.294
2,626,644.36,667.028,173.294
2,627,644.36,667.028,173.294
2,628,644.36,667.028,173.294
2,629,644.36,652.475,173.294
2,630,644.36,673.642,173.294
2,631,644.36,673.642,173.294
2,632,644.36,673.642,173.294
2,633,644.36,673.642,173.294
2,634,644.36,673.642,173.294
2,635,644.36,669.63,173.294
2,636,644.36,669.63,173.294
2,637,644.36,669.63,173.294
2,638,644.36,669.63,173.294
2,639,644.36,669.63,173.294
2,640,644.36,669.63,173.294
2,641,644.36,669.63,171.561
2,642,644.36,669.63,171.561
2,643,644.36,669.63,171.561
2,644,644.36,669.63,171.561
2,645,644.36,669.63,171.561
2,646,644.36,669.63,171.561
2,647,644.36,669.63,171.561
2,648,644.36,669.63,171.561
2,649,644.36,669.63,171.561
2,650,644.36,669.63,171.561
2,651,644.36,669.63,171.561
2,652,644.36,669.63,171.561
2,653,644.36,669.63,171.561
2,654,644.36,669.63,171.561
2,655,644.36,669.63,171.561
2,656,644.36,705.354,171.561
2,657,644.36,667.028,171.561
2,658,644.36,671.288,171.561
2,659,644.36,671.288,171.561
2,660,644.36,671.288,171.561
2,661,644.36,665.252,171.561
2,662,644.36,665.252,171.561
2,663,644.36,665.252,171.561
2,664,644.36,665.252,171.561
2,665,644.36,656.496,171.561
2,666,644.36,656.496,171.561
2,667,644.36,656.496,171.561
2,668,644.36,648.554,171.561
2,669,644.36,648.554,171.561
2,670,644.36,648.554,171.561
2,671,644.36,648.554,171.561
2,672,644.36,648.554,171.561
2,673,644.36,648.554,171.561
2,674,644.36,648.554,171.561
2,675,644.36,648.554,171.561
2,676,644.36,648.554,171.561
2,677,644.36,648.554,171.561
2,678,644.36,648.554,171.561
2,679,644.36,648.554,171.561
2,680,644.36,648.554,171.561
2,681,644.36,648.554,169.845
2,682,644.36,648.554,169.845
2,683,644.36,648.554,169.845
2,684,644.36,648.554,169.845
2,685,644.36,648.554,169.845
2,686,644.36,648.554,169.845
2,687,644.36,648.554,169.845
2,688,644.36,648.554,169.845
2,689,644.36,648.554,169.845
2,690,644.36,648.554,169.845
2,691,644.36,648.554,169.845
2,692,644.36,648.554,169.845
2,693,644.36,648.554,169.845
2,694,644.36,648.554,169.845
2,695,644.36,648.554,169.845
2,696,644.36,648.554,169.845
2,697,644.36,648.554,169.845
2,698,644.36,648.554,169.845
2,699,644.36,648.554,169.845
2,700,644.36,648.554,169.845
2,701,644.36,648.554,169.845
2,702,644.36,648.554,169.845
2,703,644.36,648.554,169.845
2,704,644.36,648.554,169.845
2,705,644.36,648.554,169.845
2,706,644.36,648.554,169.845
2,707,644.36,648.554,169.845
2,708,644.36,929.901,169.845
2,709,644.36,929.901,169.845
2,710,644.36,929.901,169.845
2,711,644.36,929.901,169.845
2,712,644.36,929.901,169.845
2,713,644.36,929.901,169.845
2,714,644.36,929.901,169.845
2,715,644.36,929.901,169.845
2,716,644.36,661.24,169.845
2,717,644.36,661.24,169.845
2,718,644.36,661.24,169.845
2,719,644.36,661.24,169.845
2,720,644.36,661.24,169.845
2,721,644.36,661.24,168.147
2,722,644.36,648.554,168.147
2,723,644.36,648.554,168.147
2,724,644.36,648.554,168.147
2,725,644.36,648.554,168.147
2,726,644.36,729.178,168.147
2,727,644.36,729.178,168.147
2,728,644.36,728.933,168.147
2,729,644.36,728.933,168.147
2,730,644.36,728.933,168.147
2,731,644.36,656.496,168.147
2,732,644.36,656.496,168.147
2,733,644.36,656.496,168.147
2,734,644.36,656.496,168.147
2,735,644.36,656.496,168.147
2,736,644.36,656.496,168.147
2,737,644.36,656.496,168.147
2,738,644.36,656.496,168.147
2,739,644.36,656.496,168.147
2,740,644.36,656.496,168.147
2,741,644.36,656.496,168.147
2,742,644.36,656.496,168.147
2,743,644.36,656.496,168.147
2,744,644.36,656.496,168.147
2,745,644.36,656.496,168.147
2,746,644.36,656.496,168.147
2,747,644.36,656.496,168.147
2,748,644.36,656.496,168.147
2,749,644.36,656.496,168.147
2,750,644.36,656.496,168.147
2,751,644.36,656.496,168.147
2,752,644.36,656.496,168.147
2,753,644.36,656.496,168.147
2,754,644.36,662.067,168.147
2,755,644.36,662.067,168.147
2,756,644.36,662.067,168.147
2,757,644.36,656.496,168.147
2,758,644.36,656.496,168.147
2,759,644.36,662.067,168.147
2,760,644.36,662.067,168.147
2,761,644.36,662.067,166.465
2,762,644.36,656.496,166.465
2,763,644.36,656.496,166.465
2,764,644.36,656.496,166.465
2,765,644.36,656.496,166.465
2,766,644.36,656.496,166.465
2,767,644.36,656.496,166.465
2,768,644.36,656.496,166.465
2,769,644.36,656.496,166.465
2,770,644.36,652.452,166.465
2,771,644.36,652.452,166.465
2,772,644.36,652.452,166.465
2,773,644.36,707.187,166.465
2,774,644.36,707.187,166.465
2,775,644.36,729.178,166.465
2,776,644.36,729.178,166.465
2,777,644.36,656.496,166.465
2,778,644.36,656.496,166.465
2,779,644.36,656.496,166.465
2,780,644.36,656.496,166.465
2,781,644.36,656.496,166.465
2,782,644.36,656.496,166.465
2,783,644.36,656.496,166.465
2,784,644.36,656.496,166.465
2,785,644.36,656.496,166.465
2,786,644.36,656.496,166.465
2,787,644.36,656.496,166.465
2,788,644.36,656.496,166.465
2,789,644.36,656.496,166.465
2,790,644.36,656.496,166.465
2,791,644.36,656.496,166.465
2,792,644.36,656.496,166.465
2,793,644.36,656.496,166.465
2,794,644.36,656.496,166.465
2,795,644.36,656.496,166.465
2,796,644.36,656.496,166.465
2,797,644.36,656.496,166.465
2,798,644.36,656.496,166.465
2,799,644.36,912.271,166.465
2,800,644.36,908.832,166.465
2,801,644.36,908.832,164.801
2,802,644.36,908.832,164.801
2,803,644.36,908.832,164.801
2,804,644.36,908.832,164.801
2,805,644.36,896.054,164.801
2,806,644.36,896.054,164.801
2,807,644.36,896.054,164.801
2,808,644.36,896.054,164.801
2,809,644.36,892.042,164.801
2,810,644.36,892.042,164.801
2,811,644.36,892.042,164.801
2,812,644.36,892.042,164.801
2,813,644.36,892.042,164.801
2,814,644.36,892.042,164.801
2,815,644.36,892.042,164.801
2,816,644.36,892.042,164.801
2,817,644.36,892.042,164.801
2,818,644.36,892.042,164.801
2,819,644.36,892.042,164.801
2,820,644.36,892.042,164.801
2,821,644.36,892.042,164.801
2,822,644.36,892.042,164.801
2,823,644.36,892.042,164.801
2,824,644.36,892.042,164.801
2,825,644.36,892.042,164.801
2,826,644.36,892.042,164.801
2,827,644.36,892.042,164.801
2,828,644.36,892.042,164.801
2,829,644.36,892.042,164.801
2,830,644.36,892.042,164.801
2,831,644.36,892.042,164.801
2,832,644.36,892.042,164.801
2,833,644.36,892.042,164.801
2,834,644.36,892.042,164.801
2,835,644.36,892.042,164.801
2,836,644.36,892.042,164.801
2,837,644.36,892.042,164.801
2,838,644.36,892.042,164.801
2,839,644.36,892.042,164.801
2,840,644.36,892.042,164.801
2,841,644.36,969.08,163.153
2,842,644.36,969.08,163.153
2,843,644.36,969.08,163.153
2,844,644.36,969.08,163.153
2,845,644.36,969.08,163.153
2,846,644.36,900.782,163.153
2,847,644.36,900.782,163.153
2,848,644.36,900.782,163.153
2,849,644.36,900.782,163.153
2,850,644.36,900.782,163.153
2,851,644.36,900.782,163.153
2,852,644.36,900.782,163.153
2,853,644.36,900.782,163.153
2,854,644.36,900.782,163.153
2,855,644.36,900.782,163.153
2,856,644.36,900.782,163.153
2,857,644.36,900.782,163.153
2,858,644.36,900.782,163.153
2,859,644.36,900.782,163.153
2,860,644.36,900.782,163.153
2,861,644.36,900.782,163.153
2,862,644.36,900.782,163.153
2,863,644.36,900.782,163.153
2,864,644.36,900.782,163.153
2,865,644.36,900.782,163.153
2,866,644.36,900.782,163.153
2,867,644.36,900.782,163.153
2,868,644.36,900.782,163.153
2,869,644.36,900.782,163.153
2,870,644.36,900.782,163.153
2,871,644.36,900.782,163.153
2,872,644.36,900.782,163.153
2,873,644.36,900.782,163.153
2,874,644.36,900.782,163.153
2,875,644.36,900.782,163.153
2,876,644.36,900.782,163.153
2,877,644.36,900.782,163.153
2,878,644.36,900.782,163.153
2,879,644.36,900.782,163.153
2,880,644.36,900.782,163.153
2,881,644.36,900.782,161.521
2,882,644.36,900.782,161.521
2,883,644.36,900.782,161.521
2,884,644.36,900.782,161.521
2,885,644.36,900.782,161.521
2,886,644.36,900.782,161.521
2,887,644.36,900.782,161.521
2,888,644.36,900.782,161.521
2,889,644.36,900.782,161.521
2,890,644.36,900.782,161.521
2,891,644.36,954.572,161.521
2,892,644.36,954.572,161.521
2,893,644.36,954.572,161.521
2,894,644.36,954.572,161.521
2,895,644.36,707.356,161.521
2,896,644.36,707.356,161.521
2,897,644.36,707.356,161.521
2,898,644.36,707.356,161.521
2,899,644.36,707.356,161.521
2,900,644.36,670.768,161.521
2,901,644.36,670.768,161.521
2,902,644.36,670.768,161.521
2,903,644.36,959.175,161.521
2,904,644.36,959.175,161.521
2,905,644.36,959.175,161.521
2,906,644.36,959.175,161.521
2,907,644.36,959.175,161.521
2,908,644.36,959.175,161.521
2,909,644.36,959.175,161.521
2,910,644.36,959.175,161.521
2,911,644.36,959.175,161.521
2,912,644.36,959.175,161.521
2,913,644.36,959.175,161.521
2,914,644.36,959.175,161.521
2,915,644.36,959.175,161.521
2,916,644.36,959.175,161.521
2,917,644.36,959.175,161.521
2,918,644.36,959.175,161.521
2,919,644.36,959.175,161.521
2,920,644.36,959.175,161.521
2,921,644.36,959.175,159.906
2,922,644.36,959.175,159.906
2,923,644.36,1016.5,159.906
2,924,644.36,959.175,159.906
2,925,644.36,959.175,159.906
2,926,644.36,959.175,159.906
2,927,644.36,959.175,159.906
2,928,644.36,959.175,159.906
2,929,644.36,959.175,159.906
2,930,644.36,959.175,159.906
2,931,644.36,959.175,159.906
2,932,644.36,959.175,159.906
2,933,644.36,959.175,159.906
2,934,644.36,960.053,159.906
2,935,644.36,960.053,159.906
2,936,644.36,960.053,159.906
2,937,644.36,960.053,159.906
2,938,644.36,1035.71,159.906
2,939,644.36,1035.71,159.906
2,940,644.36,960.628,159.906
2,941,644.36,960.628,159.906
2,942,644.36,960.628,159.906
2,943,644.36,960.628,159.906
2,944,644.36,960.628,159.906
2,945,644.36,960.628,159.906
2,946,644.36,960.628,159.906
2,947,644.36,958.104,159.906
2,948,644.36,958.104,159.906
2,949,644.36,958.104,159.906
2,950,644.36,958.104,159.906
2,951,644.36,1038.61,159.906
2,952,644.36,1038.61,159.906
2,953,644.36,1038.61,159.906
2,954,644.36,1029.61,159.906
2,955,644.36,1034.77,159.906
2,956,644.36,1034.77,159.906
2,957,644.36,1034.77,159.906
2,958,644.36,1034.77,159.906
2,959,644.36,1034.77,159.906
2,960,644.36,1025.22,159.906
2,961,644.36,1025.22,158.307
2,962,644.36,1025.22,158.307
2,963,644.36,1025.22,158.307
2,964,644.36,1025.22,158.307
2,965,644.36,1025.22,158.307
2,966,644.36,1025.22,158.307
2,967,644.36,1025.22,158.307
2,968,644.36,1025.22,158.307
2,969,644.36,1025.22,158.307
2,970,644.36,961.412,158.307
2,971,644.36,961.412,158.307
2,972,644.36,961.412,158.307
2,973,644.36,961.412,158.307
2,974,644.36,954.492,158.307
2,975,644.36,714.88,158.307
2,976,644.36,714.88,158.307
2,977,644.36,714.88,158.307
2,978,644.36,714.88,158.307
2,979,644.36,714.88,158.307
2,980,644.36,714.88,158.307
2,981,644.36,655.272,158.307
2,982,644.36,655.272,158.307
2,983,644.36,651.636,158.307
2,984,644.36,651.636,158.307
2,985,644.36,651.636,158.307
2,986,644.36,651.636,158.307
2,987,644.36,651.636,158.307
2,988,644.36,651.636,158.307
2,989,644.36,651.636,158.307
2,990,644.36,651.636,158.307
2,991,644.36,651.636,158.307
2,992,644.36,651.636,158.307
2,993,644.36,651.636,158.307
2,994,644.36,651.636,158.307
2,995,644.36,651.636,158.307
2,996,644.36,651.636,158.307
2,997,644.36,651.636,158.307
2,998,644.36,651.636,158.307
2,999,644.36,651.636,158.307
2,1000,644.36,651.636,158.307
2,1001,644.36,651.636,156.724
2,1002,644.36,651.636,156.724
2,1003,644.36,651.636,156.724
2,1004,644.36,651.636,156.724
2,1005,644.36,650.111,156.724
2,1006,644.36,979.412,156.724
2,1007,644.36,1270.47,156.724
2,1008,644.36,1270.47,156.724
2,1009,644.36,1270.47,156.724
2,1010,644.36,1270.47,156.724
2,1011,644.36,1270.47,156.724
2,1012,644.36,1270.47,156.724
2,1013,644.36,1259.64,156.724
2,1014,644.36,1259.64,156.724
2,1015,644.36,1258.83,156.724
2,1016,644.36,1339.13,156.724
2,1017,644.36,1339.13,156.724
2,1018,644.36,1264.56,156.724
2,1019,644.36,1264.56,156.724
2,1020,644.36,1264.56,156.724
2,1021,644.36,973.315,156.724
2,1022,644.36,973.315,156.724
2,1023,644.36,973.315,156.724
2,1024,644.36,973.315,156.724
2,1025,644.36,973.315,156.724
2,1026,644.36,973.315,156.724
2,1027,644.36,973.315,156.724
2,1028,644.36,973.315,156.724
2,1029,644.36,973.315,156.724
2,1030,644.36,973.315,156.724
2,1031,644.36,973.315,156.724
2,1032,644.36,973.315,156.724
2,1033,644.36,973.315,156.724
2,1034,644.36,973.315,156.724
2,1035,644.36,973.315,156.724
2,1036,644.36,967.28,156.724
2,1037,644.36,967.28,156.724
2,1038,644.36,967.28,156.724
2,1039,644.36,967.28,156.724
2,1040,644.36,967.28,156.724
2,1041,644.36,967.28,155.157
2,1042,644.36,967.28,155.157
2,1043,644.36,967.28,155.157
2,1044,644.36,967.28,155.157
2,1045,644.36,967.28,155.157
2,1046,644.36,967.28,155.157
2,1047,644.36,967.28,155.157
2,1048,644.36,967.28,155.157
2,1049,644.36,967.28,155.157
2,1050,644.36,967.28,155.157
2,1051,644.36,967.28,155.157
2,1052,644.36,967.28,155.157
2,1053,644.36,967.28,155.157
2,1054,644.36,967.28,155.157
2,1055,644.36,969.756,155.157
2,1056,644.36,969.756,155.157
2,1057,644.36,970.563,155.157
2,1058,644.36,970.563,155.157
2,1059,644.36,970.563,155.157
2,1060,644.36,970.563,155.157
2,1061,644.36,970.563,155.157
2,1062,644.36,952.637,155.157
2,1063,644.36,711.311,155.157
2,1064,644.36,711.311,155.157
2,1065,644.36,711.311,155.157
2,1066,644.36,711.311,155.157
2,1067,644.36,711.311,155.157
2,1068,644.36,706.041,155.157
2,1069,644.36,676.066,155.157
2,1070,644.36,676.066,155.157
2,1071,644.36,676.066,155.157
2,1072,644.36,676.066,155.157
2,1073,644.36,676.066,155.157
2,1074,644.36,676.066,155.157
2,1075,644.36,676.066,155.157
2,1076,644.36,676.066,155.157
2,1077,644.36,676.066,155.157
2,1078,644.36,676.066,155.157
2,1079,644.36,676.066,155.157
2,1080,644.36,676.066,155.157
2,1081,644.36,676.066,153.605
2,1082,644.36,676.066,153.605
2,1083,644.36,676.066,153.605
2,1084,644.36,676.066,153.605
2,1085,644.36,676.066,153.605
2,1086,644.36,676.066,153.605
2,1087,644.36,676.066,153.605
2,1088,644.36,676.066,153.605
2,1089,644.36,676.066,153.605
2,1090,644.36,676.066,153.605
2,1091,644.36,676.066,153.605
2,1092,644.36,676.066,153.605
2,1093,644.36,676.066,153.605
2,1094,644.36,660.123,153.605
2,1095,644.36,660.123,153.605
2,1096,644.36,660.123,153.605
2,1097,644.36,660.123,153.605
2,1098,644.36,660.123,153.605
2,1099,644.36,660.123,153.605
2,1100,644.36,660.123,153.605
2,1101,644.36,660.123,153.605
2,1102,644.36,660.123,153.605
2,1103,644.36,660.123,153.605
2,1104,644.36,660.123,153.605
2,1105,644.36,660.123,153.605
2,1106,644.36,660.123,153.605
2,1107,644.36,660.123,153.605
2,1108,644.36,660.123,153.605
2,1109,644.36,708.625,153.605
2,1110,644.36,708.625,153.605
2,1111,644.36,708.625,153.605
2,1112,644.36,656.224,153.605
2,1113,644.36,656.224,153.605
2,1114,644.36,656.224,153.605
2,1115,644.36,656.224,153.605
2,1116,644.36,656.224,153.605
2,1117,644.36,656.224,153.605
2,1118,644.36,656.224,153.605
2,1119,644.36,656.224,153.605
2,1120,644.36,656.224,153.605
2,1121,644.36,656.224,152.069
2,1122,644.36,656.224,152.069
2,1123,644.36,656.224,152.069
2,1124,644.36,656.224,152.069
2,1125,644.36,656.224,152.069
2,1126,644.36,736.337,152.069
2,1127,644.36,736.337,152.069
2,1128,644.36,730.576,152.069
2,1129,644.36,730.576,152.069
2,1130,644.36,730.576,152.069
2,1131,644.36,676.585,152.069
2,1132,644.36,676.585,152.069
2,1133,644.36,676.585,152.069
2,1134,644.36,676.585,152.069
2,1135,644.36,676.585,152.069
2,1136,644.36,676.585,152.069
2,1137,644.36,676.585,152.069
2,1138,644.36,676.585,152.069
2,1139,644.36,676.585,152.069
2,1140,644.36,676.585,152.069
2,1141,644.36,676.585,152.069
2,1142,644.36,665.592,152.069
2,1143,644.36,665.592,152.069
2,1144,644.36,665.592,152.069
2,1145,644.36,665.592,152.069
2,1146,644.36,665.592,152.069
2,1147,644.36,663.901,152.069
2,1148,644.36,663.901,152.069
2,1149,644.36,663.901,152.069
2,1150,644.36,663.901,152.069
2,1151,644.36,665.108,152.069
2,1152,644.36,665.108,152.069
2,1153,644.36,665.108,152.069
2,1154,644.36,665.108,152.069
2,1155,644.36,665.108,152.069
2,1156,644.36,665.108,152.069
2,1157,644.36,665.108,152.069
2,1158,644.36,665.108,152.069
2,1159,644.36,665.108,152.069
2,1160,644.36,665.108,152.069
2,1161,644.36,665.108,150.548
2,1162,644.36,661.096,150.548
2,1163,644.36,661.096,150.548
2,1164,644.36,661.096,150.548
2,1165,644.36,661.096,150.548
2,1166,644.36,661.096,150.548
2,1167,644.36,661.096,150.548
2,1168,644.36,661.096,150.548
2,1169,644.36,661.096,150.548
2,1170,644.36,661.096,150.548
2,1171,644.36,661.096,150.548
2,1172,644.36,661.096,150.548
2,1173,644.36,661.096,150.548
2,1174,644.36,661.096,150.548
2,1175,644.36,661.096,150.548
2,1176,644.36,661.096,150.548
2,1177,644.36,661.096,150.548
2,1178,644.36,661.096,150.548
2,1179,644.36,661.096,150.548
2,1180,644.36,661.096,150.548
2,1181,644.36,661.096,150.548
2,1182,644.36,661.096,150.548
2,1183,644.36,661.096,150.548
2,1184,644.36,661.096,150.548
2,1185,644.36,661.096,150.548
2,1186,644.36,661.096,150.548
2,1187,644.36,661.096,150.548
2,1188,644.36,661.096,150.548
2,1189,644.36,661.096,150.548
2,1190,644.36,671.619,150.548
2,1191,644.36,671.619,150.548
2,1192,644.36,671.619,150.548
2,1193,644.36,671.619,150.548
2,1194,644.36,671.619,150.548
2,1195,644.36,671.619,150.548
2,1196,644.36,671.619,150.548
2,1197,644.36,671.619,150.548
2,1198,644.36,671.619,150.548
2,1199,644.36,671.619,150.548
2,1200,644.36,661.096,150.548
2,1201,644.36,661.096,149.043
2,1202,644.36,661.096,149.043
2,1203,644.36,661.096,149.043
2,1204,644.36,661.096,149.043
2,1205,644.36,661.096,149.043
2,1206,644.36,664.995,149.043
2,1207,644.36,984.675,149.043
2,1208,644.36,984.675,149.043
2,1209,644.36,984.675,149.043
2,1210,644.36,984.675,149.043
2,1211,644.36,987.081,149.043
2,1212,644.36,987.081,149.043
2,1213,644.36,987.081,149.043
2,1214,644.36,987.081,149.043
2,1215,644.36,987.081,149.043
2,1216,644.36,987.081,149.043
2,1217,644.36,951.112,149.043
2,1218,644.36,951.112,149.043
2,1219,644.36,975.658,149.043
2,1220,644.36,951.112,149.043
2,1221,644.36,700.367,149.043
2,1222,644.36,700.367,149.043
2,1223,644.36,700.367,149.043
2,1224,644.36,700.367,149.043
2,1225,644.36,710.029,149.043
2,1226,644.36,710.029,149.043
2,1227,644.36,710.029,149.043
2,1228,644.36,710.029,149.043
2,1229,644.36,710.029,149.043
2,1230,644.36,660.631,149.043
2,1231,644.36,660.631,149.043
2,1232,644.36,660.631,149.043
2,1233,644.36,660.631,149.043
2,1234,644.36,660.631,149.043
2,1235,644.36,660.631,149.043
2,1236,644.36,660.631,149.043
2,1237,644.36,660.631,149.043
2,1238,644.36,660.631,149.043
2,1239,644.36,660.631,149.043
2,1240,644.36,660.631,149.043
2,1241,644.36,660.631,147.552
2,1242,644.36,660.631,147.552
2,1243,644.36,660.631,147.552
2,1244,644.36,660.631,147.552
2,1245,644.36,660.631,147.552
2,1246,644.36,660.631,147.552
2,1247,644.36,660.631,147.552
2,1248,644.36,660.631,147.552
2,1249,644.36,660.631,147.552
2,1250,644.36,660.631,147.552
2,1251,644.36,660.631,147.552
2,1252,644.36,660.631,147.552
2,1253,644.36,660.631,147.552
2,1254,644.36,660.631,147.552
2,1255,644.36,660.631,147.552
2,1256,644.36,660.631,147.552
2,1257,644.36,660.631,147.552
2,1258,644.36,660.631,147.552
2,1259,644.36,660.631,147.552
2,1260,644.36,660.631,147.552
2,1261,644.36,726.652,147.552
2,1262,644.36,726.652,147.552
2,1263,644.36,726.652,147.552
2,1264,644.36,675.683,147.552
2,1265,644.36,675.683,147.552
2,1266,644.36,675.683,147.552
2,1267,644.36,675.683,147.552
2,1268,644.36,675.683,147.552
2,1269,644.36,1296.04,147.552
2,1270,644.36,966.278,147.552
2,1271,644.36,966.278,147.552
2,1272,644.36,966.278,147.552
2,1273,644.36,959.399,147.552
2,1274,644.36,959.399,147.552
2,1275,644.36,959.399,147.552
2,1276,644.36,959.399,147.552
2,1277,644.36,959.399,147.552
2,1278,644.36,959.399,147.552
2,1279,644.36,959.399,147.552
2,1280,644.36,959.399,147.552
2,1281,644.36,959.399,146.077
2,1282,644.36,959.399,146.077
2,1283,644.36,959.399,146.077
2,1284,644.36,954.353,146.077
2,1285,644.36,954.353,146.077
2,1286,644.36,954.353,146.077
2,1287,644.36,954.353,146.077
2,1288,644.36,954.353,146.077
2,1289,644.36,950.341,146.077
2,1290,644.36,950.341,146.077
2,1291,644.36,950.341,146.077
2,1292,644.36,950.341,146.077
2,1293,644.36,950.341,146.077
2,1294,644.36,1000.94,146.077
2,1295,644.36,1000.94,146.077
2,1296,644.36,1000.94,146.077
2,1297,644.36,1000.94,146.077
2,1298,644.36,949.518,146.077
2,1299,644.36,949.518,146.077
2,1300,644.36,1007.28,146.077
2,1301,644.36,1007.28,146.077
2,1302,644.36,1007.28,146.077
2,1303,644.36,1007.28,146.077
2,1304,644.36,1007.28,146.077
2,1305,644.36,1007.28,146.077
2,1306,644.36,1007.28,146.077
2,1307,644.36,1007.28,146.077
2,1308,644.36,1015.01,146.077
2,1309,644.36,1015.01,146.077
2,1310,644.36,1015.01,146.077
2,1311,644.36,1015.01,146.077
2,1312,644.36,1015.01,146.077
2,1313,644.36,986.954,146.077
2,1314,644.36,986.954,146.077
2,1315,644.36,991.503,146.077
2,1316,644.36,991.503,146.077
2,1317,644.36,980.08,146.077
2,1318,644.36,980.08,146.077
2,1319,644.36,980.08,146.077
2,1320,644.36,980.08,146.077
2,1321,644.36,980.08,144.616
2,1322,644.36,980.08,144.616
2,1323,644.36,980.08,144.616
2,1324,644.36,980.08,144.616
2,1325,644.36,980.08,144.616
2,1326,644.36,980.08,144.616
2,1327,644.36,980.08,144.616
2,1328,644.36,990.95,144.616
2,1329,644.36,990.95,144.616
2,1330,644.36,990.95,144.616
2,1331,644.36,990.95,144.616
2,1332,644.36,990.95,144.616
2,1333,644.36,990.95,144.616
2,1334,644.36,990.95,144.616
2,1335,644.36,990.95,144.616
2,1336,644.36,1028.54,144.616
2,1337,644.36,991.168,144.616
2,1338,644.36,991.168,144.616
2,1339,644.36,998.122,144.616
2,1340,644.36,998.122,144.616
2,1341,644.36,998.122,144.616
2,1342,644.36,990.935,144.616
2,1343,644.36,990.935,144.616
2,1344,644.36,990.935,144.616
2,1345,644.36,990.935,144.616
2,1346,644.36,990.935,144.616
2,1347,644.36,990.935,144.616
2,1348,644.36,990.935,144.616
2,1349,644.36,990.935,144.616
2,1350,644.36,990.935,144.616
2,1351,644.36,990.935,144.616
2,1352,644.36,990.935,144.616
2,1353,644.36,1036.59,144.616
2,1354,644.36,1000.27,144.616
2,1355,644.36,1000.27,144.616
2,1356,644.36,1000.27,144.616
2,1357,644.36,1000.27,144.616
2,1358,644.36,1000.27,144.616
2,1359,644.36,1009.22,144.616
2,1360,644.36,1009.22,144.616
2,1361,644.36,1009.22,143.17
2,1362,644.36,1009.22,143.17
2,1363,644.36,1009.22,143.17
2,1364,644.36,1009.22,143.17
2,1365,644.36,1009.22,143.17
2,1366,644.36,1009.22,143.17
2,1367,644.36,967.819,143.17
2,1368,644.36,967.819,143.17
2,1369,644.36,967.819,143.17
2,1370,644.36,967.819,143.17
2,1371,644.36,967.819,143.17
2,1372,644.36,967.819,143.17
2,1373,644.36,969.813,143.17
2,1374,644.36,969.813,143.17
2,1375,644.36,969.813,143.17
2,1376,644.36,683.302,143.17
2,1377,644.36,683.302,143.17
2,1378,644.36,683.302,143.17
2,1379,644.36,683.302,143.17
2,1380,644.36,683.302,143.17
2,1381,644.36,683.302,143.17
2,1382,644.36,658.026,143.17
2,1383,644.36,658.026,143.17
2,1384,644.36,658.026,143.17
2,1385,644.36,658.026,143.17
2,1386,644.36,658.026,143.17
2,1387,644.36,658.026,143.17
2,1388,644.36,658.026,143.17
2,1389,644.36,658.026,143.17
2,1390,644.36,957.959,143.17
2,1391,644.36,957.959,143.17
2,1392,644.36,957.959,143.17
2,1393,644.36,957.959,143.17
2,1394,644.36,957.959,143.17
2,1395,644.36,957.959,143.17
2,1396,644.36,957.959,143.17
2,1397,644.36,957.959,143.17
2,1398,644.36,954.43,143.17
2,1399,644.36,975.347,143.17
2,1400,644.36,975.347,143.17
2,1401,644.36,975.347,141.738
2,1402,644.36,975.347,141.738
2,1403,644.36,939.378,141.738
2,1404,644.36,939.378,141.738
2,1405,644.36,939.378,141.738
2,1406,644.36,939.378,141.738
2,1407,644.36,939.378,141.738
2,1408,644.36,939.378,141.738
2,1409,644.36,939.378,141.738
2,1410,644.36,939.378,141.738
2,1411,644.36,939.378,141.738
2,1412,644.36,939.378,141.738
2,1413,644.36,939.378,141.738
2,1414,644.36,994.034,141.738
2,1415,644.36,952.512,141.738
2,1416,644.36,952.512,141.738
2,1417,644.36,952.512,141.738
2,1418,644.36,952.512,141.738
2,1419,644.36,952.512,141.738
2,1420,644.36,952.512,141.738
2,1421,644.36,952.512,141.738
2,1422,644.36,952.512,141.738
2,1423,644.36,952.512,141.738
2,1424,644.36,952.512,141.738
2,1425,644.36,952.512,141.738
2,1426,644.36,952.512,141.738
2,1427,644.36,952.512,141.738
2,1428,644.36,952.512,141.738
2,1429,644.36,952.512,141.738
2,1430,644.36,952.512,141.738
2,1431,644.36,952.512,141.738
2,1432,644.36,952.512,141.738
2,1433,644.36,952.512,141.738
2,1434,644.36,952.932,141.738
2,1435,644.36,952.932,141.738
2,1436,644.36,952.932,141.738
2,1437,644.36,952.932,141.738
2,1438,644.36,952.932,141.738
2,1439,644.36,952.932,141.738
2,1440,644.36,952.932,141.738
2,1441,644.36,952.932,140.321
2,1442,644.36,952.932,140.321
2,1443,644.36,1014.81,140.321
2,1444,644.36,1014.81,140.321
2,1445,644.36,1014.81,140.321
2,1446,644.36,1014.81,140.321
2,1447,644.36,1014.81,140.321
2,1448,644.36,1014.81,140.321
2,1449,644.36,1024.36,140.321
2,1450,644.36,1024.36,140.321
2,1451,644.36,1024.36,140.321
2,1452,644.36,1024.36,140.321
2,1453,644.36,1024.36,140.321
2,1454,644.36,1024.36,140.321
2,1455,644.36,1024.36,140.321
2,1456,644.36,1014.81,140.321
2,1457,644.36,993.546,140.321
2,1458,644.36,993.546,140.321
2,1459,644.36,993.546,140.321
2,1460,644.36,993.546,140.321
2,1461,644.36,708.35,140.321
2,1462,644.36,708.35,140.321
2,1463,644.36,708.348,140.321
2,1464,644.36,708.348,140.321
2,1465,644.36,708.348,140.321
2,1466,644.36,702.777,140.321
2,1467,644.36,702.777,140.321
2,1468,644.36,702.777,140.321
2,1469,644.36,702.777,140.321
2,1470,644.36,702.777,140.321
2,1471,644.36,766.217,140.321
2,1472,644.36,718.708,140.321
2,1473,644.36,718.708,140.321
2,1474,644.36,718.708,140.321
2,1475,644.36,718.708,140.321
2,1476,644.36,718.708,140.321
2,1477,644.36,718.708,140.321
2,1478,644.36,718.708,140.321
2,1479,644.36,718.708,140.321
2,1480,644.36,718.708,140.321
2,1481,644.36,692.514,138.918
2,1482,644.36,692.514,138.918
2,1483,644.36,692.514,138.918
2,1484,644.36,692.514,138.918
2,1485,644.36,692.514,138.918
2,1486,644.36,692.514,138.918
2,1487,644.36,692.514,138.918
2,1488,644.36,692.514,138.918
2,1489,644.36,692.514,138.918
2,1490,644.36,692.514,138.918
2,1491,644.36,692.514,138.918
2,1492,644.36,692.514,138.918
2,1493,644.36,692.514,138.918
2,1494,644.36,692.514,138.918
2,1495,644.36,692.514,138.918
2,1496,644.36,692.514,138.918
2,1497,644.36,692.514,138.918
2,1498,644.36,692.514,138.918
2,1499,644.36,692.514,138.918
2,1500,644.36,692.514,138.918
2,1501,644.36,692.514,138.918
2,1502,644.36,692.514,138.918
2,1503,644.36,692.514,138.918
2,1504,644.36,692.514,138.918
2,1505,644.36,692.514,138.918
2,1506,644.36,692.514,138.918
2,1507,644.36,692.514,138.918
2,1508,644.36,692.514,138.918
2,1509,644.36,692.514,138.918
2,1510,644.36,692.514,138.918
2,1511,644.36,692.514,138.918
2,1512,644.36,1013.31,138.918
2,1513,644.36,993.653,138.918
2,1514,644.36,993.653,138.918
2,1515,644.36,993.653,138.918
2,1516,644.36,993.653,138.918
2,1517,644.36,987.875,138.918
2,1518,644.36,987.875,138.918
2,1519,644.36,987.875,138.918
2,1520,644.36,987.875,138.918
2,1521,644.36,987.875,137.528
2,1522,644.36,987.875,137.528
2,1523,644.36,987.875,137.528
2,1524,644.36,987.875,137.528
2,1525,644.36,987.875,137.528
2,1526,644.36,987.875,137.528
2,1527,644.36,987.875,137.528
2,1528,644.36,987.875,137.528
2,1529,644.36,1036,137.528
2,1530,644.36,1036,137.528
2,1531,644.36,1036,137.528
2,1532,644.36,1013.06,137.528
2,1533,644.36,1013.06,137.528
2,1534,644.36,1013.06,137.528
2,1535,644.36,1013.06,137.528
2,1536,644.36,1013.06,137.528
2,1537,644.36,1011.62,137.528
2,1538,644.36,1011.62,137.528
2,1539,644.36,1011.62,137.528
2,1540,644.36,1011.62,137.528
2,1541,644.36,1034.06,137.528
2,1542,644.36,973.44,137.528
2,1543,644.36,958.366,137.528
2,1544,644.36,958.366,137.528
2,1545,644.36,958.366,137.528
2,1546,644.36,958.366,137.528
2,1547,644.36,655.665,137.528
2,1548,644.36,655.665,137.528
2,1549,644.36,655.665,137.528
2,1550,644.36,655.665,137.528
2,1551,644.36,655.665,137.528
2,1552,644.36,655.665,137.528
2,1553,644.36,655.665,137.528
2,1554,644.36,655.665,137.528
2,1555,644.36,655.665,137.528
2,1556,644.36,655.665,137.528
2,1557,644.36,655.665,137.528
2,1558,644.36,655.665,137.528
2,1559,644.36,655.665,137.528
2,1560,644.36,655.665,137.528
2,1561,644.36,655.665,136.153
2,1562,644.36,655.665,136.153
2,1563,644.36,655.665,136.153
2,1564,644.36,655.665,136.153
2,1565,644.36,661.236,136.153
2,1566,644.36,655.665,136.153
2,1567,644.36,655.665,136.153
2,1568,644.36,655.665,136.153
2,1569,644.36,655.665,136.153
2,1570,644.36,655.665,136.153
2,1571,644.36,655.665,136.153
2,1572,644.36,655.665,136.153
2,1573,644.36,655.665,136.153
2,1574,644.36,655.665,136.153
2,1575,644.36,655.665,136.153
2,1576,644.36,655.665,136.153
2,1577,644.36,655.665,136.153
2,1578,644.36,655.665,136.153
2,1579,644.36,655.665,136.153
2,1580,644.36,655.665,136.153
2,1581,644.36,655.665,136.153
2,1582,644.36,655.665,136.153
2,1583,644.36,655.665,136.153
2,1584,644.36,655.665,136.153
2,1585,644.36,655.665,136.153
2,1586,644.36,655.665,136.153
2,1587,644.36,655.665,136.153
2,1588,644.36,655.665,136.153
2,1589,644.36,655.665,136.153
2,1590,644.36,655.665,136.153
2,1591,644.36,655.665,136.153
2,1592,644.36,655.665,136.153
2,1593,644.36,655.665,136.153
2,1594,644.36,655.665,136.153
2,1595,644.36,655.665,136.153
2,1596,644.36,655.665,136.153
2,1597,644.36,655.665,136.153
2,1598,644.36,655.665,136.153
2,1599,644.36,655.665,136.153
2,1600,644.36,655.665,136.153
2,1601,644.36,655.665,134.792
2,1602,644.36,655.665,134.792
2,1603,644.36,655.665,134.792
2,1604,644.36,655.665,134.792
2,1605,644.36,655.665,134.792
2,1606,644.36,655.665,134.792
2,1607,644.36,655.665,134.792
2,1608,644.36,655.665,134.792
2,1609,644.36,655.665,134.792
2,1610,644.36,655.665,134.792
2,1611,644.36,655.665,134.792
2,1612,644.36,655.665,134.792
2,1613,644.36,655.665,134.792
2,1614,644.36,655.665,134.792
2,1615,644.36,655.665,134.792
2,1616,644.36,737.837,134.792
2,1617,644.36,655.665,134.792
2,1618,644.36,655.665,134.792
2,1619,644.36,655.665,134.792
2,1620,644.36,655.665,134.792
2,1621,644.36,655.665,134.792
2,1622,644.36,655.665,134.792
2,1623,644.36,655.665,134.792
2,1624,644.36,655.665,134.792
2,1625,644.36,655.665,134.792
2,1626,644.36,655.665,134.792
2,1627,644.36,655.665,134.792
2,1628,644.36,655.665,134.792
2,1629,644.36,655.665,134.792
2,1630,644.36,655.665,134.792
2,1631,644.36,655.665,134.792
2,1632,644.36,655.665,134.792
2,1633,644.36,655.665,134.792
2,1634,644.36,655.665,134.792
2,1635,644.36,655.665,134.792
2,1636,644.36,655.665,134.792
2,1637,644.36,655.665,134.792
2,1638,644.36,655.665,134.792
2,1639,644.36,655.665,134.792
2,1640,644.36,655.665,134.792
2,1641,644.36,655.665,133.444
2,1642,644.36,655.665,133.444
2,1643,644.36,655.665,133.444
2,1644,644.36,655.665,133.444
2,1645,644.36,655.665,133.444
2,1646,644.36,655.665,133.444
2,1647,644.36,655.665,133.444
2,1648,644.36,655.665,133.444
2,1649,644.36,655.665,133.444
2,1650,644.36,655.665,133.444
2,1651,644.36,655.665,133.444
2,1652,644.36,655.665,133.444
2,1653,644.36,655.665,133.444
2,1654,644.36,655.665,133.444
2,1655,644.36,655.665,133.444
2,1656,644.36,655.665,133.444
2,1657,644.36,655.665,133.444
2,1658,644.36,655.665,133.444
2,1659,644.36,655.665,133.444
2,1660,644.36,655.665,133.444
2,1661,644.36,655.665,133.444
2,1662,644.36,655.665,133.444
2,1663,644.36,655.665,133.444
2,1664,644.36,729.516,133.444
2,1665,644.36,722.859,133.444
2,1666,644.36,722.859,133.444
2,1667,644.36,717.302,133.444
2,1668,644.36,687.958,133.444
2,1669,644.36,683.563,133.444
2,1670,644.36,683.563,133.444
2,1671,644.36,683.563,133.444
2,1672,644.36,683.563,133.444
2,1673,644.36,683.563,133.444
2,1674,644.36,683.563,133.444
2,1675,644.36,692.931,133.444
2,1676,644.36,692.931,133.444
2,1677,644.36,692.931,133.444
2,1678,644.36,692.931,133.444
2,1679,644.36,692.931,133.444
2,1680,644.36,692.931,133.444
2,1681,644.36,679.209,132.109
2,1682,644.36,679.209,132.109
2,1683,644.36,679.209,132.109
2,1684,644.36,679.209,132.109
2,1685,644.36,738.818,132.109
2,1686,644.36,738.818,132.109
2,1687,644.36,694.992,132.109
2,1688,644.36,694.992,132.109
2,1689,644.36,694.992,132.109
2,1690,644.36,694.992,132.109
2,1691,644.36,694.992,132.109
2,1692,644.36,694.992,132.109
2,1693,644.36,694.992,132.109
2,1694,644.36,694.992,132.109
2,1695,644.36,685.687,132.109
2,1696,644.36,685.687,132.109
2,1697,644.36,705.078,132.109
2,1698,644.36,705.078,132.109
2,1699,644.36,705.078,132.109
2,1700,644.36,705.078,132.109
2,1701,644.36,705.078,132.109
2,1702,644.36,686.05,132.109
2,1703,644.36,686.05,132.109
2,1704,644.36,686.05,132.109
2,1705,644.36,686.05,132.109
2,1706,644.36,686.05,132.109
2,1707,644.36,686.05,132.109
2,1708,644.36,686.05,132.109
2,1709,644.36,686.05,132.109
2,1710,644.36,747.158,132.109
2,1711,644.36,747.158,132.109
2,1712,644.36,705.078,132.109
2,1713,644.36,705.078,132.109
2,1714,644.36,705.078,132.109
2,1715,644.36,745.497,132.109
2,1716,644.36,709.113,132.109
2,1717,644.36,709.113,132.109
2,1718,644.36,709.113,132.109
2,1719,644.36,709.113,132.109
2,1720,644.36,709.113,132.109
2,1721,644.36,709.113,130.788
2,1722,644.36,709.113,130.788
2,1723,644.36,709.113,130.788
2,1724,644.36,709.113,130.788
2,1725,644.36,956.747,130.788
2,1726,644.36,956.747,130.788
2,1727,644.36,956.747,130.788
2,1728,644.36,953.585,130.788
2,1729,644.36,953.585,130.788
2,1730,644.36,953.585,130.788
2,1731,644.36,928.545,130.788
2,1732,644.36,928.545,130.788
2,1733,644.36,1001.56,130.788
2,1734,644.36,1001.56,130.788
2,1735,644.36,1001.56,130.788
2,1736,644.36,1001.56,130.788
2,1737,644.36,1001.56,130.788
2,1738,644.36,1001.56,130.788
2,1739,644.36,1001.56,130.788
2,1740,644.36,1001.56,130.788
2,1741,644.36,1001.56,130.788
2,1742,644.36,1001.56,130.788
2,1743,644.36,1001.56,130.788
2,1744,644.36,1001.56,130.788
2,1745,644.36,1001.56,130.788
2,1746,644.36,1001.56,130.788
2,1747,644.36,1001.56,130.788
2,1748,644.36,1001.56,130.788
2,1749,644.36,1001.56,130.788
2,1750,644.36,1001.56,130.788
2,1751,644.36,1001.56,130.788
2,1752,644.36,1001.56,130.788
2,1753,644.36,984.363,130.788
2,1754,644.36,984.363,130.788
2,1755,644.36,984.363,130.788
2,1756,644.36,984.363,130.788
2,1757,644.36,984.363,130.788
2,1758,644.36,984.363,130.788
2,1759,644.36,984.363,130.788
2,1760,644.36,1017.44,130.788
2,1761,644.36,1017.44,129.48
2,1762,644.36,1017.44,129.48
2,1763,644.36,955.932,129.48
2,1764,644.36,955.932,129.48
2,1765,644.36,955.932,129.48
2,1766,644.36,955.932,129.48
2,1767,644.36,955.932,129.48
2,1768,644.36,1005.9,129.48
2,1769,644.36,953.52,129.48
2,1770,644.36,946.51,129.48
2,1771,644.36,946.51,129.48
2,1772,644.36,946.51,129.48
2,1773,644.36,946.51,129.48
2,1774,644.36,944.378,129.48
2,1775,644.36,944.378,129.48
2,1776,644.36,943.828,129.48
2,1777,644.36,943.828,129.48
2,1778,644.36,943.828,129.48
2,1779,644.36,943.828,129.48
2,1780,644.36,943.828,129.48
2,1781,644.36,943.828,129.48
2,1782,644.36,943.828,129.48
2,1783,644.36,943.828,129.48
2,1784,644.36,697.162,129.48
2,1785,644.36,697.162,129.48
2,1786,644.36,697.162,129.48
2,1787,644.36,697.162,129.48
2,1788,644.36,697.162,129.48
2,1789,644.36,697.162,129.48
2,1790,644.36,697.162,129.48
2,1791,644.36,697.162,129.48
2,1792,644.36,689.375,129.48
2,1793,644.36,689.375,129.48
2,1794,644.36,689.375,129.48
2,1795,644.36,689.375,129.48
2,1796,644.36,689.375,129.48
2,1797,644.36,689.375,129.48
2,1798,644.36,988.413,129.48
2,1799,644.36,988.413,129.48
2,1800,644.36,970.488,129.48
2,1801,644.36,970.488,128.185
2,1802,644.36,970.488,128.185
2,1803,644.36,970.488,128.185
2,1804,644.36,970.488,128.185
2,1805,644.36,970.488,128.185
2,1806,644.36,970.488,128.185
2,1807,644.36,970.488,128.185
2,1808,644.36,970.488,128.185
2,1809,644.36,970.488,128.185
2,1810,644.36,970.488,128.185
2,1811,644.36,970.488,128.185
2,1812,644.36,970.488,128.185
2,1813,644.36,957.915,128.185
2,1814,644.36,957.913,128.185
2,1815,644.36,957.913,128.185
2,1816,644.36,957.913,128.185
2,1817,644.36,957.913,128.185
2,1818,644.36,1020.45,128.185
2,1819,644.36,960.017,128.185
2,1820,644.36,958.582,128.185
2,1821,644.36,958.582,128.185
2,1822,644.36,958.582,128.185
2,1823,644.36,958.582,128.185
2,1824,644.36,955.053,128.185
2,1825,644.36,955.053,128.185
2,1826,644.36,955.053,128.185
2,1827,644.36,955.053,128.185
2,1828,644.36,1029.67,128.185
2,1829,644.36,1029.67,128.185
2,1830,644.36,747.041,128.185
2,1831,644.36,747.041,128.185
2,1832,644.36,700.796,128.185
2,1833,644.36,700.796,128.185
2,1834,644.36,694.652,128.185
2,1835,644.36,694.652,128.185
2,1836,644.36,694.652,128.185
2,1837,644.36,694.652,128.185
2,1838,644.36,694.652,128.185
2,1839,644.36,694.652,128.185
2,1840,644.36,682.071,128.185
2,1841,644.36,682.071,126.904
2,1842,644.36,682.071,126.904
2,1843,644.36,682.071,126.904
2,1844,644.36,682.071,126.904
2,1845,644.36,682.071,126.904
2,1846,644.36,682.071,126.904
2,1847,644.36,682.071,126.904
2,1848,644.36,660.919,126.904
2,1849,644.36,660.919,126.904
2,1850,644.36,660.919,126.904
2,1851,644.36,660.919,126.904
2,1852,644.36,660.919,126.904
2,1853,644.36,660.919,126.904
2,1854,644.36,660.919,126.904
2,1855,644.36,660.919,126.904
2,1856,644.36,660.919,126.904
2,1857,644.36,660.919,126.904
2,1858,644.36,660.919,126.904
2,1859,644.36,660.919,126.904
2,1860,644.36,660.919,126.904
2,1861,644.36,660.919,126.904
2,1862,644.36,660.919,126.904
2,1863,644.36,660.919,126.904
2,1864,644.36,660.919,126.904
2,1865,644.36,660.919,126.904
2,1866,644.36,660.919,126.904
2,1867,644.36,660.919,126.904
2,1868,644.36,660.919,126.904
2,1869,644.36,665.349,126.904
2,1870,644.36,665.349,126.904
2,1871,644.36,665.349,126.904
2,1872,644.36,665.349,126.904
2,1873,644.36,665.349,126.904
2,1874,644.36,665.349,126.904
2,1875,644.36,665.349,126.904
2,1876,644.36,665.349,126.904
2,1877,644.36,733.743,126.904
2,1878,644.36,733.743,126.904
2,1879,644.36,733.743,126.904
2,1880,644.36,733.743,126.904
2,1881,644.36,733.743,125.635
2,1882,644.36,733.743,125.635
2,1883,644.36,733.743,125.635
2,1884,644.36,713.423,125.635
2,1885,644.36,696.491,125.635
2,1886,644.36,696.491,125.635
2,1887,644.36,696.491,125.635
2,1888,644.36,696.491,125.635
2,1889,644.36,653.687,125.635
2,1890,644.36,653.687,125.635
2,1891,644.36,653.687,125.635
2,1892,644.36,665.349,125.635
2,1893,644.36,653.687,125.635
2,1894,644.36,653.687,125.635
2,1895,644.36,653.687,125.635
2,1896,644.36,653.687,125.635
2,1897,644.36,653.687,125.635
2,1898,644.36,653.687,125.635
2,1899,644.36,653.687,125.635
2,1900,644.36,653.687,125.635
2,1901,644.36,653.687,125.635
2,1902,644.36,653.687,125.635
2,1903,644.36,653.687,125.635
2,1904,644.36,653.687,125.635
2,1905,644.36,653.687,125.635
2,1906,644.36,653.687,125.635
2,1907,644.36,653.687,125.635
2,1908,644.36,653.687,125.635
2,1909,644.36,653.687,125.635
2,1910,644.36,653.687,125.635
2,1911,644.36,653.687,125.635
2,1912,644.36,653.687,125.635
2,1913,644.36,653.687,125.635
2,1914,644.36,653.687,125.635
2,1915,644.36,653.687,125.635
2,1916,644.36,653.687,125.635
2,1917,644.36,653.687,125.635
2,1918,644.36,653.687,125.635
2,1919,644.36,653.687,125.635
2,1920,644.36,653.687,125.635
2,1921,644.36,653.687,124.378
2,1922,644.36,653.687,124.378
2,1923,644.36,653.687,124.378
2,1924,644.36,653.687,124.378
2,1925,644.36,653.687,124.378
2,1926,644.36,653.687,124.378
2,1927,644.36,653.687,124.378
2,1928,644.36,653.687,124.378
2,1929,644.36,653.687,124.378
2,1930,644.36,653.687,124.378
2,1931,644.36,653.687,124.378
2,1932,644.36,653.687,124.378
2,1933,644.36,653.687,124.378
2,1934,644.36,653.687,124.378
2,1935,644.36,653.687,124.378
2,1936,644.36,653.687,124.378
2,1937,644.36,653.687,124.378
2,1938,644.36,653.687,124.378
2,1939,644.36,653.687,124.378
2,1940,644.36,653.687,124.378
2,1941,644.36,653.687,124.378
2,1942,644.36,653.687,124.378
2,1943,644.36,653.687,124.378
2,1944,644.36,653.687,124.378
2,1945,644.36,653.687,124.378
2,1946,644.36,653.687,124.378
2,1947,644.36,653.687,124.378
2,1948,644.36,653.687,124.378
2,1949,644.36,653.687,124.378
2,1950,644.36,653.687,124.378
2,1951,644.36,653.687,124.378
2,1952,644.36,653.687,124.378
2,1953,644.36,713.413,124.378
2,1954,644.36,713.413,124.378
2,1955,644.36,708.253,124.378
2,1956,644.36,669.031,124.378
2,1957,644.36,667.34,124.378
2,1958,644.36,667.34,124.378
2,1959,644.36,667.34,124.378
2,1960,644.36,667.34,124.378
2,1961,644.36,667.34,123.134
2,1962,644.36,667.34,123.134
2,1963,644.36,667.34,123.134
2,1964,644.36,667.34,123.134
2,1965,644.36,667.34,123.134
2,1966,644.36,667.34,123.134
2,1967,644.36,667.34,123.134
2,1968,644.36,667.34,123.134
2,1969,644.36,666.29,123.134
2,1970,644.36,666.29,123.134
2,1971,644.36,666.29,123.134
2,1972,644.36,666.29,123.134
2,1973,644.36,666.29,123.134
2,1974,644.36,666.29,123.134
2,1975,644.36,663.901,123.134
2,1976,644.36,663.901,123.134
2,1977,644.36,663.901,123.134
2,1978,644.36,663.901,123.134
2,1979,644.36,663.901,123.134
2,1980,644.36,663.901,123.134
2,1981,644.36,663.901,123.134
2,1982,644.36,663.901,123.134
2,1983,644.36,663.901,123.134
2,1984,644.36,663.901,123.134
2,1985,644.36,663.901,123.134
2,1986,644.36,663.901,123.134
2,1987,644.36,663.901,123.134
2,1988,644.36,663.901,123.134
2,1989,644.36,983.379,123.134
2,1990,644.36,983.379,123.134
2,1991,644.36,983.379,123.134
2,1992,644.36,983.379,123.134
2,1993,644.36,983.379,123.134
2,1994,644.36,983.379,123.134
2,1995,644.36,983.379,123.134
2,1996,644.36,983.379,123.134
2,1997,644.36,983.266,123.134
2,1998,644.36,983.266,123.134
2,1999,644.36,1000.57,123.134
2,2000,644.36,1000.57,123.134
2,2001,644.36,1000.57,121.903
2,2002,644.36,1000.57,121.903
2,2003,644.36,1000.57,121.903
2,2004,644.36,988.418,121.903
2,2005,644.36,988.418,121.903
2,2006,644.36,988.418,121.903
2,2007,644.36,988.418,121.903
2,2008,644.36,1003.09,121.903
2,2009,644.36,1003.09,121.903
2,2010,644.36,1003.09,121.903
2,2011,644.36,1003.09,121.903
2,2012,644.36,1009.83,121.903
2,2013,644.36,1009.83,121.903
2,2014,644.36,1009.83,121.903
2,2015,644.36,1008.62,121.903
2,2016,644.36,1008.62,121.903
2,2017,644.36,1008.62,121.903
2,2018,644.36,1008.62,121.903
2,2019,644.36,983.799,121.903
2,2020,644.36,983.799,121.903
2,2021,644.36,983.799,121.903
2,2022,644.36,974.775,121.903
2,2023,644.36,974.775,121.903
2,2024,644.36,974.775,121.903
2,2025,644.36,974.775,121.903
2,2026,644.36,974.775,121.903
2,2027,644.36,974.775,121.903
2,2028,644.36,974.775,121.903
2,2029,644.36,974.775,121.903
2,2030,644.36,974.775,121.903
2,2031,644.36,974.775,121.903
2,2032,644.36,974.775,121.903
2,2033,644.36,974.775,121.903
2,2034,644.36,974.775,121.903
2,2035,644.36,974.775,121.903
2,2036,644.36,974.775,121.903
2,2037,644.36,967.051,121.903
2,2038,644.36,967.051,121.903
2,2039,644.36,967.051,121.903
2,2040,644.36,967.051,121.903
2,2041,644.36,920.053,120.684
2,2042,644.36,920.053,120.684
2,2043,644.36,920.053,120.684
2,2044,644.36,920.053,120.684
2,2045,644.36,920.053,120.684
2,2046,644.36,920.053,120.684
2,2047,644.36,920.053,120.684
2,2048,644.36,920.053,120.684
2,2049,644.36,920.053,120.684
2,2050,644.36,997.419,120.684
2,2051,644.36,940.359,120.684
2,2052,644.36,936.347,120.684
2,2053,644.36,936.347,120.684
2,2054,644.36,936.347,120.684
2,2055,644.36,936.347,120.684
2,2056,644.36,976.776,120.684
2,2057,644.36,994.577,120.684
2,2058,644.36,957.341,120.684
2,2059,644.36,696.985,120.684
2,2060,644.36,696.985,120.684
2,2061,644.36,700.016,120.684
2,2062,644.36,700.016,120.684
2,2063,644.36,700.016,120.684
2,2064,644.36,700.016,120.684
2,2065,644.36,702.759,120.684
2,2066,644.36,700.016,120.684
2,2067,644.36,700.016,120.684
2,2068,644.36,700.016,120.684
2,2069,644.36,700.016,120.684
2,2070,644.36,700.016,120.684
2,2071,644.36,700.016,120.684
2,2072,644.36,700.016,120.684
2,2073,644.36,700.016,120.684
2,2074,644.36,700.016,120.684
2,2075,644.36,700.016,120.684
2,2076,644.36,700.016,120.684
2,2077,644.36,700.016,120.684
2,2078,644.36,700.016,120.684
2,2079,644.36,700.016,120.684
2,2080,644.36,700.016,120.684
2,2081,644.36,697.032,119.477
2,2082,644.36,691.461,119.477
2,2083,644.36,680.707,119.477
2,2084,644.36,680.707,119.477
2,2085,644.36,680.707,119.477
2,2086,644.36,680.707,119.477
2,2087,644.36,680.707,119.477
2,2088,644.36,680.707,119.477
2,2089,644.36,680.707,119.477
2,2090,644.36,680.707,119.477
2,2091,644.36,680.707,119.477
2,2092,644.36,680.707,119.477
2,2093,644.36,680.707,119.477
2,2094,644.36,680.707,119.477
2,2095,644.36,680.707,119.477
2,2096,644.36,680.707,119.477
2,2097,644.36,680.707,119.477
2,2098,644.36,680.707,119.477
2,2099,644.36,680.707,119.477
2,2100,644.36,680.707,119.477
2,2101,644.36,680.707,119.477
2,2102,644.36,680.707,119.477
2,2103,644.36,680.707,119.477
2,2104,644.36,662.4,119.477
2,2105,644.36,662.4,119.477
2,2106,644.36,662.4,119.477
2,2107,644.36,662.4,119.477
2,2108,644.36,662.4,119.477
2,2109,644.36,662.4,119.477
2,2110,644.36,645.984,119.477
2,2111,644.36,665.184,119.477
2,2112,644.36,665.184,119.477
2,2113,644.36,665.184,119.477
2,2114,644.36,665.184,119.477
2,2115,644.36,665.184,119.477
2,2116,644.36,665.184,119.477
2,2117,644.36,665.184,119.477
2,2118,644.36,665.184,119.477
2,2119,644.36,665.184,119.477
2,2120,644.36,665.184,119.477
2,2121,644.36,665.184,118.282
2,2122,644.36,665.184,118.282
2,2123,644.36,665.184,118.282
2,2124,644.36,665.184,118.282
2,2125,644.36,665.184,118.282
2,2126,644.36,665.184,118.282
2,2127,644.36,665.184,118.282
2,2128,644.36,665.184,118.282
2,2129,644.36,665.184,118.282
2,2130,644.36,665.184,118.282
2,2131,644.36,665.184,118.282
2,2132,644.36,665.184,118.282
2,2133,644.36,665.184,118.282
2,2134,644.36,665.184,118.282
2,2135,644.36,665.184,118.282
2,2136,644.36,665.184,118.282
2,2137,644.36,665.184,118.282
2,2138,644.36,665.184,118.282
2,2139,644.36,665.184,118.282
2,2140,644.36,665.184,118.282
2,2141,644.36,665.184,118.282
2,2142,644.36,665.184,118.282
2,2143,644.36,665.184,118.282
2,2144,644.36,665.184,118.282
2,2145,644.36,645.984,118.282
2,2146,644.36,645.984,118.282
2,2147,644.36,654.614,118.282
2,2148,644.36,654.614,118.282
2,2149,644.36,942.291,118.282
2,2150,644.36,942.001,118.282
2,2151,644.36,942.001,118.282
2,2152,644.36,942.001,118.282
2,2153,644.36,942.001,118.282
2,2154,644.36,942.001,118.282
2,2155,644.36,942.001,118.282
2,2156,644.36,942.001,118.282
2,2157,644.36,942.001,118.282
2,2158,644.36,942.001,118.282
2,2159,644.36,942.001,118.282
2,2160,644.36,942.001,118.282
2,2161,644.36,942.001,117.1
2,2162,644.36,942.001,117.1
2,2163,644.36,942.001,117.1
2,2164,644.36,942.001,117.1
2,2165,644.36,942.001,117.1
2,2166,644.36,942.001,117.1
2,2167,644.36,703.243,117.1
2,2168,644.36,703.243,117.1
2,2169,644.36,703.243,117.1
2,2170,644.36,703.243,117.1
2,2171,644.36,703.243,117.1
2,2172,644.36,703.243,117.1
2,2173,644.36,708.193,117.1
2,2174,644.36,708.193,117.1
2,2175,644.36,695.626,117.1
2,2176,644.36,660.194,117.1
2,2177,644.36,660.194,117.1
2,2178,644.36,654.614,117.1
2,2179,644.36,654.614,117.1
2,2180,644.36,654.614,117.1
2,2181,644.36,654.614,117.1
2,2182,644.36,654.614,117.1
2,2183,644.36,654.614,117.1
2,2184,644.36,654.614,117.1
2,2185,644.36,658.762,117.1
2,2186,644.36,658.762,117.1
2,2187,644.36,648.116,117.1
2,2188,644.36,645.984,117.1
2,2189,644.36,645.984,117.1
2,2190,644.36,645.984,117.1
2,2191,644.36,645.984,117.1
2,2192,644.36,645.984,117.1
2,2193,644.36,645.984,117.1
2,2194,644.36,645.984,117.1
2,2195,644.36,645.984,117.1
2,2196,644.36,645.984,117.1
2,2197,644.36,645.984,117.1
2,2198,644.36,645.984,117.1
2,2199,644.36,645.984,117.1
2,2200,644.36,645.984,117.1
2,2201,644.36,645.984,115.929
2,2202,644.36,645.984,115.929
2,2203,644.36,645.984,115.929
2,2204,644.36,645.984,115.929
2,2205,644.36,645.984,115.929
2,2206,644.36,645.984,115.929
2,2207,644.36,645.984,115.929
2,2208,644.36,645.984,115.929
2,2209,644.36,645.984,115.929
2,2210,644.36,645.984,115.929
2,2211,644.36,645.984,115.929
2,2212,644.36,645.984,115.929
2,2213,644.36,645.984,115.929
2,2214,644.36,645.984,115.929
2,2215,644.36,645.984,115.929
2,2216,644.36,645.984,115.929
2,2217,644.36,645.984,115.929
2,2218,644.36,645.984,115.929
2,2219,644.36,645.984,115.929
2,2220,644.36,645.984,115.929
2,2221,644.36,645.984,115.929
2,2222,644.36,645.984,115.929
2,2223,644.36,645.984,115.929
2,2224,644.36,645.984,115.929
2,2225,644.36,645.984,115.929
2,2226,644.36,645.984,115.929
2,2227,644.36,645.984,115.929
2,2228,644.36,645.984,115.929
2,2229,644.36,645.984,115.929
2,2230,644.36,645.984,115.929
2,2231,644.36,645.984,115.929
2,2232,644.36,645.984,115.929
2,2233,644.36,645.984,115.929
2,2234,644.36,645.984,115.929
2,2235,644.36,645.984,115.929
2,2236,644.36,645.984,115.929
2,2237,644.36,645.984,115.929
2,2238,644.36,645.984,115.929
2,2239,644.36,645.984,115.929
2,2240,644.36,645.984,115.929
2,2241,644.36,645.984,114.769
2,2242,644.36,645.984,114.769
2,2243,644.36,645.984,114.769
2,2244,644.36,645.984,114.769
2,2245,644.36,654.614,114.769
2,2246,644.36,654.614,114.769
2,2247,644.36,654.614,114.769
2,2248,644.36,654.614,114.769
2,2249,644.36,654.614,114.769
2,2250,644.36,654.614,114.769
2,2251,644.36,654.614,114.769
2,2252,644.36,654.614,114.769
2,2253,644.36,654.614,114.769
2,2254,644.36,654.614,114.769
2,2255,644.36,654.614,114.769
2,2256,644.36,654.614,114.769
2,2257,644.36,654.614,114.769
2,2258,644.36,654.614,114.769
2,2259,644.36,654.614,114.769
2,2260,644.36,654.614,114.769
2,2261,644.36,654.614,114.769
2,2262,644.36,654.614,114.769
2,2263,644.36,654.614,114.769
2,2264,644.36,654.614,114.769
2,2265,644.36,654.614,114.769
2,2266,644.36,654.614,114.769
2,2267,644.36,654.614,114.769
2,2268,644.36,654.614,114.769
2,2269,644.36,654.614,114.769
2,2270,644.36,654.614,114.769
2,2271,644.36,654.614,114.769
2,2272,644.36,654.614,114.769
2,2273,644.36,654.614,114.769
2,2274,644.36,650.602,114.769
2,2275,644.36,650.602,114.769
2,2276,644.36,650.602,114.769
2,2277,644.36,713.992,114.769
2,2278,644.36,713.992,114.769
2,2279,644.36,713.992,114.769
2,2280,644.36,713.992,114.769
2,2281,644.36,654.614,113.622
2,2282,644.36,654.614,113.622
2,2283,644.36,654.614,113.622
2,2284,644.36,654.614,113.622
2,2285,644.36,654.614,113.622
2,2286,644.36,654.614,113.622
2,2287,644.36,654.614,113.622
2,2288,644.36,654.614,113.622
2,2289,644.36,654.614,113.622
2,2290,644.36,654.614,113.622
2,2291,644.36,654.614,113.622
2,2292,644.36,654.614,113.622
2,2293,644.36,654.614,113.622
2,2294,644.36,654.614,113.622
2,2295,644.36,654.614,113.622
2,2296,644.36,654.614,113.622
2,2297,644.36,654.614,113.622
2,2298,644.36,654.614,113.622
2,2299,644.36,654.614,113.622
2,2300,644.36,664.511,113.622
2,2301,644.36,664.511,113.622
2,2302,644.36,664.511,113.622
2,2303,644.36,664.511,113.622
2,2304,644.36,664.511,113.622
2,2305,644.36,664.511,113.622
2,2306,644.36,664.511,113.622
2,2307,644.36,664.511,113.622
2,2308,644.36,664.511,113.622
2,2309,644.36,664.511,113.622
2,2310,644.36,660.499,113.622
2,2311,644.36,660.499,113.622
2,2312,644.36,660.499,113.622
2,2313,644.36,660.499,113.622
2,2314,644.36,660.499,113.622
2,2315,644.36,660.499,113.622
2,2316,644.36,660.499,113.622
2,2317,644.36,660.499,113.622
2,2318,644.36,673.943,113.622
2,2319,644.36,673.943,113.622
2,2320,644.36,673.943,113.622
2,2321,644.36,673.943,112.485
2,2322,644.36,658.219,112.485
2,2323,644.36,658.219,112.485
2,2324,644.36,658.219,112.485
2,2325,644.36,658.219,112.485
2,2326,644.36,658.219,112.485
2,2327,644.36,970.84,112.485
2,2328,644.36,970.84,112.485
2,2329,644.36,970.84,112.485
2,2330,644.36,970.84,112.485
2,2331,644.36,970.84,112.485
2,2332,644.36,970.84,112.485
2,2333,644.36,970.84,112.485
2,2334,644.36,970.84,112.485
2,2335,644.36,970.84,112.485
2,2336,644.36,970.84,112.485
2,2337,644.36,970.84,112.485
2,2338,644.36,970.84,112.485
2,2339,644.36,970.84,112.485
2,2340,644.36,970.84,112.485
2,2341,644.36,970.84,112.485
2,2342,644.36,970.84,112.485
2,2343,644.36,970.84,112.485
2,2344,644.36,970.84,112.485
2,2345,644.36,970.84,112.485
2,2346,644.36,970.84,112.485
2,2347,644.36,970.84,112.485
2,2348,644.36,970.84,112.485
2,2349,644.36,970.84,112.485
2,2350,644.36,976.628,112.485
2,2351,644.36,671.991,112.485
2,2352,644.36,671.991,112.485
2,2353,644.36,662.4,112.485
2,2354,644.36,662.4,112.485
2,2355,644.36,662.287,112.485
2,2356,644.36,662.287,112.485
2,2357,644.36,662.287,112.485
2,2358,644.36,662.287,112.485
2,2359,644.36,662.287,112.485
2,2360,644.36,662.287,112.485
2,2361,644.36,662.287,111.361
2,2362,644.36,662.287,111.361
2,2363,644.36,671.26,111.361
2,2364,644.36,671.26,111.361
2,2365,644.36,671.26,111.361
2,2366,644.36,671.26,111.361
2,2367,644.36,671.26,111.361
2,2368,644.36,655.574,111.361
2,2369,644.36,655.574,111.361
2,2370,644.36,655.574,111.361
2,2371,644.36,701.123,111.361
2,2372,644.36,690.46,111.361
2,2373,644.36,740.209,111.361
2,2374,644.36,740.209,111.361
2,2375,644.36,740.209,111.361
2,2376,644.36,740.209,111.361
2,2377,644.36,680.551,111.361
2,2378,644.36,662.62,111.361
2,2379,644.36,662.62,111.361
2,2380,644.36,670.125,111.361
2,2381,644.36,670.125,111.361
2,2382,644.36,670.125,111.361
2,2383,644.36,670.125,111.361
2,2384,644.36,670.125,111.361
2,2385,644.36,670.125,111.361
2,2386,644.36,670.125,111.361
2,2387,644.36,670.125,111.361
2,2388,644.36,670.125,111.361
2,2389,644.36,670.125,111.361
2,2390,644.36,670.125,111.361
2,2391,644.36,666.065,111.361
2,2392,644.36,666.065,111.361
2,2393,644.36,669.963,111.361
2,2394,644.36,671.852,111.361
2,2395,644.36,671.852,111.361
2,2396,644.36,671.852,111.361
2,2397,644.36,671.852,111.361
2,2398,644.36,671.852,111.361
2,2399,644.36,671.852,111.361
2,2400,644.36,671.852,111.361
2,2401,644.36,671.852,110.247
2,2402,644.36,657.299,110.247
2,2403,644.36,657.299,110.247
2,2404,644.36,657.299,110.247
2,2405,644.36,657.299,110.247
2,2406,644.36,657.299,110.247
2,2407,644.36,657.299,110.247
2,2408,644.36,657.299,110.247
2,2409,644.36,657.299,110.247
2,2410,644.36,657.299,110.247
2,2411,644.36,657.299,110.247
2,2412,644.36,710.892,110.247
2,2413,644.36,686.178,110.247
2,2414,644.36,686.178,110.247
2,2415,644.36,686.178,110.247
2,2416,644.36,686.178,110.247
2,2417,644.36,686.178,110.247
2,2418,644.36,686.178,110.247
2,2419,644.36,674.683,110.247
2,2420,644.36,674.683,110.247
2,2421,644.36,674.683,110.247
2,2422,644.36,674.683,110.247
2,2423,644.36,674.683,110.247
2,2424,644.36,668.051,110.247
2,2425,644.36,668.051,110.247
2,2426,644.36,668.051,110.247
2,2427,644.36,668.051,110.247
2,2428,644.36,668.051,110.247
2,2429,644.36,668.051,110.247
2,2430,644.36,668.051,110.247
2,2431,644.36,668.051,110.247
2,2432,644.36,662.4,110.247
2,2433,644.36,662.4,110.247
2,2434,644.36,662.4,110.247
2,2435,644.36,662.4,110.247
2,2436,644.36,662.287,110.247
2,2437,644.36,662.287,110.247
2,2438,644.36,662.287,110.247
2,2439,644.36,662.287,110.247
2,2440,644.36,662.287,110.247
2,2441,644.36,662.287,109.145
2,2442,644.36,662.287,109.145
2,2443,644.36,662.287,109.145
2,2444,644.36,662.287,109.145
2,2445,644.36,662.287,109.145
2,2446,644.36,662.287,109.145
2,2447,644.36,662.287,109.145
2,2448,644.36,662.287,109.145
2,2449,644.36,662.287,109.145
2,2450,644.36,662.287,109.145
2,2451,644.36,662.287,109.145
2,2452,644.36,662.287,109.145
2,2453,644.36,662.287,109.145
2,2454,644.36,662.287,109.145
2,2455,644.36,662.287,109.145
2,2456,644.36,662.287,109.145
2,2457,644.36,662.287,109.145
2,2458,644.36,662.287,109.145
2,2459,644.36,662.287,109.145
2,2460,644.36,662.287,109.145
2,2461,644.36,662.287,109.145
2,2462,644.36,662.287,109.145
2,2463,644.36,662.287,109.145
2,2464,644.36,662.287,109.145
2,2465,644.36,662.287,109.145
2,2466,644.36,662.287,109.145
2,2467,644.36,662.287,109.145
2,2468,644.36,662.287,109.145
2,2469,644.36,662.287,109.145
2,2470,644.36,671.26,109.145
2,2471,644.36,671.26,109.145
2,2472,644.36,671.26,109.145
2,2473,644.36,671.26,109.145
2,2474,644.36,671.26,109.145
2,2475,644.36,671.26,109.145
2,2476,644.36,667.756,109.145
2,2477,644.36,667.756,109.145
2,2478,644.36,667.756,109.145
2,2479,644.36,667.756,109.145
2,2480,644.36,662.4,109.145
2,2481,644.36,662.4,108.053
2,2482,644.36,662.4,108.053
2,2483,644.36,662.4,108.053
2,2484,644.36,662.4,108.053
2,2485,644.36,662.4,108.053
2,2486,644.36,662.4,108.053
2,2487,644.36,1275.14,108.053
2,2488,644.36,1275.14,108.053
2,2489,644.36,1275.14,108.053
2,2490,644.36,1282.89,108.053
2,2491,644.36,1278.88,108.053
2,2492,644.36,1278.88,108.053
2,2493,644.36,1278.88,108.053
2,2494,644.36,1231.72,108.053
2,2495,644.36,1231.72,108.053
2,2496,644.36,1231.72,108.053
2,2497,644.36,1211.53,108.053
2,2498,644.36,1211.53,108.053
2,2499,644.36,1211.53,108.053
2,2500,644.36,1211.53,108.053
2,2501,644.36,1215.43,108.053
2,2502,644.36,1215.43,108.053
2,2503,644.36,1215.43,108.053
2,2504,644.36,1215.43,108.053
2,2505,644.36,1215.43,108.053
2,2506,644.36,1215.43,108.053
2,2507,644.36,1215.43,108.053
2,2508,644.36,1215.43,108.053
2,2509,644.36,1215.43,108.053
2,2510,644.36,1215.43,108.053
2,2511,644.36,1215.43,108.053
2,2512,644.36,1215.43,108.053
2,2513,644.36,1215.43,108.053
2,2514,644.36,1215.43,108.053
2,2515,644.36,1215.43,108.053
2,2516,644.36,1262.12,108.053
2,2517,644.36,1262.12,108.053
2,2518,644.36,1257.69,108.053
2,2519,644.36,1257.69,108.053
2,2520,644.36,1257.69,108.053
2,2521,644.36,1257.69,106.973
2,2522,644.36,1243.49,106.973
2,2523,644.36,1310.77,106.973
2,2524,644.36,1310.77,106.973
2,2525,644.36,1288.6,106.973
2,2526,644.36,1288.6,106.973
2,2527,644.36,1288.6,106.973
2,2528,644.36,1288.6,106.973
2,2529,644.36,1288.6,106.973
2,2530,644.36,1288.6,106.973
2,2531,644.36,1288.6,106.973
2,2532,644.36,1288.6,106.973
2,2533,644.36,1288.6,106.973
2,2534,644.36,1288.6,106.973
2,2535,644.36,1257.43,106.973
2,2536,644.36,1257.43,106.973
2,2537,644.36,1257.43,106.973
2,2538,644.36,1232.93,106.973
2,2539,644.36,1232.93,106.973
2,2540,644.36,1232.93,106.973
2,2541,644.36,1232.93,106.973
2,2542,644.36,1232.93,106.973
2,2543,644.36,1232.93,106.973
2,2544,644.36,1240.25,106.973
2,2545,644.36,1240.25,106.973
2,2546,644.36,1240.25,106.973
2,2547,644.36,1240.25,106.973
2,2548,644.36,1240.25,106.973
2,2549,644.36,1240.25,106.973
2,2550,644.36,1240.25,106.973
2,2551,644.36,1240.25,106.973
2,2552,644.36,1240.25,106.973
2,2553,644.36,1240.25,106.973
2,2554,644.36,1240.25,106.973
2,2555,644.36,1240.25,106.973
2,2556,644.36,1240.25,106.973
2,2557,644.36,1240.25,106.973
2,2558,644.36,1231.85,106.973
2,2559,644.36,1231.85,106.973
2,2560,644.36,1231.85,106.973
2,2561,644.36,1231.85,105.903
2,2562,644.36,1231.85,105.903
2,2563,644.36,1231.85,105.903
2,2564,644.36,1231.85,105.903
2,2565,644.36,1231.85,105.903
2,2566,644.36,1217.3,105.903
2,2567,644.36,1217.3,105.903
2,2568,644.36,1211.53,105.903
2,2569,644.36,1211.53,105.903
2,2570,644.36,1211.53,105.903
2,2571,644.36,1211.53,105.903
2,2572,644.36,1211.53,105.903
2,2573,644.36,1211.53,105.903
2,2574,644.36,1211.53,105.903
2,2575,644.36,1211.53,105.903
2,2576,644.36,1211.53,105.903
2,2577,644.36,1211.53,105.903
2,2578,644.36,1211.53,105.903
2,2579,644.36,1211.53,105.903
2,2580,644.36,1211.53,105.903
2,2581,644.36,1280.43,105.903
2,2582,644.36,1215.43,105.903
2,2583,644.36,1215.43,105.903
2,2584,644.36,1215.43,105.903
2,2585,644.36,1215.43,105.903
2,2586,644.36,1215.43,105.903
2,2587,644.36,1215.43,105.903
2,2588,644.36,1221.9,105.903
2,2589,644.36,1218,105.903
2,2590,644.36,1286.67,105.903
2,2591,644.36,1286.67,105.903
2,2592,644.36,1265.87,105.903
2,2593,644.36,1265.87,105.903
2,2594,644.36,1265.87,105.903
2,2595,644.36,1265.87,105.903
2,2596,644.36,1265.87,105.903
2,2597,644.36,996.78,105.903
2,2598,644.36,996.78,105.903
2,2599,644.36,996.78,105.903
2,2600,644.36,968.007,105.903
2,2601,644.36,939.978,104.844
2,2602,644.36,939.978,104.844
2,2603,644.36,939.978,104.844
2,2604,644.36,939.978,104.844
2,2605,644.36,939.978,104.844
2,2606,644.36,939.978,104.844
2,2607,644.36,939.978,104.844
2,2608,644.36,939.978,104.844
2,2609,644.36,939.978,104.844
2,2610,644.36,939.978,104.844
2,2611,644.36,957.361,104.844
2,2612,644.36,956.811,104.844
2,2613,644.36,956.811,104.844
2,2614,644.36,926.798,104.844
2,2615,644.36,926.798,104.844
2,2616,644.36,964.428,104.844
2,2617,644.36,962.219,104.844
2,2618,644.36,962.219,104.844
2,2619,644.36,962.219,104.844
2,2620,644.36,911.198,104.844
2,2621,644.36,909.066,104.844
2,2622,644.36,909.066,104.844
2,2623,644.36,909.066,104.844
2,2624,644.36,909.066,104.844
2,2625,644.36,909.066,104.844
2,2626,644.36,909.066,104.844
2,2627,644.36,662.4,104.844
2,2628,644.36,662.4,104.844
2,2629,644.36,662.4,104.844
2,2630,644.36,662.4,104.844
2,2631,644.36,662.4,104.844
2,2632,644.36,662.4,104.844
2,2633,644.36,645.984,104.844
2,2634,644.36,645.984,104.844
2,2635,644.36,645.984,104.844
2,2636,644.36,645.984,104.844
2,2637,644.36,645.984,104.844
2,2638,640.463,640.463,104.844
2,2639,640.463,640.463,104.844
2,2640,640.462,640.462,104.844
2,2641,640.462,640.462,103.795
2,2642,640.462,640.462,103.795
2,2643,640.462,640.462,103.795
2,2644,640.462,640.462,103.795
2,2645,640.462,640.462,103.795
2,2646,640.462,640.462,103.795
2,2647,640.462,640.462,103.795
2,2648,640.462,640.462,103.795
2,2649,640.462,640.462,103.795
2,2650,640.462,640.462,103.795
2,2651,640.462,640.462,103.795
2,2652,640.462,640.462,103.795
2,2653,640.462,640.462,103.795
2,2654,640.462,640.462,103.795
2,2655,640.462,640.462,103.795
2,2656,640.462,640.462,103.795
2,2657,640.462,640.462,103.795
2,2658,640.462,640.462,103.795
2,2659,640.462,640.462,103.795
2,2660,640.462,640.462,103.795
2,2661,640.462,640.462,103.795
2,2662,640.462,640.462,103.795
2,2663,640.462,640.462,103.795
2,2664,640.462,640.462,103.795
2,2665,640.462,640.462,103.795
2,2666,640.462,640.462,103.795
2,2667,640.462,640.462,103.795
2,2668,640.462,640.462,103.795
2,2669,640.462,640.462,103.795
2,2670,640.462,640.462,103.795
2,2671,640.462,640.462,103.795
2,2672,640.462,640.462,103.795
2,2673,640.462,640.462,103.795
2,2674,640.462,644.36,103.795
2,2675,640.462,644.36,103.795
2,2676,640.462,644.36,103.795
2,2677,640.462,644.36,103.795
2,2678,640.462,644.36,103.795
2,2679,640.462,644.36,103.795
2,2680,640.462,644.36,103.795
2,2681,640.462,644.36,102.757
2,2682,640.462,644.36,102.757
2,2683,640.462,644.36,102.757
2,2684,640.462,644.36,102.757
2,2685,640.462,644.36,102.757
2,2686,640.462,644.36,102.757
2,2687,640.462,644.36,102.757
2,2688,640.462,644.36,102.757
2,2689,640.462,644.36,102.757
2,2690,640.462,640.462,102.757
2,2691,640.462,640.462,102.757
2,2692,640.462,640.462,102.757
2,2693,640.462,640.462,102.757
2,2694,640.462,640.462,102.757
2,2695,640.462,640.462,102.757
2,2696,640.462,640.462,102.757
2,2697,640.462,640.462,102.757
2,2698,640.462,640.462,102.757
2,2699,640.462,640.462,102.757
2,2700,640.462,640.462,102.757
2,2701,640.462,640.462,102.757
2,2702,640.462,640.462,102.757
2,2703,640.462,640.462,102.757
2,2704,640.462,640.462,102.757
2,2705,640.462,640.462,102.757
2,2706,640.462,640.462,102.757
2,2707,640.462,640.462,102.757
2,2708,640.462,640.462,102.757
2,2709,640.462,640.462,102.757
2,2710,640.462,640.462,102.757
2,2711,640.462,649.829,102.757
2,2712,640.462,649.829,102.757
2,2713,640.462,649.829,102.757
2,2714,640.462,649.829,102.757
2,2715,640.462,649.829,102.757
2,2716,640.462,649.829,102.757
2,2717,640.462,649.829,102.757
2,2718,640.462,649.829,102.757
2,2719,640.462,649.829,102.757
2,2720,640.462,649.829,102.757
2,2721,640.462,649.829,101.73
2,2722,640.462,649.829,101.73
2,2723,640.462,649.829,101.73
2,2724,640.462,649.829,101.73
2,2725,640.462,649.829,101.73
2,2726,640.462,649.829,101.73
2,2727,640.462,649.829,101.73
2,2728,640.462,649.829,101.73
2,2729,640.462,649.829,101.73
2,2730,640.462,649.829,101.73
2,2731,640.462,649.829,101.73
2,2732,640.462,649.829,101.73
2,2733,640.462,649.829,101.73
2,2734,640.462,649.829,101.73
2,2735,640.462,649.829,101.73
2,2736,640.462,649.829,101.73
2,2737,640.462,649.829,101.73
2,2738,640.462,649.829,101.73
2,2739,640.462,649.829,101.73
2,2740,640.462,649.829,101.73
2,2741,640.462,649.829,101.73
2,2742,640.462,649.829,101.73
2,2743,640.462,649.829,101.73
2,2744,640.462,649.829,101.73
2,2745,640.462,645.984,101.73
2,2746,640.462,645.984,101.73
2,2747,640.462,645.984,101.73
2,2748,640.462,645.984,101.73
2,2749,640.462,645.984,101.73
2,2750,640.462,645.984,101.73
2,2751,640.462,645.984,101.73
2,2752,640.462,645.984,101.73
2,2753,640.462,644.36,101.73
2,2754,640.462,644.36,101.73
2,2755,640.462,644.36,101.73
2,2756,640.462,644.36,101.73
2,2757,640.462,644.36,101.73
2,2758,640.462,644.36,101.73
2,2759,640.462,640.462,101.73
2,2760,640.462,640.462,101.73
2,2761,640.462,959.254,100.713
2,2762,640.462,959.254,100.713
2,2763,640.462,959.254,100.713
2,2764,640.462,959.254,100.713
2,2765,640.462,959.254,100.713
2,2766,640.462,959.254,100.713
2,2767,640.462,959.254,100.713
2,2768,640.462,959.254,100.713
2,2769,640.462,959.254,100.713
2,2770,640.462,959.254,100.713
2,2771,640.462,962.834,100.713
2,2772,640.462,962.834,100.713
2,2773,640.462,962.834,100.713
2,2774,640.462,960.18,100.713
2,2775,640.462,960.18,100.713
2,2776,640.462,960.18,100.713
2,2777,640.462,960.18,100.713
2,2778,640.462,960.18,100.713
2,2779,640.462,960.18,100.713
2,2780,640.462,960.18,100.713
2,2781,640.462,960.18,100.713
2,2782,640.462,699.636,100.713
2,2783,640.462,699.636,100.713
2,2784,640.462,699.636,100.713
2,2785,640.462,668.051,100.713
2,2786,640.462,668.051,100.713
2,2787,640.462,668.051,100.713
2,2788,640.462,668.051,100.713
2,2789,640.462,668.051,100.713
2,2790,640.462,683.011,100.713
2,2791,640.462,683.011,100.713
2,2792,640.462,683.011,100.713
2,2793,640.462,683.011,100.713
2,2794,640.462,676.046,100.713
2,2795,640.462,676.046,100.713
2,2796,640.462,676.046,100.713
2,2797,640.462,676.046,100.713
2,2798,640.462,676.046,100.713
2,2799,640.462,676.046,100.713
2,2800,640.462,670.776,100.713
2,2801,640.462,671.991,99.7054
2,2802,640.462,671.991,99.7054
2,2803,640.462,671.991,99.7054
2,2804,640.462,671.991,99.7054
2,2805,640.462,671.991,99.7054
2,2806,640.462,671.991,99.7054
2,2807,640.462,671.991,99.7054
2,2808,640.462,671.991,99.7054
2,2809,640.462,671.991,99.7054
2,2810,640.462,671.991,99.7054
2,2811,640.462,671.991,99.7054
2,2812,640.462,671.991,99.7054
2,2813,640.462,671.991,99.7054
2,2814,640.462,671.991,99.7054
2,2815,640.462,671.991,99.7054
2,2816,640.462,671.991,99.7054
2,2817,640.462,671.991,99.7054
2,2818,640.462,671.991,99.7054
2,2819,640.462,662.4,99.7054
2,2820,640.462,662.4,99.7054
2,2821,640.462,662.4,99.7054
2,2822,640.462,662.4,99.7054
2,2823,640.462,662.4,99.7054
2,2824,640.462,662.287,99.7054
2,2825,640.462,662.287,99.7054
2,2826,640.462,662.287,99.7054
2,2827,640.462,662.287,99.7054
2,2828,640.462,662.287,99.7054
2,2829,640.462,662.287,99.7054
2,2830,640.462,662.287,99.7054
2,2831,640.462,662.287,99.7054
2,2832,640.462,662.287,99.7054
2,2833,640.462,662.287,99.7054
2,2834,640.462,662.287,99.7054
2,2835,640.462,662.287,99.7054
2,2836,640.462,662.287,99.7054
2,2837,640.462,662.287,99.7054
2,2838,640.462,662.287,99.7054
2,2839,640.462,662.287,99.7054
2,2840,640.462,662.287,99.7054
2,2841,640.462,662.287,98.7083
2,2842,640.462,644.362,98.7083
2,2843,640.462,644.362,98.7083
2,2844,640.462,644.362,98.7083
2,2845,640.462,644.362,98.7083
2,2846,640.462,644.362,98.7083
2,2847,640.462,644.362,98.7083
2,2848,640.462,644.362,98.7083
2,2849,640.462,644.362,98.7083
2,2850,640.462,644.362,98.7083
2,2851,640.462,644.362,98.7083
2,2852,640.462,644.362,98.7083
2,2853,640.462,644.362,98.7083
2,2854,640.462,644.362,98.7083
2,2855,640.462,644.362,98.7083
2,2856,640.462,644.36,98.7083
2,2857,640.462,644.36,98.7083
2,2858,640.462,644.36,98.7083
2,2859,640.462,644.36,98.7083
2,2860,640.462,644.36,98.7083
2,2861,640.462,644.36,98.7083
2,2862,640.462,644.36,98.7083
2,2863,640.462,644.36,98.7083
2,2864,640.462,644.36,98.7083
2,2865,640.462,644.36,98.7083
2,2866,640.462,644.36,98.7083
2,2867,640.462,644.36,98.7083
2,2868,640.462,644.36,98.7083
2,2869,640.462,644.36,98.7083
2,2870,640.462,644.36,98.7083
2,2871,640.462,644.36,98.7083
2,2872,640.462,644.36,98.7083
2,2873,640.462,644.36,98.7083
2,2874,640.462,644.36,98.7083
2,2875,640.462,644.36,98.7083
2,2876,640.462,644.36,98.7083
2,2877,640.462,644.36,98.7083
2,2878,640.462,644.36,98.7083
2,2879,640.462,644.36,98.7083
2,2880,640.462,726.588,98.7083
2,2881,640.462,726.588,97.7213
2,2882,640.462,726.588,97.7213
2,2883,640.462,697.743,97.7213
2,2884,640.462,697.743,97.7213
2,2885,640.462,697.743,97.7213
2,2886,640.462,697.743,97.7213
2,2887,640.462,697.743,97.7213
2,2888,640.462,697.743,97.7213
2,2889,640.462,697.743,97.7213
2,2890,640.462,697.743,97.7213
2,2891,640.462,697.743,97.7213
2,2892,640.462,697.743,97.7213
2,2893,640.462,679.304,97.7213
2,2894,640.462,679.304,97.7213
2,2895,640.462,689.014,97.7213
2,2896,640.462,689.014,97.7213
2,2897,640.462,689.014,97.7213
2,2898,640.462,689.014,97.7213
2,2899,640.462,689.014,97.7213
2,2900,640.462,677.754,97.7213
2,2901,640.462,677.754,97.7213
2,2902,640.462,677.754,97.7213
2,2903,640.462,677.754,97.7213
2,2904,640.462,673.642,97.7213
2,2905,640.462,673.642,97.7213
2,2906,640.462,673.642,97.7213
2,2907,640.462,673.642,97.7213
2,2908,640.462,673.642,97.7213
2,2909,640.462,673.642,97.7213
2,2910,640.462,673.642,97.7213
2,2911,640.462,673.642,97.7213
2,2912,640.462,673.642,97.7213
2,2913,640.462,673.642,97.7213
2,2914,640.462,673.642,97.7213
2,2915,640.462,673.642,97.7213
2,2916,640.462,673.642,97.7213
2,2917,640.462,660.631,97.7213
2,2918,640.462,660.631,97.7213
2,2919,640.462,660.631,97.7213
2,2920,640.462,660.631,97.7213
2,2921,640.462,678.937,96.744
2,2922,640.462,678.937,96.744
2,2923,640.462,678.937,96.744
2,2924,640.462,678.937,96.744
2,2925,640.462,678.937,96.744
2,2926,640.462,678.937,96.744
2,2927,640.462,660.631,96.744
2,2928,640.462,660.631,96.744
2,2929,640.462,660.631,96.744
2,2930,640.462,660.631,96.744
2,2931,640.462,660.631,96.744
2,2932,640.462,663.76,96.744
2,2933,640.462,663.76,96.744
2,2934,640.462,663.76,96.744
2,2935,640.462,663.76,96.744
2,2936,640.462,663.76,96.744
2,2937,640.462,663.76,96.744
2,2938,640.462,663.76,96.744
2,2939,640.462,663.76,96.744
2,2940,640.462,663.76,96.744
2,2941,640.462,663.76,96.744
2,2942,640.462,663.76,96.744
2,2943,640.462,663.76,96.744
2,2944,640.462,663.76,96.744
2,2945,640.462,663.76,96.744
2,2946,640.462,663.76,96.744
2,2947,640.462,663.76,96.744
2,2948,640.462,663.76,96.744
2,2949,640.462,663.76,96.744
2,2950,640.462,663.76,96.744
2,2951,640.462,663.76,96.744
2,2952,640.462,663.76,96.744
2,2953,640.462,729.009,96.744
2,2954,640.462,729.009,96.744
2,2955,640.462,729.009,96.744
2,2956,640.462,729.009,96.744
2,2957,640.462,729.009,96.744
2,2958,640.462,665.79,96.744
2,2959,640.462,665.79,96.744
2,2960,640.462,665.79,96.744
2,2961,640.462,665.79,95.7766
2,2962,640.462,665.79,95.7766
2,2963,640.462,665.79,95.7766
2,2964,640.462,665.79,95.7766
2,2965,640.462,665.79,95.7766
2,2966,640.462,665.79,95.7766
2,2967,640.462,665.79,95.7766
2,2968,640.462,665.79,95.7766
2,2969,640.462,665.79,95.7766
2,2970,640.462,665.79,95.7766
2,2971,640.462,665.79,95.7766
2,2972,640.462,724.736,95.7766
2,2973,640.462,660.434,95.7766
2,2974,640.462,660.434,95.7766
2,2975,640.462,660.434,95.7766
2,2976,640.462,660.434,95.7766
2,2977,640.462,660.434,95.7766
2,2978,640.462,660.434,95.7766
2,2979,640.462,660.434,95.7766
2,2980,640.462,660.434,95.7766
2,2981,640.462,660.434,95.7766
2,2982,640.462,660.434,95.7766
2,2983,640.462,660.434,95.7766
2,2984,640.462,660.434,95.7766
2,2985,640.462,660.434,95.7766
2,2986,640.462,660.434,95.7766
2,2987,640.462,660.434,95.7766
2,2988,640.462,660.434,95.7766
2,2989,640.462,660.434,95.7766
2,2990,640.462,660.434,95.7766
2,2991,640.462,660.434,95.7766
2,2992,640.462,660.434,95.7766
2,2993,640.462,660.434,95.7766
2,2994,640.462,660.434,95.7766
2,2995,640.462,660.434,95.7766
2,2996,640.462,660.434,95.7766
2,2997,640.462,660.434,95.7766
2,2998,640.462,660.434,95.7766
2,2999,640.462,660.434,95.7766
2,3000,640.462,660.434,95.7766
2,3001,640.462,660.434,94.8188
2,3002,640.462,660.434,94.8188
2,3003,640.462,691.956,94.8188
2,3004,640.462,688.081,94.8188
2,3005,640.462,688.081,94.8188
2,3006,640.462,682.739,94.8188
2,3007,640.462,682.739,94.8188
2,3008,640.462,682.739,94.8188
2,3009,640.462,682.739,94.8188
2,3010,640.462,682.739,94.8188
2,3011,640.462,682.739,94.8188
2,3012,640.462,682.739,94.8188
2,3013,640.462,682.739,94.8188
2,3014,640.462,682.739,94.8188
2,3015,640.462,682.739,94.8188
2,3016,640.462,682.739,94.8188
2,3017,640.462,682.739,94.8188
2,3018,640.462,682.739,94.8188
2,3019,640.462,682.626,94.8188
2,3020,640.462,682.626,94.8188
2,3021,640.462,682.626,94.8188
2,3022,640.462,682.626,94.8188
2,3023,640.462,682.626,94.8188
2,3024,640.462,682.626,94.8188
2,3025,640.462,682.626,94.8188
2,3026,640.462,682.626,94.8188
2,3027,640.462,682.626,94.8188
2,3028,640.462,682.626,94.8188
2,3029,640.462,682.626,94.8188
2,3030,640.462,682.626,94.8188
2,3031,640.462,682.626,94.8188
2,3032,640.462,682.626,94.8188
2,3033,640.462,682.626,94.8188
2,3034,640.462,682.626,94.8188
2,3035,640.462,682.626,94.8188
2,3036,640.462,682.626,94.8188
2,3037,640.462,682.626,94.8188
2,3038,640.462,682.626,94.8188
2,3039,640.462,682.626,94.8188
2,3040,640.462,682.626,94.8188
2,3041,640.462,682.626,93.8706
2,3042,640.462,682.626,93.8706
2,3043,640.462,681.596,93.8706
2,3044,640.462,681.596,93.8706
2,3045,640.462,681.596,93.8706
2,3046,640.462,663.669,93.8706
2,3047,640.462,663.669,93.8706
2,3048,640.462,663.669,93.8706
2,3049,640.462,663.669,93.8706
2,3050,640.462,663.669,93.8706
2,3051,640.462,663.669,93.8706
2,3052,640.462,663.669,93.8706
2,3053,640.462,663.669,93.8706
2,3054,640.462,663.669,93.8706
2,3055,640.462,663.669,93.8706
2,3056,640.462,663.669,93.8706
2,3057,640.462,663.669,93.8706
2,3058,640.462,663.669,93.8706
2,3059,640.462,663.669,93.8706
2,3060,640.462,663.669,93.8706
2,3061,640.462,663.669,93.8706
2,3062,640.462,663.669,93.8706
2,3063,640.462,663.669,93.8706
2,3064,640.462,663.669,93.8706
2,3065,640.462,663.669,93.8706
2,3066,640.462,663.669,93.8706
2,3067,640.462,663.669,93.8706
2,3068,640.462,663.669,93.8706
2,3069,640.462,663.669,93.8706
2,3070,640.462,663.669,93.8706
2,3071,640.462,663.669,93.8706
2,3072,640.462,663.669,93.8706
2,3073,640.462,663.669,93.8706
2,3074,640.462,663.669,93.8706
2,3075,640.462,663.669,93.8706
2,3076,640.462,663.669,93.8706
2,3077,640.462,663.669,93.8706
2,3078,640.462,663.669,93.8706
2,3079,640.462,663.669,93.8706
2,3080,640.462,663.669,93.8706
2,3081,640.462,663.669,92.9319
2,3082,640.462,663.669,92.9319
2,3083,640.462,663.669,92.9319
2,3084,640.462,663.669,92.9319
2,3085,640.462,663.669,92.9319
2,3086,640.462,663.669,92.9319
2,3087,640.462,663.669,92.9319
2,3088,640.462,663.669,92.9319
2,3089,640.462,663.669,92.9319
2,3090,640.462,663.669,92.9319
2,3091,640.462,663.669,92.9319
2,3092,640.462,663.669,92.9319
2,3093,640.462,663.669,92.9319
2,3094,640.462,663.669,92.9319
2,3095,640.462,663.669,92.9319
2,3096,640.462,663.669,92.9319
2,3097,640.462,663.669,92.9319
2,3098,640.462,663.669,92.9319
2,3099,640.462,663.669,92.9319
2,3100,640.462,663.669,92.9319
2,3101,640.462,663.669,92.9319
2,3102,640.462,663.669,92.9319
2,3103,640.462,663.669,92.9319
2,3104,640.462,663.669,92.9319
2,3105,640.462,663.669,92.9319
2,3106,640.462,663.669,92.9319
2,3107,640.462,704.945,92.9319
2,3108,640.462,704.945,92.9319
2,3109,640.462,704.945,92.9319
2,3110,640.462,704.945,92.9319
2,3111,640.462,704.945,92.9319
2,3112,640.462,667.644,92.9319
2,3113,640.462,667.644,92.9319
2,3114,640.462,667.644,92.9319
2,3115,640.462,667.644,92.9319
2,3116,640.462,667.644,92.9319
2,3117,640.462,667.644,92.9319
2,3118,640.462,667.644,92.9319
2,3119,640.462,667.644,92.9319
2,3120,640.462,667.644,92.9319
2,3121,640.462,667.644,92.0026
2,3122,640.462,667.644,92.0026
2,3123,640.462,667.644,92.0026
2,3124,640.462,667.644,92.0026
2,3125,640.462,667.644,92.0026
2,3126,640.462,667.644,92.0026
2,3127,640.462,667.644,92.0026
2,3128,640.462,667.644,92.0026
2,3129,640.462,667.644,92.0026
2,3130,640.462,667.644,92.0026
2,3131,640.462,667.644,92.0026
2,3132,640.462,667.644,92.0026
2,3133,640.462,667.644,92.0026
2,3134,640.462,667.644,92.0026
2,3135,640.462,667.644,92.0026
2,3136,640.462,667.644,92.0026
2,3137,640.462,667.644,92.0026
2,3138,640.462,667.644,92.0026
2,3139,640.462,667.644,92.0026
2,3140,640.462,667.644,92.0026
2,3141,640.462,667.644,92.0026
2,3142,640.462,667.644,92.0026
2,3143,640.462,667.644,92.0026
2,3144,640.462,667.644,92.0026
2,3145,640.462,663.669,92.0026
2,3146,640.462,663.669,92.0026
2,3147,640.462,663.669,92.0026
2,3148,640.462,663.669,92.0026
2,3149,640.462,682.626,92.0026
2,3150,640.462,682.626,92.0026
2,3151,640.462,682.626,92.0026
2,3152,640.462,682.626,92.0026
2,3153,640.462,676.702,92.0026
2,3154,640.462,676.702,92.0026
2,3155,640.462,667.938,92.0026
2,3156,640.462,660.32,92.0026
2,3157,640.462,660.32,92.0026
2,3158,640.462,660.32,92.0026
2,3159,640.462,660.32,92.0026
2,3160,640.462,660.32,92.0026
2,3161,640.462,674.427,91.0826
2,3162,640.462,669.267,91.0826
2,3163,640.462,669.267,91.0826
2,3164,640.462,669.267,91.0826
2,3165,640.462,660.32,91.0826
2,3166,640.462,660.32,91.0826
2,3167,640.462,660.32,91.0826
2,3168,640.462,720.499,91.0826
2,3169,640.462,720.499,91.0826
2,3170,640.462,720.499,91.0826
2,3171,640.462,689.833,91.0826
2,3172,640.462,689.833,91.0826
2,3173,640.462,689.833,91.0826
2,3174,640.462,689.833,91.0826
2,3175,640.462,689.833,91.0826
2,3176,640.462,690.652,91.0826
2,3177,640.462,690.652,91.0826
2,3178,640.462,690.652,91.0826
2,3179,640.462,690.652,91.0826
2,3180,640.462,690.652,91.0826
2,3181,640.462,690.652,91.0826
2,3182,640.462,690.652,91.0826
2,3183,640.462,690.652,91.0826
2,3184,640.462,732.353,91.0826
2,3185,640.462,732.353,91.0826
2,3186,640.462,673.407,91.0826
2,3187,640.462,673.407,91.0826
2,3188,640.462,673.407,91.0826
2,3189,640.462,673.407,91.0826
2,3190,640.462,673.407,91.0826
2,3191,640.462,673.407,91.0826
2,3192,640.462,673.407,91.0826
2,3193,640.462,673.407,91.0826
2,3194,640.462,673.407,91.0826
2,3195,640.462,673.407,91.0826
2,3196,640.462,668.051,91.0826
2,3197,640.462,668.051,91.0826
2,3198,640.462,668.051,91.0826
2,3199,640.462,668.051,91.0826
2,3200,640.462,668.051,91.0826
2,3201,640.462,668.051,90.1718
2,3202,640.462,668.051,90.1718
2,3203,640.462,668.051,90.1718
2,3204,640.462,668.051,90.1718
2,3205,640.462,668.051,90.1718
2,3206,640.462,668.051,90.1718
2,3207,640.462,668.051,90.1718
2,3208,640.462,668.051,90.1718
2,3209,640.462,668.051,90.1718
2,3210,640.462,664.039,90.1718
2,3211,640.462,664.039,90.1718
2,3212,640.462,664.039,90.1718
2,3213,640.462,673.407,90.1718
2,3214,640.462,668.051,90.1718
2,3215,640.462,668.051,90.1718
2,3216,640.462,668.051,90.1718
2,3217,640.462,668.051,90.1718
2,3218,640.462,668.051,90.1718
2,3219,640.462,668.051,90.1718
2,3220,640.462,668.051,90.1718
2,3221,640.462,668.051,90.1718
2,3222,640.462,668.051,90.1718
2,3223,640.462,668.051,90.1718
2,3224,640.462,668.051,90.1718
2,3225,640.462,668.051,90.1718
2,3226,640.462,668.051,90.1718
2,3227,640.462,668.051,90.1718
2,3228,640.462,668.051,90.1718
2,3229,640.462,668.051,90.1718
2,3230,640.462,668.051,90.1718
2,3231,640.462,668.051,90.1718
2,3232,640.462,668.051,90.1718
2,3233,640.462,664.039,90.1718
2,3234,640.462,664.039,90.1718
2,3235,640.462,664.039,90.1718
2,3236,640.462,656.422,90.1718
2,3237,640.462,656.422,90.1718
2,3238,640.462,656.422,90.1718
2,3239,640.462,656.422,90.1718
2,3240,640.462,656.422,90.1718
2,3241,640.462,656.422,89.27
2,3242,640.462,656.422,89.27
2,3243,640.462,656.422,89.27
2,3244,640.462,656.422,89.27
2,3245,640.462,656.422,89.27
2,3246,640.462,642.594,89.27
2,3247,640.462,707.774,89.27
2,3248,640.462,648.116,89.27
2,3249,640.462,648.116,89.27
2,3250,640.462,648.116,89.27
2,3251,640.462,648.116,89.27
2,3252,640.462,648.116,89.27
2,3253,640.462,648.116,89.27
2,3254,640.462,648.116,89.27
2,3255,640.462,654.614,89.27
2,3256,640.462,654.614,89.27
2,3257,640.462,654.614,89.27
2,3258,640.462,654.614,89.27
2,3259,640.462,654.614,89.27
2,3260,640.462,654.614,89.27
2,3261,640.462,654.614,89.27
2,3262,640.462,654.614,89.27
2,3263,640.462,654.614,89.27
2,3264,640.462,654.614,89.27
2,3265,640.462,654.614,89.27
2,3266,640.462,654.614,89.27
2,3267,640.462,654.614,89.27
2,3268,640.462,654.614,89.27
2,3269,640.462,654.5,89.27
2,3270,640.462,654.5,89.27
2,3271,640.462,654.5,89.27
2,3272,640.462,654.5,89.27
2,3273,640.462,654.5,89.27
2,3274,640.462,654.5,89.27
2,3275,640.462,654.5,89.27
2,3276,640.462,654.5,89.27
2,3277,640.462,654.5,89.27
2,3278,640.462,654.5,89.27
2,3279,640.462,654.5,89.27
2,3280,640.462,654.5,89.27
2,3281,640.462,654.5,88.3773
2,3282,640.462,654.5,88.3773
2,3283,640.462,654.5,88.3773
2,3284,640.462,654.5,88.3773
2,3285,640.462,654.5,88.3773
2,3286,640.462,730.443,88.3773
2,3287,640.462,730.443,88.3773
2,3288,640.462,730.443,88.3773
2,3289,640.462,730.443,88.3773
2,3290,640.462,730.443,88.3773
2,3291,640.462,730.443,88.3773
2,3292,640.462,730.443,88.3773
2,3293,640.462,730.443,88.3773
2,3294,640.462,654.614,88.3773
2,3295,640.462,654.614,88.3773
2,3296,640.462,654.5,88.3773
2,3297,640.462,654.5,88.3773
2,3298,640.462,654.5,88.3773
2,3299,640.462,654.5,88.3773
2,3300,640.462,650.602,88.3773
2,3301,640.462,650.602,88.3773
2,3302,640.462,650.602,88.3773
2,3303,640.462,650.602,88.3773
2,3304,640.462,650.602,88.3773
2,3305,640.462,650.602,88.3773
2,3306,640.462,650.602,88.3773
2,3307,640.462,650.602,88.3773
2,3308,640.462,650.602,88.3773
2,3309,640.462,650.602,88.3773
2,3310,640.462,650.602,88.3773
2,3311,640.462,650.602,88.3773
2,3312,640.462,650.602,88.3773
2,3313,640.462,650.602,88.3773
2,3314,640.462,650.602,88.3773
2,3315,640.462,650.602,88.3773
2,3316,640.462,650.602,88.3773
2,3317,640.462,650.602,88.3773
2,3318,640.462,650.602,88.3773
2,3319,640.462,650.602,88.3773
2,3320,640.462,650.602,88.3773
2,3321,640.462,650.602,87.4936
2,3322,640.462,654.5,87.4936
2,3323,640.462,654.5,87.4936
2,3324,640.462,654.5,87.4936
2,3325,640.462,654.5,87.4936
2,3326,640.462,654.5,87.4936
2,3327,640.462,654.5,87.4936
2,3328,640.462,654.5,87.4936
2,3329,640.462,654.5,87.4936
2,3330,640.462,654.5,87.4936
2,3331,640.462,654.5,87.4936
2,3332,640.462,654.5,87.4936
2,3333,640.462,654.5,87.4936
2,3334,640.462,654.5,87.4936
2,3335,640.462,654.5,87.4936
2,3336,640.462,654.5,87.4936
2,3337,640.462,654.5,87.4936
2,3338,640.462,654.5,87.4936
2,3339,640.462,654.5,87.4936
2,3340,640.462,654.5,87.4936
2,3341,640.462,713.992,87.4936
2,3342,640.462,654.614,87.4936
2,3343,640.462,654.614,87.4936
2,3344,640.462,654.614,87.4936
2,3345,640.462,654.614,87.4936
2,3346,640.462,654.614,87.4936
2,3347,640.462,654.614,87.4936
2,3348,640.462,654.5,87.4936
2,3349,640.462,654.5,87.4936
2,3350,640.462,654.5,87.4936
2,3351,640.462,654.5,87.4936
2,3352,640.462,654.5,87.4936
2,3353,640.462,654.5,87.4936
2,3354,640.462,654.5,87.4936
2,3355,640.462,654.5,87.4936
2,3356,640.462,654.5,87.4936
2,3357,640.462,654.5,87.4936
2,3358,640.462,654.5,87.4936
2,3359,640.462,654.5,87.4936
2,3360,640.462,654.5,87.4936
2,3361,640.462,654.5,86.6186
2,3362,640.462,654.5,86.6186
2,3363,640.462,654.5,86.6186
2,3364,640.462,654.5,86.6186
2,3365,640.462,654.5,86.6186
2,3366,640.462,654.5,86.6186
2,3367,640.462,654.5,86.6186
2,3368,640.462,654.5,86.6186
2,3369,640.462,654.5,86.6186
2,3370,640.462,654.5,86.6186
2,3371,640.462,654.5,86.6186
2,3372,640.462,654.5,86.6186
2,3373,640.462,654.5,86.6186
2,3374,640.462,654.5,86.6186
2,3375,640.462,654.5,86.6186
2,3376,640.462,654.5,86.6186
2,3377,640.462,654.5,86.6186
2,3378,640.462,654.5,86.6186
2,3379,640.462,654.5,86.6186
2,3380,640.462,654.5,86.6186
2,3381,640.462,654.5,86.6186
2,3382,640.462,654.5,86.6186
2,3383,640.462,654.5,86.6186
2,3384,640.462,654.5,86.6186
2,3385,640.462,673.486,86.6186
2,3386,640.462,673.486,86.6186
2,3387,640.462,659.969,86.6186
2,3388,640.462,664.179,86.6186
2,3389,640.462,664.179,86.6186
2,3390,640.462,664.179,86.6186
2,3391,640.462,664.179,86.6186
2,3392,640.462,664.179,86.6186
2,3393,640.462,664.179,86.6186
2,3394,640.462,664.179,86.6186
2,3395,640.462,664.179,86.6186
2,3396,640.462,658.823,86.6186
2,3397,640.462,657.299,86.6186
2,3398,640.462,657.299,86.6186
2,3399,640.462,657.299,86.6186
2,3400,640.462,657.299,86.6186
2,3401,640.462,657.299,85.7525
2,3402,640.462,657.299,85.7525
2,3403,640.462,657.299,85.7525
2,3404,640.462,657.299,85.7525
2,3405,640.462,657.299,85.7525
2,3406,640.462,657.299,85.7525
2,3407,640.462,657.299,85.7525
2,3408,640.462,657.299,85.7525
2,3409,640.462,657.299,85.7525
2,3410,640.462,657.299,85.7525
2,3411,640.462,657.299,85.7525
2,3412,640.462,657.299,85.7525
2,3413,640.462,657.299,85.7525
2,3414,640.462,657.299,85.7525
2,3415,640.462,657.299,85.7525
2,3416,640.462,657.299,85.7525
2,3417,640.462,657.299,85.7525
2,3418,640.462,657.299,85.7525
2,3419,640.462,710.892,85.7525
2,3420,640.462,710.892,85.7525
2,3421,640.462,710.892,85.7525
2,3422,640.462,710.892,85.7525
2,3423,640.462,710.892,85.7525
2,3424,640.462,710.892,85.7525
2,3425,640.462,710.892,85.7525
2,3426,640.462,707.453,85.7525
2,3427,640.462,707.453,85.7525
2,3428,640.462,694.675,85.7525
2,3429,640.462,694.675,85.7525
2,3430,640.462,694.675,85.7525
2,3431,640.462,694.675,85.7525
2,3432,640.462,694.675,85.7525
2,3433,640.462,694.675,85.7525
2,3434,640.462,694.675,85.7525
2,3435,640.462,694.675,85.7525
2,3436,640.462,694.675,85.7525
2,3437,640.462,694.675,85.7525
2,3438,640.462,694.675,85.7525
2,3439,640.462,694.675,85.7525
2,3440,640.462,694.675,85.7525
2,3441,640.462,694.675,84.8949
2,3442,640.462,694.675,84.8949
2,3443,640.462,694.675,84.8949
2,3444,640.462,690.663,84.8949
2,3445,640.462,690.663,84.8949
2,3446,640.462,690.663,84.8949
2,3447,640.462,690.663,84.8949
2,3448,640.462,690.663,84.8949
2,3449,640.462,690.663,84.8949
2,3450,640.462,690.663,84.8949
2,3451,640.462,690.663,84.8949
2,3452,640.462,690.663,84.8949
2,3453,640.462,690.663,84.8949
2,3454,640.462,690.663,84.8949
2,3455,640.462,690.663,84.8949
2,3456,640.462,690.663,84.8949
2,3457,640.462,690.663,84.8949
2,3458,640.462,694.561,84.8949
2,3459,640.462,694.561,84.8949
2,3460,640.462,694.561,84.8949
2,3461,640.462,694.561,84.8949
2,3462,640.462,694.561,84.8949
2,3463,640.462,694.561,84.8949
2,3464,640.462,694.561,84.8949
2,3465,640.462,694.561,84.8949
2,3466,640.462,694.561,84.8949
2,3467,640.462,694.561,84.8949
2,3468,640.462,694.561,84.8949
2,3469,640.462,694.561,84.8949
2,3470,640.462,694.561,84.8949
2,3471,640.462,694.561,84.8949
2,3472,640.462,694.561,84.8949
2,3473,640.462,694.561,84.8949
2,3474,640.462,694.561,84.8949
2,3475,640.462,694.561,84.8949
2,3476,640.462,700.031,84.8949
2,3477,640.462,700.031,84.8949
2,3478,640.462,694.675,84.8949
2,3479,640.462,694.675,84.8949
2,3480,640.462,694.675,84.8949
2,3481,640.462,694.675,84.046
2,3482,640.462,694.675,84.046
2,3483,640.462,694.675,84.046
2,3484,640.462,694.675,84.046
2,3485,640.462,694.675,84.046
2,3486,640.462,694.675,84.046
2,3487,640.462,694.675,84.046
2,3488,640.462,694.675,84.046
2,3489,640.462,694.675,84.046
2,3490,640.462,694.675,84.046
2,3491,640.462,694.675,84.046
2,3492,640.462,694.675,84.046
2,3493,640.462,694.675,84.046
2,3494,640.462,694.675,84.046
2,3495,640.462,711.295,84.046
2,3496,640.462,711.295,84.046
2,3497,640.462,688.987,84.046
2,3498,640.462,688.987,84.046
2,3499,640.462,688.987,84.046
2,3500,640.462,688.987,84.046
2,3501,640.462,688.987,84.046
2,3502,640.462,688.987,84.046
2,3503,640.462,688.987,84.046
2,3504,640.462,688.987,84.046
2,3505,640.462,688.987,84.046
2,3506,640.462,688.987,84.046
2,3507,640.462,688.987,84.046
2,3508,640.462,688.987,84.046
2,3509,640.462,680.707,84.046
2,3510,640.462,680.707,84.046
2,3511,640.462,680.707,84.046
2,3512,640.462,680.707,84.046
2,3513,640.462,680.707,84.046
2,3514,640.462,680.707,84.046
2,3515,640.462,680.707,84.046
2,3516,640.462,680.707,84.046
2,3517,640.462,680.707,84.046
2,3518,640.462,680.707,84.046
2,3519,640.462,680.707,84.046
2,3520,640.462,680.707,84.046
2,3521,640.462,679.287,83.2055
2,3522,640.462,679.287,83.2055
2,3523,640.462,679.287,83.2055
2,3524,640.462,679.287,83.2055
2,3525,640.462,679.287,83.2055
2,3526,640.462,679.287,83.2055
2,3527,640.462,683.717,83.2055
2,3528,640.462,683.717,83.2055
2,3529,640.462,683.717,83.2055
2,3530,640.462,683.717,83.2055
2,3531,640.462,683.717,83.2055
2,3532,640.462,683.717,83.2055
2,3533,640.462,683.717,83.2055
2,3534,640.462,664.947,83.2055
2,3535,640.462,664.947,83.2055
2,3536,640.462,664.947,83.2055
2,3537,640.462,664.947,83.2055
2,3538,640.462,747.134,83.2055
2,3539,640.462,741.372,83.2055
2,3540,640.462,741.372,83.2055
2,3541,640.462,741.372,83.2055
2,3542,640.462,741.372,83.2055
2,3543,640.462,741.372,83.2055
2,3544,640.462,729.949,83.2055
2,3545,640.462,729.949,83.2055
2,3546,640.462,725.052,83.2055
2,3547,640.462,725.052,83.2055
2,3548,640.462,725.052,83.2055
2,3549,640.462,725.052,83.2055
2,3550,640.462,698.315,83.2055
2,3551,640.462,698.315,83.2055
2,3552,640.462,698.315,83.2055
2,3553,640.462,698.315,83.2055
2,3554,640.462,698.315,83.2055
2,3555,640.462,698.315,83.2055
2,3556,640.462,698.315,83.2055
2,3557,640.462,698.315,83.2055
2,3558,640.462,698.315,83.2055
2,3559,640.462,698.315,83.2055
2,3560,640.462,698.315,83.2055
2,3561,640.462,698.315,82.3735
2,3562,640.462,698.315,82.3735
2,3563,640.462,698.315,82.3735
2,3564,640.462,698.315,82.3735
2,3565,640.462,698.315,82.3735
2,3566,640.462,698.315,82.3735
2,3567,640.462,702.738,82.3735
2,3568,640.462,702.738,82.3735
2,3569,640.462,702.738,82.3735
2,3570,640.462,702.738,82.3735
2,3571,640.462,702.738,82.3735
2,3572,640.462,702.738,82.3735
2,3573,640.462,702.738,82.3735
2,3574,640.462,702.738,82.3735
2,3575,640.462,702.738,82.3735
2,3576,640.462,702.738,82.3735
2,3577,640.462,702.738,82.3735
2,3578,640.462,759.676,82.3735
2,3579,640.462,715.189,82.3735
2,3580,640.462,712.3,82.3735
2,3581,640.462,712.3,82.3735
2,3582,640.462,712.3,82.3735
2,3583,640.462,770.564,82.3735
2,3584,640.462,770.564,82.3735
2,3585,640.462,770.564,82.3735
2,3586,640.462,770.564,82.3735
2,3587,640.462,768.676,82.3735
2,3588,640.462,768.676,82.3735
2,3589,640.462,768.676,82.3735
2,3590,640.462,768.676,82.3735
2,3591,640.462,738.134,82.3735
2,3592,640.462,732.677,82.3735
2,3593,640.462,726.899,82.3735
2,3594,640.462,726.899,82.3735
2,3595,640.462,726.899,82.3735
2,3596,640.462,708.399,82.3735
2,3597,640.462,708.399,82.3735
2,3598,640.462,708.399,82.3735
2,3599,640.462,708.399,82.3735
2,3600,640.462,703.438,82.3735
2,3601,640.462,703.438,81.5497
2,3602,640.462,703.438,81.5497
2,3603,640.462,703.438,81.5497
2,3604,640.462,703.438,81.5497
2,3605,640.462,703.438,81.5497
2,3606,640.462,703.438,81.5497
2,3607,640.462,703.438,81.5497
2,3608,640.462,703.438,81.5497
2,3609,640.462,703.438,81.5497
2,3610,640.462,703.438,81.5497
2,3611,640.462,703.438,81.5497
2,3612,640.462,703.438,81.5497
2,3613,640.462,703.438,81.5497
2,3614,640.462,703.438,81.5497
2,3615,640.462,703.438,81.5497
2,3616,640.462,703.438,81.5497
2,3617,640.462,703.438,81.5497
2,3618,640.462,703.438,81.5497
2,3619,640.462,703.438,81.5497
2,3620,640.462,703.438,81.5497
2,3621,640.462,703.438,81.5497
2,3622,640.462,703.438,81.5497
2,3623,640.462,703.438,81.5497
2,3624,640.462,703.438,81.5497
2,3625,640.462,702.388,81.5497
2,3626,640.462,702.388,81.5497
2,3627,640.462,702.388,81.5497
2,3628,640.462,702.388,81.5497
2,3629,640.462,702.388,81.5497
2,3630,640.462,702.388,81.5497
2,3631,640.462,702.388,81.5497
2,3632,640.462,702.388,81.5497
2,3633,640.462,702.388,81.5497
2,3634,640.462,702.388,81.5497
2,3635,640.462,702.388,81.5497
2,3636,640.462,707.874,81.5497
2,3637,640.462,721.907,81.5497
2,3638,640.462,721.907,81.5497
2,3639,640.462,721.907,81.5497
2,3640,640.462,721.907,81.5497
2,3641,640.462,721.907,80.7342
2,3642,640.462,721.907,80.7342
2,3643,640.462,719.517,80.7342
2,3644,640.462,705.484,80.7342
2,3645,640.462,705.484,80.7342
2,3646,640.462,705.484,80.7342
2,3647,640.462,705.484,80.7342
2,3648,640.462,699.999,80.7342
2,3649,640.462,699.999,80.7342
2,3650,640.462,699.999,80.7342
2,3651,640.462,699.999,80.7342
2,3652,640.462,699.999,80.7342
2,3653,640.462,699.999,80.7342
2,3654,640.462,761.839,80.7342
2,3655,640.462,761.839,80.7342
2,3656,640.462,761.839,80.7342
2,3657,640.462,761.839,80.7342
2,3658,640.462,761.839,80.7342
2,3659,640.462,723.46,80.7342
2,3660,640.462,723.46,80.7342
2,3661,640.462,709.285,80.7342
2,3662,640.462,709.285,80.7342
2,3663,640.462,694.633,80.7342
2,3664,640.462,694.633,80.7342
2,3665,640.462,694.633,80.7342
2,3666,640.462,694.633,80.7342
2,3667,640.462,694.633,80.7342
2,3668,640.462,694.633,80.7342
2,3669,640.462,755.979,80.7342
2,3670,640.462,743.082,80.7342
2,3671,640.462,743.082,80.7342
2,3672,640.462,743.082,80.7342
2,3673,640.462,686.061,80.7342
2,3674,640.462,686.061,80.7342
2,3675,640.462,686.061,80.7342
2,3676,640.462,686.061,80.7342
2,3677,640.462,686.061,80.7342
2,3678,640.462,679.967,80.7342
2,3679,640.462,677.835,80.7342
2,3680,640.462,677.835,80.7342
2,3681,640.462,677.835,79.9269
2,3682,640.462,677.835,79.9269
2,3683,640.462,671.203,79.9269
2,3684,640.462,671.203,79.9269
2,3685,640.462,671.203,79.9269
2,3686,640.462,671.203,79.9269
2,3687,640.462,671.203,79.9269
2,3688,640.462,671.203,79.9269
2,3689,640.462,671.203,79.9269
2,3690,640.462,671.27,79.9269
2,3691,640.462,671.27,79.9269
2,3692,640.462,671.27,79.9269
2,3693,640.462,671.27,79.9269
2,3694,640.462,671.27,79.9269
2,3695,640.462,671.27,79.9269
2,3696,640.462,671.27,79.9269
2,3697,640.462,671.27,79.9269
2,3698,640.462,671.27,79.9269
2,3699,640.462,671.27,79.9269
2,3700,640.462,671.27,79.9269
2,3701,640.462,701.442,79.9269
2,3702,640.462,688.945,79.9269
2,3703,640.462,688.945,79.9269
2,3704,640.462,688.945,79.9269
2,3705,640.462,688.945,79.9269
2,3706,640.462,688.945,79.9269
2,3707,640.462,688.945,79.9269
2,3708,640.462,688.945,79.9269
2,3709,640.462,688.945,79.9269
2,3710,640.462,688.945,79.9269
2,3711,640.462,688.945,79.9269
2,3712,640.462,688.945,79.9269
2,3713,640.462,688.945,79.9269
2,3714,640.462,688.945,79.9269
2,3715,640.462,688.945,79.9269
2,3716,640.462,688.945,79.9269
2,3717,640.462,688.945,79.9269
2,3718,640.462,759.888,79.9269
2,3719,640.462,759.888,79.9269
2,3720,640.462,759.888,79.9269
2,3721,640.462,743.851,79.1276
2,3722,640.462,743.851,79.1276
2,3723,640.462,726.044,79.1276
2,3724,640.462,726.044,79.1276
2,3725,640.462,684.416,79.1276
2,3726,640.462,684.416,79.1276
2,3727,640.462,684.416,79.1276
2,3728,640.462,684.416,79.1276
2,3729,640.462,684.416,79.1276
2,3730,640.462,684.416,79.1276
2,3731,640.462,684.416,79.1276
2,3732,640.462,684.416,79.1276
2,3733,640.462,684.416,79.1276
2,3734,640.462,684.416,79.1276
2,3735,640.462,684.416,79.1276
2,3736,640.462,684.416,79.1276
2,3737,640.462,684.416,79.1276
2,3738,640.462,684.416,79.1276
2,3739,640.462,684.416,79.1276
2,3740,640.462,684.416,79.1276
2,3741,640.462,684.416,79.1276
2,3742,640.462,684.416,79.1276
2,3743,640.462,684.416,79.1276
2,3744,640.462,684.416,79.1276
2,3745,640.462,684.416,79.1276
2,3746,640.462,672.641,79.1276
2,3747,640.462,672.641,79.1276
2,3748,640.462,672.641,79.1276
2,3749,640.462,671.434,79.1276
2,3750,640.462,671.434,79.1276
2,3751,640.462,671.434,79.1276
2,3752,640.462,658.096,79.1276
2,3753,640.462,658.096,79.1276
2,3754,640.462,658.096,79.1276
2,3755,640.462,658.096,79.1276
2,3756,640.462,658.096,79.1276
2,3757,640.462,658.096,79.1276
2,3758,640.462,658.096,79.1276
2,3759,640.462,658.096,79.1276
2,3760,640.462,658.096,79.1276
2,3761,640.462,658.096,78.3363
2,3762,640.462,658.096,78.3363
2,3763,640.462,658.096,78.3363
2,3764,640.462,658.096,78.3363
2,3765,640.462,658.096,78.3363
2,3766,640.462,658.096,78.3363
2,3767,640.462,658.096,78.3363
2,3768,640.462,658.096,78.3363
2,3769,640.462,658.096,78.3363
2,3770,640.462,658.096,78.3363
2,3771,640.462,658.096,78.3363
2,3772,640.462,658.096,78.3363
2,3773,640.462,658.096,78.3363
2,3774,640.462,658.096,78.3363
2,3775,640.462,658.096,78.3363
2,3776,640.462,658.096,78.3363
2,3777,640.462,658.096,78.3363
2,3778,640.462,658.096,78.3363
2,3779,640.462,658.096,78.3363
2,3780,640.462,658.096,78.3363
2,3781,640.462,658.096,78.3363
2,3782,640.462,658.096,78.3363
2,3783,640.462,671.895,78.3363
2,3784,640.462,671.895,78.3363
2,3785,640.462,671.895,78.3363
2,3786,640.462,671.895,78.3363
2,3787,640.462,671.895,78.3363
2,3788,640.462,671.895,78.3363
2,3789,640.462,676.879,78.3363
2,3790,640.462,676.879,78.3363
2,3791,640.462,676.879,78.3363
2,3792,640.462,676.879,78.3363
2,3793,640.462,682.657,78.3363
2,3794,640.462,682.657,78.3363
2,3795,640.462,682.657,78.3363
2,3796,640.462,676.879,78.3363
2,3797,640.462,676.879,78.3363
2,3798,640.462,676.879,78.3363
2,3799,640.462,673.44,78.3363
2,3800,640.462,673.44,78.3363
2,3801,640.462,673.44,77.553
2,3802,640.462,673.44,77.553
2,3803,640.462,673.44,77.553
2,3804,640.462,673.44,77.553
2,3805,640.462,673.44,77.553
2,3806,640.462,673.44,77.553
2,3807,640.462,673.44,77.553
2,3808,640.462,673.44,77.553
2,3809,640.462,673.44,77.553
2,3810,640.462,673.44,77.553
2,3811,640.462,673.44,77.553
2,3812,640.462,673.44,77.553
2,3813,640.462,673.44,77.553
2,3814,640.462,673.44,77.553
2,3815,640.462,673.44,77.553
2,3816,640.462,673.44,77.553
2,3817,640.462,673.44,77.553
2,3818,640.462,673.44,77.553
2,3819,640.462,673.44,77.553
2,3820,640.462,673.44,77.553
2,3821,640.462,673.44,77.553
2,3822,640.462,673.44,77.553
2,3823,640.462,673.44,77.553
2,3824,640.462,673.44,77.553
2,3825,640.462,673.44,77.553
2,3826,640.462,673.44,77.553
2,3827,640.462,735.989,77.553
2,3828,640.462,735.989,77.553
2,3829,640.462,735.989,77.553
2,3830,640.462,724.729,77.553
2,3831,640.462,724.729,77.553
2,3832,640.462,724.729,77.553
2,3833,640.462,724.729,77.553
2,3834,640.462,724.729,77.553
2,3835,640.462,724.729,77.553
2,3836,640.462,724.729,77.553
2,3837,640.462,724.729,77.553
2,3838,640.462,724.729,77.553
2,3839,640.462,724.729,77.553
2,3840,640.462,724.729,77.553
2,3841,640.462,724.729,76.7775
2,3842,640.462,724.729,76.7775
2,3843,640.462,731.902,76.7775
2,3844,640.462,731.902,76.7775
2,3845,640.462,731.902,76.7775
2,3846,640.462,731.902,76.7775
2,3847,640.462,731.902,76.7775
2,3848,640.462,731.902,76.7775
2,3849,640.462,731.902,76.7775
2,3850,640.462,731.902,76.7775
2,3851,640.462,740.801,76.7775
2,3852,640.462,690.424,76.7775
2,3853,640.462,690.424,76.7775
2,3854,640.462,690.424,76.7775
2,3855,640.462,690.424,76.7775
2,3856,640.462,690.424,76.7775
2,3857,640.462,690.424,76.7775
2,3858,640.462,690.424,76.7775
2,3859,640.462,685.633,76.7775
2,3860,640.462,685.633,76.7775
2,3861,640.462,685.633,76.7775
2,3862,640.462,685.633,76.7775
2,3863,640.462,679.617,76.7775
2,3864,640.462,679.617,76.7775
2,3865,640.462,679.617,76.7775
2,3866,640.462,944.148,76.7775
2,3867,640.462,944.148,76.7775
2,3868,640.462,944.148,76.7775
2,3869,640.462,944.148,76.7775
2,3870,640.462,944.148,76.7775
2,3871,640.462,944.148,76.7775
2,3872,640.462,944.148,76.7775
2,3873,640.462,944.148,76.7775
2,3874,640.462,944.148,76.7775
2,3875,640.462,944.148,76.7775
2,3876,640.462,944.148,76.7775
2,3877,640.462,944.148,76.7775
2,3878,640.462,944.148,76.7775
2,3879,640.462,944.148,76.7775
2,3880,640.462,944.148,76.7775
2,3881,640.462,944.148,192.138
2,3882,640.462,944.148,192.138
2,3883,640.462,944.148,192.138
2,3884,640.462,944.148,192.138
2,3885,640.462,944.148,192.138
2,3886,640.462,963.104,192.138
2,3887,640.462,963.104,192.138
2,3888,640.462,963.104,192.138
2,3889,640.462,963.104,192.138
2,3890,640.462,963.104,192.138
2,3891,640.462,963.104,192.138
2,3892,640.462,959.092,192.138
2,3893,640.462,959.092,192.138
2,3894,640.462,959.092,192.138
2,3895,640.462,959.451,192.138
2,3896,640.462,959.451,192.138
2,3897,640.462,959.451,192.138
2,3898,640.462,959.451,192.138
2,3899,640.462,959.451,192.138
2,3900,640.462,959.451,192.138
2,3901,640.462,959.451,192.138
2,3902,640.462,959.451,192.138
2,3903,640.462,959.451,192.138
2,3904,640.462,959.451,192.138
2,3905,640.462,959.451,192.138
2,3906,640.462,959.451,192.138
2,3907,640.462,959.451,192.138
2,3908,640.462,959.451,192.138
2,3909,640.462,959.451,192.138
2,3910,640.462,959.451,192.138
2,3911,640.462,959.451,192.138
2,3912,640.462,959.451,192.138
2,3913,640.462,665.541,192.138
2,3914,640.462,670.495,192.138
2,3915,640.462,669.971,192.138
2,3916,640.462,669.971,192.138
2,3917,640.462,669.971,192.138
2,3918,640.462,669.971,192.138
2,3919,640.462,669.971,192.138
2,3920,640.462,734.471,192.138
2,3921,640.462,734.471,190.217
2,3922,640.462,734.471,190.217
2,3923,640.462,682.626,190.217
2,3924,640.462,682.626,190.217
2,3925,640.462,682.626,190.217
2,3926,640.462,682.626,190.217
2,3927,640.462,682.626,190.217
2,3928,640.462,682.626,190.217
2,3929,640.462,682.626,190.217
2,3930,640.462,682.626,190.217
2,3931,640.462,682.626,190.217
2,3932,640.462,682.626,190.217
2,3933,640.462,682.626,190.217
2,3934,640.462,682.626,190.217
2,3935,640.462,682.626,190.217
2,3936,640.462,682.626,190.217
2,3937,640.462,682.626,190.217
2,3938,640.462,682.626,190.217
2,3939,640.462,682.626,190.217
2,3940,640.462,682.626,190.217
2,3941,640.462,682.626,190.217
2,3942,640.462,682.626,190.217
2,3943,640.462,682.626,190.217
2,3944,640.462,682.626,190.217
2,3945,640.462,682.626,190.217
2,3946,640.462,682.626,190.217
2,3947,640.462,682.626,190.217
2,3948,640.462,682.626,190.217
2,3949,640.462,682.626,190.217
2,3950,640.462,682.626,190.217
2,3951,640.462,682.626,190.217
2,3952,640.462,682.626,190.217
2,3953,640.462,682.626,190.217
2,3954,640.462,682.626,190.217
2,3955,640.462,682.626,190.217
2,3956,640.462,682.626,190.217
2,3957,640.462,646.573,190.217
2,3958,640.462,646.573,190.217
2,3959,640.462,646.573,190.217
2,3960,640.462,646.573,190.217
2,3961,640.462,646.573,188.315
2,3962,640.462,646.573,188.315
2,3963,640.462,646.573,188.315
2,3964,640.462,646.573,188.315
2,3965,640.462,650.448,188.315
2,3966,640.462,650.448,188.315
2,3967,640.462,650.448,188.315
2,3968,640.462,650.448,188.315
2,3969,640.462,650.448,188.315
2,3970,640.462,650.448,188.315
2,3971,640.462,650.448,188.315
2,3972,640.462,650.448,188.315
2,3973,640.462,650.448,188.315
2,3974,640.462,650.448,188.315
2,3975,640.462,650.448,188.315
2,3976,640.462,686.065,188.315
2,3977,640.462,686.065,188.315
2,3978,640.462,686.065,188.315
2,3979,640.462,686.065,188.315
2,3980,640.462,686.065,188.315
2,3981,640.462,686.065,188.315
2,3982,640.462,686.065,188.315
2,3983,640.462,686.065,188.315
2,3984,640.462,686.065,188.315
2,3985,640.462,686.065,188.315
2,3986,640.462,682.166,188.315
2,3987,640.462,682.166,188.315
2,3988,640.462,682.166,188.315
2,3989,640.462,750.48,188.315
2,3990,640.462,750.48,188.315
2,3991,640.462,750.48,188.315
2,3992,640.462,747.467,188.315
2,3993,640.462,747.467,188.315
2,3994,640.462,747.467,188.315
2,3995,640.462,747.467,188.315
2,3996,640.462,697.689,188.315
2,3997,640.462,697.689,188.315
2,3998,640.462,697.689,188.315
2,3999,640.462,676.459,188.315
2,4000,640.462,676.459,188.315
2,4001,640.462,667.066,186.432
2,4002,640.462,667.066,186.432
2,4003,640.462,667.066,186.432
2,4004,640.462,667.066,186.432
2,4005,640.462,667.066,186.432
2,4006,640.462,667.066,186.432
2,4007,640.462,655.188,186.432
2,4008,640.462,655.188,186.432
2,4009,640.462,655.188,186.432
2,4010,640.462,988.489,186.432
2,4011,640.462,988.489,186.432
2,4012,640.462,988.489,186.432
2,4013,640.462,985.974,186.432
2,4014,640.462,985.974,186.432
2,4015,640.462,976.619,186.432
2,4016,640.462,976.619,186.432
2,4017,640.462,976.619,186.432
2,4018,640.462,976.619,186.432
2,4019,640.462,976.619,186.432
2,4020,640.462,976.619,186.432
2,4021,640.462,976.619,186.432
2,4022,640.462,976.619,186.432
2,4023,640.462,994.166,186.432
2,4024,640.462,994.166,186.432
2,4025,640.462,994.166,186.432
2,4026,640.462,994.166,186.432
2,4027,640.462,994.166,186.432
2,4028,640.462,1265.09,186.432
2,4029,640.462,1265.09,186.432
2,4030,640.462,1265.09,186.432
2,4031,640.462,1265.09,186.432
2,4032,640.462,1265.09,186.432
2,4033,640.462,1265.09,186.432
2,4034,640.462,1255.42,186.432
2,4035,640.462,1255.42,186.432
2,4036,640.462,1255.42,186.432
2,4037,640.462,1255.42,186.432
2,4038,640.462,1255.42,186.432
2,4039,640.462,1240.06,186.432
2,4040,640.462,1240.06,186.432
2,4041,640.462,1240.06,184.567
2,4042,640.462,1240.06,184.567
2,4043,640.462,1240.06,184.567
2,4044,640.462,1240.06,184.567
2,4045,640.462,1240.06,184.567
2,4046,640.462,1240.06,184.567
2,4047,640.462,1240.06,184.567
2,4048,640.462,1240.06,184.567
2,4049,640.462,1240.06,184.567
2,4050,640.462,1240.06,184.567
2,4051,640.462,1239.94,184.567
2,4052,640.462,1239.94,184.567
2,4053,640.462,1239.94,184.567
2,4054,640.462,1239.94,184.567
2,4055,640.462,1239.94,184.567
2,4056,640.462,1239.94,184.567
2,4057,640.462,1239.94,184.567
2,4058,640.462,950.506,184.567
2,4059,640.462,950.506,184.567
2,4060,640.462,1266.32,184.567
2,4061,640.462,1266.32,184.567
2,4062,640.462,1266.32,184.567
2,4063,640.462,1266.32,184.567
2,4064,640.462,1266.32,184.567
2,4065,640.462,1241.04,184.567
2,4066,640.462,1241.04,184.567
2,4067,640.462,1237.03,184.567
2,4068,640.462,1237.03,184.567
2,4069,640.462,1237.03,184.567
2,4070,640.462,1237.03,184.567
2,4071,640.462,1237.03,184.567
2,4072,640.462,1237.03,184.567
2,4073,640.462,1237.03,184.567
2,4074,640.462,1237.03,184.567
2,4075,640.462,1237.03,184.567
2,4076,640.462,1237.03,184.567
2,4077,640.462,1237.03,184.567
2,4078,640.462,1237.03,184.567
2,4079,640.462,1237.03,184.567
2,4080,640.462,1237.03,184.567
2,4081,640.462,1237.03,182.722
2,4082,640.462,1237.03,182.722
2,4083,640.462,1237.03,182.722
2,4084,640.462,1285.77,182.722
2,4085,640.462,1013.55,182.722
2,4086,640.462,968.826,182.722
2,4087,640.462,968.826,182.722
2,4088,640.462,968.826,182.722
2,4089,640.462,968.826,182.722
2,4090,640.462,968.826,182.722
2,4091,640.462,968.826,182.722
2,4092,640.462,968.826,182.722
2,4093,640.462,968.826,182.722
2,4094,640.462,968.826,182.722
2,4095,640.462,967.308,182.722
2,4096,640.462,953.765,182.722
2,4097,640.462,953.765,182.722
2,4098,640.462,953.765,182.722
2,4099,640.462,953.765,182.722
2,4100,640.462,958.811,182.722
2,4101,640.462,990.247,182.722
2,4102,640.462,990.247,182.722
2,4103,640.462,692.532,182.722
2,4104,640.462,692.532,182.722
2,4105,640.462,687.59,182.722
2,4106,640.462,1012.99,182.722
2,4107,640.462,1029.61,182.722
2,4108,640.462,1029.61,182.722
2,4109,640.462,1029.61,182.722
2,4110,640.462,987.24,182.722
2,4111,640.462,987.24,182.722
2,4112,640.462,977.847,182.722
2,4113,640.462,977.847,182.722
2,4114,640.462,1001.93,182.722
2,4115,640.462,1001.93,182.722
2,4116,640.462,1001.93,182.722
2,4117,640.462,1001.93,182.722
2,4118,640.462,985.981,182.722
2,4119,640.462,985.981,182.722
2,4120,640.462,692.532,182.722
2,4121,640.462,692.532,180.895
2,4122,640.462,692.532,180.895
2,4123,640.462,692.532,180.895
2,4124,640.462,692.532,180.895
2,4125,640.462,687.59,180.895
2,4126,640.462,687.59,180.895
2,4127,640.462,687.59,180.895
2,4128,640.462,687.59,180.895
2,4129,640.462,687.59,180.895
2,4130,640.462,687.59,180.895
2,4131,640.462,687.59,180.895
2,4132,640.462,687.59,180.895
2,4133,640.462,687.59,180.895
2,4134,640.462,687.59,180.895
2,4135,640.462,687.59,180.895
2,4136,640.462,687.59,180.895
2,4137,640.462,687.59,180.895
2,4138,640.462,687.59,180.895
2,4139,640.462,687.59,180.895
2,4140,640.462,687.59,180.895
2,4141,640.462,687.59,180.895
2,4142,640.462,687.59,180.895
2,4143,640.462,696.958,180.895
2,4144,640.462,691.602,180.895
2,4145,640.462,691.602,180.895
2,4146,640.462,691.602,180.895
2,4147,640.462,691.602,180.895
2,4148,640.462,987.529,180.895
2,4149,640.462,1003.82,180.895
2,4150,640.462,1003.82,180.895
2,4151,640.462,1003.82,180.895
2,4152,640.462,1003.82,180.895
2,4153,640.462,1003.82,180.895
2,4154,640.462,1003.82,180.895
2,4155,640.462,1003.82,180.895
2,4156,640.462,987.632,180.895
2,4157,640.462,987.632,180.895
2,4158,640.462,987.632,180.895
2,4159,640.462,987.632,180.895
2,4160,640.462,987.632,180.895
2,4161,640.462,987.632,179.086
2,4162,640.462,987.632,179.086
2,4163,640.462,693.227,179.086
2,4164,640.462,693.227,179.086
2,4165,640.462,677.842,179.086
2,4166,640.462,677.842,179.086
2,4167,640.462,677.842,179.086
2,4168,640.462,677.842,179.086
2,4169,640.462,950.563,179.086
2,4170,640.462,950.563,179.086
2,4171,640.462,950.563,179.086
2,4172,640.462,950.563,179.086
2,4173,640.462,950.563,179.086
2,4174,640.462,918.526,179.086
2,4175,640.462,918.526,179.086
2,4176,640.462,918.526,179.086
2,4177,640.462,909.776,179.086
2,4178,640.462,909.776,179.086
2,4179,640.462,905.878,179.086
2,4180,640.462,905.878,179.086
2,4181,640.462,905.878,179.086
2,4182,640.462,905.878,179.086
2,4183,640.462,905.878,179.086
2,4184,640.462,905.878,179.086
2,4185,640.462,905.878,179.086
2,4186,640.462,905.878,179.086
2,4187,640.462,905.878,179.086
2,4188,640.462,905.878,179.086
2,4189,640.462,905.878,179.086
2,4190,640.462,905.878,179.086
2,4191,640.462,905.878,179.086
2,4192,640.462,905.878,179.086
2,4193,640.462,905.878,179.086
2,4194,640.462,905.878,179.086
2,4195,640.462,905.878,179.086
2,4196,640.462,983.502,179.086
2,4197,640.462,662.674,179.086
2,4198,640.462,662.674,179.086
2,4199,640.462,662.674,179.086
2,4200,640.462,662.674,179.086
2,4201,640.462,662.674,177.295
2,4202,640.462,662.674,177.295
2,4203,640.462,662.674,177.295
2,4204,640.462,662.674,177.295
2,4205,640.462,662.674,177.295
2,4206,640.462,1217.59,177.295
2,4207,640.462,1216.91,177.295
2,4208,640.462,1216.91,177.295
2,4209,640.462,1216.91,177.295
2,4210,640.462,1207.92,177.295
2,4211,640.462,1207.92,177.295
2,4212,640.462,1496.54,177.295
2,4213,640.462,1496.54,177.295
2,4214,640.462,1496.54,177.295
2,4215,640.462,1496.54,177.295
2,4216,640.462,1518.56,177.295
2,4217,640.462,1496.54,177.295
2,4218,640.462,1492.53,177.295
2,4219,640.462,1182.2,177.295
2,4220,640.462,1247.33,177.295
2,4221,640.462,1247.33,177.295
2,4222,640.462,1247.33,177.295
2,4223,640.462,1247.33,177.295
2,4224,640.462,1247.33,177.295
2,4225,640.462,1247.33,177.295
2,4226,640.462,1208,177.295
2,4227,640.462,1208,177.295
2,4228,640.462,1208,177.295
2,4229,640.462,955.559,177.295
2,4230,640.462,955.559,177.295
2,4231,640.462,911.727,177.295
2,4232,640.462,911.727,177.295
2,4233,640.462,911.727,177.295
2,4234,640.462,911.727,177.295
2,4235,640.462,911.727,177.295
2,4236,640.462,911.727,177.295
2,4237,640.462,911.727,177.295
2,4238,640.462,911.727,177.295
2,4239,640.462,911.727,177.295
2,4240,640.462,907.715,177.295
2,4241,640.462,907.715,175.522
2,4242,640.462,907.715,175.522
2,4243,640.462,660.499,175.522
2,4244,640.462,660.499,175.522
2,4245,640.462,660.499,175.522
2,4246,640.462,660.499,175.522
2,4247,640.462,660.499,175.522
2,4248,640.462,660.499,175.522
2,4249,640.462,660.499,175.522
2,4250,640.462,660.499,175.522
2,4251,640.462,660.499,175.522
2,4252,640.462,660.499,175.522
2,4253,640.462,646.327,175.522
2,4254,640.462,646.327,175.522
2,4255,640.462,646.327,175.522
2,4256,640.462,646.327,175.522
2,4257,640.462,646.327,175.522
2,4258,640.462,646.327,175.522
2,4259,640.462,646.327,175.522
2,4260,640.462,646.327,175.522
2,4261,640.462,646.327,175.522
2,4262,640.462,646.327,175.522
2,4263,640.462,646.327,175.522
2,4264,640.462,646.327,175.522
2,4265,640.462,646.327,175.522
2,4266,640.462,646.327,175.522
2,4267,640.462,646.327,175.522
2,4268,640.462,646.327,175.522
2,4269,640.462,646.327,175.522
2,4270,640.462,706.851,175.522
2,4271,640.462,706.851,175.522
2,4272,640.462,646.327,175.522
2,4273,640.462,646.327,175.522
2,4274,640.462,646.327,175.522
2,4275,640.462,646.327,175.522
2,4276,640.462,646.327,175.522
2,4277,640.462,646.327,175.522
2,4278,640.462,646.327,175.522
2,4279,640.462,646.327,175.522
2,4280,640.462,646.327,175.522
2,4281,640.462,655.695,173.767
2,4282,640.462,655.695,173.767
2,4283,640.462,655.695,173.767
2,4284,640.462,655.695,173.767
2,4285,640.462,655.695,173.767
2,4286,640.462,694.171,173.767
2,4287,640.462,694.171,173.767
2,4288,640.462,694.171,173.767
2,4289,640.462,694.171,173.767
2,4290,640.462,694.171,173.767
2,4291,640.462,733.272,173.767
2,4292,640.462,733.272,173.767
2,4293,640.462,733.272,173.767
2,4294,640.462,646.327,173.767
2,4295,640.462,646.327,173.767
2,4296,640.462,646.327,173.767
2,4297,640.462,646.327,173.767
2,4298,640.462,646.327,173.767
2,4299,640.462,646.327,173.767
2,4300,640.462,646.327,173.767
2,4301,640.462,646.327,173.767
2,4302,640.462,646.327,173.767
2,4303,640.462,646.327,173.767
2,4304,640.462,646.327,173.767
2,4305,640.462,646.327,173.767
2,4306,640.462,646.327,173.767
2,4307,640.462,646.327,173.767
2,4308,640.462,646.327,173.767
2,4309,640.462,646.327,173.767
2,4310,640.462,646.327,173.767
2,4311,640.462,646.327,173.767
2,4312,640.462,646.327,173.767
2,4313,640.462,646.327,173.767
2,4314,640.462,646.327,173.767
2,4315,640.462,646.327,173.767
2,4316,640.462,646.327,173.767
2,4317,640.462,646.327,173.767
2,4318,640.462,646.327,173.767
2,4319,640.462,646.327,173.767
2,4320,640.462,646.327,173.767
2,4321,640.462,646.327,172.029
2,4322,640.462,646.327,172.029
2,4323,640.462,646.327,172.029
2,4324,640.462,646.327,172.029
2,4325,640.462,659.771,172.029
2,4326,640.462,659.771,172.029
2,4327,640.462,659.771,172.029
2,4328,640.462,659.771,172.029
2,4329,640.462,659.771,172.029
2,4330,640.462,659.771,172.029
2,4331,640.462,659.771,172.029
2,4332,640.462,659.771,172.029
2,4333,640.462,659.771,172.029
2,4334,640.462,659.771,172.029
2,4335,640.462,659.771,172.029
2,4336,640.462,659.771,172.029
2,4337,640.462,659.771,172.029
2,4338,640.462,659.771,172.029
2,4339,640.462,659.771,172.029
2,4340,640.462,659.771,172.029
2,4341,640.462,659.771,172.029
2,4342,640.462,659.771,172.029
2,4343,640.462,659.771,172.029
2,4344,640.462,659.771,172.029
2,4345,640.462,659.771,172.029
2,4346,640.462,659.771,172.029
2,4347,640.462,659.771,172.029
2,4348,640.462,659.771,172.029
2,4349,640.462,659.771,172.029
2,4350,640.462,659.771,172.029
2,4351,640.462,659.771,172.029
2,4352,640.462,659.771,172.029
2,4353,640.462,659.771,172.029
2,4354,640.462,659.771,172.029
2,4355,640.462,659.771,172.029
2,4356,640.462,673.943,172.029
2,4357,640.462,673.943,172.029
2,4358,640.462,673.943,172.029
2,4359,640.462,673.943,172.029
2,4360,640.462,673.943,172.029
2,4361,640.462,673.943,170.309
2,4362,640.462,673.943,170.309
2,4363,640.462,673.943,170.309
2,4364,640.462,673.943,170.309
2,4365,640.462,673.943,170.309
2,4366,640.462,673.943,170.309
2,4367,640.462,673.943,170.309
2,4368,640.462,673.943,170.309
2,4369,640.462,977.716,170.309
2,4370,640.462,977.716,170.309
2,4371,640.462,977.716,170.309
2,4372,640.462,977.716,170.309
2,4373,640.462,977.716,170.309
2,4374,640.462,977.716,170.309
2,4375,640.462,977.716,170.309
2,4376,640.462,978.535,170.309
2,4377,640.462,978.535,170.309
2,4378,640.462,978.535,170.309
2,4379,640.462,955.4,170.309
2,4380,640.462,955.4,170.309
2,4381,640.462,955.4,170.309
2,4382,640.462,955.4,170.309
2,4383,640.462,955.4,170.309
2,4384,640.462,657.685,170.309
2,4385,640.462,657.685,170.309
2,4386,640.462,657.685,170.309
2,4387,640.462,657.685,170.309
2,4388,640.462,657.685,170.309
2,4389,640.462,657.685,170.309
2,4390,640.462,657.685,170.309
2,4391,640.462,657.685,170.309
2,4392,640.462,657.685,170.309
2,4393,640.462,657.685,170.309
2,4394,640.462,657.685,170.309
2,4395,640.462,657.685,170.309
2,4396,640.462,657.685,170.309
2,4397,640.462,705.529,170.309
2,4398,640.462,705.529,170.309
2,4399,640.462,705.529,170.309
2,4400,640.462,671.937,170.309
2,4401,640.462,671.937,168.606
2,4402,640.462,671.937,168.606
2,4403,640.462,646.63,168.606
2,4404,640.462,646.63,168.606
2,4405,640.462,646.63,168.606
2,4406,640.462,713.708,168.606
2,4407,640.462,1029.61,168.606
2,4408,640.462,1029.61,168.606
2,4409,640.462,1029.61,168.606
2,4410,640.462,1029.61,168.606
2,4411,640.462,771.529,168.606
2,4412,640.462,771.529,168.606
2,4413,640.462,771.529,168.606
2,4414,640.462,708.315,168.606
2,4415,640.462,708.315,168.606
2,4416,640.462,708.315,168.606
2,4417,640.462,701.194,168.606
2,4418,640.462,701.194,168.606
2,4419,640.462,701.194,168.606
2,4420,640.462,701.194,168.606
2,4421,640.462,701.194,168.606
2,4422,640.462,701.194,168.606
2,4423,640.462,701.194,168.606
2,4424,640.462,701.194,168.606
2,4425,640.462,701.194,168.606
2,4426,640.462,701.194,168.606
2,4427,640.462,701.194,168.606
2,4428,640.462,701.194,168.606
2,4429,640.462,695.173,168.606
2,4430,640.462,695.173,168.606
2,4431,640.462,695.173,168.606
2,4432,640.462,692.67,168.606
2,4433,640.462,692.67,168.606
2,4434,640.462,692.67,168.606
2,4435,640.462,687.099,168.606
2,4436,640.462,687.099,168.606
2,4437,640.462,1064.33,168.606
2,4438,640.462,1064.33,168.606
2,4439,640.462,1064.33,168.606
2,4440,640.462,1049.12,168.606
2,4441,640.462,1049.12,166.919
2,4442,640.462,1049.12,166.919
2,4443,640.462,1049.12,166.919
2,4444,640.462,1049.12,166.919
2,4445,640.462,970.423,166.919
2,4446,640.462,970.423,166.919
2,4447,640.462,970.423,166.919
2,4448,640.462,970.423,166.919
2,4449,640.462,970.423,166.919
2,4450,640.462,970.423,166.919
2,4451,640.462,970.423,166.919
2,4452,640.462,970.423,166.919
2,4453,640.462,970.423,166.919
2,4454,640.462,982.489,166.919
2,4455,640.462,982.489,166.919
2,4456,640.462,982.489,166.919
2,4457,640.462,982.489,166.919
2,4458,640.462,982.489,166.919
2,4459,640.462,982.489,166.919
2,4460,640.462,982.489,166.919
2,4461,640.462,982.489,166.919
2,4462,640.462,982.489,166.919
2,4463,640.462,982.489,166.919
2,4464,640.462,982.489,166.919
2,4465,640.462,982.489,166.919
2,4466,640.462,982.489,166.919
2,4467,640.462,982.489,166.919
2,4468,640.462,982.489,166.919
2,4469,640.462,982.489,166.919
2,4470,640.462,981.672,166.919
2,4471,640.462,981.672,166.919
2,4472,640.462,981.672,166.919
2,4473,640.462,981.672,166.919
2,4474,640.462,981.672,166.919
2,4475,640.462,1044.41,166.919
2,4476,640.462,982.376,166.919
2,4477,640.462,982.376,166.919
2,4478,640.462,982.376,166.919
2,4479,640.462,982.376,166.919
2,4480,640.462,982.376,166.919
2,4481,640.462,982.376,165.25
2,4482,640.462,989.698,165.25
2,4483,640.462,983.105,165.25
2,4484,640.462,962.028,165.25
2,4485,640.462,962.028,165.25
2,4486,640.462,687.671,165.25
2,4487,640.462,681.893,165.25
2,4488,640.462,673.269,165.25
2,4489,640.462,673.269,165.25
2,4490,640.462,666.637,165.25
2,4491,640.462,666.637,165.25
2,4492,640.462,707.791,165.25
2,4493,640.462,707.791,165.25
2,4494,640.462,707.791,165.25
2,4495,640.462,707.791,165.25
2,4496,640.462,707.791,165.25
2,4497,640.462,707.791,165.25
2,4498,640.462,684.725,165.25
2,4499,640.462,680.649,165.25
2,4500,640.462,680.649,165.25
2,4501,640.462,669.711,165.25
2,4502,640.462,667.34,165.25
2,4503,640.462,667.34,165.25
2,4504,640.462,667.34,165.25
2,4505,640.462,667.34,165.25
2,4506,640.462,663.901,165.25
2,4507,640.462,663.901,165.25
2,4508,640.462,663.901,165.25
2,4509,640.462,663.901,165.25
2,4510,640.462,663.901,165.25
2,4511,640.462,663.901,165.25
2,4512,640.462,663.901,165.25
2,4513,640.462,683.648,165.25
2,4514,640.462,656.224,165.25
2,4515,640.462,656.224,165.25
2,4516,640.462,656.224,165.25
2,4517,640.462,656.224,165.25
2,4518,640.462,656.224,165.25
2,4519,640.462,656.224,165.25
2,4520,640.462,656.224,165.25
2,4521,640.462,656.224,163.598
2,4522,640.462,656.224,163.598
2,4523,640.462,660.123,163.598
2,4524,640.462,660.123,163.598
2,4525,640.462,660.123,163.598
2,4526,640.462,660.123,163.598
2,4527,640.462,660.123,163.598
2,4528,640.462,660.123,163.598
2,4529,640.462,660.123,163.598
2,4530,640.462,708.625,163.598
2,4531,640.462,708.625,163.598
2,4532,640.462,708.625,163.598
2,4533,640.462,708.625,163.598
2,4534,640.462,708.625,163.598
2,4535,640.462,660.557,163.598
2,4536,640.462,660.557,163.598
2,4537,640.462,660.557,163.598
2,4538,640.462,660.557,163.598
2,4539,640.462,660.557,163.598
2,4540,640.462,660.557,163.598
2,4541,640.462,718.195,163.598
2,4542,640.462,718.195,163.598
2,4543,640.462,718.195,163.598
2,4544,640.462,718.195,163.598
2,4545,640.462,701.048,163.598
2,4546,640.462,701.048,163.598
2,4547,640.462,701.048,163.598
2,4548,640.462,701.048,163.598
2,4549,640.462,701.048,163.598
2,4550,640.462,701.048,163.598
2,4551,640.462,700.516,163.598
2,4552,640.462,700.516,163.598
2,4553,640.462,700.516,163.598
2,4554,640.462,700.516,163.598
2,4555,640.462,687.444,163.598
2,4556,640.462,687.444,163.598
2,4557,640.462,687.444,163.598
2,4558,640.462,687.444,163.598
2,4559,640.462,687.444,163.598
2,4560,640.462,687.968,163.598
2,4561,640.462,683.014,161.962
2,4562,640.462,683.014,161.962
2,4563,640.462,683.014,161.962
2,4564,640.462,683.014,161.962
2,4565,640.462,683.014,161.962
2,4566,640.462,683.014,161.962
2,4567,640.462,683.014,161.962
2,4568,640.462,683.014,161.962
2,4569,640.462,683.014,161.962
2,4570,640.462,683.014,161.962
2,4571,640.462,683.014,161.962
2,4572,640.462,683.014,161.962
2,4573,640.462,683.014,161.962
2,4574,640.462,683.014,161.962
2,4575,640.462,683.014,161.962
2,4576,640.462,683.014,161.962
2,4577,640.462,683.014,161.962
2,4578,640.462,683.014,161.962
2,4579,640.462,683.014,161.962
2,4580,640.462,683.014,161.962
2,4581,640.462,683.014,161.962
2,4582,640.462,683.014,161.962
2,4583,640.462,683.014,161.962
2,4584,640.462,687.444,161.962
2,4585,640.462,687.444,161.962
2,4586,640.462,687.444,161.962
2,4587,640.462,687.444,161.962
2,4588,640.462,687.444,161.962
2,4589,640.462,687.444,161.962
2,4590,640.462,687.444,161.962
2,4591,640.462,687.444,161.962
2,4592,640.462,687.444,161.962
2,4593,640.462,687.444,161.962
2,4594,640.462,687.444,161.962
2,4595,640.462,687.444,161.962
2,4596,640.462,687.444,161.962
2,4597,640.462,687.444,161.962
2,4598,640.462,687.444,161.962
2,4599,640.462,687.444,161.962
2,4600,640.462,687.444,161.962
2,4601,640.462,687.444,160.342
2,4602,640.462,683.014,160.342
2,4603,640.462,683.014,160.342
2,4604,640.462,683.014,160.342
2,4605,640.462,687.968,160.342
2,4606,640.462,687.968,160.342
2,4607,640.462,687.968,160.342
2,4608,640.462,687.968,160.342
2,4609,640.462,687.968,160.342
2,4610,640.462,687.968,160.342
2,4611,640.462,687.968,160.342
2,4612,640.462,687.444,160.342
2,4613,640.462,687.444,160.342
2,4614,640.462,687.444,160.342
2,4615,640.462,687.444,160.342
2,4616,640.462,687.444,160.342
2,4617,640.462,687.444,160.342
2,4618,640.462,687.444,160.342
2,4619,640.462,687.444,160.342
2,4620,640.462,687.444,160.342
2,4621,640.462,687.444,160.342
2,4622,640.462,687.444,160.342
2,4623,640.462,687.444,160.342
2,4624,640.462,687.444,160.342
2,4625,640.462,687.444,160.342
2,4626,640.462,687.444,160.342
2,4627,640.462,687.444,160.342
2,4628,640.462,687.444,160.342
2,4629,640.462,687.444,160.342
2,4630,640.462,687.444,160.342
2,4631,640.462,687.444,160.342
2,4632,640.462,687.444,160.342
2,4633,640.462,687.444,160.342
2,4634,640.462,687.444,160.342
2,4635,640.462,687.444,160.342
2,4636,640.462,687.444,160.342
2,4637,640.462,687.444,160.342
2,4638,640.462,687.444,160.342
2,4639,640.462,687.444,160.342
2,4640,640.462,687.444,160.342
2,4641,640.462,687.444,158.739
2,4642,640.462,687.444,158.739
2,4643,640.462,687.444,158.739
2,4644,640.462,687.444,158.739
2,4645,640.462,683.014,158.739
2,4646,640.462,683.014,158.739
2,4647,640.462,683.014,158.739
2,4648,640.462,683.014,158.739
2,4649,640.462,683.014,158.739
2,4650,640.462,683.014,158.739
2,4651,640.462,683.014,158.739
2,4652,640.462,683.014,158.739
2,4653,640.462,683.014,158.739
2,4654,640.462,683.014,158.739
2,4655,640.462,683.014,158.739
2,4656,640.462,683.014,158.739
2,4657,640.462,683.014,158.739
2,4658,640.462,683.014,158.739
2,4659,640.462,683.014,158.739
2,4660,640.462,683.014,158.739
2,4661,640.462,683.014,158.739
2,4662,640.462,683.014,158.739
2,4663,640.462,683.014,158.739
2,4664,640.462,683.014,158.739
2,4665,640.462,683.014,158.739
2,4666,640.462,683.014,158.739
2,4667,640.462,683.014,158.739
2,4668,640.462,683.014,158.739
2,4669,640.462,683.014,158.739
2,4670,640.462,683.014,158.739
2,4671,640.462,683.014,158.739
2,4672,640.462,683.014,158.739
2,4673,640.462,683.014,158.739
2,4674,640.462,683.014,158.739
2,4675,640.462,683.014,158.739
2,4676,640.462,687.968,158.739
2,4677,640.462,687.968,158.739
2,4678,640.462,687.968,158.739
2,4679,640.462,687.968,158.739
2,4680,640.462,687.968,158.739
2,4681,640.462,687.968,157.151
2,4682,640.462,687.968,157.151
2,4683,640.462,687.968,157.151
2,4684,640.462,687.968,157.151
2,4685,640.462,687.968,157.151
2,4686,640.462,687.968,157.151
2,4687,640.462,687.968,157.151
2,4688,640.462,687.968,157.151
2,4689,640.462,692.301,157.151
2,4690,640.462,692.301,157.151
2,4691,640.462,692.301,157.151
2,4692,640.462,692.301,157.151
2,4693,640.462,687.968,157.151
2,4694,640.462,687.968,157.151
2,4695,640.462,683.014,157.151
2,4696,640.462,683.014,157.151
2,4697,640.462,683.014,157.151
2,4698,640.462,683.014,157.151
2,4699,640.462,683.014,157.151
2,4700,640.462,683.014,157.151
2,4701,640.462,683.014,157.151
2,4702,640.462,683.014,157.151
2,4703,640.462,683.014,157.151
2,4704,640.462,683.014,157.151
2,4705,640.462,683.014,157.151
2,4706,640.462,683.014,157.151
2,4707,640.462,683.014,157.151
2,4708,640.462,683.014,157.151
2,4709,640.462,683.014,157.151
2,4710,640.462,683.014,157.151
2,4711,640.462,683.014,157.151
2,4712,640.462,683.014,157.151
2,4713,640.462,683.014,157.151
2,4714,640.462,683.014,157.151
2,4715,640.462,683.014,157.151
2,4716,640.462,683.014,157.151
2,4717,640.462,683.014,157.151
2,4718,640.462,683.014,157.151
2,4719,640.462,683.014,157.151
2,4720,640.462,683.014,157.151
2,4721,640.462,683.014,155.58
2,4722,640.462,683.014,155.58
2,4723,640.462,683.014,155.58
2,4724,640.462,683.014,155.58
2,4725,640.462,683.014,155.58
2,4726,640.462,683.014,155.58
2,4727,640.462,683.014,155.58
2,4728,640.462,687.444,155.58
2,4729,640.462,687.444,155.58
2,4730,640.462,687.444,155.58
2,4731,640.462,687.444,155.58
2,4732,640.462,687.444,155.58
2,4733,640.462,687.444,155.58
2,4734,640.462,687.444,155.58
2,4735,640.462,687.444,155.58
2,4736,640.462,687.444,155.58
2,4737,640.462,687.444,155.58
2,4738,640.462,687.444,155.58
2,4739,640.462,687.444,155.58
2,4740,640.462,687.444,155.58
2,4741,640.462,687.444,155.58
2,4742,640.462,687.444,155.58
2,4743,640.462,687.444,155.58
2,4744,640.462,687.444,155.58
2,4745,640.462,687.444,155.58
2,4746,640.462,687.444,155.58
2,4747,640.462,687.444,155.58
2,4748,640.462,683.014,155.58
2,4749,640.462,683.014,155.58
2,4750,640.462,683.014,155.58
2,4751,640.462,683.014,155.58
2,4752,640.462,683.014,155.58
2,4753,640.462,683.014,155.58
2,4754,640.462,683.014,155.58
2,4755,640.462,687.444,155.58
2,4756,640.462,1007.12,155.58
2,4757,640.462,1007.12,155.58
2,4758,640.462,1007.12,155.58
2,4759,640.462,1007.12,155.58
2,4760,640.462,1007.12,155.58
2,4761,640.462,1007.12,154.024
2,4762,640.462,1007.12,154.024
2,4763,640.462,1007.12,154.024
2,4764,640.462,717.99,154.024
2,4765,640.462,717.99,154.024
2,4766,640.462,717.99,154.024
2,4767,640.462,717.99,154.024
2,4768,640.462,717.99,154.024
2,4769,640.462,717.99,154.024
2,4770,640.462,717.99,154.024
2,4771,640.462,717.99,154.024
2,4772,640.462,717.99,154.024
2,4773,640.462,717.99,154.024
2,4774,640.462,720.396,154.024
2,4775,640.462,720.396,154.024
2,4776,640.462,710.106,154.024
2,4777,640.462,709.738,154.024
2,4778,640.462,709.738,154.024
2,4779,640.462,709.738,154.024
2,4780,640.462,709.738,154.024
2,4781,640.462,694.581,154.024
2,4782,640.462,694.581,154.024
2,4783,640.462,694.581,154.024
2,4784,640.462,694.581,154.024
2,4785,640.462,694.581,154.024
2,4786,640.462,694.581,154.024
2,4787,640.462,694.581,154.024
2,4788,640.462,694.581,154.024
2,4789,640.462,694.581,154.024
2,4790,640.462,694.581,154.024
2,4791,640.462,694.581,154.024
2,4792,640.462,692.468,154.024
2,4793,640.462,692.468,154.024
2,4794,640.462,692.468,154.024
2,4795,640.462,692.468,154.024
2,4796,640.462,692.468,154.024
2,4797,640.462,692.468,154.024
2,4798,640.462,692.468,154.024
2,4799,640.462,692.468,154.024
2,4800,640.462,692.468,154.024
2,4801,640.462,692.468,152.484
2,4802,640.462,692.468,152.484
2,4803,640.462,692.468,152.484
2,4804,640.462,692.468,152.484
2,4805,640.462,692.468,152.484
2,4806,640.462,692.468,152.484
2,4807,640.462,692.468,152.484
2,4808,640.462,692.468,152.484
2,4809,640.462,692.468,152.484
2,4810,640.462,692.468,152.484
2,4811,640.462,692.468,152.484
2,4812,640.462,692.468,152.484
2,4813,640.462,701.755,152.484
2,4814,640.462,701.755,152.484
2,4815,640.462,701.755,152.484
2,4816,640.462,701.755,152.484
2,4817,640.462,701.755,152.484
2,4818,640.462,701.755,152.484
2,4819,640.462,701.755,152.484
2,4820,640.462,695.711,152.484
2,4821,640.462,695.711,152.484
2,4822,640.462,672.598,152.484
2,4823,640.462,672.598,152.484
2,4824,640.462,672.598,152.484
2,4825,640.462,660.557,152.484
2,4826,640.462,660.557,152.484
2,4827,640.462,660.557,152.484
2,4828,640.462,660.557,152.484
2,4829,640.462,718.195,152.484
2,4830,640.462,656.224,152.484
2,4831,640.462,656.224,152.484
2,4832,640.462,708.625,152.484
2,4833,640.462,708.625,152.484
2,4834,640.462,708.625,152.484
2,4835,640.462,708.625,152.484
2,4836,640.462,1011.91,152.484
2,4837,640.462,715.198,152.484
2,4838,640.462,686.717,152.484
2,4839,640.462,686.717,152.484
2,4840,640.462,986.332,152.484
2,4841,640.462,986.332,150.959
2,4842,640.462,986.332,150.959
2,4843,640.462,986.332,150.959
2,4844,640.462,986.332,150.959
2,4845,640.462,720.396,150.959
2,4846,640.462,699.987,150.959
2,4847,640.462,699.987,150.959
2,4848,640.462,699.987,150.959
2,4849,640.462,699.987,150.959
2,4850,640.462,699.987,150.959
2,4851,640.462,699.987,150.959
2,4852,640.462,683.014,150.959
2,4853,640.462,683.014,150.959
2,4854,640.462,683.014,150.959
2,4855,640.462,683.014,150.959
2,4856,640.462,683.014,150.959
2,4857,640.462,683.014,150.959
2,4858,640.462,683.014,150.959
2,4859,640.462,683.014,150.959
2,4860,640.462,683.014,150.959
2,4861,640.462,683.014,150.959
2,4862,640.462,683.014,150.959
2,4863,640.462,683.014,150.959
2,4864,640.462,683.014,150.959
2,4865,640.462,683.014,150.959
2,4866,640.462,683.014,150.959
2,4867,640.462,683.014,150.959
2,4868,640.462,683.014,150.959
2,4869,640.462,683.014,150.959
2,4870,640.462,683.014,150.959
2,4871,640.462,683.014,150.959
2,4872,640.462,698.429,150.959
2,4873,640.462,683.014,150.959
2,4874,640.462,683.014,150.959
2,4875,640.462,683.014,150.959
2,4876,640.462,683.014,150.959
2,4877,640.462,683.014,150.959
2,4878,640.462,683.014,150.959
2,4879,640.462,683.014,150.959
2,4880,640.462,683.014,150.959
2,4881,640.462,683.014,149.449
2,4882,640.462,683.014,149.449
2,4883,640.462,683.014,149.449
2,4884,640.462,683.014,149.449
2,4885,640.462,687.968,149.449
2,4886,640.462,687.968,149.449
2,4887,640.462,687.444,149.449
2,4888,640.462,687.444,149.449
2,4889,640.462,687.444,149.449
2,4890,640.462,687.444,149.449
2,4891,640.462,683.014,149.449
2,4892,640.462,683.014,149.449
2,4893,640.462,683.014,149.449
2,4894,640.462,683.014,149.449
2,4895,640.462,683.014,149.449
2,4896,640.462,683.014,149.449
2,4897,640.462,683.014,149.449
2,4898,640.462,683.014,149.449
2,4899,640.462,683.014,149.449
2,4900,640.462,683.014,149.449
2,4901,640.462,683.014,149.449
2,4902,640.462,683.014,149.449
2,4903,640.462,683.014,149.449
2,4904,640.462,683.014,149.449
2,4905,640.462,683.014,149.449
2,4906,640.462,683.014,149.449
2,4907,640.462,683.014,149.449
2,4908,640.462,683.014,149.449
2,4909,640.462,683.014,149.449
2,4910,640.462,683.014,149.449
2,4911,640.462,683.014,149.449
2,4912,640.462,683.014,149.449
2,4913,640.462,683.014,149.449
2,4914,640.462,683.014,149.449
2,4915,640.462,683.014,149.449
2,4916,640.462,683.014,149.449
2,4917,640.462,683.014,149.449
2,4918,640.462,683.014,149.449
2,4919,640.462,683.014,149.449
2,4920,640.462,683.014,149.449
2,4921,640.462,683.014,147.955
2,4922,640.462,683.014,147.955
2,4923,640.462,683.014,147.955
2,4924,640.462,683.014,147.955
2,4925,640.462,683.014,147.955
2,4926,640.462,683.014,147.955
2,4927,640.462,683.014,147.955
2,4928,640.462,683.014,147.955
2,4929,640.462,683.014,147.955
2,4930,640.462,683.014,147.955
2,4931,640.462,687.968,147.955
2,4932,640.462,687.968,147.955
2,4933,640.462,687.968,147.955
2,4934,640.462,687.968,147.955
2,4935,640.462,687.968,147.955
2,4936,640.462,687.968,147.955
2,4937,640.462,687.968,147.955
2,4938,640.462,687.968,147.955
2,4939,640.462,687.968,147.955
2,4940,640.462,687.968,147.955
2,4941,640.462,687.968,147.955
2,4942,640.462,687.968,147.955
2,4943,640.462,687.968,147.955
2,4944,640.462,687.968,147.955
2,4945,640.462,687.968,147.955
2,4946,640.462,687.968,147.955
2,4947,640.462,687.968,147.955
2,4948,640.462,687.968,147.955
2,4949,640.462,687.968,147.955
2,4950,640.462,687.968,147.955
2,4951,640.462,687.968,147.955
2,4952,640.462,687.968,147.955
2,4953,640.462,687.968,147.955
2,4954,640.462,687.968,147.955
2,4955,640.462,687.968,147.955
2,4956,640.462,687.968,147.955
2,4957,640.462,687.444,147.955
2,4958,640.462,687.444,147.955
2,4959,640.462,687.444,147.955
2,4960,640.462,687.444,147.955
2,4961,640.462,687.444,146.475
2,4962,640.462,687.444,146.475
2,4963,640.462,687.968,146.475
2,4964,640.462,687.968,146.475
2,4965,640.462,687.968,146.475
2,4966,640.462,687.968,146.475
2,4967,640.462,687.968,146.475
2,4968,640.462,687.968,146.475
2,4969,640.462,687.968,146.475
2,4970,640.462,687.968,146.475
2,4971,640.462,687.968,146.475
2,4972,640.462,687.968,146.475
2,4973,640.462,687.968,146.475
2,4974,640.462,687.968,146.475
2,4975,640.462,687.968,146.475
2,4976,640.462,687.968,146.475
2,4977,640.462,687.968,146.475
2,4978,640.462,687.968,146.475
2,4979,640.462,687.968,146.475
2,4980,640.462,687.968,146.475
2,4981,640.462,687.968,146.475
2,4982,640.462,687.968,146.475
2,4983,640.462,687.968,146.475
2,4984,640.462,687.444,146.475
2,4985,640.462,687.444,146.475
2,4986,640.462,687.444,146.475
2,4987,640.462,687.444,146.475
2,4988,640.462,687.444,146.475
2,4989,640.462,687.444,146.475
2,4990,640.462,687.444,146.475
2,4991,640.462,687.444,146.475
2,4992,640.462,687.444,146.475
2,4993,640.462,687.444,146.475
2,4994,640.462,687.444,146.475
2,4995,640.462,687.444,146.475
2,4996,640.462,687.444,146.475
2,4997,640.462,687.444,146.475
2,4998,640.462,687.444,146.475
2,4999,640.462,687.444,146.475
2,5000,640.462,687.444,146.475
2,5001,640.462,687.444,145.011
2,5002,640.462,683.014,145.011
2,5003,640.462,683.014,145.011
2,5004,640.462,683.014,145.011
2,5005,640.462,683.014,145.011
2,5006,640.462,683.014,145.011
2,5007,640.462,683.014,145.011
2,5008,640.462,683.014,145.011
2,5009,640.462,683.014,145.011
2,5010,640.462,683.014,145.011
2,5011,640.462,683.014,145.011
2,5012,640.462,683.014,145.011
2,5013,640.462,683.014,145.011
2,5014,640.462,683.014,145.011
2,5015,640.462,683.014,145.011
2,5016,640.462,683.014,145.011
2,5017,640.462,683.014,145.011
2,5018,640.462,683.014,145.011
2,5019,640.462,683.014,145.011
2,5020,640.462,683.014,145.011
2,5021,640.462,683.014,145.011
2,5022,640.462,683.014,145.011
2,5023,640.462,683.014,145.011
2,5024,640.462,683.014,145.011
2,5025,640.462,683.014,145.011
2,5026,640.462,683.014,145.011
2,5027,640.462,687.968,145.011
2,5028,640.462,687.968,145.011
2,5029,640.462,687.968,145.011
2,5030,640.462,687.968,145.011
2,5031,640.462,687.968,145.011
2,5032,640.462,687.968,145.011
2,5033,640.462,687.968,145.011
2,5034,640.462,687.968,145.011
2,5035,640.462,687.968,145.011
2,5036,640.462,687.968,145.011
2,5037,640.462,687.968,145.011
2,5038,640.462,687.968,145.011
2,5039,640.462,687.968,145.011
2,5040,640.462,687.968,145.011
2,5041,640.462,687.968,143.561
2,5042,640.462,687.968,143.561
2,5043,640.462,687.968,143.561
2,5044,640.462,687.968,143.561
2,5045,640.462,687.968,143.561
2,5046,640.462,687.968,143.561
2,5047,640.462,683.014,143.561
2,5048,640.462,683.014,143.561
2,5049,640.462,683.014,143.561
2,5050,640.462,687.444,143.561
2,5051,640.462,687.444,143.561
2,5052,640.462,687.444,143.561
2,5053,640.462,683.014,143.561
2,5054,640.462,683.014,143.561
2,5055,640.462,683.014,143.561
2,5056,640.462,687.968,143.561
2,5057,640.462,687.968,143.561
2,5058,640.462,687.968,143.561
2,5059,640.462,687.968,143.561
2,5060,640.462,687.968,143.561
2,5061,640.462,687.968,143.561
2,5062,640.462,687.968,143.561
2,5063,640.462,687.968,143.561
2,5064,640.462,687.968,143.561
2,5065,640.462,687.968,143.561
2,5066,640.462,687.968,143.561
2,5067,640.462,687.968,143.561
2,5068,640.462,687.968,143.561
2,5069,640.462,687.968,143.561
2,5070,640.462,687.968,143.561
2,5071,640.462,687.968,143.561
2,5072,640.462,687.968,143.561
2,5073,640.462,687.968,143.561
2,5074,640.462,687.968,143.561
2,5075,640.462,687.968,143.561
2,5076,640.462,687.968,143.561
2,5077,640.462,687.968,143.561
2,5078,640.462,687.968,143.561
2,5079,640.462,687.968,143.561
2,5080,640.462,687.968,143.561
2,5081,640.462,687.968,142.125
2,5082,640.462,687.968,142.125
2,5083,640.462,687.968,142.125
2,5084,640.462,687.968,142.125
2,5085,640.462,687.968,142.125
2,5086,640.462,687.968,142.125
2,5087,640.462,687.968,142.125
2,5088,640.462,687.968,142.125
2,5089,640.462,687.968,142.125
2,5090,640.462,687.968,142.125
2,5091,640.462,687.968,142.125
2,5092,640.462,687.968,142.125
2,5093,640.462,687.968,142.125
2,5094,640.462,683.014,142.125
2,5095,640.462,683.014,142.125
2,5096,640.462,683.014,142.125
2,5097,640.462,683.014,142.125
2,5098,640.462,683.014,142.125
2,5099,640.462,683.014,142.125
2,5100,640.462,683.014,142.125
2,5101,640.462,683.014,142.125
2,5102,640.462,683.014,142.125
2,5103,640.462,683.014,142.125
2,5104,640.462,683.014,142.125
2,5105,640.462,683.014,142.125
2,5106,640.462,687.444,142.125
2,5107,640.462,687.444,142.125
2,5108,640.462,687.444,142.125
2,5109,640.462,687.444,142.125
2,5110,640.462,687.444,142.125
2,5111,640.462,687.444,142.125
2,5112,640.462,687.444,142.125
2,5113,640.462,687.444,142.125
2,5114,640.462,687.444,142.125
2,5115,640.462,687.444,142.125
2,5116,640.462,687.444,142.125
2,5117,640.462,687.444,142.125
2,5118,640.462,687.968,142.125
2,5119,640.462,687.968,142.125
2,5120,640.462,687.968,142.125
2,5121,640.462,687.968,140.704
2,5122,640.462,683.014,140.704
2,5123,640.462,683.014,140.704
2,5124,640.462,683.014,140.704
2,5125,640.462,683.014,140.704
2,5126,640.462,687.968,140.704
2,5127,640.462,687.968,140.704
2,5128,640.462,687.968,140.704
2,5129,640.462,687.968,140.704
2,5130,640.462,687.968,140.704
2,5131,640.462,687.968,140.704
2,5132,640.462,687.968,140.704
2,5133,640.462,687.968,140.704
2,5134,640.462,687.444,140.704
2,5135,640.462,687.968,140.704
2,5136,640.462,687.968,140.704
2,5137,640.462,687.968,140.704
2,5138,640.462,687.968,140.704
2,5139,640.462,687.968,140.704
2,5140,640.462,687.968,140.704
2,5141,640.462,687.968,140.704
2,5142,640.462,687.968,140.704
2,5143,640.462,683.014,140.704
2,5144,640.462,683.014,140.704
2,5145,640.462,687.444,140.704
2,5146,640.462,687.444,140.704
2,5147,640.462,687.444,140.704
2,5148,640.462,687.444,140.704
2,5149,640.462,687.444,140.704
2,5150,640.462,687.444,140.704
2,5151,640.462,687.968,140.704
2,5152,640.462,687.968,140.704
2,5153,640.462,687.968,140.704
2,5154,640.462,687.968,140.704
2,5155,640.462,687.968,140.704
2,5156,640.462,687.968,140.704
2,5157,640.462,687.968,140.704
2,5158,640.462,687.968,140.704
2,5159,640.462,687.968,140.704
2,5160,640.462,687.968,140.704
2,5161,640.462,687.968,139.297
2,5162,640.462,687.968,139.297
2,5163,640.462,687.968,139.297
2,5164,640.462,687.968,139.297
2,5165,640.462,687.968,139.297
2,5166,640.462,687.968,139.297
2,5167,640.462,687.968,139.297
2,5168,640.462,687.968,139.297
2,5169,640.462,687.968,139.297
2,5170,640.462,687.968,139.297
2,5171,640.462,687.968,139.297
2,5172,640.462,687.968,139.297
2,5173,640.462,687.968,139.297
2,5174,640.462,687.968,139.297
2,5175,640.462,687.968,139.297
2,5176,640.462,687.968,139.297
2,5177,640.462,687.968,139.297
2,5178,640.462,687.968,139.297
2,5179,640.462,687.968,139.297
2,5180,640.462,687.968,139.297
2,5181,640.462,687.968,139.297
2,5182,640.462,687.968,139.297
2,5183,640.462,687.968,139.297
2,5184,640.462,687.968,139.297
2,5185,640.462,687.968,139.297
2,5186,640.462,687.968,139.297
2,5187,640.462,687.968,139.297
2,5188,640.462,687.444,139.297
2,5189,640.462,687.444,139.297
2,5190,640.462,687.444,139.297
2,5191,640.462,687.444,139.297
2,5192,640.462,687.444,139.297
2,5193,640.462,687.444,139.297
2,5194,640.462,687.444,139.297
2,5195,640.462,687.444,139.297
2,5196,640.462,687.444,139.297
2,5197,640.462,687.444,139.297
2,5198,640.462,687.444,139.297
2,5199,640.462,687.444,139.297
2,5200,640.462,687.444,139.297
2,5201,640.462,687.444,137.904
2,5202,640.462,687.444,137.904
2,5203,640.462,687.444,137.904
2,5204,640.462,687.444,137.904
2,5205,640.462,687.444,137.904
2,5206,640.462,687.444,137.904
2,5207,640.462,687.444,137.904
2,5208,640.462,687.444,137.904
2,5209,640.462,687.444,137.904
2,5210,640.462,687.444,137.904
2,5211,640.462,687.444,137.904
2,5212,640.462,687.444,137.904
2,5213,640.462,687.444,137.904
2,5214,640.462,687.444,137.904
2,5215,640.462,687.444,137.904
2,5216,640.462,687.444,137.904
2,5217,640.462,687.444,137.904
2,5218,640.462,687.444,137.904
2,5219,640.462,687.444,137.904
2,5220,640.462,687.444,137.904
2,5221,640.462,687.444,137.904
2,5222,640.462,687.444,137.904
2,5223,640.462,687.444,137.904
2,5224,640.462,687.444,137.904
2,5225,640.462,687.444,137.904
2,5226,640.462,687.444,137.904
2,5227,640.462,687.444,137.904
2,5228,640.462,687.444,137.904
2,5229,640.462,687.444,137.904
2,5230,640.462,687.444,137.904
2,5231,640.462,687.444,137.904
2,5232,640.462,687.444,137.904
2,5233,640.462,687.444,137.904
2,5234,640.462,687.444,137.904
2,5235,640.462,687.444,137.904
2,5236,640.462,687.444,137.904
2,5237,640.462,687.444,137.904
2,5238,640.462,687.444,137.904
2,5239,640.462,687.444,137.904
2,5240,640.462,687.444,137.904
2,5241,640.462,687.444,136.525
2,5242,640.462,687.444,136.525
2,5243,640.462,687.444,136.525
2,5244,640.462,687.444,136.525
2,5245,640.462,687.968,136.525
2,5246,640.462,687.968,136.525
2,5247,640.462,687.968,136.525
2,5248,640.462,687.968,136.525
2,5249,640.462,687.968,136.525
2,5250,640.462,687.968,136.525
2,5251,640.462,687.968,136.525
2,5252,640.462,687.968,136.525
2,5253,640.462,687.968,136.525
2,5254,640.462,687.968,136.525
2,5255,640.462,687.968,136.525
2,5256,640.462,1013.63,136.525
2,5257,640.462,1013.63,136.525
2,5258,640.462,1013.63,136.525
2,5259,640.462,1004.03,136.525
2,5260,640.462,1015.87,136.525
2,5261,640.462,1015.87,136.525
2,5262,640.462,1004.03,136.525
2,5263,640.462,1004.03,136.525
2,5264,640.462,1004.03,136.525
2,5265,640.462,999.152,136.525
2,5266,640.462,999.152,136.525
2,5267,640.462,999.152,136.525
2,5268,640.462,999.152,136.525
2,5269,640.462,683.014,136.525
2,5270,640.462,683.014,136.525
2,5271,640.462,683.014,136.525
2,5272,640.462,683.014,136.525
2,5273,640.462,683.014,136.525
2,5274,640.462,687.968,136.525
2,5275,640.462,687.968,136.525
2,5276,640.462,687.968,136.525
2,5277,640.462,687.968,136.525
2,5278,640.462,687.968,136.525
2,5279,640.462,687.968,136.525
2,5280,640.462,687.968,136.525
2,5281,640.462,687.968,135.159
2,5282,640.462,687.968,135.159
2,5283,640.462,687.968,135.159
2,5284,640.462,687.968,135.159
2,5285,640.462,687.444,135.159
2,5286,640.462,687.444,135.159
2,5287,640.462,687.444,135.159
2,5288,640.462,687.444,135.159
2,5289,640.462,687.968,135.159
2,5290,640.462,687.968,135.159
2,5291,640.462,687.968,135.159
2,5292,640.462,687.968,135.159
2,5293,640.462,687.968,135.159
2,5294,640.462,687.968,135.159
2,5295,640.462,687.968,135.159
2,5296,640.462,687.968,135.159
2,5297,640.462,687.968,135.159
2,5298,640.462,687.968,135.159
2,5299,640.462,687.968,135.159
2,5300,640.462,687.968,135.159
2,5301,640.462,687.968,135.159
2,5302,640.462,687.968,135.159
2,5303,640.462,687.968,135.159
2,5304,640.462,687.968,135.159
2,5305,640.462,687.968,135.159
2,5306,640.462,687.968,135.159
2,5307,640.462,687.968,135.159
2,5308,640.462,687.968,135.159
2,5309,640.462,687.968,135.159
2,5310,640.462,687.968,135.159
2,5311,640.462,687.968,135.159
2,5312,640.462,687.968,135.159
2,5313,640.462,687.968,135.159
2,5314,640.462,687.968,135.159
2,5315,640.462,687.968,135.159
2,5316,640.462,687.968,135.159
2,5317,640.462,687.968,135.159
2,5318,640.462,687.968,135.159
2,5319,640.462,687.968,135.159
2,5320,640.462,687.968,135.159
2,5321,640.462,687.968,133.808
2,5322,640.462,687.444,133.808
2,5323,640.462,687.444,133.808
2,5324,640.462,687.444,133.808
2,5325,640.462,687.444,133.808
2,5326,640.462,687.444,133.808
2,5327,640.462,687.444,133.808
2,5328,640.462,687.444,133.808
2,5329,640.462,687.444,133.808
2,5330,640.462,687.444,133.808
2,5331,640.462,687.444,133.808
2,5332,640.462,687.444,133.808
2,5333,640.462,687.968,133.808
2,5334,640.462,687.968,133.808
2,5335,640.462,687.968,133.808
2,5336,640.462,687.968,133.808
2,5337,640.462,687.968,133.808
2,5338,640.462,687.968,133.808
2,5339,640.462,687.968,133.808
2,5340,640.462,687.968,133.808
2,5341,640.462,687.968,133.808
2,5342,640.462,687.968,133.808
2,5343,640.462,687.968,133.808
2,5344,640.462,687.968,133.808
2,5345,640.462,687.968,133.808
2,5346,640.462,687.968,133.808
2,5347,640.462,687.968,133.808
2,5348,640.462,687.968,133.808
2,5349,640.462,687.968,133.808
2,5350,640.462,687.968,133.808
2,5351,640.462,687.968,133.808
2,5352,640.462,687.968,133.808
2,5353,640.462,687.968,133.808
2,5354,640.462,687.968,133.808
2,5355,640.462,687.968,133.808
2,5356,640.462,687.968,133.808
2,5357,640.462,687.968,133.808
2,5358,640.462,687.968,133.808
2,5359,640.462,687.968,133.808
2,5360,640.462,1027.75,133.808
2,5361,640.462,1027.75,132.47
2,5362,640.462,1027.75,132.47
2,5363,640.462,1027.75,132.47
2,5364,640.462,1029.21,132.47
2,5365,640.462,1027.75,132.47
2,5366,640.462,992.937,132.47
2,5367,640.462,992.937,132.47
2,5368,640.462,992.937,132.47
2,5369,640.462,992.937,132.47
2,5370,640.462,992.937,132.47
2,5371,640.462,992.937,132.47
2,5372,640.462,991.999,132.47
2,5373,640.462,991.999,132.47
2,5374,640.462,991.999,132.47
2,5375,640.462,991.999,132.47
2,5376,640.462,983.237,132.47
2,5377,640.462,983.237,132.47
2,5378,640.462,983.237,132.47
2,5379,640.462,983.237,132.47
2,5380,640.462,983.237,132.47
2,5381,640.462,983.237,132.47
2,5382,640.462,983.237,132.47
2,5383,640.462,983.237,132.47
2,5384,640.462,991.999,132.47
2,5385,640.462,991.999,132.47
2,5386,640.462,991.999,132.47
2,5387,640.462,991.999,132.47
2,5388,640.462,991.999,132.47
2,5389,640.462,991.999,132.47
2,5390,640.462,991.999,132.47
2,5391,640.462,991.999,132.47
2,5392,640.462,991.999,132.47
2,5393,640.462,991.999,132.47
2,5394,640.462,991.999,132.47
2,5395,640.462,991.999,132.47
2,5396,640.462,991.999,132.47
2,5397,640.462,991.999,132.47
2,5398,640.462,991.999,132.47
2,5399,640.462,991.999,132.47
2,5400,640.462,991.999,132.47
2,5401,640.462,991.999,131.145
2,5402,640.462,991.999,131.145
2,5403,640.462,991.999,131.145
2,5404,640.462,991.999,131.145
2,5405,640.462,991.999,131.145
2,5406,640.462,991.999,131.145
2,5407,640.462,991.999,131.145
2,5408,640.462,991.999,131.145
2,5409,640.462,991.999,131.145
2,5410,640.462,991.999,131.145
2,5411,640.462,983.237,131.145
2,5412,640.462,983.237,131.145
2,5413,640.462,983.237,131.145
2,5414,640.462,983.237,131.145
2,5415,640.462,983.237,131.145
2,5416,640.462,983.237,131.145
2,5417,640.462,983.237,131.145
2,5418,640.462,983.237,131.145
2,5419,640.462,983.237,131.145
2,5420,640.462,983.237,131.145
2,5421,640.462,983.237,131.145
2,5422,640.462,983.237,131.145
2,5423,640.462,983.237,131.145
2,5424,640.462,991.999,131.145
2,5425,640.462,991.999,131.145
2,5426,640.462,991.999,131.145
2,5427,640.462,991.999,131.145
2,5428,640.462,991.999,131.145
2,5429,640.462,991.999,131.145
2,5430,640.462,991.999,131.145
2,5431,640.462,991.999,131.145
2,5432,640.462,991.999,131.145
2,5433,640.462,991.999,131.145
2,5434,640.462,991.999,131.145
2,5435,640.462,983.237,131.145
2,5436,640.462,983.237,131.145
2,5437,640.462,983.237,131.145
2,5438,640.462,983.237,131.145
2,5439,640.462,983.237,131.145
2,5440,640.462,983.237,131.145
2,5441,640.462,983.237,129.834
2,5442,640.462,983.237,129.834
2,5443,640.462,983.237,129.834
2,5444,640.462,983.237,129.834
2,5445,640.462,983.237,129.834
2,5446,640.462,983.237,129.834
2,5447,640.462,983.237,129.834
2,5448,640.462,983.237,129.834
2,5449,640.462,983.237,129.834
2,5450,640.462,983.237,129.834
2,5451,640.462,983.237,129.834
2,5452,640.462,983.237,129.834
2,5453,640.462,983.237,129.834
2,5454,640.462,983.237,129.834
2,5455,640.462,983.237,129.834
2,5456,640.462,983.237,129.834
2,5457,640.462,983.237,129.834
2,5458,640.462,983.237,129.834
2,5459,640.462,983.237,129.834
2,5460,640.462,983.237,129.834
2,5461,640.462,983.237,129.834
2,5462,640.462,983.237,129.834
2,5463,640.462,983.237,129.834
2,5464,640.462,983.237,129.834
2,5465,640.462,1313.93,129.834
2,5466,640.462,1313.93,129.834
2,5467,640.462,1313.93,129.834
2,5468,640.462,1285.19,129.834
2,5469,640.462,1285.19,129.834
2,5470,640.462,1285.19,129.834
2,5471,640.462,1277.94,129.834
2,5472,640.462,1585.55,129.834
2,5473,640.462,1585.55,129.834
2,5474,640.462,1585.55,129.834
2,5475,640.462,1617.72,129.834
2,5476,640.462,1277.94,129.834
2,5477,640.462,1277.94,129.834
2,5478,640.462,1277.94,129.834
2,5479,640.462,1277.94,129.834
2,5480,640.462,1277.94,129.834
2,5481,640.462,1277.94,128.535
2,5482,640.462,1269.86,128.535
2,5483,640.462,1269.86,128.535
2,5484,640.462,1269.86,128.535
2,5485,640.462,1269.86,128.535
2,5486,640.462,1269.86,128.535
2,5487,640.462,1269.86,128.535
2,5488,640.462,1269.86,128.535
2,5489,640.462,1269.86,128.535
2,5490,640.462,1269.86,128.535
2,5491,640.462,1269.86,128.535
2,5492,640.462,1269.86,128.535
2,5493,640.462,1269.86,128.535
2,5494,640.462,975.459,128.535
2,5495,640.462,975.459,128.535
2,5496,640.462,975.459,128.535
2,5497,640.462,975.459,128.535
2,5498,640.462,975.459,128.535
2,5499,640.462,975.459,128.535
2,5500,640.462,991.999,128.535
2,5501,640.462,991.999,128.535
2,5502,640.462,991.999,128.535
2,5503,640.462,991.999,128.535
2,5504,640.462,991.999,128.535
2,5505,640.462,975.459,128.535
2,5506,640.462,975.459,128.535
2,5507,640.462,975.459,128.535
2,5508,640.462,975.459,128.535
2,5509,640.462,975.459,128.535
2,5510,640.462,975.459,128.535
2,5511,640.462,975.459,128.535
2,5512,640.462,975.459,128.535
2,5513,640.462,975.459,128.535
2,5514,640.462,975.459,128.535
2,5515,640.462,975.459,128.535
2,5516,640.462,975.459,128.535
2,5517,640.462,975.459,128.535
2,5518,640.462,975.459,128.535
2,5519,640.462,975.459,128.535
2,5520,640.462,975.459,128.535
2,5521,640.462,975.459,127.25
2,5522,640.462,975.459,127.25
2,5523,640.462,975.983,127.25
2,5524,640.462,975.983,127.25
2,5525,640.462,975.983,127.25
2,5526,640.462,975.983,127.25
2,5527,640.462,975.983,127.25
2,5528,640.462,975.459,127.25
2,5529,640.462,975.459,127.25
2,5530,640.462,975.459,127.25
2,5531,640.462,975.459,127.25
2,5532,640.462,975.459,127.25
2,5533,640.462,975.459,127.25
2,5534,640.462,975.459,127.25
2,5535,640.462,975.459,127.25
2,5536,640.462,975.459,127.25
2,5537,640.462,975.459,127.25
2,5538,640.462,975.459,127.25
2,5539,640.462,975.459,127.25
2,5540,640.462,975.459,127.25
2,5541,640.462,975.459,127.25
2,5542,640.462,975.983,127.25
2,5543,640.462,975.983,127.25
2,5544,640.462,975.983,127.25
2,5545,640.462,975.983,127.25
2,5546,640.462,975.983,127.25
2,5547,640.462,975.983,127.25
2,5548,640.462,975.983,127.25
2,5549,640.462,975.983,127.25
2,5550,640.462,975.983,127.25
2,5551,640.462,975.983,127.25
2,5552,640.462,975.983,127.25
2,5553,640.462,975.983,127.25
2,5554,640.462,975.983,127.25
2,5555,640.462,975.983,127.25
2,5556,640.462,975.983,127.25
2,5557,640.462,975.983,127.25
2,5558,640.462,975.983,127.25
2,5559,640.462,975.983,127.25
2,5560,640.462,975.983,127.25
2,5561,640.462,975.983,125.977
2,5562,640.462,975.983,125.977
2,5563,640.462,975.983,125.977
2,5564,640.462,975.983,125.977
2,5565,640.462,975.983,125.977
2,5566,640.462,975.983,125.977
2,5567,640.462,975.459,125.977
2,5568,640.462,975.459,125.977
2,5569,640.462,975.459,125.977
2,5570,640.462,975.459,125.977
2,5571,640.462,975.459,125.977
2,5572,640.462,975.459,125.977
2,5573,640.462,975.459,125.977
2,5574,640.462,975.459,125.977
2,5575,640.462,975.459,125.977
2,5576,640.462,975.459,125.977
2,5577,640.462,975.459,125.977
2,5578,640.462,975.459,125.977
2,5579,640.462,975.459,125.977
2,5580,640.462,975.459,125.977
2,5581,640.462,975.459,125.977
2,5582,640.462,975.459,125.977
2,5583,640.462,975.459,125.977
2,5584,640.462,975.459,125.977
2,5585,640.462,975.459,125.977
2,5586,640.462,975.459,125.977
2,5587,640.462,975.459,125.977
2,5588,640.462,975.459,125.977
2,5589,640.462,975.459,125.977
2,5590,640.462,975.459,125.977
2,5591,640.462,975.459,125.977
2,5592,640.462,975.459,125.977
2,5593,640.462,975.459,125.977
2,5594,640.462,975.459,125.977
2,5595,640.462,975.459,125.977
2,5596,640.462,975.459,125.977
2,5597,640.462,975.459,125.977
2,5598,640.462,975.459,125.977
2,5599,640.462,975.983,125.977
2,5600,640.462,975.983,125.977
2,5601,640.462,975.983,124.718
2,5602,640.462,975.983,124.718
2,5603,640.462,975.983,124.718
2,5604,640.462,975.983,124.718
2,5605,640.462,975.983,124.718
2,5606,640.462,975.983,124.718
2,5607,640.462,975.459,124.718
2,5608,640.462,975.459,124.718
2,5609,640.462,975.459,124.718
2,5610,640.462,975.459,124.718
2,5611,640.462,975.983,124.718
2,5612,640.462,975.983,124.718
2,5613,640.462,975.983,124.718
2,5614,640.462,975.983,124.718
2,5615,640.462,975.459,124.718
2,5616,640.462,975.459,124.718
2,5617,640.462,975.459,124.718
2,5618,640.462,975.459,124.718
2,5619,640.462,975.459,124.718
2,5620,640.462,975.459,124.718
2,5621,640.462,975.459,124.718
2,5622,640.462,975.459,124.718
2,5623,640.462,975.459,124.718
2,5624,640.462,975.459,124.718
2,5625,640.462,975.459,124.718
2,5626,640.462,975.459,124.718
2,5627,640.462,975.459,124.718
2,5628,640.462,975.459,124.718
2,5629,640.462,975.459,124.718
2,5630,640.462,975.459,124.718
2,5631,640.462,972.149,124.718
2,5632,640.462,972.149,124.718
2,5633,640.462,972.149,124.718
2,5634,640.462,972.149,124.718
2,5635,640.462,981.435,124.718
2,5636,640.462,1311.68,124.718
2,5637,640.462,1311.68,124.718
2,5638,640.462,1311.68,124.718
2,5639,640.462,1286.4,124.718
2,5640,640.462,1286.4,124.718
2,5641,640.462,1286.4,123.47
2,5642,640.462,1286.4,123.47
2,5643,640.462,1895.35,123.47
2,5644,640.462,1895.35,123.47
2,5645,640.462,1603.25,123.47
2,5646,640.462,1603.25,123.47
2,5647,640.462,1582.91,123.47
2,5648,640.462,1582.91,123.47
2,5649,640.462,1582.91,123.47
2,5650,640.462,1582.91,123.47
2,5651,640.462,1582.91,123.47
2,5652,640.462,1582.91,123.47
2,5653,640.462,1582.91,123.47
2,5654,640.462,1582.91,123.47
2,5655,640.462,1582.91,123.47
2,5656,640.462,1582.91,123.47
2,5657,640.462,1582.91,123.47
2,5658,640.462,1582.91,123.47
2,5659,640.462,1582.91,123.47
2,5660,640.462,1582.91,123.47
2,5661,640.462,1582.91,123.47
2,5662,640.462,1582.91,123.47
2,5663,640.462,1602.86,123.47
2,5664,640.462,1582.91,123.47
2,5665,640.462,1582.91,123.47
2,5666,640.462,1582.91,123.47
2,5667,640.462,1582.91,123.47
2,5668,640.462,1582.91,123.47
2,5669,640.462,1269.86,123.47
2,5670,640.462,1269.86,123.47
2,5671,640.462,1269.86,123.47
2,5672,640.462,1269.86,123.47
2,5673,640.462,1269.86,123.47
2,5674,640.462,1269.86,123.47
2,5675,640.462,1269.86,123.47
2,5676,640.462,1286.4,123.47
2,5677,640.462,1286.4,123.47
2,5678,640.462,1286.4,123.47
2,5679,640.462,1286.4,123.47
2,5680,640.462,1286.4,123.47
2,5681,640.462,1286.4,122.236
2,5682,640.462,1286.4,122.236
2,5683,640.462,1286.4,122.236
2,5684,640.462,1285.19,122.236
2,5685,640.462,1285.19,122.236
2,5686,640.462,1285.19,122.236
2,5687,640.462,1285.19,122.236
2,5688,640.462,1285.19,122.236
2,5689,640.462,1285.19,122.236
2,5690,640.462,1285.19,122.236
2,5691,640.462,1285.19,122.236
2,5692,640.462,1285.19,122.236
2,5693,640.462,1285.19,122.236
2,5694,640.462,1285.19,122.236
2,5695,640.462,1285.19,122.236
2,5696,640.462,1285.19,122.236
2,5697,640.462,1275.95,122.236
2,5698,640.462,1275.95,122.236
2,5699,640.462,1275.95,122.236
2,5700,640.462,1275.95,122.236
2,5701,640.462,1275.95,122.236
2,5702,640.462,1275.95,122.236
2,5703,640.462,1275.95,122.236
2,5704,640.462,1275.95,122.236
2,5705,640.462,1275.95,122.236
2,5706,640.462,1275.95,122.236
2,5707,640.462,1275.95,122.236
2,5708,640.462,1275.95,122.236
2,5709,640.462,1275.95,122.236
2,5710,640.462,1275.95,122.236
2,5711,640.462,1275.95,122.236
2,5712,640.462,1275.95,122.236
2,5713,640.462,1275.95,122.236
2,5714,640.462,1275.95,122.236
2,5715,640.462,1288.96,122.236
2,5716,640.462,1302.89,122.236
2,5717,640.462,1303.8,122.236
2,5718,640.462,1279.11,122.236
2,5719,640.462,1279.11,122.236
2,5720,640.462,1012.5,122.236
2,5721,640.462,1012.5,121.013
2,5722,640.462,1012.5,121.013
2,5723,640.462,1012.5,121.013
2,5724,640.462,1012.5,121.013
2,5725,640.462,1012.5,121.013
2,5726,640.462,1012.5,121.013
2,5727,640.462,1012.5,121.013
2,5728,640.462,1012.5,121.013
2,5729,640.462,1012.5,121.013
2,5730,640.462,1012.5,121.013
2,5731,640.462,1012.5,121.013
2,5732,640.462,1012.5,121.013
2,5733,640.462,1012.5,121.013
2,5734,640.462,1012.5,121.013
2,5735,640.462,1012.5,121.013
2,5736,640.462,1012.5,121.013
2,5737,640.462,1012.5,121.013
2,5738,640.462,1012.5,121.013
2,5739,640.462,1012.5,121.013
2,5740,640.462,989.438,121.013
2,5741,640.462,989.438,121.013
2,5742,640.462,989.438,121.013
2,5743,640.462,989.438,121.013
2,5744,640.462,989.438,121.013
2,5745,640.462,989.438,121.013
2,5746,640.462,989.438,121.013
2,5747,640.462,989.438,121.013
2,5748,640.462,989.438,121.013
2,5749,640.462,989.438,121.013
2,5750,640.462,989.438,121.013
2,5751,640.462,989.438,121.013
2,5752,640.462,695.971,121.013
2,5753,640.462,695.971,121.013
2,5754,640.462,695.971,121.013
2,5755,640.462,695.971,121.013
2,5756,640.462,695.971,121.013
2,5757,640.462,695.971,121.013
2,5758,640.462,695.971,121.013
2,5759,640.462,687.968,121.013
2,5760,640.462,687.444,121.013
2,5761,640.462,687.444,119.803
2,5762,640.462,687.444,119.803
2,5763,640.462,687.968,119.803
2,5764,640.462,687.968,119.803
2,5765,640.462,687.968,119.803
2,5766,640.462,687.968,119.803
2,5767,640.462,687.968,119.803
2,5768,640.462,687.968,119.803
2,5769,640.462,687.968,119.803
2,5770,640.462,687.968,119.803
2,5771,640.462,687.968,119.803
2,5772,640.462,687.968,119.803
2,5773,640.462,687.968,119.803
2,5774,640.462,687.968,119.803
2,5775,640.462,687.968,119.803
2,5776,640.462,687.968,119.803
2,5777,640.462,687.968,119.803
2,5778,640.462,687.968,119.803
2,5779,640.462,687.968,119.803
2,5780,640.462,687.968,119.803
2,5781,640.462,687.968,119.803
2,5782,640.462,687.444,119.803
2,5783,640.462,687.444,119.803
2,5784,640.462,687.444,119.803
2,5785,640.462,687.444,119.803
2,5786,640.462,687.444,119.803
2,5787,640.462,687.444,119.803
2,5788,640.462,687.444,119.803
2,5789,640.462,687.444,119.803
2,5790,640.462,687.444,119.803
2,5791,640.462,687.444,119.803
2,5792,640.462,687.444,119.803
2,5793,640.462,687.444,119.803
2,5794,640.462,687.444,119.803
2,5795,640.462,687.444,119.803
2,5796,640.462,687.444,119.803
2,5797,640.462,687.968,119.803
2,5798,640.462,687.968,119.803
2,5799,640.462,687.968,119.803
2,5800,640.462,687.968,119.803
2,5801,640.462,687.968,118.605
2,5802,640.462,687.968,118.605
2,5803,640.462,687.968,118.605
2,5804,640.462,687.968,118.605
2,5805,640.462,687.968,118.605
2,5806,640.462,687.968,118.605
2,5807,640.462,687.968,118.605
2,5808,640.462,687.968,118.605
2,5809,640.462,687.968,118.605
2,5810,640.462,687.444,118.605
2,5811,640.462,687.444,118.605
2,5812,640.462,687.444,118.605
2,5813,640.462,687.444,118.605
2,5814,640.462,687.444,118.605
2,5815,640.462,687.444,118.605
2,5816,640.462,687.444,118.605
2,5817,640.462,687.444,118.605
2,5818,640.462,687.444,118.605
2,5819,640.462,687.444,118.605
2,5820,640.462,687.444,118.605
2,5821,640.462,687.444,118.605
2,5822,640.462,687.444,118.605
2,5823,640.462,687.968,118.605
2,5824,640.462,687.968,118.605
2,5825,640.462,687.968,118.605
2,5826,640.462,687.968,118.605
2,5827,640.462,687.968,118.605
2,5828,640.462,687.968,118.605
2,5829,640.462,687.968,118.605
2,5830,640.462,687.968,118.605
2,5831,640.462,687.968,118.605
2,5832,640.462,687.968,118.605
2,5833,640.462,687.968,118.605
2,5834,640.462,687.968,118.605
2,5835,640.462,687.968,118.605
2,5836,640.462,687.968,118.605
2,5837,640.462,687.968,118.605
2,5838,640.462,683.014,118.605
2,5839,640.462,683.014,118.605
2,5840,640.462,683.014,118.605
2,5841,640.462,683.014,117.419
2,5842,640.462,683.014,117.419
2,5843,640.462,683.014,117.419
2,5844,640.462,683.014,117.419
2,5845,640.462,683.014,117.419
2,5846,640.462,683.014,117.419
2,5847,640.462,683.014,117.419
2,5848,640.462,687.444,117.419
2,5849,640.462,687.444,117.419
2,5850,640.462,687.444,117.419
2,5851,640.462,687.444,117.419
2,5852,640.462,683.014,117.419
2,5853,640.462,683.014,117.419
2,5854,640.462,683.014,117.419
2,5855,640.462,683.014,117.419
2,5856,640.462,683.014,117.419
2,5857,640.462,683.014,117.419
2,5858,640.462,683.014,117.419
2,5859,640.462,683.014,117.419
2,5860,640.462,683.014,117.419
2,5861,640.462,683.014,117.419
2,5862,640.462,683.014,117.419
2,5863,640.462,683.014,117.419
2,5864,640.462,683.014,117.419
2,5865,640.462,683.014,117.419
2,5866,640.462,683.014,117.419
2,5867,640.462,683.014,117.419
2,5868,640.462,683.014,117.419
2,5869,640.462,683.014,117.419
2,5870,640.462,683.014,117.419
2,5871,640.462,683.014,117.419
2,5872,640.462,683.014,117.419
2,5873,640.462,683.014,117.419
2,5874,640.462,683.014,117.419
2,5875,640.462,683.014,117.419
2,5876,640.462,683.014,117.419
2,5877,640.462,683.014,117.419
2,5878,640.462,687.444,117.419
2,5879,640.462,687.444,117.419
2,5880,640.462,687.444,117.419
2,5881,640.462,687.444,116.245
2,5882,640.462,687.444,116.245
2,5883,640.462,687.444,116.245
2,5884,640.462,687.444,116.245
2,5885,640.462,687.444,116.245
2,5886,640.462,687.444,116.245
2,5887,640.462,687.444,116.245
2,5888,640.462,687.444,116.245
2,5889,640.462,687.444,116.245
2,5890,640.462,687.444,116.245
2,5891,640.462,687.444,116.245
2,5892,640.462,687.444,116.245
2,5893,640.462,687.444,116.245
2,5894,640.462,683.014,116.245
2,5895,640.462,683.014,116.245
2,5896,640.462,683.014,116.245
2,5897,640.462,683.014,116.245
2,5898,640.462,683.014,116.245
2,5899,640.462,683.014,116.245
2,5900,640.462,683.014,116.245
2,5901,640.462,683.014,116.245
2,5902,640.462,687.444,116.245
2,5903,640.462,687.444,116.245
2,5904,640.462,687.444,116.245
2,5905,640.462,687.444,116.245
2,5906,640.462,687.444,116.245
2,5907,640.462,687.444,116.245
2,5908,640.462,687.444,116.245
2,5909,640.462,687.444,116.245
2,5910,640.462,687.444,116.245
2,5911,640.462,687.444,116.245
2,5912,640.462,687.444,116.245
2,5913,640.462,687.444,116.245
2,5914,640.462,687.444,116.245
2,5915,640.462,687.444,116.245
2,5916,640.462,687.444,116.245
2,5917,640.462,687.444,116.245
2,5918,640.462,687.444,116.245
2,5919,640.462,687.968,116.245
2,5920,640.462,687.968,116.245
2,5921,640.462,687.968,115.082
2,5922,640.462,687.968,115.082
2,5923,640.462,687.968,115.082
2,5924,640.462,687.968,115.082
2,5925,640.462,687.968,115.082
2,5926,640.462,687.968,115.082
2,5927,640.462,687.968,115.082
2,5928,640.462,687.968,115.082
2,5929,640.462,687.444,115.082
2,5930,640.462,687.444,115.082
2,5931,640.462,687.444,115.082
2,5932,640.462,687.444,115.082
2,5933,640.462,687.444,115.082
2,5934,640.462,687.444,115.082
2,5935,640.462,687.444,115.082
2,5936,640.462,687.444,115.082
2,5937,640.462,687.444,115.082
2,5938,640.462,687.444,115.082
2,5939,640.462,687.444,115.082
2,5940,640.462,687.444,115.082
2,5941,640.462,687.444,115.082
2,5942,640.462,687.444,115.082
2,5943,640.462,687.444,115.082
2,5944,640.462,687.444,115.082
2,5945,640.462,687.444,115.082
2,5946,640.462,687.444,115.082
2,5947,640.462,687.444,115.082
2,5948,640.462,687.444,115.082
2,5949,640.462,687.444,115.082
2,5950,640.462,687.444,115.082
2,5951,640.462,687.968,115.082
2,5952,640.462,687.968,115.082
2,5953,640.462,687.968,115.082
2,5954,640.462,687.968,115.082
2,5955,640.462,687.968,115.082
2,5956,640.462,687.968,115.082
2,5957,640.462,687.968,115.082
2,5958,640.462,687.968,115.082
2,5959,640.462,687.968,115.082
2,5960,640.462,687.968,115.082
2,5961,640.462,687.968,113.932
2,5962,640.462,687.968,113.932
2,5963,640.462,687.968,113.932
2,5964,640.462,687.968,113.932
2,5965,640.462,687.968,113.932
2,5966,640.462,687.968,113.932
2,5967,640.462,687.968,113.932
2,5968,640.462,687.968,113.932
2,5969,640.462,687.968,113.932
2,5970,640.462,687.968,113.932
2,5971,640.462,687.968,113.932
2,5972,640.462,687.968,113.932
2,5973,640.462,687.968,113.932
2,5974,640.462,687.968,113.932
2,5975,640.462,687.968,113.932
2,5976,640.462,687.968,113.932
2,5977,640.462,687.968,113.932
2,5978,640.462,687.968,113.932
2,5979,640.462,687.968,113.932
2,5980,640.462,687.968,113.932
2,5981,640.462,687.968,113.932
2,5982,640.462,687.968,113.932
2,5983,640.462,687.968,113.932
2,5984,640.462,687.968,113.932
2,5985,640.462,687.968,113.932
2,5986,640.462,687.968,113.932
2,5987,640.462,687.968,113.932
2,5988,640.462,687.968,113.932
2,5989,640.462,687.968,113.932
2,5990,640.462,687.968,113.932
2,5991,640.462,995.583,113.932
2,5992,640.462,995.583,113.932
2,5993,640.462,992.937,113.932
2,5994,640.462,992.937,113.932
2,5995,640.462,992.937,113.932
2,5996,640.462,992.937,113.932
2,5997,640.462,992.937,113.932
2,5998,640.462,992.937,113.932
2,5999,640.462,992.937,113.932
2,6000,640.462,992.937,113.932
2,6001,640.462,992.937,112.792
2,6002,640.462,983.237,112.792
2,6003,640.462,983.237,112.792
2,6004,640.462,983.237,112.792
2,6005,640.462,991.999,112.792
2,6006,640.462,991.999,112.792
2,6007,640.462,991.999,112.792
2,6008,640.462,991.999,112.792
2,6009,640.462,991.999,112.792
2,6010,640.462,991.999,112.792
2,6011,640.462,991.999,112.792
2,6012,640.462,991.999,112.792
2,6013,640.462,991.999,112.792
2,6014,640.462,991.999,112.792
2,6015,640.462,991.999,112.792
2,6016,640.462,991.999,112.792
2,6017,640.462,981.435,112.792
2,6018,640.462,981.435,112.792
2,6019,640.462,972.149,112.792
2,6020,640.462,972.149,112.792
2,6021,640.462,972.149,112.792
2,6022,640.462,972.149,112.792
2,6023,640.462,972.149,112.792
2,6024,640.462,972.149,112.792
2,6025,640.462,972.149,112.792
2,6026,640.462,972.149,112.792
2,6027,640.462,972.149,112.792
2,6028,640.462,972.149,112.792
2,6029,640.462,972.149,112.792
2,6030,640.462,972.149,112.792
2,6031,640.462,972.149,112.792
2,6032,640.462,972.149,112.792
2,6033,640.462,972.149,112.792
2,6034,640.462,972.149,112.792
2,6035,640.462,972.149,112.792
2,6036,640.462,972.149,112.792
2,6037,640.462,972.149,112.792
2,6038,640.462,972.149,112.792
2,6039,640.462,981.435,112.792
2,6040,640.462,981.435,112.792
2,6041,640.462,981.435,111.664
2,6042,640.462,981.435,111.664
2,6043,640.462,980.683,111.664
2,6044,640.462,980.683,111.664
2,6045,640.462,980.683,111.664
2,6046,640.462,980.683,111.664
2,6047,640.462,980.683,111.664
2,6048,640.462,980.683,111.664
2,6049,640.462,980.683,111.664
2,6050,640.462,980.683,111.664
2,6051,640.462,980.683,111.664
2,6052,640.462,979.563,111.664
2,6053,640.462,979.563,111.664
2,6054,640.462,979.563,111.664
2,6055,640.462,979.563,111.664
2,6056,640.462,979.563,111.664
2,6057,640.462,979.563,111.664
2,6058,640.462,979.563,111.664
2,6059,640.462,979.563,111.664
2,6060,640.462,979.563,111.664
2,6061,640.462,983.375,111.664
2,6062,640.462,983.375,111.664
2,6063,640.462,983.375,111.664
2,6064,640.462,983.375,111.664
2,6065,640.462,983.375,111.664
2,6066,640.462,983.375,111.664
2,6067,640.462,983.375,111.664
2,6068,640.462,990.122,111.664
2,6069,640.462,990.122,111.664
2,6070,640.462,990.122,111.664
2,6071,640.462,1008.41,111.664
2,6072,640.462,1008.41,111.664
2,6073,640.462,1008.41,111.664
2,6074,640.462,1008.41,111.664
2,6075,640.462,1008.41,111.664
2,6076,640.462,972.441,111.664
2,6077,640.462,1052.39,111.664
2,6078,640.462,1052.39,111.664
2,6079,640.462,714.567,111.664
2,6080,640.462,720.731,111.664
2,6081,640.462,720.731,110.548
2,6082,640.462,720.731,110.548
2,6083,640.462,720.731,110.548
2,6084,640.462,710.3,110.548
2,6085,640.462,710.3,110.548
2,6086,640.462,710.3,110.548
2,6087,640.462,710.3,110.548
2,6088,640.462,710.3,110.548
2,6089,640.462,710.3,110.548
2,6090,640.462,710.3,110.548
2,6091,640.462,710.3,110.548
2,6092,640.462,710.3,110.548
2,6093,640.462,710.3,110.548
2,6094,640.462,710.3,110.548
2,6095,640.462,710.3,110.548
2,6096,640.462,699.987,110.548
2,6097,640.462,699.987,110.548
2,6098,640.462,699.987,110.548
2,6099,640.462,699.987,110.548
2,6100,640.462,699.987,110.548
2,6101,640.462,699.987,110.548
2,6102,640.462,699.987,110.548
2,6103,640.462,699.987,110.548
2,6104,640.462,699.987,110.548
2,6105,640.462,709.355,110.548
2,6106,640.462,709.355,110.548
2,6107,640.462,720.396,110.548
2,6108,640.462,720.396,110.548
2,6109,640.462,720.396,110.548
2,6110,640.462,720.396,110.548
2,6111,640.462,720.396,110.548
2,6112,640.462,720.396,110.548
2,6113,640.462,720.396,110.548
2,6114,640.462,720.396,110.548
2,6115,640.462,663.996,110.548
2,6116,640.462,721.634,110.548
2,6117,640.462,721.634,110.548
2,6118,640.462,712.064,110.548
2,6119,640.462,712.064,110.548
2,6120,640.462,712.064,110.548
2,6121,640.462,712.064,109.442
2,6122,640.462,712.064,109.442
2,6123,640.462,667.34,109.442
2,6124,640.462,667.34,109.442
2,6125,640.462,667.34,109.442
2,6126,640.462,659.663,109.442
2,6127,640.462,659.663,109.442
2,6128,640.462,659.663,109.442
2,6129,640.462,659.663,109.442
2,6130,640.462,659.663,109.442
2,6131,640.462,659.663,109.442
2,6132,640.462,659.663,109.442
2,6133,640.462,659.663,109.442
2,6134,640.462,659.663,109.442
2,6135,640.462,659.663,109.442
2,6136,640.462,659.663,109.442
2,6137,640.462,659.663,109.442
2,6138,640.462,659.663,109.442
2,6139,640.462,659.663,109.442
2,6140,640.462,669.031,109.442
2,6141,640.462,667.982,109.442
2,6142,640.462,666.29,109.442
2,6143,640.462,666.29,109.442
2,6144,640.462,666.29,109.442
2,6145,640.462,666.29,109.442
2,6146,640.462,666.29,109.442
2,6147,640.462,666.29,109.442
2,6148,640.462,669.243,109.442
2,6149,640.462,669.243,109.442
2,6150,640.462,669.243,109.442
2,6151,640.462,669.243,109.442
2,6152,640.462,669.243,109.442
2,6153,640.462,669.243,109.442
2,6154,640.462,669.243,109.442
2,6155,640.462,669.243,109.442
2,6156,640.462,669.243,109.442
2,6157,640.462,669.243,109.442
2,6158,640.462,669.243,109.442
2,6159,640.462,669.243,109.442
2,6160,640.462,669.243,109.442
2,6161,640.462,669.243,108.348
2,6162,640.462,669.243,108.348
2,6163,640.462,669.243,108.348
2,6164,640.462,669.243,108.348
2,6165,640.462,669.243,108.348
2,6166,640.462,669.243,108.348
2,6167,640.462,669.243,108.348
2,6168,640.462,669.243,108.348
2,6169,640.462,669.243,108.348
2,6170,640.462,666.29,108.348
2,6171,640.462,669.454,108.348
2,6172,640.462,669.454,108.348
2,6173,640.462,669.454,108.348
2,6174,640.462,669.454,108.348
2,6175,640.462,669.454,108.348
2,6176,640.462,665.108,108.348
2,6177,640.462,665.108,108.348
2,6178,640.462,665.108,108.348
2,6179,640.462,665.108,108.348
2,6180,640.462,665.108,108.348
2,6181,640.462,665.108,108.348
2,6182,640.462,665.108,108.348
2,6183,640.462,672.048,108.348
2,6184,640.462,672.048,108.348
2,6185,640.462,672.048,108.348
2,6186,640.462,672.048,108.348
2,6187,640.462,672.048,108.348
2,6188,640.462,672.048,108.348
2,6189,640.462,672.048,108.348
2,6190,640.462,672.048,108.348
2,6191,640.462,678.278,108.348
2,6192,640.462,678.278,108.348
2,6193,640.462,678.278,108.348
2,6194,640.462,678.278,108.348
2,6195,640.462,678.278,108.348
2,6196,640.462,678.278,108.348
2,6197,640.462,676.359,108.348
2,6198,640.462,661.982,108.348
2,6199,640.462,661.982,108.348
2,6200,640.462,708.625,108.348
2,6201,640.462,708.625,107.264
2,6202,640.462,708.625,107.264
2,6203,640.462,708.625,107.264
2,6204,640.462,708.625,107.264
2,6205,640.462,708.625,107.264
2,6206,640.462,708.625,107.264
2,6207,640.462,686.457,107.264
2,6208,640.462,686.457,107.264
2,6209,640.462,686.457,107.264
2,6210,640.462,682.315,107.264
2,6211,640.462,682.315,107.264
2,6212,640.462,682.315,107.264
2,6213,640.462,673.529,107.264
2,6214,640.462,673.529,107.264
2,6215,640.462,755.724,107.264
2,6216,640.462,755.724,107.264
2,6217,640.462,673.529,107.264
2,6218,640.462,673.529,107.264
2,6219,640.462,673.529,107.264
2,6220,640.462,673.529,107.264
2,6221,640.462,673.529,107.264
2,6222,640.462,673.529,107.264
2,6223,640.462,688.543,107.264
2,6224,640.462,688.543,107.264
2,6225,640.462,688.543,107.264
2,6226,640.462,680.215,107.264
2,6227,640.462,680.215,107.264
2,6228,640.462,680.215,107.264
2,6229,640.462,680.215,107.264
2,6230,640.462,680.215,107.264
2,6231,640.462,736.894,107.264
2,6232,640.462,700.279,107.264
2,6233,640.462,700.279,107.264
2,6234,640.462,700.279,107.264
2,6235,640.462,700.279,107.264
2,6236,640.462,700.279,107.264
2,6237,640.462,700.279,107.264
2,6238,640.462,700.279,107.264
2,6239,640.462,695.123,107.264
2,6240,640.462,695.123,107.264
2,6241,640.462,695.123,106.192
2,6242,640.462,680.215,106.192
2,6243,640.462,680.215,106.192
2,6244,640.462,680.215,106.192
2,6245,640.462,680.215,106.192
2,6246,640.462,680.215,106.192
2,6247,640.462,680.215,106.192
2,6248,640.462,680.215,106.192
2,6249,640.462,668.242,106.192
2,6250,640.462,668.242,106.192
2,6251,640.462,668.242,106.192
2,6252,640.462,668.242,106.192
2,6253,640.462,668.242,106.192
2,6254,640.462,668.242,106.192
2,6255,640.462,668.242,106.192
2,6256,640.462,668.242,106.192
2,6257,640.462,668.242,106.192
2,6258,640.462,668.242,106.192
2,6259,640.462,668.242,106.192
2,6260,640.462,668.242,106.192
2,6261,640.462,668.242,106.192
2,6262,640.462,668.242,106.192
2,6263,640.462,668.242,106.192
2,6264,640.462,668.242,106.192
2,6265,640.462,668.242,106.192
2,6266,640.462,668.242,106.192
2,6267,640.462,668.242,106.192
2,6268,640.462,668.242,106.192
2,6269,640.462,668.242,106.192
2,6270,640.462,668.242,106.192
2,6271,640.462,668.242,106.192
2,6272,640.462,668.242,106.192
2,6273,640.462,668.242,106.192
2,6274,640.462,668.242,106.192
2,6275,640.462,668.242,106.192
2,6276,640.462,668.242,106.192
2,6277,640.462,668.242,106.192
2,6278,640.462,668.242,106.192
2,6279,640.462,668.242,106.192
2,6280,640.462,668.242,106.192
2,6281,640.462,668.242,105.13
2,6282,640.462,668.242,105.13
2,6283,640.462,668.242,105.13
2,6284,640.462,668.242,105.13
2,6285,640.462,668.242,105.13
2,6286,640.462,668.242,105.13
2,6287,640.462,668.242,105.13
2,6288,640.462,668.242,105.13
2,6289,640.462,668.242,105.13
2,6290,640.462,668.242,105.13
2,6291,640.462,686.548,105.13
2,6292,640.462,686.548,105.13
2,6293,640.462,686.548,105.13
2,6294,640.462,686.548,105.13
2,6295,640.462,686.548,105.13
2,6296,640.462,686.548,105.13
2,6297,640.462,686.548,105.13
2,6298,640.462,686.548,105.13
2,6299,640.462,686.548,105.13
2,6300,640.462,686.548,105.13
2,6301,640.462,694.876,105.13
2,6302,640.462,694.876,105.13
2,6303,640.462,694.876,105.13
2,6304,640.462,694.876,105.13
2,6305,640.462,694.876,105.13
2,6306,640.462,694.876,105.13
2,6307,640.462,676.57,105.13
2,6308,640.462,676.57,105.13
2,6309,640.462,676.57,105.13
2,6310,640.462,676.57,105.13
2,6311,640.462,676.57,105.13
2,6312,640.462,676.57,105.13
2,6313,640.462,676.57,105.13
2,6314,640.462,676.57,105.13
2,6315,640.462,676.57,105.13
2,6316,640.462,668.242,105.13
2,6317,640.462,668.242,105.13
2,6318,640.462,668.242,105.13
2,6319,640.462,668.242,105.13
2,6320,640.462,668.242,105.13
2,6321,640.462,668.242,104.079
2,6322,640.462,668.242,104.079
2,6323,640.462,668.242,104.079
2,6324,640.462,668.242,104.079
2,6325,640.462,668.821,104.079
2,6326,640.462,668.821,104.079
2,6327,640.462,668.821,104.079
2,6328,640.462,668.821,104.079
2,6329,640.462,668.821,104.079
2,6330,640.462,668.821,104.079
2,6331,640.462,668.821,104.079
2,6332,640.462,668.821,104.079
2,6333,640.462,668.821,104.079
2,6334,640.462,668.821,104.079
2,6335,640.462,668.821,104.079
2,6336,640.462,668.821,104.079
2,6337,640.462,668.821,104.079
2,6338,640.462,668.821,104.079
2,6339,640.462,654.888,104.079
2,6340,640.462,654.888,104.079
2,6341,640.462,644.032,104.079
2,6342,640.462,644.032,104.079
2,6343,640.462,644.032,104.079
2,6344,640.462,644.032,104.079
2,6345,640.462,644.032,104.079
2,6346,640.462,644.032,104.079
2,6347,640.462,644.032,104.079
2,6348,640.462,666.625,104.079
2,6349,640.462,666.625,104.079
2,6350,640.462,666.625,104.079
2,6351,640.462,727.069,104.079
2,6352,640.462,727.069,104.079
2,6353,640.462,715.693,104.079
2,6354,640.462,715.693,104.079
2,6355,640.462,713.561,104.079
2,6356,640.462,690.497,104.079
2,6357,640.462,690.497,104.079
2,6358,640.462,690.497,104.079
2,6359,640.462,690.497,104.079
2,6360,640.462,690.497,104.079
2,6361,640.462,690.497,103.038
2,6362,640.462,702.171,103.038
2,6363,640.462,702.171,103.038
2,6364,640.462,702.171,103.038
2,6365,640.462,702.171,103.038
2,6366,640.462,702.171,103.038
2,6367,640.462,702.171,103.038
2,6368,640.462,702.171,103.038
2,6369,640.462,681.299,103.038
2,6370,640.462,681.299,103.038
2,6371,640.462,681.299,103.038
2,6372,640.462,681.299,103.038
2,6373,640.462,681.299,103.038
2,6374,640.462,681.299,103.038
2,6375,640.462,681.299,103.038
2,6376,640.462,681.299,103.038
2,6377,640.462,681.299,103.038
2,6378,640.462,681.299,103.038
2,6379,640.462,681.299,103.038
2,6380,640.462,681.299,103.038
2,6381,640.462,681.299,103.038
2,6382,640.462,681.299,103.038
2,6383,640.462,681.299,103.038
2,6384,640.462,681.299,103.038
2,6385,640.462,681.299,103.038
2,6386,640.462,681.299,103.038
2,6387,640.462,681.299,103.038
2,6388,640.462,663.936,103.038
2,6389,640.462,663.936,103.038
2,6390,640.462,663.936,103.038
2,6391,640.462,663.936,103.038
2,6392,640.462,663.936,103.038
2,6393,640.462,663.373,103.038
2,6394,640.462,663.373,103.038
2,6395,640.462,663.373,103.038
2,6396,640.462,663.373,103.038
2,6397,640.462,663.373,103.038
2,6398,640.462,663.373,103.038
2,6399,640.462,663.373,103.038
2,6400,640.462,663.373,103.038
2,6401,640.462,663.373,102.007
2,6402,640.462,663.373,102.007
2,6403,640.462,663.373,102.007
2,6404,640.462,663.373,102.007
2,6405,640.462,663.373,102.007
2,6406,640.462,663.373,102.007
2,6407,640.462,663.373,102.007
2,6408,640.462,663.373,102.007
2,6409,640.462,663.373,102.007
2,6410,640.462,663.373,102.007
2,6411,640.462,663.373,102.007
2,6412,640.462,663.373,102.007
2,6413,640.462,663.373,102.007
2,6414,640.462,663.373,102.007
2,6415,640.462,663.373,102.007
2,6416,640.462,663.373,102.007
2,6417,640.462,663.373,102.007
2,6418,640.462,663.373,102.007
2,6419,640.462,663.373,102.007
2,6420,640.462,663.373,102.007
2,6421,640.462,663.373,102.007
2,6422,640.462,663.373,102.007
2,6423,640.462,663.373,102.007
2,6424,640.462,663.373,102.007
2,6425,640.462,663.373,102.007
2,6426,640.462,663.373,102.007
2,6427,640.462,663.373,102.007
2,6428,640.462,663.373,102.007
2,6429,640.462,663.373,102.007
2,6430,640.462,663.373,102.007
2,6431,640.462,663.373,102.007
2,6432,640.462,663.373,102.007
2,6433,640.462,663.373,102.007
2,6434,640.462,663.373,102.007
2,6435,640.462,663.373,102.007
2,6436,640.462,663.373,102.007
2,6437,640.462,672.57,102.007
2,6438,640.462,679.318,102.007
2,6439,640.462,679.318,102.007
2,6440,640.462,679.318,102.007
2,6441,640.462,679.318,100.987
2,6442,640.462,679.318,100.987
2,6443,640.462,679.318,100.987
2,6444,640.462,679.318,100.987
2,6445,640.462,679.318,100.987
2,6446,640.462,680.013,100.987
2,6447,640.462,680.013,100.987
2,6448,640.462,680.013,100.987
2,6449,640.462,680.013,100.987
2,6450,640.462,680.013,100.987
2,6451,640.462,680.013,100.987
2,6452,640.462,680.013,100.987
2,6453,640.462,680.013,100.987
2,6454,640.462,680.013,100.987
2,6455,640.462,680.013,100.987
2,6456,640.462,680.013,100.987
2,6457,640.462,680.013,100.987
2,6458,640.462,680.013,100.987
2,6459,640.462,680.013,100.987
2,6460,640.462,680.013,100.987
2,6461,640.462,680.013,100.987
2,6462,640.462,680.013,100.987
2,6463,640.462,680.013,100.987
2,6464,640.462,680.013,100.987
2,6465,640.462,680.013,100.987
2,6466,640.462,680.013,100.987
2,6467,640.462,680.013,100.987
2,6468,640.462,680.013,100.987
2,6469,640.462,670.619,100.987
2,6470,640.462,670.619,100.987
2,6471,640.462,670.619,100.987
2,6472,640.462,670.619,100.987
2,6473,640.462,670.619,100.987
2,6474,640.462,670.619,100.987
2,6475,640.462,670.619,100.987
2,6476,640.462,670.619,100.987
2,6477,640.462,660.919,100.987
2,6478,640.462,660.919,100.987
2,6479,640.462,660.919,100.987
2,6480,640.462,660.919,100.987
3,1,640.462,640.462,12.7836
3,2,640.462,640.462,12.758
3,3,640.462,640.462,12.7325
3,4,640.462,640.462,12.7071
3,5,629.637,629.637,12.6817
3,6,629.637,629.637,12.6563
3,7,629.637,629.637,12.631
3,8,629.637,669.744,12.6057
3,9,629.637,629.637,12.5805
3,10,629.637,687.968,12.5553
3,11,629.637,663.511,12.5302
3,12,629.637,629.637,12.5052
3,13,629.637,629.637,12.4802
3,14,629.637,629.637,12.4552
3,15,629.637,663.373,12.4303
3,16,629.637,655.115,12.4054
3,17,629.637,655.115,12.3806
3,18,629.637,655.115,12.3559
3,19,629.637,655.115,12.3311
3,20,629.637,691.954,12.3065
3,21,629.637,655.115,12.2819
3,22,629.637,696.908,12.2573
3,23,629.637,655.115,12.2328
3,24,629.637,655.115,12.2083
3,25,629.637,655.115,12.1839
3,26,629.637,696.908,12.1595
3,27,629.637,655.115,12.1352
3,28,629.637,655.115,12.111
3,29,629.637,653.687,12.0867
3,30,629.637,653.687,12.0626
3,31,629.637,653.687,12.0384
3,32,629.637,653.687,12.0144
3,33,629.637,655.115,11.9903
3,34,629.637,696.908,11.9663
3,35,629.637,655.115,11.9424
3,36,629.637,669.613,11.9185
3,37,629.637,655.115,11.8947
3,38,629.637,655.115,11.8709
3,39,629.637,653.687,11.8472
3,40,629.637,653.687,11.8235
3,41,629.637,655.115,11.7998
3,42,629.637,693.033,11.7762
3,43,629.637,658.637,11.7527
3,44,629.637,658.637,11.7292
3,45,629.637,655.115,11.7057
3,46,629.637,655.115,11.6823
3,47,629.637,655.115,11.6589
3,48,629.637,655.115,11.6356
3,49,629.637,653.687,11.6123
3,50,629.637,655.115,11.5891
3,51,629.637,691.954,11.5659
3,52,629.637,655.115,11.5428
3,53,629.637,655.115,11.5197
3,54,629.637,655.115,11.4967
3,55,629.637,655.115,11.4737
3,56,629.637,696.908,11.4507
3,57,629.637,655.115,11.4278
3,58,629.637,655.115,11.405
3,59,629.637,691.954,11.3822
3,60,629.637,655.115,11.3594
3,61,629.637,655.115,11.3367
3,62,629.637,655.115,11.314
3,63,629.637,653.687,11.2914
3,64,629.637,653.687,11.2688
3,65,629.637,653.687,11.2463
3,66,629.637,655.115,11.2238
3,67,629.637,655.115,11.2013
3,68,629.637,655.115,11.1789
3,69,629.637,653.687,11.1566
3,70,629.637,655.115,11.1342
3,71,629.637,653.687,11.112
3,72,629.637,655.115,11.0898
3,73,629.637,655.115,11.0676
3,74,629.637,655.115,11.0454
3,75,629.637,655.115,11.0234
3,76,629.637,655.115,11.0013
3,77,629.637,655.115,10.9793
3,78,629.637,655.115,10.9573
3,79,629.637,696.908,10.9354
3,80,629.637,696.908,10.9136
3,81,629.637,655.115,10.8917
3,82,629.637,655.115,10.8699
3,83,629.637,655.115,10.8482
3,84,629.637,661.747,10.8265
3,85,629.637,655.115,10.8049
3,86,629.637,655.115,10.7832
3,87,629.637,655.115,10.7617
3,88,629.637,691.748,10.7402
3,89,629.637,655.115,10.7187
3,90,629.637,655.115,10.6972
3,91,629.637,655.115,10.6758
3,92,629.637,653.687,10.6545
3,93,629.637,687.444,10.6332
3,94,629.637,653.687,10.6119
3,95,629.637,653.687,10.5907
3,96,629.637,655.115,10.5695
3,97,629.637,655.115,10.5484
3,98,629.637,655.115,10.5273
3,99,629.637,655.115,10.5062
3,100,629.637,655.115,10.4852
3,101,629.637,696.908,10.4642
3,102,629.637,669.222,10.4433
3,103,629.637,655.115,10.4224
3,104,629.637,661.747,10.4016
3,105,629.637,655.115,10.3808
4,1,629.637,629.637,188.891
4,2,629.637,629.637,188.891
4,3,629.637,629.637,188.891
4,4,629.637,629.637,188.891
4,5,629.637,629.637,188.891
4,6,629.637,629.637,188.891
4,7,629.637,629.637,188.891
4,8,629.637,687.671,188.891
4,9,629.637,681.299,188.891
4,10,629.637,681.299,188.891
4,11,629.637,681.299,188.891
4,12,629.637,681.299,188.891
4,13,629.637,681.299,188.891
4,14,629.637,681.299,188.891
4,15,629.637,681.299,188.891
4,16,629.637,681.299,188.891
4,17,629.637,681.299,188.891
4,18,629.637,681.299,188.891
4,19,629.637,681.299,188.891
4,20,629.637,681.299,188.891
4,21,629.637,681.299,188.891
4,22,629.637,681.299,188.891
4,23,629.637,681.299,188.891
4,24,629.637,681.299,188.891
4,25,629.637,681.299,188.891
4,26,629.637,663.373,188.891
4,27,629.637,663.373,188.891
4,28,629.637,663.373,188.891
4,29,629.637,663.373,188.891
4,30,629.637,663.373,188.891
4,31,629.637,663.373,188.891
4,32,629.637,663.373,188.891
4,33,629.637,663.373,188.891
4,34,629.637,663.373,188.891
4,35,629.637,663.373,188.891
4,36,629.637,663.373,188.891
4,37,629.637,663.373,188.891
4,38,629.637,663.373,188.891
4,39,629.637,663.373,188.891
4,40,629.637,663.373,188.891
4,41,629.637,663.373,187.002
4,42,629.637,663.373,187.002
4,43,629.637,751.864,187.002
4,44,629.637,751.864,187.002
4,45,629.637,678.748,187.002
4,46,629.637,678.748,187.002
4,47,629.637,678.748,187.002
4,48,629.637,999.633,187.002
4,49,629.637,690.431,187.002
4,50,629.637,690.431,187.002
4,51,629.637,690.2,187.002
4,52,629.637,690.2,187.002
4,53,629.637,690.2,187.002
4,54,629.637,690.2,187.002
4,55,629.637,636.914,187.002
4,56,629.637,636.914,187.002
4,57,629.637,636.914,187.002
4,58,629.637,955.706,187.002
4,59,629.637,955.706,187.002
4,60,629.637,955.706,187.002
4,61,629.637,955.706,187.002
4,62,629.637,941.152,187.002
4,63,629.637,941.152,187.002
4,64,629.637,941.152,187.002
4,65,629.637,941.152,187.002
4,66,629.637,941.152,187.002
4,67,629.637,941.152,187.002
4,68,629.637,941.152,187.002
4,69,629.637,941.152,187.002
4,70,629.637,941.152,187.002
4,71,629.637,941.152,187.002
4,72,629.637,941.152,187.002
4,73,629.637,941.152,187.002
4,74,629.637,941.152,187.002
4,75,629.637,941.152,187.002
4,76,629.637,941.152,187.002
4,77,629.637,941.152,187.002
4,78,629.637,941.152,187.002
4,79,629.637,941.152,187.002
4,80,629.637,941.152,187.002
4,81,629.637,941.152,185.132
4,82,629.637,941.152,185.132
4,83,629.637,649.692,185.132
4,84,629.637,649.692,185.132
4,85,629.637,649.692,185.132
4,86,629.637,649.692,185.132
4,87,629.637,649.692,185.132
4,88,629.637,649.692,185.132
4,89,629.637,639.046,185.132
4,90,629.637,639.046,185.132
4,91,629.637,639.046,185.132
4,92,629.637,636.914,185.132
4,93,629.637,636.914,185.132
4,94,629.637,636.914,185.132
4,95,629.637,640.812,185.132
4,96,629.637,640.812,185.132
4,97,629.637,640.812,185.132
4,98,629.637,640.812,185.132
4,99,629.637,640.812,185.132
4,100,629.637,640.812,185.132
4,101,629.637,640.812,185.132
4,102,629.637,640.812,185.132
4,103,629.637,640.812,185.132
4,104,629.637,640.812,185.132
4,105,629.637,640.812,185.132
4,106,629.637,640.812,185.132
4,107,629.637,640.812,185.132
4,108,629.637,640.812,185.132
4,109,629.637,640.812,185.132
4,110,629.637,640.812,185.132
4,111,629.637,640.812,185.132
4,112,629.637,640.812,185.132
4,113,629.637,640.812,185.132
4,114,629.637,741.522,185.132
4,115,629.637,653.349,185.132
4,116,629.637,653.349,185.132
4,117,629.637,653.349,185.132
4,118,629.637,653.349,185.132
4,119,629.637,653.349,185.132
4,120,629.637,653.349,185.132
4,121,629.637,653.349,183.281
4,122,629.637,653.349,183.281
4,123,629.637,641.9,183.281
4,124,629.637,641.9,183.281
4,125,629.637,1033.45,183.281
4,126,629.637,1033.45,183.281
4,127,629.637,1033.45,183.281
4,128,629.637,738.846,183.281
4,129,629.637,738.846,183.281
4,130,629.637,738.846,183.281
4,131,629.637,695.96,183.281
4,132,629.637,691.788,183.281
4,133,629.637,691.788,183.281
4,134,629.637,691.788,183.281
4,135,629.637,691.788,183.281
4,136,629.637,691.788,183.281
4,137,629.637,691.788,183.281
4,138,629.637,675.906,183.281
4,139,629.637,675.906,183.281
4,140,629.637,675.906,183.281
4,141,629.637,693.062,183.281
4,142,629.637,693.062,183.281
4,143,629.637,693.062,183.281
4,144,629.637,693.062,183.281
4,145,629.637,693.062,183.281
4,146,629.637,693.062,183.281
4,147,629.637,693.062,183.281
4,148,629.637,722.643,183.281
4,149,629.637,722.643,183.281
4,150,629.637,722.643,183.281
4,151,629.637,691.602,183.281
4,152,629.637,691.602,183.281
4,153,629.637,691.602,183.281
4,154,629.637,691.602,183.281
4,155,629.637,691.602,183.281
4,156,629.637,691.602,183.281
4,157,629.637,691.489,183.281
4,158,629.637,696.958,183.281
4,159,629.637,696.958,183.281
4,160,629.637,696.958,183.281
4,161,629.637,691.602,181.448
4,162,629.637,691.602,181.448
4,163,629.637,691.602,181.448
4,164,629.637,691.602,181.448
4,165,629.637,691.602,181.448
4,166,629.637,687.59,181.448
4,167,629.637,691.489,181.448
4,168,629.637,691.489,181.448
4,169,629.637,691.489,181.448
4,170,629.637,691.489,181.448
4,171,629.637,691.489,181.448
4,172,629.637,691.489,181.448
4,173,629.637,691.489,181.448
4,174,629.637,691.489,181.448
4,175,629.637,691.489,181.448
4,176,629.637,691.489,181.448
4,177,629.637,691.489,181.448
4,178,629.637,691.489,181.448
4,179,629.637,691.489,181.448
4,180,629.637,691.489,181.448
4,181,629.637,691.489,181.448
4,182,629.637,691.489,181.448
4,183,629.637,691.489,181.448
4,184,629.637,691.489,181.448
4,185,629.637,691.489,181.448
4,186,629.637,691.489,181.448
4,187,629.637,691.489,181.448
4,188,629.637,691.489,181.448
4,189,629.637,691.489,181.448
4,190,629.637,691.489,181.448
4,191,629.637,691.489,181.448
4,192,629.637,691.489,181.448
4,193,629.637,691.489,181.448
4,194,629.637,691.489,181.448
4,195,629.637,691.489,181.448
4,196,629.637,691.489,181.448
4,197,629.637,691.489,181.448
4,198,629.637,691.489,181.448
4,199,629.637,691.489,181.448
4,200,629.637,691.489,181.448
4,201,629.637,691.489,179.634
4,202,629.637,691.489,179.634
4,203,629.637,691.489,179.634
4,204,629.637,691.489,179.634
4,205,629.637,691.489,179.634
4,206,629.637,691.489,179.634
4,207,629.637,691.489,179.634
4,208,629.637,691.489,179.634
4,209,629.637,691.489,179.634
4,210,629.637,691.489,179.634
4,211,629.637,727.71,179.634
4,212,629.637,698.49,179.634
4,213,629.637,676.741,179.634
4,214,629.637,676.741,179.634
4,215,629.637,676.741,179.634
4,216,629.637,676.741,179.634
4,217,629.637,676.741,179.634
4,218,629.637,676.741,179.634
4,219,629.637,676.741,179.634
4,220,629.637,954.222,179.634
4,221,629.637,691.087,179.634
4,222,629.637,691.087,179.634
4,223,629.637,691.087,179.634
4,224,629.637,691.087,179.634
4,225,629.637,674.277,179.634
4,226,629.637,674.277,179.634
4,227,629.637,674.277,179.634
4,228,629.637,756.449,179.634
4,229,629.637,756.449,179.634
4,230,629.637,725.529,179.634
4,231,629.637,698.929,179.634
4,232,629.637,698.929,179.634
4,233,629.637,698.929,179.634
4,234,629.637,698.929,179.634
4,235,629.637,698.929,179.634
4,236,629.637,698.929,179.634
4,237,629.637,698.929,179.634
4,238,629.637,698.929,179.634
4,239,629.637,698.929,179.634
4,240,629.637,698.929,179.634
4,241,629.637,698.929,177.837
4,242,629.637,698.929,177.837
4,243,629.637,698.929,177.837
4,244,629.637,698.929,177.837
4,245,629.637,698.929,177.837
4,246,629.637,698.929,177.837
4,247,629.637,698.929,177.837
4,248,629.637,698.929,177.837
4,249,629.637,698.929,177.837
4,250,629.637,698.929,177.837
4,251,629.637,727.429,177.837
4,252,629.637,727.429,177.837
4,253,629.637,727.429,177.837
4,254,629.637,727.429,177.837
4,255,629.637,727.429,177.837
4,256,629.637,683.306,177.837
4,257,629.637,683.172,177.837
4,258,629.637,683.172,177.837
4,259,629.637,683.172,177.837
4,260,629.637,683.172,177.837
4,261,629.637,683.172,177.837
4,262,629.637,683.172,177.837
4,263,629.637,683.172,177.837
4,264,629.637,679.894,177.837
4,265,629.637,679.894,177.837
4,266,629.637,679.894,177.837
4,267,629.637,670.864,177.837
4,268,629.637,670.864,177.837
4,269,629.637,670.864,177.837
4,270,629.637,670.864,177.837
4,271,629.637,670.864,177.837
4,272,629.637,670.864,177.837
4,273,629.637,670.864,177.837
4,274,629.637,670.864,177.837
4,275,629.637,670.864,177.837
4,276,629.637,670.864,177.837
4,277,629.637,670.864,177.837
4,278,629.637,670.864,177.837
4,279,629.637,670.864,177.837
4,280,629.637,670.864,177.837
4,281,629.637,670.864,176.059
4,282,629.637,670.864,176.059
4,283,629.637,670.864,176.059
4,284,629.637,670.864,176.059
4,285,629.637,670.864,176.059
4,286,629.637,760.206,176.059
4,287,629.637,760.206,176.059
4,288,629.637,760.206,176.059
4,289,629.637,760.206,176.059
4,290,629.637,760.206,176.059
4,291,629.637,717.99,176.059
4,292,629.637,723.557,176.059
4,293,629.637,723.557,176.059
4,294,629.637,713.268,176.059
4,295,629.637,713.268,176.059
4,296,629.637,713.268,176.059
4,297,629.637,713.268,176.059
4,298,629.637,713.268,176.059
4,299,629.637,733.884,176.059
4,300,629.637,733.036,176.059
4,301,629.637,733.036,176.059
4,302,629.637,733.036,176.059
4,303,629.637,733.036,176.059
4,304,629.637,733.036,176.059
4,305,629.637,733.036,176.059
4,306,629.637,733.036,176.059
4,307,629.637,733.036,176.059
4,308,629.637,733.036,176.059
4,309,629.637,733.036,176.059
4,310,629.637,733.036,176.059
4,311,629.637,733.036,176.059
4,312,629.637,733.036,176.059
4,313,629.637,733.036,176.059
4,314,629.637,733.036,176.059
4,315,629.637,733.036,176.059
4,316,629.637,733.036,176.059
4,317,629.637,733.036,176.059
4,318,629.637,733.036,176.059
4,319,629.637,724.618,176.059
4,320,629.637,724.618,176.059
4,321,629.637,724.618,174.298
4,322,629.637,724.618,174.298
4,323,629.637,672.813,174.298
4,324,629.637,672.813,174.298
4,325,629.637,672.813,174.298
4,326,629.637,662.5,174.298
4,327,629.637,662.5,174.298
4,328,629.637,662.5,174.298
4,329,629.637,662.5,174.298
4,330,629.637,666.399,174.298
4,331,629.637,666.399,174.298
4,332,629.637,666.399,174.298
4,333,629.637,695.383,174.298
4,334,629.637,695.383,174.298
4,335,629.637,695.383,174.298
4,336,629.637,695.383,174.298
4,337,629.637,695.383,174.298
4,338,629.637,691.489,174.298
4,339,629.637,691.489,174.298
4,340,629.637,691.489,174.298
4,341,629.637,691.489,174.298
4,342,629.637,691.489,174.298
4,343,629.637,691.489,174.298
4,344,629.637,696.958,174.298
4,345,629.637,696.958,174.298
4,346,629.637,696.958,174.298
4,347,629.637,696.958,174.298
4,348,629.637,696.958,174.298
4,349,629.637,696.958,174.298
4,350,629.637,696.958,174.298
4,351,629.637,727.71,174.298
4,352,629.637,727.71,174.298
4,353,629.637,718.36,174.298
4,354,629.637,740.623,174.298
4,355,629.637,740.623,174.298
4,356,629.637,663.511,174.298
4,357,629.637,663.511,174.298
4,358,629.637,663.511,174.298
4,359,629.637,663.511,174.298
4,360,629.637,663.511,174.298
4,361,629.637,663.511,172.555
4,362,629.637,663.511,172.555
4,363,629.637,663.511,172.555
4,364,629.637,663.511,172.555
4,365,629.637,681.818,172.555
4,366,629.637,681.818,172.555
4,367,629.637,663.511,172.555
4,368,629.637,663.511,172.555
4,369,629.637,745.999,172.555
4,370,629.637,727.71,172.555
4,371,629.637,727.71,172.555
4,372,629.637,691.602,172.555
4,373,629.637,691.602,172.555
4,374,629.637,691.602,172.555
4,375,629.637,691.602,172.555
4,376,629.637,691.602,172.555
4,377,629.637,691.602,172.555
4,378,629.637,691.602,172.555
4,379,629.637,691.602,172.555
4,380,629.637,691.602,172.555
4,381,629.637,691.602,172.555
4,382,629.637,681.336,172.555
4,383,629.637,681.336,172.555
4,384,629.637,681.336,172.555
4,385,629.637,973.11,172.555
4,386,629.637,973.11,172.555
4,387,629.637,973.11,172.555
4,388,629.637,973.11,172.555
4,389,629.637,973.11,172.555
4,390,629.637,973.11,172.555
4,391,629.637,973.11,172.555
4,392,629.637,973.11,172.555
4,393,629.637,973.11,172.555
4,394,629.637,973.11,172.555
4,395,629.637,973.11,172.555
4,396,629.637,973.11,172.555
4,397,629.637,973.11,172.555
4,398,629.637,973.11,172.555
4,399,629.637,973.11,172.555
4,400,629.637,973.11,172.555
4,401,629.637,973.11,170.83
4,402,629.637,973.11,170.83
4,403,629.637,973.11,170.83
4,404,629.637,707.212,170.83
4,405,629.637,692.714,170.83
4,406,629.637,692.714,170.83
4,407,629.637,692.714,170.83
4,408,629.637,692.714,170.83
4,409,629.637,692.714,170.83
4,410,629.637,683.014,170.83
4,411,629.637,683.014,170.83
4,412,629.637,683.014,170.83
4,413,629.637,683.014,170.83
4,414,629.637,683.014,170.83
4,415,629.637,683.014,170.83
4,416,629.637,683.014,170.83
4,417,629.637,683.014,170.83
4,418,629.637,683.014,170.83
4,419,629.637,683.014,170.83
4,420,629.637,683.014,170.83
4,421,629.637,698.429,170.83
4,422,629.637,698.429,170.83
4,423,629.637,698.429,170.83
4,424,629.637,698.429,170.83
4,425,629.637,683.014,170.83
4,426,629.637,683.014,170.83
4,427,629.637,683.014,170.83
4,428,629.637,683.014,170.83
4,429,629.637,683.014,170.83
4,430,629.637,683.014,170.83
4,431,629.637,687.444,170.83
4,432,629.637,687.444,170.83
4,433,629.637,687.444,170.83
4,434,629.637,1016.67,170.83
4,435,629.637,985.569,170.83
4,436,629.637,985.569,170.83
4,437,629.637,985.569,170.83
4,438,629.637,985.569,170.83
4,439,629.637,985.569,170.83
4,440,629.637,985.569,170.83
4,441,629.637,981.849,169.122
4,442,629.637,972.149,169.122
4,443,629.637,972.149,169.122
4,444,629.637,972.149,169.122
4,445,629.637,1320.92,169.122
4,446,629.637,1320.92,169.122
4,447,629.637,1320.92,169.122
4,448,629.637,1292.18,169.122
4,449,629.637,1292.18,169.122
4,450,629.637,1292.18,169.122
4,451,629.637,1292.18,169.122
4,452,629.637,1292.18,169.122
4,453,629.637,1292.18,169.122
4,454,629.637,1292.18,169.122
4,455,629.637,1292.18,169.122
4,456,629.637,1292.18,169.122
4,457,629.637,1292.18,169.122
4,458,629.637,1292.18,169.122
4,459,629.637,1292.18,169.122
4,460,629.637,1292.18,169.122
4,461,629.637,1292.18,169.122
4,462,629.637,1292.18,169.122
4,463,629.637,1292.18,169.122
4,464,629.637,1292.18,169.122
4,465,629.637,1292.18,169.122
4,466,629.637,1292.18,169.122
4,467,629.637,1292.18,169.122
4,468,629.637,1292.18,169.122
4,469,629.637,1292.18,169.122
4,470,629.637,1292.18,169.122
4,471,629.637,1292.18,169.122
4,472,629.637,1292.18,169.122
4,473,629.637,1292.18,169.122
4,474,629.637,1292.18,169.122
4,475,629.637,1292.18,169.122
4,476,629.637,1292.18,169.122
4,477,629.637,1292.18,169.122
4,478,629.637,1292.18,169.122
4,479,629.637,1292.18,169.122
4,480,629.637,1283.34,169.122
4,481,629.637,1283.34,167.43
4,482,629.637,1283.34,167.43
4,483,629.637,1283.34,167.43
4,484,629.637,1283.34,167.43
4,485,629.637,1283.34,167.43
4,486,629.637,1283.34,167.43
4,487,629.637,1283.34,167.43
4,488,629.637,1252.31,167.43
4,489,629.637,1252.31,167.43
4,490,629.637,1252.31,167.43
4,491,629.637,1252.31,167.43
4,492,629.637,1252.31,167.43
4,493,629.637,1252.31,167.43
4,494,629.637,1240.59,167.43
4,495,629.637,1240.59,167.43
4,496,629.637,1240.59,167.43
4,497,629.637,1240.59,167.43
4,498,629.637,1240.59,167.43
4,499,629.637,1240.59,167.43
4,500,629.637,1240.59,167.43
4,501,629.637,1240.59,167.43
4,502,629.637,1240.59,167.43
4,503,629.637,1240.59,167.43
4,504,629.637,1254.74,167.43
4,505,629.637,1254.74,167.43
4,506,629.637,1254.74,167.43
4,507,629.637,1254.74,167.43
4,508,629.637,1254.74,167.43
4,509,629.637,1254.74,167.43
4,510,629.637,1254.74,167.43
4,511,629.637,1254.74,167.43
4,512,629.637,1254.74,167.43
4,513,629.637,1254.74,167.43
4,514,629.637,1254.74,167.43
4,515,629.637,1254.74,167.43
4,516,629.637,1254.74,167.43
4,517,629.637,1254.74,167.43
4,518,629.637,1254.74,167.43
4,519,629.637,1351.29,167.43
4,520,629.637,1351.29,167.43
4,521,629.637,1040.29,165.756
4,522,629.637,961.814,165.756
4,523,629.637,961.814,165.756
4,524,629.637,957.802,165.756
4,525,629.637,957.802,165.756
4,526,629.637,957.802,165.756
4,527,629.637,957.802,165.756
4,528,629.637,957.802,165.756
4,529,629.637,957.802,165.756
4,530,629.637,957.802,165.756
4,531,629.637,957.802,165.756
4,532,629.637,957.802,165.756
4,533,629.637,957.802,165.756
4,534,629.637,957.802,165.756
4,535,629.637,957.802,165.756
4,536,629.637,967.85,165.756
4,537,629.637,967.85,165.756
4,538,629.637,967.85,165.756
4,539,629.637,967.85,165.756
4,540,629.637,967.85,165.756
4,541,629.637,967.85,165.756
4,542,629.637,967.85,165.756
4,543,629.637,967.85,165.756
4,544,629.637,967.85,165.756
4,545,629.637,961.814,165.756
4,546,629.637,961.814,165.756
4,547,629.637,961.814,165.756
4,548,629.637,1258.85,165.756
4,549,629.637,1258.85,165.756
4,550,629.637,1284.15,165.756
4,551,629.637,1284,165.756
4,552,629.637,1281.05,165.756
4,553,629.637,1278.48,165.756
4,554,629.637,1278.48,165.756
4,555,629.637,975.549,165.756
4,556,629.637,975.549,165.756
4,557,629.637,975.549,165.756
4,558,629.637,975.549,165.756
4,559,629.637,971.537,165.756
4,560,629.637,964.201,165.756
4,561,629.637,964.201,164.098
4,562,629.637,673.72,164.098
4,563,629.637,673.72,164.098
4,564,629.637,673.72,164.098
4,565,629.637,673.72,164.098
4,566,629.637,673.72,164.098
4,567,629.637,673.72,164.098
4,568,629.637,673.72,164.098
4,569,629.637,673.72,164.098
4,570,629.637,673.72,164.098
4,571,629.637,673.72,164.098
4,572,629.637,673.72,164.098
4,573,629.637,673.72,164.098
4,574,629.637,673.72,164.098
4,575,629.637,673.72,164.098
4,576,629.637,673.72,164.098
4,577,629.637,673.72,164.098
4,578,629.637,673.72,164.098
4,579,629.637,673.72,164.098
4,580,629.637,673.72,164.098
4,581,629.637,692.285,164.098
4,582,629.637,756.171,164.098
4,583,629.637,756.171,164.098
4,584,629.637,756.171,164.098
4,585,629.637,714.907,164.098
4,586,629.637,714.907,164.098
4,587,629.637,714.907,164.098
4,588,629.637,1326.26,164.098
4,589,629.637,1326.26,164.098
4,590,629.637,1326.26,164.098
4,591,629.637,1326.26,164.098
4,592,629.637,1326.26,164.098
4,593,629.637,1293.92,164.098
4,594,629.637,1270.92,164.098
4,595,629.637,1270.92,164.098
4,596,629.637,1270.92,164.098
4,597,629.637,1270.92,164.098
4,598,629.637,1270.92,164.098
4,599,629.637,1270.92,164.098
4,600,629.637,1270.92,164.098
4,601,629.637,1273.83,162.457
4,602,629.637,1273.83,162.457
4,603,629.637,1273.83,162.457
4,604,629.637,1273.83,162.457
4,605,629.637,1273.83,162.457
4,606,629.637,1288.5,162.457
4,607,629.637,1288.5,162.457
4,608,629.637,1288.5,162.457
4,609,629.637,1288.5,162.457
4,610,629.637,1288.5,162.457
4,611,629.637,1286.62,162.457
4,612,629.637,1286.62,162.457
4,613,629.637,1257.34,162.457
4,614,629.637,1257.34,162.457
4,615,629.637,1257.34,162.457
4,616,629.637,1257.34,162.457
4,617,629.637,1257.34,162.457
4,618,629.637,1257.34,162.457
4,619,629.637,1257.34,162.457
4,620,629.637,1257.34,162.457
4,621,629.637,1257.34,162.457
4,622,629.637,1257.34,162.457
4,623,629.637,1257.34,162.457
4,624,629.637,1257.34,162.457
4,625,629.637,1257.34,162.457
4,626,629.637,1257.34,162.457
4,627,629.637,1257.34,162.457
4,628,629.637,1257.34,162.457
4,629,629.637,1257.34,162.457
4,630,629.637,1257.34,162.457
4,631,629.637,1257.34,162.457
4,632,629.637,1257.34,162.457
4,633,629.637,1257.34,162.457
4,634,629.637,1257.34,162.457
4,635,629.637,1257.34,162.457
4,636,629.637,1257.34,162.457
4,637,629.637,1257.34,162.457
4,638,629.637,1257.34,162.457
4,639,629.637,1257.34,162.457
4,640,629.637,1257.34,162.457
4,641,629.637,1257.34,160.833
4,642,629.637,1257.34,160.833
4,643,629.637,1257.34,160.833
4,644,629.637,1257.43,160.833
4,645,629.637,1257.43,160.833
4,646,629.637,1257.43,160.833
4,647,629.637,1257.43,160.833
4,648,629.637,1257.43,160.833
4,649,629.637,1257.43,160.833
4,650,629.637,1257.43,160.833
4,651,629.637,1314.16,160.833
4,652,629.637,1314.16,160.833
4,653,629.637,1314.16,160.833
4,654,629.637,1314.16,160.833
4,655,629.637,1314.16,160.833
4,656,629.637,1282.69,160.833
4,657,629.637,1282.69,160.833
4,658,629.637,1282.69,160.833
4,659,629.637,1282.69,160.833
4,660,629.637,1282.69,160.833
4,661,629.637,1282.69,160.833
4,662,629.637,1282.69,160.833
4,663,629.637,1282.69,160.833
4,664,629.637,1282.5,160.833
4,665,629.637,1232.04,160.833
4,666,629.637,1232.04,160.833
4,667,629.637,1232.04,160.833
4,668,629.637,1232.04,160.833
4,669,629.637,1232.04,160.833
4,670,629.637,1232.04,160.833
4,671,629.637,1231.36,160.833
4,672,629.637,976.555,160.833
4,673,629.637,976.555,160.833
4,674,629.637,958.249,160.833
4,675,629.637,958.249,160.833
4,676,629.637,958.249,160.833
4,677,629.637,958.249,160.833
4,678,629.637,958.249,160.833
4,679,629.637,958.249,160.833
4,680,629.637,958.249,160.833
4,681,629.637,952.486,159.225
4,682,629.637,960.164,159.225
4,683,629.637,960.164,159.225
4,684,629.637,964.556,159.225
4,685,629.637,964.556,159.225
4,686,629.637,964.556,159.225
4,687,629.637,1030.63,159.225
4,688,629.637,995.926,159.225
4,689,629.637,1253.15,159.225
4,690,629.637,1253.15,159.225
4,691,629.637,1253.15,159.225
4,692,629.637,1253.15,159.225
4,693,629.637,1253.15,159.225
4,694,629.637,1253.15,159.225
4,695,629.637,1253.15,159.225
4,696,629.637,1232.35,159.225
4,697,629.637,1281.06,159.225
4,698,629.637,1281.06,159.225
4,699,629.637,975.131,159.225
4,700,629.637,961.767,159.225
4,701,629.637,961.767,159.225
4,702,629.637,961.767,159.225
4,703,629.637,937.548,159.225
4,704,629.637,937.548,159.225
4,705,629.637,937.548,159.225
4,706,629.637,937.548,159.225
4,707,629.637,913.318,159.225
4,708,629.637,913.318,159.225
4,709,629.637,913.318,159.225
4,710,629.637,910.385,159.225
4,711,629.637,910.385,159.225
4,712,629.637,910.385,159.225
4,713,629.637,910.385,159.225
4,714,629.637,910.385,159.225
4,715,629.637,910.385,159.225
4,716,629.637,910.385,159.225
4,717,629.637,910.385,159.225
4,718,629.637,910.385,159.225
4,719,629.637,910.385,159.225
4,720,629.637,910.385,159.225
4,721,629.637,910.385,157.632
4,722,629.637,910.385,157.632
4,723,629.637,909.835,157.632
4,724,629.637,909.835,157.632
4,725,629.637,909.835,157.632
4,726,629.637,929.096,157.632
4,727,629.637,929.096,157.632
4,728,629.637,929.096,157.632
4,729,629.637,929.096,157.632
4,730,629.637,929.096,157.632
4,731,629.637,929.096,157.632
4,732,629.637,929.096,157.632
4,733,629.637,929.096,157.632
4,734,629.637,935.306,157.632
4,735,629.637,929.096,157.632
4,736,629.637,929.096,157.632
4,737,629.637,929.096,157.632
4,738,629.637,663.169,157.632
4,739,629.637,663.169,157.632
4,740,629.637,726.432,157.632
4,741,629.637,726.432,157.632
4,742,629.637,694.625,157.632
4,743,629.637,999.578,157.632
4,744,629.637,999.578,157.632
4,745,629.637,999.578,157.632
4,746,629.637,999.578,157.632
4,747,629.637,709.511,157.632
4,748,629.637,709.511,157.632
4,749,629.637,703.94,157.632
4,750,629.637,703.94,157.632
4,751,629.637,703.94,157.632
4,752,629.637,703.94,157.632
4,753,629.637,703.94,157.632
4,754,629.637,703.94,157.632
4,755,629.637,703.94,157.632
4,756,629.637,703.94,157.632
4,757,629.637,703.94,157.632
4,758,629.637,703.94,157.632
4,759,629.637,697.031,157.632
4,760,629.637,697.031,157.632
4,761,629.637,697.031,156.056
4,762,629.637,697.031,156.056
4,763,629.637,697.031,156.056
4,764,629.637,697.031,156.056
4,765,629.637,697.031,156.056
4,766,629.637,697.031,156.056
4,767,629.637,697.031,156.056
4,768,629.637,684.8,156.056
4,769,629.637,684.8,156.056
4,770,629.637,669.433,156.056
4,771,629.637,669.433,156.056
4,772,629.637,658.44,156.056
4,773,629.637,658.44,156.056
4,774,629.637,729.841,156.056
4,775,629.637,729.841,156.056
4,776,629.637,721.006,156.056
4,777,629.637,721.006,156.056
4,778,629.637,957.31,156.056
4,779,629.637,957.31,156.056
4,780,629.637,984.709,156.056
4,781,629.637,984.709,156.056
4,782,629.637,984.709,156.056
4,783,629.637,959.433,156.056
4,784,629.637,959.433,156.056
4,785,629.637,955.558,156.056
4,786,629.637,955.558,156.056
4,787,629.637,688.987,156.056
4,788,629.637,684.605,156.056
4,789,629.637,684.605,156.056
4,790,629.637,684.605,156.056
4,791,629.637,684.605,156.056
4,792,629.637,687.067,156.056
4,793,629.637,687.067,156.056
4,794,629.637,687.067,156.056
4,795,629.637,687.067,156.056
4,796,629.637,687.067,156.056
4,797,629.637,687.067,156.056
4,798,629.637,687.067,156.056
4,799,629.637,670.77,156.056
4,800,629.637,670.77,156.056
4,801,629.637,670.77,154.495
4,802,629.637,670.77,154.495
4,803,629.637,670.77,154.495
4,804,629.637,670.77,154.495
4,805,629.637,670.77,154.495
4,806,629.637,670.77,154.495
4,807,629.637,670.77,154.495
4,808,629.637,670.77,154.495
4,809,629.637,670.77,154.495
4,810,629.637,670.77,154.495
4,811,629.637,727.44,154.495
4,812,629.637,727.44,154.495
4,813,629.637,726.773,154.495
4,814,629.637,726.773,154.495
4,815,629.637,726.773,154.495
4,816,629.637,726.773,154.495
4,817,629.637,684.367,154.495
4,818,629.637,684.367,154.495
4,819,629.637,684.367,154.495
4,820,629.637,684.367,154.495
4,821,629.637,684.367,154.495
4,822,629.637,757.277,154.495
4,823,629.637,757.277,154.495
4,824,629.637,993.507,154.495
4,825,629.637,954.673,154.495
4,826,629.637,1043.11,154.495
4,827,629.637,1035.78,154.495
4,828,629.637,947.768,154.495
4,829,629.637,947.768,154.495
4,830,629.637,947.768,154.495
4,831,629.637,947.768,154.495
4,832,629.637,947.768,154.495
4,833,629.637,947.768,154.495
4,834,629.637,947.768,154.495
4,835,629.637,1045.99,154.495
4,836,629.637,1043.3,154.495
4,837,629.637,1043.3,154.495
4,838,629.637,789.999,154.495
4,839,629.637,806.943,154.495
4,840,629.637,806.943,154.495
4,841,629.637,806.943,152.951
4,842,629.637,1039.21,152.951
4,843,629.637,1039.21,152.951
4,844,629.637,1039.21,152.951
4,845,629.637,1039.21,152.951
4,846,629.637,1039.21,152.951
4,847,629.637,1024.86,152.951
4,848,629.637,965.15,152.951
4,849,629.637,701.448,152.951
4,850,629.637,701.448,152.951
4,851,629.637,701.448,152.951
4,852,629.637,701.448,152.951
4,853,629.637,701.448,152.951
4,854,629.637,696.957,152.951
4,855,629.637,696.957,152.951
4,856,629.637,696.957,152.951
4,857,629.637,696.957,152.951
4,858,629.637,696.957,152.951
4,859,629.637,696.957,152.951
4,860,629.637,696.957,152.951
4,861,629.637,714.201,152.951
4,862,629.637,714.201,152.951
4,863,629.637,714.201,152.951
4,864,629.637,714.201,152.951
4,865,629.637,714.201,152.951
4,866,629.637,714.201,152.951
4,867,629.637,714.201,152.951
4,868,629.637,714.201,152.951
4,869,629.637,714.201,152.951
4,870,629.637,714.201,152.951
4,871,629.637,714.201,152.951
4,872,629.637,714.201,152.951
4,873,629.637,714.201,152.951
4,874,629.637,714.201,152.951
4,875,629.637,714.201,152.951
4,876,629.637,714.201,152.951
4,877,629.637,706.965,152.951
4,878,629.637,706.965,152.951
4,879,629.637,706.965,152.951
4,880,629.637,683.206,152.951
4,881,629.637,683.206,151.421
4,882,629.637,683.206,151.421
4,883,629.637,683.206,151.421
4,884,629.637,683.206,151.421
4,885,629.637,683.206,151.421
4,886,629.637,683.206,151.421
4,887,629.637,683.206,151.421
4,888,629.637,683.206,151.421
4,889,629.637,683.206,151.421
4,890,629.637,683.206,151.421
4,891,629.637,683.206,151.421
4,892,629.637,683.206,151.421
4,893,629.637,758.71,151.421
4,894,629.637,758.71,151.421
4,895,629.637,741.765,151.421
4,896,629.637,741.765,151.421
4,897,629.637,741.765,151.421
4,898,629.637,715.08,151.421
4,899,629.637,715.08,151.421
4,900,629.637,705.755,151.421
4,901,629.637,705.755,151.421
4,902,629.637,705.755,151.421
4,903,629.637,708.999,151.421
4,904,629.637,708.999,151.421
4,905,629.637,708.999,151.421
4,906,629.637,708.999,151.421
4,907,629.637,708.999,151.421
4,908,629.637,708.999,151.421
4,909,629.637,708.999,151.421
4,910,629.637,705.755,151.421
4,911,629.637,705.755,151.421
4,912,629.637,705.755,151.421
4,913,629.637,705.755,151.421
4,914,629.637,705.755,151.421
4,915,629.637,705.755,151.421
4,916,629.637,1022.6,151.421
4,917,629.637,1010.97,151.421
4,918,629.637,1010.97,151.421
4,919,629.637,1010.97,151.421
4,920,629.637,1010.97,151.421
4,921,629.637,998.485,149.907
4,922,629.637,998.485,149.907
4,923,629.637,998.485,149.907
4,924,629.637,998.485,149.907
4,925,629.637,998.485,149.907
4,926,629.637,998.485,149.907
4,927,629.637,998.485,149.907
4,928,629.637,968.424,149.907
4,929,629.637,680.409,149.907
4,930,629.637,680.409,149.907
4,931,629.637,680.409,149.907
4,932,629.637,680.409,149.907
4,933,629.637,680.409,149.907
4,934,629.637,680.409,149.907
4,935,629.637,680.409,149.907
4,936,629.637,680.409,149.907
4,937,629.637,680.409,149.907
4,938,629.637,680.409,149.907
4,939,629.637,680.409,149.907
4,940,629.637,680.409,149.907
4,941,629.637,680.409,149.907
4,942,629.637,680.409,149.907
4,943,629.637,687.096,149.907
4,944,629.637,695.424,149.907
4,945,629.637,697.64,149.907
4,946,629.637,719.242,149.907
4,947,629.637,719.242,149.907
4,948,629.637,719.242,149.907
4,949,629.637,719.242,149.907
4,950,629.637,719.242,149.907
4,951,629.637,719.242,149.907
4,952,629.637,702.408,149.907
4,953,629.637,702.408,149.907
4,954,629.637,702.408,149.907
4,955,629.637,702.408,149.907
4,956,629.637,702.408,149.907
4,957,629.637,702.408,149.907
4,958,629.637,702.408,149.907
4,959,629.637,702.408,149.907
4,960,629.637,702.408,149.907
4,961,629.637,702.408,148.408
4,962,629.637,702.408,148.408
4,963,629.637,702.408,148.408
4,964,629.637,702.408,148.408
4,965,629.637,690.784,148.408
4,966,629.637,690.784,148.408
4,967,629.637,732.987,148.408
4,968,629.637,732.987,148.408
4,969,629.637,732.987,148.408
4,970,629.637,730.107,148.408
4,971,629.637,730.107,148.408
4,972,629.637,730.107,148.408
4,973,629.637,710.449,148.408
4,974,629.637,715.092,148.408
4,975,629.637,710.449,148.408
4,976,629.637,710.449,148.408
4,977,629.637,710.449,148.408
4,978,629.637,710.449,148.408
4,979,629.637,710.449,148.408
4,980,629.637,710.449,148.408
4,981,629.637,710.449,148.408
4,982,629.637,710.449,148.408
4,983,629.637,710.449,148.408
4,984,629.637,714.516,148.408
4,985,629.637,713.79,148.408
4,986,629.637,713.79,148.408
4,987,629.637,713.79,148.408
4,988,629.637,713.79,148.408
4,989,629.637,687.444,148.408
4,990,629.637,687.444,148.408
4,991,629.637,687.444,148.408
4,992,629.637,687.968,148.408
4,993,629.637,687.968,148.408
4,994,629.637,687.968,148.408
4,995,629.637,687.968,148.408
4,996,629.637,687.968,148.408
4,997,629.637,687.968,148.408
4,998,629.637,687.968,148.408
4,999,629.637,687.968,148.408
4,1000,629.637,687.968,148.408
4,1001,629.637,687.968,146.924
4,1002,629.637,687.968,146.924
4,1003,629.637,687.968,146.924
4,1004,629.637,687.968,146.924
4,1005,629.637,687.968,146.924
4,1006,629.637,687.968,146.924
4,1007,629.637,687.968,146.924
4,1008,629.637,1027.75,146.924
4,1009,629.637,1027.75,146.924
4,1010,629.637,1027.75,146.924
4,1011,629.637,1027.75,146.924
4,1012,629.637,1027.75,146.924
4,1013,629.637,1027.75,146.924
4,1014,629.637,1027.75,146.924
4,1015,629.637,1027.75,146.924
4,1016,629.637,1027.75,146.924
4,1017,629.637,1027.75,146.924
4,1018,629.637,1029.21,146.924
4,1019,629.637,1029.21,146.924
4,1020,629.637,1029.21,146.924
4,1021,629.637,1029.21,146.924
4,1022,629.637,1029.21,146.924
4,1023,629.637,991.999,146.924
4,1024,629.637,991.999,146.924
4,1025,629.637,991.999,146.924
4,1026,629.637,991.999,146.924
4,1027,629.637,991.999,146.924
4,1028,629.637,991.999,146.924
4,1029,629.637,991.999,146.924
4,1030,629.637,991.999,146.924
4,1031,629.637,983.237,146.924
4,1032,629.637,983.237,146.924
4,1033,629.637,983.237,146.924
4,1034,629.637,983.237,146.924
4,1035,629.637,983.237,146.924
4,1036,629.637,983.237,146.924
4,1037,629.637,983.237,146.924
4,1038,629.637,983.237,146.924
4,1039,629.637,983.237,146.924
4,1040,629.637,983.237,146.924
4,1041,629.637,983.237,145.454
4,1042,629.637,983.237,145.454
4,1043,629.637,983.237,145.454
4,1044,629.637,983.237,145.454
4,1045,629.637,983.237,145.454
4,1046,629.637,983.237,145.454
4,1047,629.637,983.237,145.454
4,1048,629.637,983.237,145.454
4,1049,629.637,983.237,145.454
4,1050,629.637,983.237,145.454
4,1051,629.637,983.237,145.454
4,1052,629.637,983.237,145.454
4,1053,629.637,983.237,145.454
4,1054,629.637,991.999,145.454
4,1055,629.637,991.999,145.454
4,1056,629.637,991.999,145.454
4,1057,629.637,991.999,145.454
4,1058,629.637,991.999,145.454
4,1059,629.637,991.999,145.454
4,1060,629.637,991.999,145.454
4,1061,629.637,991.999,145.454
4,1062,629.637,991.999,145.454
4,1063,629.637,991.999,145.454
4,1064,629.637,991.999,145.454
4,1065,629.637,991.999,145.454
4,1066,629.637,991.999,145.454
4,1067,629.637,991.999,145.454
4,1068,629.637,991.999,145.454
4,1069,629.637,991.999,145.454
4,1070,629.637,991.999,145.454
4,1071,629.637,991.999,145.454
4,1072,629.637,991.999,145.454
4,1073,629.637,991.999,145.454
4,1074,629.637,991.999,145.454
4,1075,629.637,991.999,145.454
4,1076,629.637,991.999,145.454
4,1077,629.637,991.999,145.454
4,1078,629.637,991.999,145.454
4,1079,629.637,991.999,145.454
4,1080,629.637,991.999,145.454
4,1081,629.637,991.999,144
4,1082,629.637,991.999,144
4,1083,629.637,991.999,144
4,1084,629.637,991.999,144
4,1085,629.637,991.999,144
4,1086,629.637,991.999,144
4,1087,629.637,991.999,144
4,1088,629.637,991.999,144
4,1089,629.637,991.999,144
4,1090,629.637,991.999,144
4,1091,629.637,991.999,144
4,1092,629.637,991.999,144
4,1093,629.637,991.999,144
4,1094,629.637,991.999,144
4,1095,629.637,991.999,144
4,1096,629.637,983.237,144
4,1097,629.637,983.237,144
4,1098,629.637,983.237,144
4,1099,629.637,991.999,144
4,1100,629.637,991.999,144
4,1101,629.637,991.999,144
4,1102,629.637,991.999,144
4,1103,629.637,991.999,144
4,1104,629.637,991.999,144
4,1105,629.637,991.999,144
4,1106,629.637,991.999,144
4,1107,629.637,991.999,144
4,1108,629.637,991.999,144
4,1109,629.637,991.999,144
4,1110,629.637,991.999,144
4,1111,629.637,991.999,144
4,1112,629.637,991.999,144
4,1113,629.637,991.999,144
4,1114,629.637,991.999,144
4,1115,629.637,991.999,144
4,1116,629.637,991.999,144
4,1117,629.637,991.999,144
4,1118,629.637,991.999,144
4,1119,629.637,983.237,144
4,1120,629.637,983.237,144
4,1121,629.637,983.237,142.56
4,1122,629.637,983.237,142.56
4,1123,629.637,983.237,142.56
4,1124,629.637,983.237,142.56
4,1125,629.637,983.237,142.56
4,1126,629.637,991.999,142.56
4,1127,629.637,991.999,142.56
4,1128,629.637,991.999,142.56
4,1129,629.637,991.999,142.56
4,1130,629.637,991.999,142.56
4,1131,629.637,991.999,142.56
4,1132,629.637,991.999,142.56
4,1133,629.637,991.999,142.56
4,1134,629.637,991.999,142.56
4,1135,629.637,991.999,142.56
4,1136,629.637,991.999,142.56
4,1137,629.637,991.999,142.56
4,1138,629.637,991.999,142.56
4,1139,629.637,991.999,142.56
4,1140,629.637,991.999,142.56
4,1141,629.637,991.999,142.56
4,1142,629.637,991.999,142.56
4,1143,629.637,983.237,142.56
4,1144,629.637,983.237,142.56
4,1145,629.637,983.237,142.56
4,1146,629.637,983.237,142.56
4,1147,629.637,983.237,142.56
4,1148,629.637,983.237,142.56
4,1149,629.637,983.237,142.56
4,1150,629.637,983.237,142.56
4,1151,629.637,983.237,142.56
4,1152,629.637,983.237,142.56
4,1153,629.637,983.237,142.56
4,1154,629.637,983.237,142.56
4,1155,629.637,983.237,142.56
4,1156,629.637,983.237,142.56
4,1157,629.637,983.237,142.56
4,1158,629.637,983.237,142.56
4,1159,629.637,983.237,142.56
4,1160,629.637,975.983,142.56
4,1161,629.637,975.459,141.134
4,1162,629.637,975.459,141.134
4,1163,629.637,975.459,141.134
4,1164,629.637,975.459,141.134
4,1165,629.637,975.459,141.134
4,1166,629.637,975.459,141.134
4,1167,629.637,975.459,141.134
4,1168,629.637,975.459,141.134
4,1169,629.637,975.459,141.134
4,1170,629.637,975.459,141.134
4,1171,629.637,975.459,141.134
4,1172,629.637,975.459,141.134
4,1173,629.637,975.459,141.134
4,1174,629.637,975.459,141.134
4,1175,629.637,975.459,141.134
4,1176,629.637,975.459,141.134
4,1177,629.637,975.459,141.134
4,1178,629.637,975.459,141.134
4,1179,629.637,975.459,141.134
4,1180,629.637,975.459,141.134
4,1181,629.637,975.459,141.134
4,1182,629.637,975.983,141.134
4,1183,629.637,975.983,141.134
4,1184,629.637,975.983,141.134
4,1185,629.637,975.983,141.134
4,1186,629.637,975.459,141.134
4,1187,629.637,975.459,141.134
4,1188,629.637,975.459,141.134
4,1189,629.637,975.459,141.134
4,1190,629.637,975.459,141.134
4,1191,629.637,975.459,141.134
4,1192,629.637,975.459,141.134
4,1193,629.637,975.459,141.134
4,1194,629.637,975.983,141.134
4,1195,629.637,975.983,141.134
4,1196,629.637,975.983,141.134
4,1197,629.637,975.983,141.134
4,1198,629.637,975.983,141.134
4,1199,629.637,975.983,141.134
4,1200,629.637,975.983,141.134
4,1201,629.637,975.983,139.723
4,1202,629.637,975.983,139.723
4,1203,629.637,975.983,139.723
4,1204,629.637,975.983,139.723
4,1205,629.637,975.983,139.723
4,1206,629.637,975.983,139.723
4,1207,629.637,975.983,139.723
4,1208,629.637,975.983,139.723
4,1209,629.637,975.983,139.723
4,1210,629.637,975.983,139.723
4,1211,629.637,975.983,139.723
4,1212,629.637,975.983,139.723
4,1213,629.637,975.983,139.723
4,1214,629.637,975.983,139.723
4,1215,629.637,975.983,139.723
4,1216,629.637,975.983,139.723
4,1217,629.637,975.983,139.723
4,1218,629.637,975.983,139.723
4,1219,629.637,975.983,139.723
4,1220,629.637,975.983,139.723
4,1221,629.637,975.983,139.723
4,1222,629.637,975.983,139.723
4,1223,629.637,975.983,139.723
4,1224,629.637,975.983,139.723
4,1225,629.637,975.983,139.723
4,1226,629.637,975.983,139.723
4,1227,629.637,975.983,139.723
4,1228,629.637,975.983,139.723
4,1229,629.637,975.983,139.723
4,1230,629.637,975.983,139.723
4,1231,629.637,975.983,139.723
4,1232,629.637,975.983,139.723
4,1233,629.637,975.983,139.723
4,1234,629.637,975.983,139.723
4,1235,629.637,975.983,139.723
4,1236,629.637,975.983,139.723
4,1237,629.637,975.983,139.723
4,1238,629.637,975.983,139.723
4,1239,629.637,975.983,139.723
4,1240,629.637,975.983,139.723
4,1241,629.637,975.983,138.326
4,1242,629.637,975.983,138.326
4,1243,629.637,975.983,138.326
4,1244,629.637,975.983,138.326
4,1245,629.637,975.983,138.326
4,1246,629.637,975.983,138.326
4,1247,629.637,975.983,138.326
4,1248,629.637,975.983,138.326
4,1249,629.637,975.983,138.326
4,1250,629.637,975.983,138.326
4,1251,629.637,975.983,138.326
4,1252,629.637,975.983,138.326
4,1253,629.637,981.435,138.326
4,1254,629.637,981.435,138.326
4,1255,629.637,981.435,138.326
4,1256,629.637,981.435,138.326
4,1257,629.637,981.435,138.326
4,1258,629.637,981.435,138.326
4,1259,629.637,981.435,138.326
4,1260,629.637,981.435,138.326
4,1261,629.637,981.435,138.326
4,1262,629.637,981.435,138.326
4,1263,629.637,981.435,138.326
4,1264,629.637,981.435,138.326
4,1265,629.637,981.435,138.326
4,1266,629.637,981.435,138.326
4,1267,629.637,981.435,138.326
4,1268,629.637,981.435,138.326
4,1269,629.637,981.435,138.326
4,1270,629.637,981.435,138.326
4,1271,629.637,981.435,138.326
4,1272,629.637,981.435,138.326
4,1273,629.637,972.149,138.326
4,1274,629.637,972.149,138.326
4,1275,629.637,981.435,138.326
4,1276,629.637,981.435,138.326
4,1277,629.637,981.435,138.326
4,1278,629.637,1295.8,138.326
4,1279,629.637,1302.63,138.326
4,1280,629.637,1302.63,138.326
4,1281,629.637,983.237,136.942
4,1282,629.637,983.237,136.942
4,1283,629.637,983.237,136.942
4,1284,629.637,983.237,136.942
4,1285,629.637,983.237,136.942
4,1286,629.637,983.237,136.942
4,1287,629.637,983.237,136.942
4,1288,629.637,983.237,136.942
4,1289,629.637,983.237,136.942
4,1290,629.637,983.237,136.942
4,1291,629.637,983.237,136.942
4,1292,629.637,983.237,136.942
4,1293,629.637,983.237,136.942
4,1294,629.637,983.237,136.942
4,1295,629.637,983.237,136.942
4,1296,629.637,983.237,136.942
4,1297,629.637,983.237,136.942
4,1298,629.637,983.237,136.942
4,1299,629.637,975.983,136.942
4,1300,629.637,975.983,136.942
4,1301,629.637,975.983,136.942
4,1302,629.637,975.983,136.942
4,1303,629.637,975.983,136.942
4,1304,629.637,975.983,136.942
4,1305,629.637,975.459,136.942
4,1306,629.637,975.459,136.942
4,1307,629.637,975.459,136.942
4,1308,629.637,975.459,136.942
4,1309,629.637,975.459,136.942
4,1310,629.637,975.459,136.942
4,1311,629.637,975.459,136.942
4,1312,629.637,975.983,136.942
4,1313,629.637,975.983,136.942
4,1314,629.637,975.983,136.942
4,1315,629.637,975.983,136.942
4,1316,629.637,975.983,136.942
4,1317,629.637,975.983,136.942
4,1318,629.637,975.983,136.942
4,1319,629.637,975.983,136.942
4,1320,629.637,975.983,136.942
4,1321,629.637,975.983,135.573
4,1322,629.637,975.983,135.573
4,1323,629.637,975.983,135.573
4,1324,629.637,975.983,135.573
4,1325,629.637,975.983,135.573
4,1326,629.637,975.983,135.573
4,1327,629.637,975.983,135.573
4,1328,629.637,975.983,135.573
4,1329,629.637,975.983,135.573
4,1330,629.637,975.983,135.573
4,1331,629.637,975.983,135.573
4,1332,629.637,975.983,135.573
4,1333,629.637,975.983,135.573
4,1334,629.637,1306.23,135.573
4,1335,629.637,1317.24,135.573
4,1336,629.637,1279.26,135.573
4,1337,629.637,1279.26,135.573
4,1338,629.637,1283.6,135.573
4,1339,629.637,1283.6,135.573
4,1340,629.637,1283.6,135.573
4,1341,629.637,1280.95,135.573
4,1342,629.637,1280.95,135.573
4,1343,629.637,1280.95,135.573
4,1344,629.637,1280.95,135.573
4,1345,629.637,1280.95,135.573
4,1346,629.637,1280.95,135.573
4,1347,629.637,1280.95,135.573
4,1348,629.637,1280.95,135.573
4,1349,629.637,1280.95,135.573
4,1350,629.637,1280.95,135.573
4,1351,629.637,1280.95,135.573
4,1352,629.637,983.237,135.573
4,1353,629.637,983.237,135.573
4,1354,629.637,983.237,135.573
4,1355,629.637,983.237,135.573
4,1356,629.637,983.237,135.573
4,1357,629.637,983.237,135.573
4,1358,629.637,975.983,135.573
4,1359,629.637,975.983,135.573
4,1360,629.637,975.983,135.573
4,1361,629.637,975.459,134.217
4,1362,629.637,975.459,134.217
4,1363,629.637,975.459,134.217
4,1364,629.637,975.459,134.217
4,1365,629.637,975.459,134.217
4,1366,629.637,975.459,134.217
4,1367,629.637,975.459,134.217
4,1368,629.637,975.459,134.217
4,1369,629.637,975.459,134.217
4,1370,629.637,975.459,134.217
4,1371,629.637,975.459,134.217
4,1372,629.637,975.459,134.217
4,1373,629.637,975.459,134.217
4,1374,629.637,975.459,134.217
4,1375,629.637,975.459,134.217
4,1376,629.637,975.459,134.217
4,1377,629.637,975.459,134.217
4,1378,629.637,975.459,134.217
4,1379,629.637,975.459,134.217
4,1380,629.637,975.459,134.217
4,1381,629.637,975.459,134.217
4,1382,629.637,975.459,134.217
4,1383,629.637,975.459,134.217
4,1384,629.637,975.459,134.217
4,1385,629.637,975.459,134.217
4,1386,629.637,975.459,134.217
4,1387,629.637,975.459,134.217
4,1388,629.637,975.459,134.217
4,1389,629.637,1280.06,134.217
4,1390,629.637,1269.86,134.217
4,1391,629.637,1269.86,134.217
4,1392,629.637,1269.86,134.217
4,1393,629.637,1287.94,134.217
4,1394,629.637,1287.94,134.217
4,1395,629.637,1287.94,134.217
4,1396,629.637,1287.94,134.217
4,1397,629.637,1287.94,134.217
4,1398,629.637,1287.94,134.217
4,1399,629.637,1287.94,134.217
4,1400,629.637,1287.94,134.217
4,1401,629.637,1287.94,132.875
4,1402,629.637,1287.94,132.875
4,1403,629.637,1287.94,132.875
4,1404,629.637,1287.94,132.875
4,1405,629.637,1287.94,132.875
4,1406,629.637,1287.94,132.875
4,1407,629.637,1287.94,132.875
4,1408,629.637,1287.94,132.875
4,1409,629.637,1287.94,132.875
4,1410,629.637,1287.94,132.875
4,1411,629.637,1287.94,132.875
4,1412,629.637,1287.94,132.875
4,1413,629.637,1611.53,132.875
4,1414,629.637,1589.9,132.875
4,1415,629.637,1589.9,132.875
4,1416,629.637,1589.9,132.875
4,1417,629.637,1589.9,132.875
4,1418,629.637,1589.9,132.875
4,1419,629.637,1289.82,132.875
4,1420,629.637,1289.82,132.875
4,1421,629.637,1289.82,132.875
4,1422,629.637,1289.82,132.875
4,1423,629.637,1289.82,132.875
4,1424,629.637,1289.82,132.875
4,1425,629.637,1289.82,132.875
4,1426,629.637,1289.82,132.875
4,1427,629.637,1289.82,132.875
4,1428,629.637,975.459,132.875
4,1429,629.637,975.459,132.875
4,1430,629.637,975.459,132.875
4,1431,629.637,975.459,132.875
4,1432,629.637,975.459,132.875
4,1433,629.637,975.983,132.875
4,1434,629.637,975.459,132.875
4,1435,629.637,975.459,132.875
4,1436,629.637,975.459,132.875
4,1437,629.637,975.459,132.875
4,1438,629.637,975.459,132.875
4,1439,629.637,975.459,132.875
4,1440,629.637,975.459,132.875
4,1441,629.637,975.459,131.546
4,1442,629.637,975.459,131.546
4,1443,629.637,975.459,131.546
4,1444,629.637,975.459,131.546
4,1445,629.637,975.459,131.546
4,1446,629.637,975.983,131.546
4,1447,629.637,975.983,131.546
4,1448,629.637,975.459,131.546
4,1449,629.637,975.983,131.546
4,1450,629.637,975.983,131.546
4,1451,629.637,975.983,131.546
4,1452,629.637,975.983,131.546
4,1453,629.637,975.983,131.546
4,1454,629.637,975.983,131.546
4,1455,629.637,975.983,131.546
4,1456,629.637,975.983,131.546
4,1457,629.637,975.983,131.546
4,1458,629.637,975.983,131.546
4,1459,629.637,975.983,131.546
4,1460,629.637,975.983,131.546
4,1461,629.637,975.983,131.546
4,1462,629.637,975.983,131.546
4,1463,629.637,975.983,131.546
4,1464,629.637,975.459,131.546
4,1465,629.637,975.983,131.546
4,1466,629.637,975.983,131.546
4,1467,629.637,975.983,131.546
4,1468,629.637,975.983,131.546
4,1469,629.637,975.983,131.546
4,1470,629.637,975.983,131.546
4,1471,629.637,975.983,131.546
4,1472,629.637,975.983,131.546
4,1473,629.637,975.459,131.546
4,1474,629.637,975.459,131.546
4,1475,629.637,975.459,131.546
4,1476,629.637,975.459,131.546
4,1477,629.637,975.459,131.546
4,1478,629.637,975.459,131.546
4,1479,629.637,975.459,131.546
4,1480,629.637,975.459,131.546
4,1481,629.637,975.459,130.231
4,1482,629.637,975.459,130.231
4,1483,629.637,975.459,130.231
4,1484,629.637,975.459,130.231
4,1485,629.637,975.459,130.231
4,1486,629.637,975.459,130.231
4,1487,629.637,975.459,130.231
4,1488,629.637,975.983,130.231
4,1489,629.637,975.983,130.231
4,1490,629.637,975.983,130.231
4,1491,629.637,975.983,130.231
4,1492,629.637,975.983,130.231
4,1493,629.637,975.983,130.231
4,1494,629.637,975.983,130.231
4,1495,629.637,975.983,130.231
4,1496,629.637,975.983,130.231
4,1497,629.637,975.983,130.231
4,1498,629.637,975.983,130.231
4,1499,629.637,983.237,130.231
4,1500,629.637,983.237,130.231
4,1501,629.637,983.237,130.231
4,1502,629.637,983.237,130.231
4,1503,629.637,983.237,130.231
4,1504,629.637,983.237,130.231
4,1505,629.637,983.237,130.231
4,1506,629.637,983.237,130.231
4,1507,629.637,983.237,130.231
4,1508,629.637,983.237,130.231
4,1509,629.637,991.999,130.231
4,1510,629.637,991.999,130.231
4,1511,629.637,1004.21,130.231
4,1512,629.637,1004.21,130.231
4,1513,629.637,991.999,130.231
4,1514,629.637,991.999,130.231
4,1515,629.637,991.999,130.231
4,1516,629.637,991.999,130.231
4,1517,629.637,991.999,130.231
4,1518,629.637,991.999,130.231
4,1519,629.637,991.999,130.231
4,1520,629.637,991.999,130.231
4,1521,629.637,991.999,128.929
4,1522,629.637,991.999,128.929
4,1523,629.637,991.999,128.929
4,1524,629.637,991.999,128.929
4,1525,629.637,991.999,128.929
4,1526,629.637,991.999,128.929
4,1527,629.637,991.999,128.929
4,1528,629.637,991.999,128.929
4,1529,629.637,991.999,128.929
4,1530,629.637,991.999,128.929
4,1531,629.637,991.999,128.929
4,1532,629.637,991.999,128.929
4,1533,629.637,991.999,128.929
4,1534,629.637,991.999,128.929
4,1535,629.637,991.999,128.929
4,1536,629.637,991.999,128.929
4,1537,629.637,991.999,128.929
4,1538,629.637,991.999,128.929
4,1539,629.637,991.999,128.929
4,1540,629.637,991.999,128.929
4,1541,629.637,991.999,128.929
4,1542,629.637,991.999,128.929
4,1543,629.637,991.999,128.929
4,1544,629.637,983.237,128.929
4,1545,629.637,983.237,128.929
4,1546,629.637,983.237,128.929
4,1547,629.637,983.237,128.929
4,1548,629.637,983.237,128.929
4,1549,629.637,983.237,128.929
4,1550,629.637,983.237,128.929
4,1551,629.637,983.237,128.929
4,1552,629.637,983.237,128.929
4,1553,629.637,983.237,128.929
4,1554,629.637,991.999,128.929
4,1555,629.637,991.999,128.929
4,1556,629.637,991.999,128.929
4,1557,629.637,991.999,128.929
4,1558,629.637,991.999,128.929
4,1559,629.637,991.999,128.929
4,1560,629.637,991.999,128.929
4,1561,629.637,991.999,127.639
4,1562,629.637,991.999,127.639
4,1563,629.637,991.999,127.639
4,1564,629.637,991.999,127.639
4,1565,629.637,991.999,127.639
4,1566,629.637,991.999,127.639
4,1567,629.637,991.999,127.639
4,1568,629.637,981.435,127.639
4,1569,629.637,981.435,127.639
4,1570,629.637,981.435,127.639
4,1571,629.637,981.435,127.639
4,1572,629.637,981.435,127.639
4,1573,629.637,972.149,127.639
4,1574,629.637,972.149,127.639
4,1575,629.637,972.149,127.639
4,1576,629.637,972.149,127.639
4,1577,629.637,972.149,127.639
4,1578,629.637,972.149,127.639
4,1579,629.637,972.149,127.639
4,1580,629.637,972.149,127.639
4,1581,629.637,972.149,127.639
4,1582,629.637,981.435,127.639
4,1583,629.637,981.435,127.639
4,1584,629.637,981.435,127.639
4,1585,629.637,981.435,127.639
4,1586,629.637,981.435,127.639
4,1587,629.637,981.435,127.639
4,1588,629.637,981.435,127.639
4,1589,629.637,981.435,127.639
4,1590,629.637,981.435,127.639
4,1591,629.637,981.435,127.639
4,1592,629.637,981.435,127.639
4,1593,629.637,981.435,127.639
4,1594,629.637,972.149,127.639
4,1595,629.637,1302.63,127.639
4,1596,629.637,1302.63,127.639
4,1597,629.637,1285.19,127.639
4,1598,629.637,1285.19,127.639
4,1599,629.637,1285.19,127.639
4,1600,629.637,1285.19,127.639
4,1601,629.637,1285.19,126.363
4,1602,629.637,1285.19,126.363
4,1603,629.637,1285.19,126.363
4,1604,629.637,1285.19,126.363
4,1605,629.637,1288.5,126.363
4,1606,629.637,1288.5,126.363
4,1607,629.637,1280.95,126.363
4,1608,629.637,1269.86,126.363
4,1609,629.637,1269.86,126.363
4,1610,629.637,1269.86,126.363
4,1611,629.637,1269.86,126.363
4,1612,629.637,1269.86,126.363
4,1613,629.637,1269.86,126.363
4,1614,629.637,1269.86,126.363
4,1615,629.637,1269.86,126.363
4,1616,629.637,1269.86,126.363
4,1617,629.637,1269.86,126.363
4,1618,629.637,1269.86,126.363
4,1619,629.637,1269.86,126.363
4,1620,629.637,1286.4,126.363
4,1621,629.637,1286.4,126.363
4,1622,629.637,1285.19,126.363
4,1623,629.637,1285.19,126.363
4,1624,629.637,1276.07,126.363
4,1625,629.637,1251.71,126.363
4,1626,629.637,1251.71,126.363
4,1627,629.637,1251.71,126.363
4,1628,629.637,1251.71,126.363
4,1629,629.637,1239.6,126.363
4,1630,629.637,1239.6,126.363
4,1631,629.637,1239.6,126.363
4,1632,629.637,1239.6,126.363
4,1633,629.637,1235.73,126.363
4,1634,629.637,1308.55,126.363
4,1635,629.637,1308.44,126.363
4,1636,629.637,1308.44,126.363
4,1637,629.637,1250.24,126.363
4,1638,629.637,1250.24,126.363
4,1639,629.637,1250.24,126.363
4,1640,629.637,1313.29,126.363
4,1641,629.637,1307.6,125.099
4,1642,629.637,1307.6,125.099
4,1643,629.637,1307.6,125.099
4,1644,629.637,1307.6,125.099
4,1645,629.637,1307.6,125.099
4,1646,629.637,1309.76,125.099
4,1647,629.637,1264.39,125.099
4,1648,629.637,1264.39,125.099
4,1649,629.637,1264.39,125.099
4,1650,629.637,1264.39,125.099
4,1651,629.637,1264.39,125.099
4,1652,629.637,1330.48,125.099
4,1653,629.637,1330.48,125.099
4,1654,629.637,1330.48,125.099
4,1655,629.637,1330.48,125.099
4,1656,629.637,1264.39,125.099
4,1657,629.637,1264.39,125.099
4,1658,629.637,1309.76,125.099
4,1659,629.637,1274.09,125.099
4,1660,629.637,1274.09,125.099
4,1661,629.637,1274.09,125.099
4,1662,629.637,1274.09,125.099
4,1663,629.637,1272.38,125.099
4,1664,629.637,1272.38,125.099
4,1665,629.637,1272.38,125.099
4,1666,629.637,972.74,125.099
4,1667,629.637,972.74,125.099
4,1668,629.637,969.301,125.099
4,1669,629.637,979.621,125.099
4,1670,629.637,979.621,125.099
4,1671,629.637,979.621,125.099
4,1672,629.637,979.621,125.099
4,1673,629.637,979.621,125.099
4,1674,629.637,979.621,125.099
4,1675,629.637,979.621,125.099
4,1676,629.637,691.958,125.099
4,1677,629.637,691.958,125.099
4,1678,629.637,691.958,125.099
4,1679,629.637,691.958,125.099
4,1680,629.637,691.958,125.099
4,1681,629.637,691.958,123.848
4,1682,629.637,691.958,123.848
4,1683,629.637,691.958,123.848
4,1684,629.637,691.958,123.848
4,1685,629.637,691.958,123.848
4,1686,629.637,691.958,123.848
4,1687,629.637,691.958,123.848
4,1688,629.637,691.958,123.848
4,1689,629.637,691.566,123.848
4,1690,629.637,676.59,123.848
4,1691,629.637,676.59,123.848
4,1692,629.637,676.59,123.848
4,1693,629.637,676.59,123.848
4,1694,629.637,676.59,123.848
4,1695,629.637,676.59,123.848
4,1696,629.637,676.59,123.848
4,1697,629.637,676.59,123.848
4,1698,629.637,676.59,123.848
4,1699,629.637,676.59,123.848
4,1700,629.637,676.59,123.848
4,1701,629.637,676.59,123.848
4,1702,629.637,676.59,123.848
4,1703,629.637,676.59,123.848
4,1704,629.637,676.59,123.848
4,1705,629.637,676.59,123.848
4,1706,629.637,676.59,123.848
4,1707,629.637,676.59,123.848
4,1708,629.637,676.982,123.848
4,1709,629.637,676.982,123.848
4,1710,629.637,676.982,123.848
4,1711,629.637,676.982,123.848
4,1712,629.637,676.982,123.848
4,1713,629.637,676.59,123.848
4,1714,629.637,676.59,123.848
4,1715,629.637,676.59,123.848
4,1716,629.637,676.59,123.848
4,1717,629.637,676.59,123.848
4,1718,629.637,671.636,123.848
4,1719,629.637,671.636,123.848
4,1720,629.637,671.636,123.848
4,1721,629.637,671.636,122.61
4,1722,629.637,671.636,122.61
4,1723,629.637,671.636,122.61
4,1724,629.637,671.636,122.61
4,1725,629.637,671.636,122.61
4,1726,629.637,671.636,122.61
4,1727,629.637,671.636,122.61
4,1728,629.637,671.636,122.61
4,1729,629.637,671.636,122.61
4,1730,629.637,671.636,122.61
4,1731,629.637,671.636,122.61
4,1732,629.637,671.636,122.61
4,1733,629.637,671.636,122.61
4,1734,629.637,671.636,122.61
4,1735,629.637,671.636,122.61
4,1736,629.637,671.636,122.61
4,1737,629.637,671.636,122.61
4,1738,629.637,671.636,122.61
4,1739,629.637,996.598,122.61
4,1740,629.637,965.084,122.61
4,1741,629.637,671.636,122.61
4,1742,629.637,671.636,122.61
4,1743,629.637,671.636,122.61
4,1744,629.637,671.636,122.61
4,1745,629.637,671.636,122.61
4,1746,629.637,671.636,122.61
4,1747,629.637,671.636,122.61
4,1748,629.637,671.636,122.61
4,1749,629.637,671.636,122.61
4,1750,629.637,671.636,122.61
4,1751,629.637,671.636,122.61
4,1752,629.637,671.636,122.61
4,1753,629.637,671.636,122.61
4,1754,629.637,671.636,122.61
4,1755,629.637,671.636,122.61
4,1756,629.637,671.636,122.61
4,1757,629.637,671.636,122.61
4,1758,629.637,671.636,122.61
4,1759,629.637,676.59,122.61
4,1760,629.637,676.59,122.61
4,1761,629.637,676.59,121.384
4,1762,629.637,676.59,121.384
4,1763,629.637,676.59,121.384
4,1764,629.637,676.59,121.384
4,1765,629.637,676.59,121.384
4,1766,629.637,676.59,121.384
4,1767,629.637,676.066,121.384
4,1768,629.637,676.066,121.384
4,1769,629.637,676.066,121.384
4,1770,629.637,663.562,121.384
4,1771,629.637,663.562,121.384
4,1772,629.637,663.562,121.384
4,1773,629.637,739.776,121.384
4,1774,629.637,739.776,121.384
4,1775,629.637,739.776,121.384
4,1776,629.637,739.776,121.384
4,1777,629.637,667.34,121.384
4,1778,629.637,667.34,121.384
4,1779,629.637,667.34,121.384
4,1780,629.637,667.34,121.384
4,1781,629.637,667.34,121.384
4,1782,629.637,667.34,121.384
4,1783,629.637,667.34,121.384
4,1784,629.637,667.34,121.384
4,1785,629.637,666.29,121.384
4,1786,629.637,666.29,121.384
4,1787,629.637,666.29,121.384
4,1788,629.637,666.29,121.384
4,1789,629.637,666.29,121.384
4,1790,629.637,670.916,121.384
4,1791,629.637,667.697,121.384
4,1792,629.637,667.697,121.384
4,1793,629.637,667.697,121.384
4,1794,629.637,667.697,121.384
4,1795,629.637,667.697,121.384
4,1796,629.637,663.685,121.384
4,1797,629.637,663.685,121.384
4,1798,629.637,663.685,121.384
4,1799,629.637,692.925,121.384
4,1800,629.637,692.925,121.384
4,1801,629.637,692.925,120.17
4,1802,629.637,692.925,120.17
4,1803,629.637,692.925,120.17
4,1804,629.637,692.925,120.17
4,1805,629.637,692.925,120.17
4,1806,629.637,696.823,120.17
4,1807,629.637,696.823,120.17
4,1808,629.637,694.847,120.17
4,1809,629.637,694.847,120.17
4,1810,629.637,694.847,120.17
4,1811,629.637,694.847,120.17
4,1812,629.637,694.847,120.17
4,1813,629.637,694.847,120.17
4,1814,629.637,690.949,120.17
4,1815,629.637,690.949,120.17
4,1816,629.637,690.949,120.17
4,1817,629.637,690.949,120.17
4,1818,629.637,690.949,120.17
4,1819,629.637,690.949,120.17
4,1820,629.637,690.949,120.17
4,1821,629.637,690.949,120.17
4,1822,629.637,690.949,120.17
4,1823,629.637,731.069,120.17
4,1824,629.637,731.069,120.17
4,1825,629.637,731.069,120.17
4,1826,629.637,731.069,120.17
4,1827,629.637,731.069,120.17
4,1828,629.637,731.069,120.17
4,1829,629.637,731.069,120.17
4,1830,629.637,694.961,120.17
4,1831,629.637,694.961,120.17
4,1832,629.637,694.961,120.17
4,1833,629.637,694.961,120.17
4,1834,629.637,694.961,120.17
4,1835,629.637,694.961,120.17
4,1836,629.637,694.961,120.17
4,1837,629.637,694.961,120.17
4,1838,629.637,694.961,120.17
4,1839,629.637,667.523,120.17
4,1840,629.637,667.523,120.17
4,1841,629.637,667.523,118.968
4,1842,629.637,667.523,118.968
4,1843,629.637,667.523,118.968
4,1844,629.637,667.523,118.968
4,1845,629.637,667.523,118.968
4,1846,629.637,667.523,118.968
4,1847,629.637,667.523,118.968
4,1848,629.637,667.523,118.968
4,1849,629.637,667.523,118.968
4,1850,629.637,667.523,118.968
4,1851,629.637,667.523,118.968
4,1852,629.637,667.523,118.968
4,1853,629.637,667.523,118.968
4,1854,629.637,667.523,118.968
4,1855,629.637,667.523,118.968
4,1856,629.637,663.901,118.968
4,1857,629.637,663.901,118.968
4,1858,629.637,663.901,118.968
4,1859,629.637,663.901,118.968
4,1860,629.637,663.901,118.968
4,1861,629.637,663.901,118.968
4,1862,629.637,663.901,118.968
4,1863,629.637,663.901,118.968
4,1864,629.637,663.901,118.968
4,1865,629.637,663.901,118.968
4,1866,629.637,663.901,118.968
4,1867,629.637,681.336,118.968
4,1868,629.637,680.922,118.968
4,1869,629.637,687.716,118.968
4,1870,629.637,687.716,118.968
4,1871,629.637,687.143,118.968
4,1872,629.637,687.143,118.968
4,1873,629.637,687.143,118.968
4,1874,629.637,687.143,118.968
4,1875,629.637,687.143,118.968
4,1876,629.637,687.143,118.968
4,1877,629.637,681.336,118.968
4,1878,629.637,681.336,118.968
4,1879,629.637,681.336,118.968
4,1880,629.637,681.336,118.968
4,1881,629.637,681.336,117.778
4,1882,629.637,681.336,117.778
4,1883,629.637,681.336,117.778
4,1884,629.637,681.336,117.778
4,1885,629.637,681.336,117.778
4,1886,629.637,681.336,117.778
4,1887,629.637,681.336,117.778
4,1888,629.637,670.619,117.778
4,1889,629.637,670.619,117.778
4,1890,629.637,670.619,117.778
4,1891,629.637,670.619,117.778
4,1892,629.637,670.619,117.778
4,1893,629.637,681.336,117.778
4,1894,629.637,681.336,117.778
4,1895,629.637,735.02,117.778
4,1896,629.637,735.02,117.778
4,1897,629.637,735.02,117.778
4,1898,629.637,735.02,117.778
4,1899,629.637,735.02,117.778
4,1900,629.637,735.02,117.778
4,1901,629.637,683.035,117.778
4,1902,629.637,683.035,117.778
4,1903,629.637,683.035,117.778
4,1904,629.637,683.035,117.778
4,1905,629.637,683.035,117.778
4,1906,629.637,683.035,117.778
4,1907,629.637,683.035,117.778
4,1908,629.637,683.035,117.778
4,1909,629.637,683.035,117.778
4,1910,629.637,683.035,117.778
4,1911,629.637,683.035,117.778
4,1912,629.637,683.035,117.778
4,1913,629.637,683.035,117.778
4,1914,629.637,683.035,117.778
4,1915,629.637,705.523,117.778
4,1916,629.637,705.41,117.778
4,1917,629.637,705.41,117.778
4,1918,629.637,705.41,117.778
4,1919,629.637,705.41,117.778
4,1920,629.637,705.41,117.778
4,1921,629.637,705.41,116.601
4,1922,629.637,705.41,116.601
4,1923,629.637,705.41,116.601
4,1924,629.637,705.41,116.601
4,1925,629.637,705.41,116.601
4,1926,629.637,705.41,116.601
4,1927,629.637,664.398,116.601
4,1928,629.637,664.398,116.601
4,1929,629.637,664.398,116.601
4,1930,629.637,664.398,116.601
4,1931,629.637,664.398,116.601
4,1932,629.637,664.398,116.601
4,1933,629.637,664.398,116.601
4,1934,629.637,664.398,116.601
4,1935,629.637,664.398,116.601
4,1936,629.637,664.398,116.601
4,1937,629.637,664.398,116.601
4,1938,629.637,654.5,116.601
4,1939,629.637,654.5,116.601
4,1940,629.637,730.443,116.601
4,1941,629.637,689.845,116.601
4,1942,629.637,689.845,116.601
4,1943,629.637,689.845,116.601
4,1944,629.637,689.845,116.601
4,1945,629.637,689.845,116.601
4,1946,629.637,689.845,116.601
4,1947,629.637,689.845,116.601
4,1948,629.637,689.845,116.601
4,1949,629.637,689.845,116.601
4,1950,629.637,689.845,116.601
4,1951,629.637,687.713,116.601
4,1952,629.637,687.713,116.601
4,1953,629.637,687.713,116.601
4,1954,629.637,687.713,116.601
4,1955,629.637,687.713,116.601
4,1956,629.637,687.713,116.601
4,1957,629.637,687.713,116.601
4,1958,629.637,687.713,116.601
4,1959,629.637,687.713,116.601
4,1960,629.637,687.713,116.601
4,1961,629.637,687.713,115.435
4,1962,629.637,687.713,115.435
4,1963,629.637,687.713,115.435
4,1964,629.637,687.713,115.435
4,1965,629.637,687.713,115.435
4,1966,629.637,687.713,115.435
4,1967,629.637,687.713,115.435
4,1968,629.637,715.629,115.435
4,1969,629.637,715.629,115.435
4,1970,629.637,715.629,115.435
4,1971,629.637,701.457,115.435
4,1972,629.637,701.457,115.435
4,1973,629.637,701.457,115.435
4,1974,629.637,701.457,115.435
4,1975,629.637,701.457,115.435
4,1976,629.637,701.457,115.435
4,1977,629.637,701.457,115.435
4,1978,629.637,701.457,115.435
4,1979,629.637,701.457,115.435
4,1980,629.637,701.457,115.435
4,1981,629.637,666.349,115.435
4,1982,629.637,666.349,115.435
4,1983,629.637,666.349,115.435
4,1984,629.637,666.349,115.435
4,1985,629.637,666.349,115.435
4,1986,629.637,666.349,115.435
4,1987,629.637,666.349,115.435
4,1988,629.637,666.349,115.435
4,1989,629.637,666.349,115.435
4,1990,629.637,666.349,115.435
4,1991,629.637,666.349,115.435
4,1992,629.637,666.349,115.435
4,1993,629.637,666.349,115.435
4,1994,629.637,666.349,115.435
4,1995,629.637,666.349,115.435
4,1996,629.637,666.349,115.435
4,1997,629.637,666.416,115.435
4,1998,629.637,666.416,115.435
4,1999,629.637,666.416,115.435
4,2000,629.637,666.416,115.435
4,2001,629.637,666.416,114.28
4,2002,629.637,666.416,114.28
4,2003,629.637,666.416,114.28
4,2004,629.637,666.416,114.28
4,2005,629.637,666.416,114.28
4,2006,629.637,666.416,114.28
4,2007,629.637,666.416,114.28
4,2008,629.637,666.416,114.28
4,2009,629.637,666.416,114.28
4,2010,629.637,725.427,114.28
4,2011,629.637,725.427,114.28
4,2012,629.637,725.427,114.28
4,2013,629.637,725.427,114.28
4,2014,629.637,725.427,114.28
4,2015,629.637,725.427,114.28
4,2016,629.637,725.427,114.28
4,2017,629.637,725.427,114.28
4,2018,629.637,725.427,114.28
4,2019,629.637,694.507,114.28
4,2020,629.637,691.668,114.28
4,2021,629.637,691.668,114.28
4,2022,629.637,691.668,114.28
4,2023,629.637,713.713,114.28
4,2024,629.637,713.713,114.28
4,2025,629.637,708.431,114.28
4,2026,629.637,759.555,114.28
4,2027,629.637,759.555,114.28
4,2028,629.637,759.555,114.28
4,2029,629.637,759.555,114.28
4,2030,629.637,738.403,114.28
4,2031,629.637,678.228,114.28
4,2032,629.637,678.228,114.28
4,2033,629.637,678.228,114.28
4,2034,629.637,678.228,114.28
4,2035,629.637,678.228,114.28
4,2036,629.637,678.228,114.28
4,2037,629.637,678.228,114.28
4,2038,629.637,678.228,114.28
4,2039,629.637,678.228,114.28
4,2040,629.637,678.228,114.28
4,2041,629.637,678.228,113.138
4,2042,629.637,678.228,113.138
4,2043,629.637,678.228,113.138
4,2044,629.637,678.228,113.138
4,2045,629.637,678.228,113.138
4,2046,629.637,678.228,113.138
4,2047,629.637,678.228,113.138
4,2048,629.637,665.606,113.138
4,2049,629.637,665.606,113.138
4,2050,629.637,665.606,113.138
4,2051,629.637,665.606,113.138
4,2052,629.637,665.606,113.138
4,2053,629.637,665.606,113.138
4,2054,629.637,665.606,113.138
4,2055,629.637,665.606,113.138
4,2056,629.637,665.606,113.138
4,2057,629.637,665.606,113.138
4,2058,629.637,665.606,113.138
4,2059,629.637,665.606,113.138
4,2060,629.637,665.606,113.138
4,2061,629.637,665.2,113.138
4,2062,629.637,665.2,113.138
4,2063,629.637,665.2,113.138
4,2064,629.637,665.2,113.138
4,2065,629.637,665.2,113.138
4,2066,629.637,665.2,113.138
4,2067,629.637,1042,113.138
4,2068,629.637,1042,113.138
4,2069,629.637,1025.07,113.138
4,2070,629.637,1025.07,113.138
4,2071,629.637,1025.07,113.138
4,2072,629.637,1025.07,113.138
4,2073,629.637,1025.07,113.138
4,2074,629.637,1025.07,113.138
4,2075,629.637,990.63,113.138
4,2076,629.637,990.63,113.138
4,2077,629.637,990.63,113.138
4,2078,629.637,990.63,113.138
4,2079,629.637,962.873,113.138
4,2080,629.637,962.873,113.138
4,2081,629.637,733.365,112.006
4,2082,629.637,740.435,112.006
4,2083,629.637,740.435,112.006
4,2084,629.637,732.818,112.006
4,2085,629.637,732.818,112.006
4,2086,629.637,732.818,112.006
4,2087,629.637,732.818,112.006
4,2088,629.637,732.818,112.006
4,2089,629.637,715.661,112.006
4,2090,629.637,715.661,112.006
4,2091,629.637,720.626,112.006
4,2092,629.637,720.626,112.006
4,2093,629.637,708.003,112.006
4,2094,629.637,708.003,112.006
4,2095,629.637,708.003,112.006
4,2096,629.637,708.003,112.006
4,2097,629.637,708.003,112.006
4,2098,629.637,708.003,112.006
4,2099,629.637,707.954,112.006
4,2100,629.637,699.85,112.006
4,2101,629.637,699.85,112.006
4,2102,629.637,699.85,112.006
4,2103,629.637,699.85,112.006
4,2104,629.637,699.85,112.006
4,2105,629.637,699.85,112.006
4,2106,629.637,699.85,112.006
4,2107,629.637,699.85,112.006
4,2108,629.637,699.85,112.006
4,2109,629.637,699.85,112.006
4,2110,629.637,699.85,112.006
4,2111,629.637,699.85,112.006
4,2112,629.637,699.85,112.006
4,2113,629.637,699.85,112.006
4,2114,629.637,699.85,112.006
4,2115,629.637,699.85,112.006
4,2116,629.637,699.85,112.006
4,2117,629.637,699.85,112.006
4,2118,629.637,699.85,112.006
4,2119,629.637,699.85,112.006
4,2120,629.637,699.85,112.006
4,2121,629.637,699.85,110.886
4,2122,629.637,699.85,110.886
4,2123,629.637,699.85,110.886
4,2124,629.637,695.795,110.886
4,2125,629.637,695.795,110.886
4,2126,629.637,695.795,110.886
4,2127,629.637,695.795,110.886
4,2128,629.637,700.256,110.886
4,2129,629.637,700.256,110.886
4,2130,629.637,700.256,110.886
4,2131,629.637,700.256,110.886
4,2132,629.637,700.256,110.886
4,2133,629.637,700.256,110.886
4,2134,629.637,700.256,110.886
4,2135,629.637,700.256,110.886
4,2136,629.637,700.256,110.886
4,2137,629.637,700.256,110.886
4,2138,629.637,700.256,110.886
4,2139,629.637,700.256,110.886
4,2140,629.637,700.256,110.886
4,2141,629.637,696.612,110.886
4,2142,629.637,696.612,110.886
4,2143,629.637,696.612,110.886
4,2144,629.637,696.612,110.886
4,2145,629.637,696.612,110.886
4,2146,629.637,743.425,110.886
4,2147,629.637,711.385,110.886
4,2148,629.637,711.385,110.886
4,2149,629.637,711.385,110.886
4,2150,629.637,723.515,110.886
4,2151,629.637,723.515,110.886
4,2152,629.637,723.515,110.886
4,2153,629.637,723.515,110.886
4,2154,629.637,703.144,110.886
4,2155,629.637,703.144,110.886
4,2156,629.637,764.158,110.886
4,2157,629.637,764.158,110.886
4,2158,629.637,707.108,110.886
4,2159,629.637,707.108,110.886
4,2160,629.637,707.108,110.886
4,2161,629.637,707.108,109.777
4,2162,629.637,707.108,109.777
4,2163,629.637,707.108,109.777
4,2164,629.637,707.108,109.777
4,2165,629.637,680.154,109.777
4,2166,629.637,680.154,109.777
4,2167,629.637,680.154,109.777
4,2168,629.637,680.154,109.777
4,2169,629.637,680.154,109.777
4,2170,629.637,1000.91,109.777
4,2171,629.637,1000.91,109.777
4,2172,629.637,991.619,109.777
4,2173,629.637,991.619,109.777
4,2174,629.637,991.619,109.777
4,2175,629.637,982.237,109.777
4,2176,629.637,982.258,109.777
4,2177,629.637,948.398,109.777
4,2178,629.637,948.398,109.777
4,2179,629.637,948.398,109.777
4,2180,629.637,663.996,109.777
4,2181,629.637,663.996,109.777
4,2182,629.637,663.996,109.777
4,2183,629.637,663.996,109.777
4,2184,629.637,663.996,109.777
4,2185,629.637,663.996,109.777
4,2186,629.637,663.996,109.777
4,2187,629.637,663.996,109.777
4,2188,629.637,663.996,109.777
4,2189,629.637,663.996,109.777
4,2190,629.637,663.996,109.777
4,2191,629.637,663.996,109.777
4,2192,629.637,663.996,109.777
4,2193,629.637,663.996,109.777
4,2194,629.637,663.996,109.777
4,2195,629.637,663.996,109.777
4,2196,629.637,663.996,109.777
4,2197,629.637,663.996,109.777
4,2198,629.637,663.996,109.777
4,2199,629.637,663.996,109.777
4,2200,629.637,666.822,109.777
4,2201,629.637,686.615,108.679
4,2202,629.637,686.615,108.679
4,2203,629.637,666.822,108.679
4,2204,629.637,666.822,108.679
4,2205,629.637,666.822,108.679
4,2206,629.637,666.822,108.679
4,2207,629.637,666.822,108.679
4,2208,629.637,666.822,108.679
4,2209,629.637,663.996,108.679
4,2210,629.637,663.996,108.679
4,2211,629.637,663.996,108.679
4,2212,629.637,663.996,108.679
4,2213,629.637,663.996,108.679
4,2214,629.637,720.571,108.679
4,2215,629.637,700.516,108.679
4,2216,629.637,700.516,108.679
4,2217,629.637,700.516,108.679
4,2218,629.637,700.516,108.679
4,2219,629.637,700.516,108.679
4,2220,629.637,700.516,108.679
4,2221,629.637,700.516,108.679
4,2222,629.637,700.516,108.679
4,2223,629.637,700.516,108.679
4,2224,629.637,700.516,108.679
4,2225,629.637,700.516,108.679
4,2226,629.637,700.516,108.679
4,2227,629.637,700.516,108.679
4,2228,629.637,700.516,108.679
4,2229,629.637,700.516,108.679
4,2230,629.637,700.516,108.679
4,2231,629.637,700.516,108.679
4,2232,629.637,700.516,108.679
4,2233,629.637,700.516,108.679
4,2234,629.637,700.516,108.679
4,2235,629.637,700.516,108.679
4,2236,629.637,700.516,108.679
4,2237,629.637,695.36,108.679
4,2238,629.637,695.36,108.679
4,2239,629.637,695.36,108.679
4,2240,629.637,695.36,108.679
4,2241,629.637,695.36,107.593
4,2242,629.637,695.36,107.593
4,2243,629.637,692.714,107.593
4,2244,629.637,692.714,107.593
4,2245,629.637,683.014,107.593
4,2246,629.637,683.014,107.593
4,2247,629.637,683.014,107.593
4,2248,629.637,683.014,107.593
4,2249,629.637,683.014,107.593
4,2250,629.637,683.014,107.593
4,2251,629.637,683.014,107.593
4,2252,629.637,683.014,107.593
4,2253,629.637,683.014,107.593
4,2254,629.637,683.014,107.593
4,2255,629.637,683.014,107.593
4,2256,629.637,687.444,107.593
4,2257,629.637,687.444,107.593
4,2258,629.637,687.444,107.593
4,2259,629.637,687.444,107.593
4,2260,629.637,687.968,107.593
4,2261,629.637,687.968,107.593
4,2262,629.637,687.968,107.593
4,2263,629.637,687.968,107.593
4,2264,629.637,687.968,107.593
4,2265,629.637,687.968,107.593
4,2266,629.637,687.968,107.593
4,2267,629.637,687.968,107.593
4,2268,629.637,687.968,107.593
4,2269,629.637,687.444,107.593
4,2270,629.637,687.444,107.593
4,2271,629.637,687.444,107.593
4,2272,629.637,687.444,107.593
4,2273,629.637,687.444,107.593
4,2274,629.637,687.444,107.593
4,2275,629.637,687.444,107.593
4,2276,629.637,687.444,107.593
4,2277,629.637,687.444,107.593
4,2278,629.637,687.444,107.593
4,2279,629.637,687.444,107.593
4,2280,629.637,687.444,107.593
4,2281,629.637,687.444,106.517
4,2282,629.637,687.444,106.517
4,2283,629.637,687.444,106.517
4,2284,629.637,687.444,106.517
4,2285,629.637,687.444,106.517
4,2286,629.637,687.968,106.517
4,2287,629.637,687.968,106.517
4,2288,629.637,687.968,106.517
4,2289,629.637,687.968,106.517
4,2290,629.637,687.968,106.517
4,2291,629.637,687.968,106.517
4,2292,629.637,687.968,106.517
4,2293,629.637,687.968,106.517
4,2294,629.637,687.968,106.517
4,2295,629.637,687.968,106.517
4,2296,629.637,687.968,106.517
4,2297,629.637,687.968,106.517
4,2298,629.637,687.968,106.517
4,2299,629.637,687.968,106.517
4,2300,629.637,687.968,106.517
4,2301,629.637,687.444,106.517
4,2302,629.637,687.444,106.517
4,2303,629.637,687.444,106.517
4,2304,629.637,687.444,106.517
4,2305,629.637,687.444,106.517
4,2306,629.637,687.444,106.517
4,2307,629.637,683.014,106.517
4,2308,629.637,683.014,106.517
4,2309,629.637,683.014,106.517
4,2310,629.637,683.014,106.517
4,2311,629.637,683.014,106.517
4,2312,629.637,683.014,106.517
4,2313,629.637,687.968,106.517
4,2314,629.637,687.968,106.517
4,2315,629.637,687.968,106.517
4,2316,629.637,687.968,106.517
4,2317,629.637,687.968,106.517
4,2318,629.637,687.968,106.517
4,2319,629.637,687.968,106.517
4,2320,629.637,687.968,106.517
4,2321,629.637,687.968,105.452
4,2322,629.637,687.968,105.452
4,2323,629.637,687.968,105.452
4,2324,629.637,687.968,105.452
4,2325,629.637,687.968,105.452
4,2326,629.637,687.968,105.452
4,2327,629.637,687.968,105.452
4,2328,629.637,687.968,105.452
4,2329,629.637,687.968,105.452
4,2330,629.637,687.968,105.452
4,2331,629.637,687.968,105.452
4,2332,629.637,687.968,105.452
4,2333,629.637,687.968,105.452
4,2334,629.637,687.968,105.452
4,2335,629.637,687.968,105.452
4,2336,629.637,687.968,105.452
4,2337,629.637,687.968,105.452
4,2338,629.637,687.968,105.452
4,2339,629.637,687.968,105.452
4,2340,629.637,687.968,105.452
4,2341,629.637,687.968,105.452
4,2342,629.637,687.968,105.452
4,2343,629.637,687.968,105.452
4,2344,629.637,687.968,105.452
4,2345,629.637,687.968,105.452
4,2346,629.637,687.968,105.452
4,2347,629.637,687.968,105.452
4,2348,629.637,687.968,105.452
4,2349,629.637,687.968,105.452
4,2350,629.637,687.968,105.452
4,2351,629.637,687.968,105.452
4,2352,629.637,687.968,105.452
4,2353,629.637,687.968,105.452
4,2354,629.637,687.968,105.452
4,2355,629.637,687.968,105.452
4,2356,629.637,687.968,105.452
4,2357,629.637,687.968,105.452
4,2358,629.637,687.968,105.452
4,2359,629.637,687.968,105.452
4,2360,629.637,687.968,105.452
4,2361,629.637,687.968,104.397
4,2362,629.637,687.968,104.397
4,2363,629.637,687.968,104.397
4,2364,629.637,687.968,104.397
4,2365,629.637,687.968,104.397
4,2366,629.637,687.968,104.397
4,2367,629.637,687.968,104.397
4,2368,629.637,687.968,104.397
4,2369,629.637,687.968,104.397
4,2370,629.637,687.968,104.397
4,2371,629.637,687.968,104.397
4,2372,629.637,687.968,104.397
4,2373,629.637,687.968,104.397
4,2374,629.637,687.968,104.397
4,2375,629.637,687.968,104.397
4,2376,629.637,687.968,104.397
4,2377,629.637,687.968,104.397
4,2378,629.637,687.968,104.397
4,2379,629.637,687.968,104.397
4,2380,629.637,687.968,104.397
4,2381,629.637,687.968,104.397
4,2382,629.637,687.968,104.397
4,2383,629.637,687.968,104.397
4,2384,629.637,687.968,104.397
4,2385,629.637,687.968,104.397
4,2386,629.637,687.968,104.397
4,2387,629.637,687.968,104.397
4,2388,629.637,687.968,104.397
4,2389,629.637,687.968,104.397
4,2390,629.637,687.968,104.397
4,2391,629.637,687.968,104.397
4,2392,629.637,687.968,104.397
4,2393,629.637,687.968,104.397
4,2394,629.637,687.968,104.397
4,2395,629.637,687.968,104.397
4,2396,629.637,687.968,104.397
4,2397,629.637,687.968,104.397
4,2398,629.637,687.968,104.397
4,2399,629.637,687.968,104.397
4,2400,629.637,687.968,104.397
4,2401,629.637,687.968,103.353
4,2402,629.637,687.968,103.353
4,2403,629.637,687.968,103.353
4,2404,629.637,687.968,103.353
4,2405,629.637,687.968,103.353
4,2406,629.637,687.968,103.353
4,2407,629.637,687.968,103.353
4,2408,629.637,687.968,103.353
4,2409,629.637,687.968,103.353
4,2410,629.637,687.968,103.353
4,2411,629.637,687.968,103.353
4,2412,629.637,687.968,103.353
4,2413,629.637,687.968,103.353
4,2414,629.637,687.968,103.353
4,2415,629.637,687.968,103.353
4,2416,629.637,687.968,103.353
4,2417,629.637,687.968,103.353
4,2418,629.637,687.968,103.353
4,2419,629.637,687.968,103.353
4,2420,629.637,687.968,103.353
4,2421,629.637,687.968,103.353
4,2422,629.637,687.968,103.353
4,2423,629.637,687.968,103.353
4,2424,629.637,687.968,103.353
4,2425,629.637,687.968,103.353
4,2426,629.637,687.968,103.353
4,2427,629.637,687.968,103.353
4,2428,629.637,687.968,103.353
4,2429,629.637,687.968,103.353
4,2430,629.637,687.968,103.353
4,2431,629.637,687.968,103.353
4,2432,629.637,687.968,103.353
4,2433,629.637,687.968,103.353
4,2434,629.637,687.968,103.353
4,2435,629.637,687.968,103.353
4,2436,629.637,687.968,103.353
4,2437,629.637,687.968,103.353
4,2438,629.637,687.968,103.353
4,2439,629.637,687.968,103.353
4,2440,629.637,683.014,103.353
4,2441,629.637,683.014,102.32
4,2442,629.637,683.014,102.32
4,2443,629.637,683.014,102.32
4,2444,629.637,683.014,102.32
4,2445,629.637,687.444,102.32
4,2446,629.637,687.444,102.32
4,2447,629.637,687.444,102.32
4,2448,629.637,687.444,102.32
4,2449,629.637,687.444,102.32
4,2450,629.637,687.444,102.32
4,2451,629.637,687.444,102.32
4,2452,629.637,687.444,102.32
4,2453,629.637,687.444,102.32
4,2454,629.637,687.444,102.32
4,2455,629.637,687.444,102.32
4,2456,629.637,687.444,102.32
4,2457,629.637,687.444,102.32
4,2458,629.637,687.444,102.32
4,2459,629.637,687.444,102.32
4,2460,629.637,683.014,102.32
4,2461,629.637,683.014,102.32
4,2462,629.637,683.014,102.32
4,2463,629.637,683.014,102.32
4,2464,629.637,683.014,102.32
4,2465,629.637,683.014,102.32
4,2466,629.637,683.014,102.32
4,2467,629.637,683.014,102.32
4,2468,629.637,683.014,102.32
4,2469,629.637,683.014,102.32
4,2470,629.637,683.014,102.32
4,2471,629.637,683.014,102.32
4,2472,629.637,683.014,102.32
4,2473,629.637,683.014,102.32
4,2474,629.637,683.014,102.32
4,2475,629.637,683.014,102.32
4,2476,629.637,683.014,102.32
4,2477,629.637,683.014,102.32
4,2478,629.637,683.014,102.32
4,2479,629.637,683.014,102.32
4,2480,629.637,683.014,102.32
4,2481,629.637,683.014,101.296
4,2482,629.637,683.014,101.296
4,2483,629.637,683.014,101.296
4,2484,629.637,683.014,101.296
4,2485,629.637,683.014,101.296
4,2486,629.637,683.014,101.296
4,2487,629.637,683.014,101.296
4,2488,629.637,683.014,101.296
4,2489,629.637,683.014,101.296
4,2490,629.637,683.014,101.296
4,2491,629.637,683.014,101.296
4,2492,629.637,683.014,101.296
4,2493,629.637,683.014,101.296
4,2494,629.637,683.014,101.296
4,2495,629.637,683.014,101.296
4,2496,629.637,683.014,101.296
4,2497,629.637,683.014,101.296
4,2498,629.637,683.014,101.296
4,2499,629.637,683.014,101.296
4,2500,629.637,683.014,101.296
4,2501,629.637,683.014,101.296
4,2502,629.637,683.014,101.296
4,2503,629.637,687.968,101.296
4,2504,629.637,687.968,101.296
4,2505,629.637,687.444,101.296
4,2506,629.637,687.444,101.296
4,2507,629.637,687.444,101.296
4,2508,629.637,687.444,101.296
4,2509,629.637,687.444,101.296
4,2510,629.637,687.444,101.296
4,2511,629.637,687.444,101.296
4,2512,629.637,687.444,101.296
4,2513,629.637,687.444,101.296
4,2514,629.637,687.444,101.296
4,2515,629.637,687.444,101.296
4,2516,629.637,687.444,101.296
4,2517,629.637,687.444,101.296
4,2518,629.637,687.444,101.296
4,2519,629.637,683.014,101.296
4,2520,629.637,683.014,101.296
4,2521,629.637,687.444,100.283
4,2522,629.637,687.444,100.283
4,2523,629.637,687.444,100.283
4,2524,629.637,687.444,100.283
4,2525,629.637,687.444,100.283
4,2526,629.637,687.444,100.283
4,2527,629.637,687.444,100.283
4,2528,629.637,687.444,100.283
4,2529,629.637,687.444,100.283
4,2530,629.637,687.444,100.283
4,2531,629.637,687.444,100.283
4,2532,629.637,687.968,100.283
4,2533,629.637,687.968,100.283
4,2534,629.637,687.968,100.283
4,2535,629.637,687.968,100.283
4,2536,629.637,687.968,100.283
4,2537,629.637,687.968,100.283
4,2538,629.637,687.968,100.283
4,2539,629.637,687.968,100.283
4,2540,629.637,687.968,100.283
4,2541,629.637,687.968,100.283
4,2542,629.637,687.968,100.283
4,2543,629.637,687.444,100.283
4,2544,629.637,687.444,100.283
4,2545,629.637,687.444,100.283
4,2546,629.637,687.444,100.283
4,2547,629.637,683.014,100.283
4,2548,629.637,683.014,100.283
4,2549,629.637,683.014,100.283
4,2550,629.637,683.014,100.283
4,2551,629.637,683.014,100.283
4,2552,629.637,683.014,100.283
4,2553,629.637,683.014,100.283
4,2554,629.637,683.014,100.283
4,2555,629.637,683.014,100.283
4,2556,629.637,683.014,100.283
4,2557,629.637,683.014,100.283
4,2558,629.637,687.444,100.283
4,2559,629.637,687.444,100.283
4,2560,629.637,687.444,100.283
4,2561,629.637,687.444,99.2806
4,2562,629.637,687.444,99.2806
4,2563,629.637,687.444,99.2806
4,2564,629.637,687.444,99.2806
4,2565,629.637,687.444,99.2806
4,2566,629.637,687.444,99.2806
4,2567,629.637,687.444,99.2806
4,2568,629.637,687.444,99.2806
4,2569,629.637,687.444,99.2806
4,2570,629.637,687.444,99.2806
4,2571,629.637,687.444,99.2806
4,2572,629.637,687.444,99.2806
4,2573,629.637,687.444,99.2806
4,2574,629.637,687.444,99.2806
4,2575,629.637,687.444,99.2806
4,2576,629.637,687.444,99.2806
4,2577,629.637,687.444,99.2806
4,2578,629.637,687.444,99.2806
4,2579,629.637,687.444,99.2806
4,2580,629.637,687.444,99.2806
4,2581,629.637,687.444,99.2806
4,2582,629.637,687.444,99.2806
4,2583,629.637,687.444,99.2806
4,2584,629.637,687.444,99.2806
4,2585,629.637,687.444,99.2806
4,2586,629.637,687.444,99.2806
4,2587,629.637,687.444,99.2806
4,2588,629.637,687.444,99.2806
4,2589,629.637,687.968,99.2806
4,2590,629.637,687.968,99.2806
4,2591,629.637,687.968,99.2806
4,2592,629.637,687.968,99.2806
4,2593,629.637,687.968,99.2806
4,2594,629.637,687.968,99.2806
4,2595,629.637,687.968,99.2806
4,2596,629.637,687.968,99.2806
4,2597,629.637,687.968,99.2806
4,2598,629.637,687.968,99.2806
4,2599,629.637,687.968,99.2806
4,2600,629.637,687.968,99.2806
4,2601,629.637,687.968,98.2878
4,2602,629.637,687.968,98.2878
4,2603,629.637,687.968,98.2878
4,2604,629.637,683.014,98.2878
4,2605,629.637,683.014,98.2878
4,2606,629.637,683.014,98.2878
4,2607,629.637,683.014,98.2878
4,2608,629.637,683.014,98.2878
4,2609,629.637,683.014,98.2878
4,2610,629.637,683.014,98.2878
4,2611,629.637,687.968,98.2878
4,2612,629.637,687.968,98.2878
4,2613,629.637,687.968,98.2878
4,2614,629.637,687.968,98.2878
4,2615,629.637,687.968,98.2878
4,2616,629.637,687.968,98.2878
4,2617,629.637,687.968,98.2878
4,2618,629.637,692.301,98.2878
4,2619,629.637,692.301,98.2878
4,2620,629.637,692.301,98.2878
4,2621,629.637,687.968,98.2878
4,2622,629.637,687.968,98.2878
4,2623,629.637,687.968,98.2878
4,2624,629.637,687.968,98.2878
4,2625,629.637,687.968,98.2878
4,2626,629.637,683.014,98.2878
4,2627,629.637,683.014,98.2878
4,2628,629.637,683.014,98.2878
4,2629,629.637,683.014,98.2878
4,2630,629.637,683.014,98.2878
4,2631,629.637,683.014,98.2878
4,2632,629.637,683.014,98.2878
4,2633,629.637,683.014,98.2878
4,2634,629.637,683.014,98.2878
4,2635,629.637,683.014,98.2878
4,2636,629.637,683.014,98.2878
4,2637,629.637,683.014,98.2878
4,2638,629.637,683.014,98.2878
4,2639,629.637,683.014,98.2878
4,2640,629.637,698.429,98.2878
4,2641,629.637,683.014,97.3049
4,2642,629.637,683.014,97.3049
4,2643,629.637,683.014,97.3049
4,2644,629.637,683.014,97.3049
4,2645,629.637,683.014,97.3049
4,2646,629.637,683.014,97.3049
4,2647,629.637,683.014,97.3049
4,2648,629.637,683.014,97.3049
4,2649,629.637,683.014,97.3049
4,2650,629.637,683.014,97.3049
4,2651,629.637,683.014,97.3049
4,2652,629.637,683.014,97.3049
4,2653,629.637,683.014,97.3049
4,2654,629.637,683.014,97.3049
4,2655,629.637,683.014,97.3049
4,2656,629.637,683.014,97.3049
4,2657,629.637,683.014,97.3049
4,2658,629.637,683.014,97.3049
4,2659,629.637,683.014,97.3049
4,2660,629.637,683.014,97.3049
4,2661,629.637,683.014,97.3049
4,2662,629.637,683.014,97.3049
4,2663,629.637,683.014,97.3049
4,2664,629.637,683.014,97.3049
4,2665,629.637,683.014,97.3049
4,2666,629.637,687.968,97.3049
4,2667,629.637,687.968,97.3049
4,2668,629.637,687.968,97.3049
4,2669,629.637,687.968,97.3049
4,2670,629.637,687.968,97.3049
4,2671,629.637,683.014,97.3049
4,2672,629.637,683.014,97.3049
4,2673,629.637,683.014,97.3049
4,2674,629.637,683.014,97.3049
4,2675,629.637,683.014,97.3049
4,2676,629.637,683.014,97.3049
4,2677,629.637,683.014,97.3049
4,2678,629.637,683.014,97.3049
4,2679,629.637,683.014,97.3049
4,2680,629.637,683.014,97.3049
4,2681,629.637,683.014,96.3318
4,2682,629.637,683.014,96.3318
4,2683,629.637,683.014,96.3318
4,2684,629.637,683.014,96.3318
4,2685,629.637,683.014,96.3318
4,2686,629.637,683.014,96.3318
4,2687,629.637,683.014,96.3318
4,2688,629.637,683.014,96.3318
4,2689,629.637,683.014,96.3318
4,2690,629.637,683.014,96.3318
4,2691,629.637,683.014,96.3318
4,2692,629.637,683.014,96.3318
4,2693,629.637,683.014,96.3318
4,2694,629.637,683.014,96.3318
4,2695,629.637,683.014,96.3318
4,2696,629.637,683.014,96.3318
4,2697,629.637,683.014,96.3318
4,2698,629.637,683.014,96.3318
4,2699,629.637,687.968,96.3318
4,2700,629.637,687.968,96.3318
4,2701,629.637,687.968,96.3318
4,2702,629.637,687.968,96.3318
4,2703,629.637,687.968,96.3318
4,2704,629.637,687.968,96.3318
4,2705,629.637,687.444,96.3318
4,2706,629.637,687.444,96.3318
4,2707,629.637,683.014,96.3318
4,2708,629.637,683.014,96.3318
4,2709,629.637,683.014,96.3318
4,2710,629.637,683.014,96.3318
4,2711,629.637,683.014,96.3318
4,2712,629.637,683.014,96.3318
4,2713,629.637,683.014,96.3318
4,2714,629.637,683.014,96.3318
4,2715,629.637,683.014,96.3318
4,2716,629.637,683.014,96.3318
4,2717,629.637,683.014,96.3318
4,2718,629.637,683.014,96.3318
4,2719,629.637,687.444,96.3318
4,2720,629.637,687.444,96.3318
4,2721,629.637,687.444,95.3685
4,2722,629.637,687.444,95.3685
4,2723,629.637,687.444,95.3685
4,2724,629.637,687.444,95.3685
4,2725,629.637,687.444,95.3685
4,2726,629.637,687.444,95.3685
4,2727,629.637,687.444,95.3685
4,2728,629.637,687.444,95.3685
4,2729,629.637,687.444,95.3685
4,2730,629.637,687.444,95.3685
4,2731,629.637,687.444,95.3685
4,2732,629.637,687.444,95.3685
4,2733,629.637,687.444,95.3685
4,2734,629.637,687.444,95.3685
4,2735,629.637,687.444,95.3685
4,2736,629.637,687.444,95.3685
4,2737,629.637,687.444,95.3685
4,2738,629.637,687.444,95.3685
4,2739,629.637,687.444,95.3685
4,2740,629.637,687.444,95.3685
4,2741,629.637,687.444,95.3685
4,2742,629.637,687.444,95.3685
4,2743,629.637,687.444,95.3685
4,2744,629.637,687.444,95.3685
4,2745,629.637,687.444,95.3685
4,2746,629.637,687.444,95.3685
4,2747,629.637,687.444,95.3685
4,2748,629.637,687.444,95.3685
4,2749,629.637,687.444,95.3685
4,2750,629.637,687.444,95.3685
4,2751,629.637,683.014,95.3685
4,2752,629.637,683.014,95.3685
4,2753,629.637,683.014,95.3685
4,2754,629.637,687.968,95.3685
4,2755,629.637,687.968,95.3685
4,2756,629.637,687.444,95.3685
4,2757,629.637,687.444,95.3685
4,2758,629.637,687.444,95.3685
4,2759,629.637,687.444,95.3685
4,2760,629.637,687.444,95.3685
4,2761,629.637,687.444,94.4148
4,2762,629.637,687.444,94.4148
4,2763,629.637,687.444,94.4148
4,2764,629.637,687.444,94.4148
4,2765,629.637,687.444,94.4148
4,2766,629.637,687.444,94.4148
4,2767,629.637,687.444,94.4148
4,2768,629.637,687.444,94.4148
4,2769,629.637,687.444,94.4148
4,2770,629.637,687.444,94.4148
4,2771,629.637,687.444,94.4148
4,2772,629.637,687.444,94.4148
4,2773,629.637,687.444,94.4148
4,2774,629.637,687.444,94.4148
4,2775,629.637,687.444,94.4148
4,2776,629.637,687.444,94.4148
4,2777,629.637,687.444,94.4148
4,2778,629.637,687.444,94.4148
4,2779,629.637,687.444,94.4148
4,2780,629.637,687.444,94.4148
4,2781,629.637,687.444,94.4148
4,2782,629.637,687.444,94.4148
4,2783,629.637,687.444,94.4148
4,2784,629.637,687.444,94.4148
4,2785,629.637,687.444,94.4148
4,2786,629.637,687.444,94.4148
4,2787,629.637,687.444,94.4148
4,2788,629.637,687.444,94.4148
4,2789,629.637,687.444,94.4148
4,2790,629.637,687.444,94.4148
4,2791,629.637,687.444,94.4148
4,2792,629.637,687.444,94.4148
4,2793,629.637,687.444,94.4148
4,2794,629.637,687.444,94.4148
4,2795,629.637,687.444,94.4148
4,2796,629.637,687.444,94.4148
4,2797,629.637,687.444,94.4148
4,2798,629.637,687.444,94.4148
4,2799,629.637,687.444,94.4148
4,2800,629.637,687.444,94.4148
4,2801,629.637,687.444,93.4707
4,2802,629.637,687.444,93.4707
4,2803,629.637,687.444,93.4707
4,2804,629.637,687.444,93.4707
4,2805,629.637,687.444,93.4707
4,2806,629.637,687.444,93.4707
4,2807,629.637,687.444,93.4707
4,2808,629.637,687.444,93.4707
4,2809,629.637,687.444,93.4707
4,2810,629.637,687.444,93.4707
4,2811,629.637,687.444,93.4707
4,2812,629.637,687.444,93.4707
4,2813,629.637,687.444,93.4707
4,2814,629.637,687.444,93.4707
4,2815,629.637,687.444,93.4707
4,2816,629.637,687.444,93.4707
4,2817,629.637,687.444,93.4707
4,2818,629.637,687.444,93.4707
4,2819,629.637,687.444,93.4707
4,2820,629.637,683.014,93.4707
4,2821,629.637,683.014,93.4707
4,2822,629.637,683.014,93.4707
4,2823,629.637,683.014,93.4707
4,2824,629.637,683.014,93.4707
4,2825,629.637,683.014,93.4707
4,2826,629.637,683.014,93.4707
4,2827,629.637,683.014,93.4707
4,2828,629.637,683.014,93.4707
4,2829,629.637,683.014,93.4707
4,2830,629.637,683.014,93.4707
4,2831,629.637,683.014,93.4707
4,2832,629.637,683.014,93.4707
4,2833,629.637,683.014,93.4707
4,2834,629.637,683.014,93.4707
4,2835,629.637,683.014,93.4707
4,2836,629.637,683.014,93.4707
4,2837,629.637,683.014,93.4707
4,2838,629.637,683.014,93.4707
4,2839,629.637,683.014,93.4707
4,2840,629.637,683.014,93.4707
4,2841,629.637,683.014,92.536
4,2842,629.637,683.014,92.536
4,2843,629.637,683.014,92.536
4,2844,629.637,683.014,92.536
4,2845,629.637,683.014,92.536
4,2846,629.637,687.968,92.536
4,2847,629.637,687.968,92.536
4,2848,629.637,687.968,92.536
4,2849,629.637,687.968,92.536
4,2850,629.637,687.968,92.536
4,2851,629.637,687.968,92.536
4,2852,629.637,683.014,92.536
4,2853,629.637,683.014,92.536
4,2854,629.637,683.014,92.536
4,2855,629.637,683.014,92.536
4,2856,629.637,683.014,92.536
4,2857,629.637,683.014,92.536
4,2858,629.637,683.014,92.536
4,2859,629.637,683.014,92.536
4,2860,629.637,683.014,92.536
4,2861,629.637,683.014,92.536
4,2862,629.637,683.014,92.536
4,2863,629.637,683.014,92.536
4,2864,629.637,683.014,92.536
4,2865,629.637,683.014,92.536
4,2866,629.637,683.014,92.536
4,2867,629.637,683.014,92.536
4,2868,629.637,683.014,92.536
4,2869,629.637,687.968,92.536
4,2870,629.637,687.968,92.536
4,2871,629.637,687.968,92.536
4,2872,629.637,687.968,92.536
4,2873,629.637,687.968,92.536
4,2874,629.637,687.968,92.536
4,2875,629.637,687.968,92.536
4,2876,629.637,687.968,92.536
4,2877,629.637,687.968,92.536
4,2878,629.637,687.968,92.536
4,2879,629.637,683.014,92.536
4,2880,629.637,683.014,92.536
4,2881,629.637,683.014,91.6106
4,2882,629.637,683.014,91.6106
4,2883,629.637,683.014,91.6106
4,2884,629.637,683.014,91.6106
4,2885,629.637,683.014,91.6106
4,2886,629.637,683.014,91.6106
4,2887,629.637,687.444,91.6106
4,2888,629.637,687.444,91.6106
4,2889,629.637,687.444,91.6106
4,2890,629.637,687.444,91.6106
4,2891,629.637,687.444,91.6106
4,2892,629.637,687.444,91.6106
4,2893,629.637,687.444,91.6106
4,2894,629.637,687.444,91.6106
4,2895,629.637,687.444,91.6106
4,2896,629.637,687.444,91.6106
4,2897,629.637,687.444,91.6106
4,2898,629.637,687.444,91.6106
4,2899,629.637,687.444,91.6106
4,2900,629.637,687.444,91.6106
4,2901,629.637,687.444,91.6106
4,2902,629.637,687.444,91.6106
4,2903,629.637,687.444,91.6106
4,2904,629.637,687.444,91.6106
4,2905,629.637,687.444,91.6106
4,2906,629.637,687.444,91.6106
4,2907,629.637,687.444,91.6106
4,2908,629.637,687.444,91.6106
4,2909,629.637,687.444,91.6106
4,2910,629.637,687.444,91.6106
4,2911,629.637,687.444,91.6106
4,2912,629.637,687.444,91.6106
4,2913,629.637,687.444,91.6106
4,2914,629.637,687.444,91.6106
4,2915,629.637,687.444,91.6106
4,2916,629.637,687.444,91.6106
4,2917,629.637,687.444,91.6106
4,2918,629.637,687.444,91.6106
4,2919,629.637,687.444,91.6106
4,2920,629.637,687.444,91.6106
4,2921,629.637,687.444,90.6945
4,2922,629.637,687.444,90.6945
4,2923,629.637,687.444,90.6945
4,2924,629.637,687.444,90.6945
4,2925,629.637,687.444,90.6945
4,2926,629.637,687.444,90.6945
4,2927,629.637,687.444,90.6945
4,2928,629.637,687.444,90.6945
4,2929,629.637,687.444,90.6945
4,2930,629.637,687.444,90.6945
4,2931,629.637,687.444,90.6945
4,2932,629.637,687.968,90.6945
4,2933,629.637,683.014,90.6945
4,2934,629.637,683.014,90.6945
4,2935,629.637,683.014,90.6945
4,2936,629.637,683.014,90.6945
4,2937,629.637,683.014,90.6945
4,2938,629.637,683.014,90.6945
4,2939,629.637,683.014,90.6945
4,2940,629.637,687.968,90.6945
4,2941,629.637,687.968,90.6945
4,2942,629.637,687.968,90.6945
4,2943,629.637,687.968,90.6945
4,2944,629.637,687.968,90.6945
4,2945,629.637,687.968,90.6945
4,2946,629.637,687.968,90.6945
4,2947,629.637,687.968,90.6945
4,2948,629.637,687.968,90.6945
4,2949,629.637,687.968,90.6945
4,2950,629.637,687.968,90.6945
4,2951,629.637,687.968,90.6945
4,2952,629.637,687.968,90.6945
4,2953,629.637,687.968,90.6945
4,2954,629.637,687.968,90.6945
4,2955,629.637,687.968,90.6945
4,2956,629.637,687.968,90.6945
4,2957,629.637,687.968,90.6945
4,2958,629.637,687.968,90.6945
4,2959,629.637,687.968,90.6945
4,2960,629.637,687.444,90.6945
4,2961,629.637,687.444,89.7876
4,2962,629.637,687.444,89.7876
4,2963,629.637,687.444,89.7876
4,2964,629.637,687.444,89.7876
4,2965,629.637,687.444,89.7876
4,2966,629.637,687.444,89.7876
4,2967,629.637,687.444,89.7876
4,2968,629.637,687.444,89.7876
4,2969,629.637,687.444,89.7876
4,2970,629.637,687.444,89.7876
4,2971,629.637,687.444,89.7876
4,2972,629.637,687.444,89.7876
4,2973,629.637,687.444,89.7876
4,2974,629.637,687.444,89.7876
4,2975,629.637,687.444,89.7876
4,2976,629.637,687.444,89.7876
4,2977,629.637,687.444,89.7876
4,2978,629.637,687.444,89.7876
4,2979,629.637,687.444,89.7876
4,2980,629.637,687.444,89.7876
4,2981,629.637,687.444,89.7876
4,2982,629.637,687.444,89.7876
4,2983,629.637,687.444,89.7876
4,2984,629.637,687.444,89.7876
4,2985,629.637,687.444,89.7876
4,2986,629.637,687.444,89.7876
4,2987,629.637,683.014,89.7876
4,2988,629.637,683.014,89.7876
4,2989,629.637,683.014,89.7876
4,2990,629.637,683.014,89.7876
4,2991,629.637,683.014,89.7876
4,2992,629.637,683.014,89.7876
4,2993,629.637,683.014,89.7876
4,2994,629.637,683.014,89.7876
4,2995,629.637,683.014,89.7876
4,2996,629.637,683.014,89.7876
4,2997,629.637,683.014,89.7876
4,2998,629.637,683.014,89.7876
4,2999,629.637,683.014,89.7876
4,3000,629.637,683.014,89.7876
