phase,iteration,best_cost,current_cost,temperature
1,1,832.481,832.481,0
1,2,828.32,828.32,0
1,3,799.997,799.997,0
1,4,799.997,828.32,0
1,5,787.877,787.877,0
1,6,787.877,787.877,0
1,7,787.877,830.289,0
1,8,787.877,828.32,0
1,9,787.877,832.481,0
1,10,787.877,827.925,0
1,11,787.877,827.362,0
1,12,787.877,837.875,0
1,13,787.877,832.481,0
1,14,787.877,831.523,0
1,15,787.877,799.997,0
1,16,787.877,832.481,0
1,17,787.877,832.481,0
1,18,787.877,832.481,0
1,19,787.877,832.481,0
1,20,787.877,827.362,0
2,1,787.877,787.877,236.363
2,2,787.877,787.877,236.363
2,3,787.877,787.877,236.363
2,4,787.877,787.877,236.363
2,5,787.877,787.877,236.363
2,6,784.279,784.279,236.363
2,7,784.279,784.279,236.363
2,8,784.279,784.279,236.363
2,9,784.279,784.279,236.363
2,10,784.279,784.279,236.363
2,11,784.279,784.279,236.363
2,12,784.279,784.279,236.363
2,13,784.279,784.279,236.363
2,14,784.279,784.279,236.363
2,15,784.279,784.279,236.363
2,16,784.279,784.279,236.363
2,17,784.279,784.279,236.363
2,18,784.279,784.279,236.363
2,19,784.279,784.279,236.363
2,20,784.279,784.279,236.363
2,21,784.279,784.279,236.363
2,22,784.279,784.279,236.363
2,23,784.279,784.279,236.363
2,24,784.279,784.279,236.363
2,25,784.279,784.279,236.363
2,26,784.279,784.279,236.363
2,27,784.279,784.279,236.363
2,28,784.279,784.279,236.363
2,29,784.279,784.279,236.363
2,30,784.279,784.279,236.363
2,31,784.279,784.279,236.363
2,32,784.279,784.279,236.363
2,33,784.279,784.279,236.363
2,34,784.279,784.279,236.363
2,35,784.279,784.279,236.363
2,36,784.279,784.279,236.363
2,37,784.279,784.279,236.363
2,38,784.279,784.279,236.363
2,39,784.279,784.279,236.363
2,40,784.279,784.279,236.363
2,41,784.279,784.279,236.363
2,42,784.279,801.973,236.363
2,43,784.279,801.973,236.363
2,44,784.279,801.973,236.363
2,45,784.279,801.973,236.363
2,46,784.279,801.973,236.363
2,47,784.279,801.973,236.363
2,48,784.279,784.279,236.363
2,49,784.279,784.279,236.363
2,50,784.279,784.279,236.363
2,51,784.279,1398.86,236.363
2,52,784.279,1398.86,236.363
2,53,784.279,784.279,236.363
2,54,784.279,784.279,236.363
2,55,784.279,1103.81,236.363
2,56,784.279,1103.81,236.363
2,57,784.279,1103.81,236.363
2,58,784.279,1103.81,236.363
2,59,784.279,1103.81,236.363
2,60,784.279,1103.81,236.363
2,61,784.279,1103.81,236.363
2,62,784.279,1103.81,236.363
2,63,784.279,1103.81,236.363
2,64,784.279,1103.81,236.363
2,65,784.279,1103.81,236.363
2,66,784.279,1103.81,236.363
2,67,784.279,1103.81,236.363
2,68,784.279,1103.81,236.363
2,69,784.279,1128.49,236.363
2,70,784.279,1081.88,236.363
2,71,784.279,1090.85,236.363
2,72,784.279,1090.85,236.363
2,73,784.279,1090.85,236.363
2,74,784.279,1090.85,236.363
2,75,784.279,1090.85,236.363
2,76,784.279,1090.85,236.363
2,77,784.279,1090.85,236.363
2,78,784.279,1090.85,236.363
2,79,784.279,1090.85,236.363
2,80,784.279,1090.85,236.363
2,81,784.279,1090.85,234
2,82,784.279,1090.85,234
2,83,784.279,1090.85,234
2,84,784.279,1090.85,234
2,85,784.279,1090.85,234
2,86,784.279,1090.85,234
2,87,784.279,1090.85,234
2,88,784.279,1090.85,234
2,89,784.279,1090.85,234
2,90,784.279,1090.85,234
2,91,784.279,1090.85,234
2,92,784.279,1090.85,234
2,93,784.279,1090.85,234
2,94,784.279,1090.85,234
2,95,784.279,1090.85,234
2,96,784.279,1090.85,234
2,97,784.279,1090.85,234
2,98,784.279,1090.85,234
2,99,784.279,1090.85,234
2,100,784.279,1090.85,234
2,101,784.279,1090.85,234
2,102,784.279,1090.85,234
2,103,784.279,1090.85,234
2,104,784.279,1323.94,234
2,105,784.279,1323.94,234
2,106,784.279,1323.94,234
2,107,784.279,1323.94,234
2,108,784.279,1323.94,234
2,109,784.279,1323.94,234
2,110,784.279,1323.94,234
2,111,784.279,1323.94,234
2,112,784.279,1323.94,234
2,113,784.279,1323.94,234
2,114,784.279,1323.94,234
2,115,784.279,1323.94,234
2,116,784.279,1323.94,234
2,117,784.279,1323.94,234
2,118,784.279,1323.94,234
2,119,784.279,1323.94,234
2,120,784.279,1323.94,234
2,121,784.279,1323.94,234
2,122,784.279,1323.94,234
2,123,784.279,1323.94,234
2,124,784.279,1323.94,234
2,125,784.279,1323.94,234
2,126,784.279,1323.94,234
2,127,784.279,1327.44,234
2,128,784.279,1327.44,234
2,129,784.279,1327.44,234
2,130,784.279,1327.44,234
2,131,784.279,1327.44,234
2,132,784.279,1327.44,234
2,133,784.279,1327.44,234
2,134,784.279,1327.44,234
2,135,784.279,1327.44,234
2,136,784.279,1327.44,234
2,137,784.279,1327.44,234
2,138,784.279,1327.44,234
2,139,784.279,1327.44,234
2,140,784.279,1037.72,234
2,141,784.279,1037.72,234
2,142,784.279,1037.72,234
2,143,784.279,1037.72,234
2,144,784.279,1037.72,234
2,145,784.279,1434.88,234
2,146,784.279,1434.88,234
2,147,784.279,1434.88,234
2,148,784.279,1365.82,234
2,149,784.279,1365.82,234
2,150,784.279,1357.42,234
2,151,784.279,1357.42,234
2,152,784.279,1376.72,234
2,153,784.279,1042.01,234
2,154,784.279,1042.01,234
2,155,784.279,1042.01,234
2,156,784.279,1057.04,234
2,157,784.279,1044.35,234
2,158,784.279,1029.32,234
2,159,784.279,1029.32,234
2,160,784.279,1029.32,234
2,161,784.279,1029.32,231.66
2,162,784.279,1029.32,231.66
2,163,784.279,1029.32,231.66
2,164,784.279,1029.32,231.66
2,165,784.279,1029.32,231.66
2,166,784.279,1029.32,231.66
2,167,784.279,1029.32,231.66
2,168,784.279,1029.32,231.66
2,169,784.279,1029.32,231.66
2,170,784.279,1029.32,231.66
2,171,784.279,1029.32,231.66
2,172,784.279,1029.32,231.66
2,173,784.279,1029.32,231.66
2,174,784.279,1135.91,231.66
2,175,784.279,1135.91,231.66
2,176,784.279,1135.91,231.66
2,177,784.279,1135.91,231.66
2,178,784.279,1135.91,231.66
2,179,784.279,1135.91,231.66
2,180,784.279,1135.91,231.66
2,181,784.279,1135.91,231.66
2,182,784.279,1135.91,231.66
2,183,784.279,1135.91,231.66
2,184,784.279,1042.01,231.66
2,185,784.279,1042.01,231.66
2,186,784.279,1042.01,231.66
2,187,784.279,1042.01,231.66
2,188,784.279,1042.01,231.66
2,189,784.279,1042.01,231.66
2,190,784.279,1042.01,231.66
2,191,784.279,1042.01,231.66
2,192,784.279,1042.01,231.66
2,193,784.279,1042.01,231.66
2,194,784.279,1042.01,231.66
2,195,744.202,744.202,231.66
2,196,744.202,744.202,231.66
2,197,744.202,744.202,231.66
2,198,744.202,744.202,231.66
2,199,744.202,744.202,231.66
2,200,744.202,744.202,231.66
2,201,744.202,744.202,231.66
2,202,744.202,744.202,231.66
2,203,744.202,744.202,231.66
2,204,744.202,744.202,231.66
2,205,744.202,744.202,231.66
2,206,744.202,766.106,231.66
2,207,744.202,766.106,231.66
2,208,744.202,766.106,231.66
2,209,744.202,766.106,231.66
2,210,744.202,766.106,231.66
2,211,744.202,766.106,231.66
2,212,744.202,766.106,231.66
2,213,744.202,766.106,231.66
2,214,744.202,766.106,231.66
2,215,744.202,766.106,231.66
2,216,744.202,766.106,231.66
2,217,744.202,766.106,231.66
2,218,744.202,766.106,231.66
2,219,744.202,766.106,231.66
2,220,744.202,766.106,231.66
2,221,744.202,766.106,231.66
2,222,744.202,766.106,231.66
2,223,744.202,766.106,231.66
2,224,744.202,766.106,231.66
2,225,744.202,766.106,231.66
2,226,744.202,766.106,231.66
2,227,744.202,766.106,231.66
2,228,744.202,766.106,231.66
2,229,744.202,766.106,231.66
2,230,744.202,766.106,231.66
2,231,744.202,766.106,231.66
2,232,744.202,766.106,231.66
2,233,744.202,766.106,231.66
2,234,744.202,766.106,231.66
2,235,744.202,766.106,231.66
2,236,744.202,766.106,231.66
2,237,744.202,766.106,231.66
2,238,744.202,766.106,231.66
2,239,744.202,766.106,231.66
2,240,744.202,766.106,231.66
2,241,744.202,766.106,229.343
2,242,744.202,766.106,229.343
2,243,744.202,766.106,229.343
2,244,744.202,766.106,229.343
2,245,744.202,766.106,229.343
2,246,744.202,766.106,229.343
2,247,744.202,766.106,229.343
2,248,744.202,766.106,229.343
2,249,744.202,766.106,229.343
2,250,744.202,766.106,229.343
2,251,739.553,739.553,229.343
2,252,739.553,739.553,229.343
2,253,739.553,739.553,229.343
2,254,739.553,739.553,229.343
2,255,739.553,739.553,229.343
2,256,739.553,818.697,229.343
2,257,739.553,739.553,229.343
2,258,739.553,739.553,229.343
2,259,739.553,749.911,229.343
2,260,739.553,749.911,229.343
2,261,739.553,749.911,229.343
2,262,739.553,749.911,229.343
2,263,739.553,749.911,229.343
2,264,739.553,749.911,229.343
2,265,739.553,749.911,229.343
2,266,739.553,749.911,229.343
2,267,739.553,739.553,229.343
2,268,739.553,739.553,229.343
2,269,739.553,739.553,229.343
2,270,739.553,739.553,229.343
2,271,739.553,739.553,229.343
2,272,739.553,739.553,229.343
2,273,739.553,739.553,229.343
2,274,739.553,739.553,229.343
2,275,739.553,739.553,229.343
2,276,739.553,750.967,229.343
2,277,739.553,750.967,229.343
2,278,739.553,750.967,229.343
2,279,739.553,750.967,229.343
2,280,739.553,750.967,229.343
2,281,739.553,750.967,229.343
2,282,739.553,750.967,229.343
2,283,739.553,750.967,229.343
2,284,739.553,750.967,229.343
2,285,739.553,750.967,229.343
2,286,739.553,750.967,229.343
2,287,739.553,750.967,229.343
2,288,739.553,750.967,229.343
2,289,739.553,750.967,229.343
2,290,739.553,750.967,229.343
2,291,739.553,750.967,229.343
2,292,739.553,750.967,229.343
2,293,739.553,750.967,229.343
2,294,739.553,750.967,229.343
2,295,739.553,750.967,229.343
2,296,739.553,750.967,229.343
2,297,739.553,765.049,229.343
2,298,739.553,765.049,229.343
2,299,739.553,766.106,229.343
2,300,739.553,766.106,229.343
2,301,739.553,766.106,229.343
2,302,739.553,766.106,229.343
2,303,739.553,766.106,229.343
2,304,739.553,766.106,229.343
2,305,739.553,766.106,229.343
2,306,739.553,766.106,229.343
2,307,739.553,766.106,229.343
2,308,739.553,766.106,229.343
2,309,739.553,771.721,229.343
2,310,739.553,771.721,229.343
2,311,739.553,771.721,229.343
2,312,739.553,771.721,229.343
2,313,739.553,771.721,229.343
2,314,739.553,771.721,229.343
2,315,739.553,771.721,229.343
2,316,739.553,771.721,229.343
2,317,739.553,771.721,229.343
2,318,739.553,771.721,229.343
2,319,739.553,771.721,229.343
2,320,739.553,771.721,229.343
2,321,739.553,771.721,227.05
2,322,739.553,771.721,227.05
2,323,739.553,771.721,227.05
2,324,739.553,771.721,227.05
2,325,739.553,1085.23,227.05
2,326,739.553,1085.23,227.05
2,327,739.553,1085.23,227.05
2,328,739.553,1047.7,227.05
2,329,739.553,1047.7,227.05
2,330,739.553,1047.7,227.05
2,331,739.553,1047.7,227.05
2,332,739.553,1047.7,227.05
2,333,739.553,761.431,227.05
2,334,739.553,761.431,227.05
2,335,739.553,761.431,227.05
2,336,739.553,1087.17,227.05
2,337,739.553,1087.17,227.05
2,338,739.553,1087.17,227.05
2,339,739.553,1087.17,227.05
2,340,739.553,1087.17,227.05
2,341,739.553,1109.81,227.05
2,342,739.553,1109.81,227.05
2,343,739.553,1174.56,227.05
2,344,739.553,1174.56,227.05
2,345,739.553,1174.56,227.05
2,346,739.553,1174.56,227.05
2,347,739.553,1136.31,227.05
2,348,739.553,1110.49,227.05
2,349,739.553,1112.62,227.05
2,350,739.553,1112.62,227.05
2,351,739.553,1112.62,227.05
2,352,739.553,1112.62,227.05
2,353,739.553,814.794,227.05
2,354,739.553,1455.75,227.05
2,355,739.553,1455.75,227.05
2,356,739.553,1455.75,227.05
2,357,739.553,1455.75,227.05
2,358,739.553,1399.35,227.05
2,359,739.553,1399.35,227.05
2,360,739.553,1352.76,227.05
2,361,739.553,1328.55,227.05
2,362,739.553,1328.55,227.05
2,363,739.553,1328.55,227.05
2,364,739.553,1328.55,227.05
2,365,739.553,1328.55,227.05
2,366,739.553,1328.55,227.05
2,367,739.553,1041.91,227.05
2,368,739.553,1041.91,227.05
2,369,739.553,1041.91,227.05
2,370,739.553,1041.91,227.05
2,371,739.553,1041.91,227.05
2,372,739.553,1041.91,227.05
2,373,739.553,1041.91,227.05
2,374,739.553,1041.91,227.05
2,375,739.553,1041.91,227.05
2,376,739.553,1041.91,227.05
2,377,739.553,1019.14,227.05
2,378,739.553,1019.14,227.05
2,379,739.553,1019.14,227.05
2,380,739.553,1019.14,227.05
2,381,739.553,1019.14,227.05
2,382,739.553,1019.14,227.05
2,383,739.553,1019.14,227.05
2,384,739.553,1019.14,227.05
2,385,739.553,1019.14,227.05
2,386,739.553,1019.14,227.05
2,387,739.553,1019.14,227.05
2,388,739.553,1019.14,227.05
2,389,739.553,1019.14,227.05
2,390,739.553,1072.18,227.05
2,391,739.553,1021.82,227.05
2,392,739.553,1021.82,227.05
2,393,739.553,1021.82,227.05
2,394,739.553,1021.82,227.05
2,395,739.553,1021.82,227.05
2,396,739.553,1021.82,227.05
2,397,739.553,1021.82,227.05
2,398,739.553,1021.82,227.05
2,399,739.553,1021.82,227.05
2,400,739.553,1021.82,227.05
2,401,739.553,1021.82,224.779
2,402,739.553,1021.82,224.779
2,403,739.553,1021.82,224.779
2,404,739.553,1021.82,224.779
2,405,739.553,1332.18,224.779
2,406,739.553,1332.18,224.779
2,407,739.553,1332.18,224.779
2,408,739.553,1326.79,224.779
2,409,739.553,1711.22,224.779
2,410,739.553,1711.22,224.779
2,411,739.553,1711.22,224.779
2,412,739.553,1662.67,224.779
2,413,739.553,1127.31,224.779
2,414,739.553,1046.39,224.779
2,415,739.553,1046.39,224.779
2,416,739.553,1046.39,224.779
2,417,739.553,1046.39,224.779
2,418,739.553,1046.39,224.779
2,419,739.553,1054.11,224.779
2,420,739.553,1048.12,224.779
2,421,739.553,1048.12,224.779
2,422,739.553,1048.12,224.779
2,423,739.553,1048.12,224.779
2,424,739.553,1048.12,224.779
2,425,739.553,1046.44,224.779
2,426,739.553,1046.44,224.779
2,427,739.553,1046.44,224.779
2,428,739.553,740.375,224.779
2,429,677.883,677.883,224.779
2,430,677.883,677.883,224.779
2,431,677.883,677.883,224.779
2,432,677.883,677.883,224.779
2,433,677.883,677.883,224.779
2,434,677.883,677.883,224.779
2,435,677.883,677.883,224.779
2,436,677.883,1066.79,224.779
2,437,677.883,1020.98,224.779
2,438,677.883,1020.98,224.779
2,439,677.883,1020.98,224.779
2,440,677.883,1035.76,224.779
2,441,677.883,1035.76,224.779
2,442,677.883,1035.76,224.779
2,443,677.883,1349.67,224.779
2,444,677.883,1311.77,224.779
2,445,677.883,1311.77,224.779
2,446,677.883,1342.14,224.779
2,447,677.883,1342.14,224.779
2,448,677.883,1342.14,224.779
2,449,677.883,1342.14,224.779
2,450,677.883,1368.04,224.779
2,451,677.883,1368.04,224.779
2,452,677.883,1368.04,224.779
2,453,677.883,1368.04,224.779
2,454,677.883,1368.04,224.779
2,455,677.883,1374.61,224.779
2,456,677.883,1374.61,224.779
2,457,677.883,1363.04,224.779
2,458,677.883,1363.04,224.779
2,459,677.883,1363.04,224.779
2,460,677.883,1363.04,224.779
2,461,677.883,1363.04,224.779
2,462,677.883,1034.68,224.779
2,463,677.883,1034.68,224.779
2,464,677.883,1034.68,224.779
2,465,677.883,1034.68,224.779
2,466,677.883,1034.68,224.779
2,467,677.883,1034.68,224.779
2,468,677.883,1033.09,224.779
2,469,677.883,1033.09,224.779
2,470,677.883,1033.09,224.779
2,471,677.883,1033.09,224.779
2,472,677.883,1033.09,224.779
2,473,677.883,1033.09,224.779
2,474,677.883,1033.09,224.779
2,475,677.883,1033.09,224.779
2,476,677.883,1033.09,224.779
2,477,677.883,1033.09,224.779
2,478,677.883,1033.09,224.779
2,479,677.883,1033.09,224.779
2,480,677.883,1033.09,224.779
2,481,677.883,1033.09,222.531
2,482,677.883,1033.09,222.531
2,483,677.883,1033.09,222.531
2,484,677.883,1033.09,222.531
2,485,677.883,1033.09,222.531
2,486,677.883,1033.09,222.531
2,487,677.883,1033.09,222.531
2,488,677.883,1033.09,222.531
2,489,677.883,1033.09,222.531
2,490,677.883,1028.33,222.531
2,491,677.883,1028.33,222.531
2,492,677.883,1028.33,222.531
2,493,677.883,1028.33,222.531
2,494,677.883,1028.33,222.531
2,495,677.883,1028.33,222.531
2,496,677.883,1028.33,222.531
2,497,677.883,1028.33,222.531
2,498,677.883,1028.33,222.531
2,499,677.883,1028.33,222.531
2,500,677.883,1009.43,222.531
2,501,677.883,1009.43,222.531
2,502,677.883,1043.72,222.531
2,503,677.883,1035.63,222.531
2,504,677.883,1035.63,222.531
2,505,677.883,1035.63,222.531
2,506,677.883,1035.63,222.531
2,507,677.883,1035.63,222.531
2,508,677.883,1026.35,222.531
2,509,677.883,1026.35,222.531
2,510,677.883,1026.35,222.531
2,511,677.883,1024.4,222.531
2,512,677.883,1024.4,222.531
2,513,677.883,1024.4,222.531
2,514,677.883,1024.4,222.531
2,515,677.883,1024.4,222.531
2,516,677.883,1024.4,222.531
2,517,677.883,1024.4,222.531
2,518,677.883,1024.4,222.531
2,519,677.883,1024.4,222.531
2,520,677.883,1026.31,222.531
2,521,677.883,1026.31,222.531
2,522,677.883,1026.31,222.531
2,523,677.883,1026.31,222.531
2,524,677.883,1026.31,222.531
2,525,677.883,1387.74,222.531
2,526,677.883,1387.74,222.531
2,527,677.883,1387.74,222.531
2,528,677.883,1387.74,222.531
2,529,677.883,1091.51,222.531
2,530,677.883,1091.51,222.531
2,531,677.883,1091.51,222.531
2,532,677.883,1091.51,222.531
2,533,677.883,1091.51,222.531
2,534,677.883,1091.51,222.531
2,535,677.883,1081,222.531
2,536,677.883,1081,222.531
2,537,677.883,1081,222.531
2,538,677.883,1081,222.531
2,539,677.883,1081,222.531
2,540,677.883,1081,222.531
2,541,677.883,1081,222.531
2,542,677.883,1081,222.531
2,543,677.883,1081,222.531
2,544,677.883,1081,222.531
2,545,677.883,833.544,222.531
2,546,677.883,817.399,222.531
2,547,677.883,817.399,222.531
2,548,677.883,924.259,222.531
2,549,677.883,924.259,222.531
2,550,677.883,924.259,222.531
2,551,677.883,924.259,222.531
2,552,677.883,815.012,222.531
2,553,677.883,815.012,222.531
2,554,677.883,815.012,222.531
2,555,677.883,815.012,222.531
2,556,677.883,815.012,222.531
2,557,677.883,815.012,222.531
2,558,677.883,815.012,222.531
2,559,677.883,815.012,222.531
2,560,677.883,815.012,222.531
2,561,677.883,815.012,220.306
2,562,677.883,815.012,220.306
2,563,677.883,815.012,220.306
2,564,677.883,815.012,220.306
2,565,677.883,815.012,220.306
2,566,677.883,807.587,220.306
2,567,677.883,1041.92,220.306
2,568,677.883,1041.92,220.306
2,569,677.883,1041.92,220.306
2,570,677.883,807.587,220.306
2,571,677.883,807.587,220.306
2,572,677.883,807.587,220.306
2,573,677.883,807.587,220.306
2,574,677.883,807.587,220.306
2,575,677.883,807.587,220.306
2,576,677.883,807.587,220.306
2,577,677.883,810.425,220.306
2,578,677.883,810.425,220.306
2,579,677.883,810.425,220.306
2,580,677.883,750.81,220.306
2,581,677.883,755,220.306
2,582,677.883,755,220.306
2,583,677.883,755,220.306
2,584,677.883,755,220.306
2,585,677.883,755,220.306
2,586,677.883,755,220.306
2,587,677.883,755,220.306
2,588,677.883,755,220.306
2,589,677.883,755,220.306
2,590,677.883,709.111,220.306
2,591,677.883,709.111,220.306
2,592,677.883,709.111,220.306
2,593,677.883,709.111,220.306
2,594,677.883,709.111,220.306
2,595,677.883,709.111,220.306
2,596,677.883,709.111,220.306
2,597,677.883,709.111,220.306
2,598,677.883,709.111,220.306
2,599,677.883,709.111,220.306
2,600,677.883,709.111,220.306
2,601,677.883,709.111,220.306
2,602,677.883,709.111,220.306
2,603,677.883,709.111,220.306
2,604,677.883,709.111,220.306
2,605,677.883,709.111,220.306
2,606,677.883,709.111,220.306
2,607,677.883,709.111,220.306
2,608,677.883,709.111,220.306
2,609,677.883,709.111,220.306
2,610,677.883,709.111,220.306
2,611,677.883,709.111,220.306
2,612,677.883,709.111,220.306
2,613,677.883,709.111,220.306
2,614,677.883,709.111,220.306
2,615,677.883,709.111,220.306
2,616,677.883,709.111,220.306
2,617,677.883,709.111,220.306
2,618,677.883,709.111,220.306
2,619,677.883,709.111,220.306
2,620,677.883,709.111,220.306
2,621,677.883,709.111,220.306
2,622,677.883,709.111,220.306
2,623,677.883,709.111,220.306
2,624,677.883,709.111,220.306
2,625,677.883,709.111,220.306
2,626,677.883,709.111,220.306
2,627,677.883,789.246,220.306
2,628,677.883,1103.19,220.306
2,629,677.883,1103.19,220.306
2,630,677.883,1077.02,220.306
2,631,677.883,1077.02,220.306
2,632,677.883,1077.02,220.306
2,633,677.883,1077.02,220.306
2,634,677.883,1077.02,220.306
2,635,677.883,1077.02,220.306
2,636,677.883,1077.02,220.306
2,637,677.883,1077.02,220.306
2,638,677.883,1077.02,220.306
2,639,677.883,1061.68,220.306
2,640,677.883,1089.9,220.306
2,641,677.883,1089.9,218.103
2,642,677.883,1089.9,218.103
2,643,677.883,1089.9,218.103
2,644,677.883,1091.19,218.103
2,645,677.883,1091.19,218.103
2,646,677.883,1091.19,218.103
2,647,677.883,1077.53,218.103
2,648,677.883,1077.53,218.103
2,649,677.883,1077.53,218.103
2,650,677.883,1077.53,218.103
2,651,677.883,1077.53,218.103
2,652,677.883,1077.53,218.103
2,653,677.883,1077.53,218.103
2,654,677.883,1077.53,218.103
2,655,677.883,1077.53,218.103
2,656,677.883,1077.53,218.103
2,657,677.883,1077.53,218.103
2,658,677.883,1077.53,218.103
2,659,677.883,1077.53,218.103
2,660,677.883,1022.1,218.103
2,661,677.883,1608.88,218.103
2,662,677.883,1608.88,218.103
2,663,677.883,1608.88,218.103
2,664,677.883,1326.1,218.103
2,665,677.883,1326.1,218.103
2,666,677.883,1326.1,218.103
2,667,677.883,1324.91,218.103
2,668,677.883,1324.91,218.103
2,669,677.883,1324.91,218.103
2,670,677.883,1324.91,218.103
2,671,677.883,1024,218.103
2,672,677.883,1013.75,218.103
2,673,677.883,1013.75,218.103
2,674,677.883,1013.75,218.103
2,675,677.883,1013.75,218.103
2,676,677.883,1013.75,218.103
2,677,677.883,1013.75,218.103
2,678,677.883,1013.75,218.103
2,679,677.883,1013.75,218.103
2,680,677.883,1013.75,218.103
2,681,677.883,1013.75,218.103
2,682,677.883,1013.75,218.103
2,683,677.883,1013.75,218.103
2,684,677.883,1013.75,218.103
2,685,677.883,1013.75,218.103
2,686,677.883,1013.75,218.103
2,687,677.883,1013.75,218.103
2,688,677.883,955.681,218.103
2,689,677.883,955.681,218.103
2,690,677.883,955.681,218.103
2,691,677.883,955.681,218.103
2,692,677.883,955.681,218.103
2,693,677.883,955.681,218.103
2,694,677.883,955.681,218.103
2,695,677.883,955.681,218.103
2,696,677.883,955.681,218.103
2,697,677.883,955.681,218.103
2,698,677.883,955.681,218.103
2,699,677.883,955.681,218.103
2,700,677.883,955.681,218.103
2,701,677.883,955.681,218.103
2,702,677.883,955.681,218.103
2,703,677.883,955.681,218.103
2,704,677.883,955.681,218.103
2,705,677.883,955.681,218.103
2,706,677.883,955.681,218.103
2,707,677.883,955.681,218.103
2,708,677.883,955.681,218.103
2,709,677.883,955.681,218.103
2,710,677.883,955.681,218.103
2,711,677.883,955.681,218.103
2,712,677.883,955.681,218.103
2,713,677.883,955.681,218.103
2,714,677.883,955.681,218.103
2,715,677.883,955.681,218.103
2,716,677.883,955.681,218.103
2,717,677.883,955.681,218.103
2,718,677.883,955.681,218.103
2,719,677.883,955.681,218.103
2,720,677.883,955.681,218.103
2,721,677.883,714.224,215.922
2,722,677.883,714.224,215.922
2,723,677.883,714.224,215.922
2,724,677.883,714.224,215.922
2,725,677.883,714.224,215.922
2,726,677.883,714.224,215.922
2,727,677.883,714.224,215.922
2,728,677.883,714.224,215.922
2,729,677.883,714.224,215.922
2,730,677.883,714.224,215.922
2,731,677.883,714.224,215.922
2,732,677.883,714.224,215.922
2,733,677.883,714.224,215.922
2,734,677.883,714.224,215.922
2,735,677.883,714.224,215.922
2,736,677.883,714.224,215.922
2,737,677.883,714.224,215.922
2,738,677.883,714.224,215.922
2,739,677.883,714.224,215.922
2,740,677.883,714.224,215.922
2,741,677.883,1092.07,215.922
2,742,677.883,1092.07,215.922
2,743,677.883,1092.07,215.922
2,744,677.883,1082.96,215.922
2,745,677.883,1082.96,215.922
2,746,677.883,1082.54,215.922
2,747,677.883,1082.54,215.922
2,748,677.883,1082.54,215.922
2,749,677.883,1082.54,215.922
2,750,677.883,1031.42,215.922
2,751,677.883,1031.42,215.922
2,752,677.883,1031.42,215.922
2,753,677.883,1055.74,215.922
2,754,677.883,1055.74,215.922
2,755,677.883,1055.74,215.922
2,756,677.883,1055.74,215.922
2,757,677.883,1055.74,215.922
2,758,677.883,1055.74,215.922
2,759,677.883,1055.74,215.922
2,760,677.883,1055.74,215.922
2,761,677.883,1094.57,215.922
2,762,677.883,1094.57,215.922
2,763,677.883,1094.57,215.922
2,764,677.883,983.689,215.922
2,765,677.883,983.689,215.922
2,766,677.883,983.689,215.922
2,767,677.883,983.689,215.922
2,768,677.883,983.689,215.922
2,769,677.883,983.689,215.922
2,770,677.883,983.689,215.922
2,771,677.883,983.689,215.922
2,772,677.883,983.689,215.922
2,773,677.883,983.689,215.922
2,774,677.883,983.689,215.922
2,775,677.883,983.689,215.922
2,776,677.883,983.689,215.922
2,777,677.883,1290.03,215.922
2,778,677.883,1290.03,215.922
2,779,677.883,1290.03,215.922
2,780,677.883,1290.03,215.922
2,781,677.883,1376.94,215.922
2,782,677.883,1348.11,215.922
2,783,677.883,1348.11,215.922
2,784,677.883,1348.11,215.922
2,785,677.883,1361.34,215.922
2,786,677.883,1361.34,215.922
2,787,677.883,1361.34,215.922
2,788,677.883,1314.43,215.922
2,789,677.883,1314.43,215.922
2,790,677.883,1314.43,215.922
2,791,677.883,1314.43,215.922
2,792,677.883,1314.43,215.922
2,793,677.883,1314.43,215.922
2,794,677.883,1314.43,215.922
2,795,677.883,1314.43,215.922
2,796,677.883,1314.43,215.922
2,797,677.883,1314.43,215.922
2,798,677.883,1314.43,215.922
2,799,677.883,1314.43,215.922
2,800,677.883,1314.43,215.922
2,801,677.883,1314.43,213.763
2,802,677.883,1064.76,213.763
2,803,677.883,1064.76,213.763
2,804,677.883,1064.76,213.763
2,805,677.883,1064.76,213.763
2,806,677.883,1064.76,213.763
2,807,677.883,1064.76,213.763
2,808,677.883,1064.76,213.763
2,809,677.883,1064.76,213.763
2,810,677.883,1064.76,213.763
2,811,677.883,1059.46,213.763
2,812,677.883,1059.46,213.763
2,813,677.883,1059.46,213.763
2,814,677.883,1032.53,213.763
2,815,677.883,1032.53,213.763
2,816,677.883,1032.53,213.763
2,817,677.883,1032.53,213.763
2,818,677.883,1032.53,213.763
2,819,677.883,1032.53,213.763
2,820,677.883,1027.89,213.763
2,821,677.883,1027.89,213.763
2,822,677.883,1027.89,213.763
2,823,677.883,1097.47,213.763
2,824,677.883,802.903,213.763
2,825,677.883,899.495,213.763
2,826,677.883,899.495,213.763
2,827,677.883,899.495,213.763
2,828,677.883,884.981,213.763
2,829,677.883,884.981,213.763
2,830,677.883,884.981,213.763
2,831,677.883,884.981,213.763
2,832,677.883,878.8,213.763
2,833,677.883,878.8,213.763
2,834,677.883,878.8,213.763
2,835,677.883,878.8,213.763
2,836,677.883,878.8,213.763
2,837,677.883,878.8,213.763
2,838,677.883,878.8,213.763
2,839,677.883,878.8,213.763
2,840,677.883,878.8,213.763
2,841,677.883,878.8,213.763
2,842,677.883,878.8,213.763
2,843,677.883,861.768,213.763
2,844,677.883,861.768,213.763
2,845,677.883,861.768,213.763
2,846,677.883,861.768,213.763
2,847,677.883,861.768,213.763
2,848,677.883,861.768,213.763
2,849,677.883,861.768,213.763
2,850,677.883,804.267,213.763
2,851,677.883,804.267,213.763
2,852,677.883,804.267,213.763
2,853,677.883,778.002,213.763
2,854,677.883,778.002,213.763
2,855,677.883,778.002,213.763
2,856,677.883,778.002,213.763
2,857,677.883,778.002,213.763
2,858,677.883,778.002,213.763
2,859,677.883,778.002,213.763
2,860,677.883,778.002,213.763
2,861,677.883,778.002,213.763
2,862,677.883,778.002,213.763
2,863,677.883,778.002,213.763
2,864,677.883,778.002,213.763
2,865,677.883,778.002,213.763
2,866,677.883,778.002,213.763
2,867,677.883,778.002,213.763
2,868,677.883,778.002,213.763
2,869,677.883,778.002,213.763
2,870,677.883,778.002,213.763
2,871,677.883,778.002,213.763
2,872,677.883,778.002,213.763
2,873,677.883,778.002,213.763
2,874,677.883,778.002,213.763
2,875,677.883,778.002,213.763
2,876,677.883,778.002,213.763
2,877,677.883,778.002,213.763
2,878,677.883,778.002,213.763
2,879,677.883,727.913,213.763
2,880,677.883,727.913,213.763
2,881,677.883,727.913,211.625
2,882,677.883,727.913,211.625
2,883,677.883,727.913,211.625
2,884,677.883,727.913,211.625
2,885,677.883,727.913,211.625
2,886,677.883,727.913,211.625
2,887,677.883,1023.09,211.625
2,888,677.883,1023.09,211.625
2,889,677.883,1023.09,211.625
2,890,677.883,1023.09,211.625
2,891,677.883,1021.5,211.625
2,892,677.883,1021.5,211.625
2,893,677.883,1021.5,211.625
2,894,677.883,1021.5,211.625
2,895,677.883,1021.5,211.625
2,896,677.883,1021.5,211.625
2,897,677.883,1021.5,211.625
2,898,677.883,1021.5,211.625
2,899,677.883,1021.5,211.625
2,900,677.883,1021.5,211.625
2,901,677.883,1021.5,211.625
2,902,677.883,1021.5,211.625
2,903,677.883,1021.5,211.625
2,904,677.883,1021.5,211.625
2,905,677.883,1021.5,211.625
2,906,677.883,1021.5,211.625
2,907,677.883,1021.5,211.625
2,908,677.883,1310.9,211.625
2,909,677.883,1324.39,211.625
2,910,677.883,1340.56,211.625
2,911,677.883,1340.56,211.625
2,912,677.883,1340.56,211.625
2,913,677.883,1308.34,211.625
2,914,677.883,1308.34,211.625
2,915,677.883,1308.34,211.625
2,916,677.883,1308.34,211.625
2,917,677.883,1308.34,211.625
2,918,677.883,1308.34,211.625
2,919,677.883,1287.69,211.625
2,920,677.883,1287.69,211.625
2,921,677.883,1287.69,211.625
2,922,677.883,1287.69,211.625
2,923,677.883,1287.69,211.625
2,924,677.883,1287.69,211.625
2,925,677.883,1287.69,211.625
2,926,677.883,1286.42,211.625
2,927,677.883,1286.78,211.625
2,928,677.883,1286.78,211.625
2,929,677.883,1286.78,211.625
2,930,677.883,1286.78,211.625
2,931,677.883,1286.78,211.625
2,932,677.883,1286.78,211.625
2,933,677.883,1286.78,211.625
2,934,677.883,1286.78,211.625
2,935,677.883,1286.78,211.625
2,936,677.883,1286.42,211.625
2,937,677.883,1286.42,211.625
2,938,677.883,1284.96,211.625
2,939,677.883,1284.96,211.625
2,940,677.883,1284.96,211.625
2,941,677.883,1284.96,211.625
2,942,677.883,1284.96,211.625
2,943,677.883,1284.96,211.625
2,944,677.883,1284.96,211.625
2,945,677.883,1284.96,211.625
2,946,677.883,1284.96,211.625
2,947,677.883,1284.96,211.625
2,948,677.883,1284.96,211.625
2,949,677.883,1284.96,211.625
2,950,677.883,1284.96,211.625
2,951,677.883,1033.32,211.625
2,952,677.883,1033.32,211.625
2,953,677.883,1033.32,211.625
2,954,677.883,1033.32,211.625
2,955,677.883,1047.63,211.625
2,956,677.883,1051.65,211.625
2,957,677.883,1045.8,211.625
2,958,677.883,1045.8,211.625
2,959,677.883,1041.78,211.625
2,960,677.883,1041.78,211.625
2,961,677.883,1041.78,209.509
2,962,677.883,1041.78,209.509
2,963,677.883,1041.78,209.509
2,964,677.883,1041.78,209.509
2,965,677.883,1041.78,209.509
2,966,677.883,1041.78,209.509
2,967,677.883,1041.78,209.509
2,968,677.883,1041.78,209.509
2,969,677.883,1014.38,209.509
2,970,677.883,1014.38,209.509
2,971,677.883,1012.98,209.509
2,972,677.883,1012.98,209.509
2,973,677.883,1012.98,209.509
2,974,677.883,1012.98,209.509
2,975,677.883,1012.98,209.509
2,976,677.883,1012.98,209.509
2,977,677.883,1012.98,209.509
2,978,677.883,1012.98,209.509
2,979,677.883,1012.98,209.509
2,980,677.883,1012.98,209.509
2,981,677.883,1012.98,209.509
2,982,677.883,1012.98,209.509
2,983,677.883,1290.04,209.509
2,984,677.883,1290.04,209.509
2,985,677.883,1290.04,209.509
2,986,677.883,1290.04,209.509
2,987,677.883,1290.04,209.509
2,988,677.883,1290.04,209.509
2,989,677.883,1290.04,209.509
2,990,677.883,1290.04,209.509
2,991,677.883,1290.04,209.509
2,992,677.883,1290.04,209.509
2,993,677.883,1274.63,209.509
2,994,677.883,1274.63,209.509
2,995,677.883,1274.63,209.509
2,996,677.883,1274.63,209.509
2,997,677.883,1274.63,209.509
2,998,677.883,1274.63,209.509
2,999,677.883,1274.63,209.509
2,1000,677.883,1274.63,209.509
2,1001,677.883,1274.63,209.509
2,1002,677.883,1274.63,209.509
2,1003,677.883,1274.63,209.509
2,1004,677.883,1274.63,209.509
2,1005,677.883,1274.63,209.509
2,1006,677.883,1274.63,209.509
2,1007,677.883,1301.64,209.509
2,1008,677.883,1318.63,209.509
2,1009,677.883,1305.97,209.509
2,1010,677.883,1305.97,209.509
2,1011,677.883,1318.63,209.509
2,1012,677.883,1318.63,209.509
2,1013,677.883,1318.63,209.509
2,1014,677.883,1318.63,209.509
2,1015,677.883,1318.63,209.509
2,1016,677.883,1318.63,209.509
2,1017,677.883,1318.63,209.509
2,1018,677.883,1318.63,209.509
2,1019,677.883,1318.63,209.509
2,1020,677.883,1309.11,209.509
2,1021,677.883,1337.96,209.509
2,1022,677.883,1337.43,209.509
2,1023,677.883,1316.49,209.509
2,1024,677.883,1316.49,209.509
2,1025,677.883,1454.99,209.509
2,1026,677.883,1438.5,209.509
2,1027,677.883,1438.5,209.509
2,1028,677.883,1438.5,209.509
2,1029,677.883,1438.5,209.509
2,1030,677.883,1438.5,209.509
2,1031,677.883,1438.5,209.509
2,1032,677.883,1383.82,209.509
2,1033,677.883,1383.82,209.509
2,1034,677.883,1383.82,209.509
2,1035,677.883,1668.39,209.509
2,1036,677.883,1668.39,209.509
2,1037,677.883,1635.46,209.509
2,1038,677.883,1635.46,209.509
2,1039,677.883,1635.46,209.509
2,1040,677.883,1635.46,209.509
2,1041,677.883,1635.46,207.414
2,1042,677.883,1635.46,207.414
2,1043,677.883,1635.46,207.414
2,1044,677.883,1588.04,207.414
2,1045,677.883,1588.04,207.414
2,1046,677.883,1588.04,207.414
2,1047,677.883,1588.04,207.414
2,1048,677.883,1588.04,207.414
2,1049,677.883,1588.04,207.414
2,1050,677.883,1588.04,207.414
2,1051,677.883,1588.04,207.414
2,1052,677.883,1588.04,207.414
2,1053,677.883,1580.4,207.414
2,1054,677.883,1580.4,207.414
2,1055,677.883,1580.4,207.414
2,1056,677.883,1580.4,207.414
2,1057,677.883,1591.37,207.414
2,1058,677.883,1591.37,207.414
2,1059,677.883,1591.37,207.414
2,1060,677.883,1574.41,207.414
2,1061,677.883,1293.14,207.414
2,1062,677.883,1377.27,207.414
2,1063,677.883,1377.27,207.414
2,1064,677.883,1377.27,207.414
2,1065,677.883,1377.27,207.414
2,1066,677.883,1377.27,207.414
2,1067,677.883,1377.27,207.414
2,1068,677.883,1377.27,207.414
2,1069,677.883,1372.07,207.414
2,1070,677.883,1372.07,207.414
2,1071,677.883,1372.07,207.414
2,1072,677.883,1358.63,207.414
2,1073,677.883,1358.63,207.414
2,1074,677.883,1337.99,207.414
2,1075,677.883,1328.34,207.414
2,1076,677.883,1328.34,207.414
2,1077,677.883,1328.25,207.414
2,1078,677.883,1328.25,207.414
2,1079,677.883,1078.79,207.414
2,1080,677.883,1078.79,207.414
2,1081,677.883,1078.79,207.414
2,1082,677.883,1078.79,207.414
2,1083,677.883,1078.79,207.414
2,1084,677.883,1078.79,207.414
2,1085,677.883,1078.79,207.414
2,1086,677.883,1078.79,207.414
2,1087,677.883,1078.79,207.414
2,1088,677.883,1078.79,207.414
2,1089,677.883,1078.79,207.414
2,1090,677.883,1078.79,207.414
2,1091,677.883,1078.79,207.414
2,1092,677.883,1078.79,207.414
2,1093,677.883,1078.79,207.414
2,1094,677.883,1078.79,207.414
2,1095,677.883,1078.79,207.414
2,1096,677.883,1078.79,207.414
2,1097,677.883,1009.29,207.414
2,1098,677.883,1009.29,207.414
2,1099,677.883,1009.29,207.414
2,1100,677.883,1009.29,207.414
2,1101,677.883,1009.29,207.414
2,1102,677.883,1009.29,207.414
2,1103,677.883,1002.89,207.414
2,1104,677.883,1002.89,207.414
2,1105,677.883,1002.89,207.414
2,1106,677.883,1002.89,207.414
2,1107,677.883,1002.89,207.414
2,1108,677.883,1002.89,207.414
2,1109,677.883,1002.89,207.414
2,1110,677.883,1002.89,207.414
2,1111,677.883,1002.89,207.414
2,1112,677.883,1002.89,207.414
2,1113,677.883,1002.89,207.414
2,1114,677.883,1002.89,207.414
2,1115,677.883,1002.89,207.414
2,1116,677.883,1002.89,207.414
2,1117,677.883,1002.89,207.414
2,1118,677.883,1002.89,207.414
2,1119,677.883,748.861,207.414
2,1120,677.883,748.861,207.414
2,1121,677.883,748.861,205.34
2,1122,677.883,754.43,205.34
2,1123,677.883,754.43,205.34
2,1124,677.883,754.43,205.34
2,1125,677.883,744.116,205.34
2,1126,677.883,744.116,205.34
2,1127,677.883,744.116,205.34
2,1128,677.883,744.116,205.34
2,1129,677.883,738.081,205.34
2,1130,677.883,738.081,205.34
2,1131,677.883,738.081,205.34
2,1132,677.883,738.081,205.34
2,1133,677.883,738.081,205.34
2,1134,677.883,738.081,205.34
2,1135,677.883,739.707,205.34
2,1136,677.883,739.707,205.34
2,1137,677.883,739.707,205.34
2,1138,677.883,744.515,205.34
2,1139,677.883,744.515,205.34
2,1140,677.883,1033.83,205.34
2,1141,677.883,1033.83,205.34
2,1142,677.883,987.053,205.34
2,1143,677.883,987.053,205.34
2,1144,677.883,987.053,205.34
2,1145,677.883,987.053,205.34
2,1146,677.883,987.053,205.34
2,1147,677.883,983.109,205.34
2,1148,677.883,983.109,205.34
2,1149,677.883,1060.09,205.34
2,1150,677.883,1060.09,205.34
2,1151,677.883,1060.09,205.34
2,1152,677.883,1060.09,205.34
2,1153,677.883,1060.09,205.34
2,1154,677.883,1060.09,205.34
2,1155,677.883,1060.09,205.34
2,1156,677.883,1060.09,205.34
2,1157,677.883,784.069,205.34
2,1158,677.883,784.069,205.34
2,1159,677.883,784.069,205.34
2,1160,677.883,783.123,205.34
2,1161,677.883,762.864,205.34
2,1162,677.883,762.864,205.34
2,1163,677.883,762.864,205.34
2,1164,677.883,762.864,205.34
2,1165,677.883,762.864,205.34
2,1166,677.883,762.864,205.34
2,1167,677.883,762.864,205.34
2,1168,677.883,762.864,205.34
2,1169,677.883,762.864,205.34
2,1170,677.883,762.864,205.34
2,1171,677.883,762.864,205.34
2,1172,677.883,754.593,205.34
2,1173,677.883,754.593,205.34
2,1174,677.883,754.593,205.34
2,1175,677.883,754.593,205.34
2,1176,677.883,754.593,205.34
2,1177,677.883,754.593,205.34
2,1178,677.883,754.593,205.34
2,1179,677.883,754.593,205.34
2,1180,677.883,765.017,205.34
2,1181,677.883,765.017,205.34
2,1182,677.883,765.017,205.34
2,1183,677.883,765.017,205.34
2,1184,677.883,765.017,205.34
2,1185,677.883,765.017,205.34
2,1186,677.883,1385.54,205.34
2,1187,677.883,1385.54,205.34
2,1188,677.883,1481.08,205.34
2,1189,677.883,1481.08,205.34
2,1190,677.883,1475.2,205.34
2,1191,677.883,1475.2,205.34
2,1192,677.883,1381.55,205.34
2,1193,677.883,1381.55,205.34
2,1194,677.883,1113.12,205.34
2,1195,677.883,1113.12,205.34
2,1196,677.883,1045.68,205.34
2,1197,677.883,1045.68,205.34
2,1198,677.883,1045.68,205.34
2,1199,677.883,1045.68,205.34
2,1200,677.883,1045.68,205.34
2,1201,677.883,1045.68,203.286
2,1202,677.883,1045.68,203.286
2,1203,677.883,1045.68,203.286
2,1204,677.883,1045.68,203.286
2,1205,677.883,1045.68,203.286
2,1206,677.883,1045.68,203.286
2,1207,677.883,1045.68,203.286
2,1208,677.883,1045.68,203.286
2,1209,677.883,1045.68,203.286
2,1210,677.883,1028.82,203.286
2,1211,677.883,1132.58,203.286
2,1212,677.883,1043.41,203.286
2,1213,677.883,1041.77,203.286
2,1214,677.883,1041.77,203.286
2,1215,677.883,1041.77,203.286
2,1216,677.883,1041.77,203.286
2,1217,677.883,1026.88,203.286
2,1218,677.883,1026.82,203.286
2,1219,677.883,1026.82,203.286
2,1220,677.883,1026.82,203.286
2,1221,677.883,1026.82,203.286
2,1222,677.883,1026.82,203.286
2,1223,677.883,1026.82,203.286
2,1224,677.883,1026.82,203.286
2,1225,677.883,999.14,203.286
2,1226,677.883,999.14,203.286
2,1227,677.883,1074.96,203.286
2,1228,677.883,1074.96,203.286
2,1229,677.883,1074.96,203.286
2,1230,677.883,999.14,203.286
2,1231,677.883,999.14,203.286
2,1232,677.883,999.14,203.286
2,1233,677.883,999.14,203.286
2,1234,677.883,999.14,203.286
2,1235,677.883,999.14,203.286
2,1236,677.883,999.14,203.286
2,1237,677.883,999.14,203.286
2,1238,677.883,999.14,203.286
2,1239,677.883,997.996,203.286
2,1240,677.883,997.996,203.286
2,1241,677.883,1002.01,203.286
2,1242,677.883,1002.01,203.286
2,1243,677.883,992.732,203.286
2,1244,677.883,992.732,203.286
2,1245,677.883,992.732,203.286
2,1246,677.883,992.732,203.286
2,1247,677.883,992.732,203.286
2,1248,677.883,992.732,203.286
2,1249,677.883,992.732,203.286
2,1250,677.883,992.732,203.286
2,1251,677.883,1311.2,203.286
2,1252,677.883,1311.2,203.286
2,1253,677.883,2273.48,203.286
2,1254,677.883,2249.12,203.286
2,1255,677.883,2249.12,203.286
2,1256,677.883,2249.12,203.286
2,1257,677.883,2241.24,203.286
2,1258,677.883,2241.24,203.286
2,1259,677.883,2241.24,203.286
2,1260,677.883,1294.73,203.286
2,1261,677.883,1294.73,203.286
2,1262,677.883,1294.73,203.286
2,1263,677.883,1294.73,203.286
2,1264,677.883,1291.94,203.286
2,1265,677.883,1291.94,203.286
2,1266,677.883,1291.94,203.286
2,1267,677.883,1349.6,203.286
2,1268,677.883,1104.6,203.286
2,1269,677.883,1104.6,203.286
2,1270,677.883,1061.67,203.286
2,1271,677.883,1061.67,203.286
2,1272,677.883,1061.67,203.286
2,1273,677.883,1061.67,203.286
2,1274,677.883,775.119,203.286
2,1275,677.883,774.1,203.286
2,1276,677.883,774.1,203.286
2,1277,677.883,774.1,203.286
2,1278,677.883,774.1,203.286
2,1279,677.883,774.1,203.286
2,1280,677.883,769.923,203.286
2,1281,677.883,769.923,201.253
2,1282,677.883,769.923,201.253
2,1283,677.883,769.923,201.253
2,1284,677.883,769.923,201.253
2,1285,677.883,769.923,201.253
2,1286,677.883,769.923,201.253
2,1287,677.883,769.923,201.253
2,1288,677.883,769.923,201.253
2,1289,677.883,769.923,201.253
2,1290,677.883,769.923,201.253
2,1291,677.883,769.923,201.253
2,1292,677.883,769.923,201.253
2,1293,677.883,769.923,201.253
2,1294,677.883,769.923,201.253
2,1295,677.883,769.923,201.253
2,1296,677.883,769.923,201.253
2,1297,677.883,769.923,201.253
2,1298,677.883,769.923,201.253
2,1299,677.883,769.923,201.253
2,1300,677.883,767.691,201.253
2,1301,677.883,767.691,201.253
2,1302,677.883,721.031,201.253
2,1303,677.883,721.031,201.253
2,1304,677.883,721.031,201.253
2,1305,677.883,721.031,201.253
2,1306,677.883,721.031,201.253
2,1307,677.883,721.031,201.253
2,1308,677.883,721.031,201.253
2,1309,677.883,721.031,201.253
2,1310,677.883,711.752,201.253
2,1311,677.883,711.752,201.253
2,1312,677.883,711.752,201.253
2,1313,677.883,711.752,201.253
2,1314,677.883,711.752,201.253
2,1315,677.883,711.752,201.253
2,1316,677.883,711.752,201.253
2,1317,677.883,711.752,201.253
2,1318,677.883,711.752,201.253
2,1319,677.883,711.752,201.253
2,1320,677.883,711.752,201.253
2,1321,677.883,711.752,201.253
2,1322,677.883,711.752,201.253
2,1323,677.883,711.752,201.253
2,1324,677.883,711.752,201.253
2,1325,677.883,711.752,201.253
2,1326,677.883,711.752,201.253
2,1327,677.883,711.752,201.253
2,1328,677.883,711.752,201.253
2,1329,677.883,711.752,201.253
2,1330,677.883,711.752,201.253
2,1331,677.883,711.752,201.253
2,1332,677.883,711.752,201.253
2,1333,677.883,711.752,201.253
2,1334,677.883,711.752,201.253
2,1335,677.883,711.752,201.253
2,1336,677.883,711.752,201.253
2,1337,677.883,711.752,201.253
2,1338,677.883,711.752,201.253
2,1339,677.883,711.752,201.253
2,1340,677.883,711.752,201.253
2,1341,677.883,711.752,201.253
2,1342,677.883,711.752,201.253
2,1343,677.883,711.752,201.253
2,1344,677.883,711.752,201.253
2,1345,677.883,783.947,201.253
2,1346,677.883,783.947,201.253
2,1347,677.883,783.947,201.253
2,1348,677.883,783.947,201.253
2,1349,677.883,783.947,201.253
2,1350,677.883,735.696,201.253
2,1351,677.883,1040.5,201.253
2,1352,677.883,1040.5,201.253
2,1353,677.883,1035.61,201.253
2,1354,677.883,1035.61,201.253
2,1355,677.883,1035.61,201.253
2,1356,677.883,1035.61,201.253
2,1357,677.883,1035.61,201.253
2,1358,677.883,1035.61,201.253
2,1359,677.883,1035.61,201.253
2,1360,677.883,1018.7,201.253
2,1361,677.883,1018.7,199.241
2,1362,677.883,1018.7,199.241
2,1363,677.883,1038.77,199.241
2,1364,677.883,1038.77,199.241
2,1365,677.883,1038.77,199.241
2,1366,677.883,1038.77,199.241
2,1367,677.883,1038.77,199.241
2,1368,677.883,1047.64,199.241
2,1369,677.883,1028.1,199.241
2,1370,677.883,1028.1,199.241
2,1371,677.883,1028.1,199.241
2,1372,677.883,1028.1,199.241
2,1373,677.883,1028.1,199.241
2,1374,677.883,986.239,199.241
2,1375,677.883,986.239,199.241
2,1376,677.883,986.239,199.241
2,1377,677.883,986.239,199.241
2,1378,677.883,986.239,199.241
2,1379,677.883,986.239,199.241
2,1380,677.883,986.239,199.241
2,1381,677.883,986.239,199.241
2,1382,677.883,986.239,199.241
2,1383,677.883,986.165,199.241
2,1384,677.883,986.165,199.241
2,1385,677.883,986.165,199.241
2,1386,677.883,986.165,199.241
2,1387,677.883,986.165,199.241
2,1388,677.883,986.165,199.241
2,1389,677.883,986.165,199.241
2,1390,677.883,986.165,199.241
2,1391,677.883,986.165,199.241
2,1392,677.883,986.165,199.241
2,1393,677.883,986.165,199.241
2,1394,677.883,986.165,199.241
2,1395,677.883,986.165,199.241
2,1396,677.883,986.165,199.241
2,1397,677.883,986.165,199.241
2,1398,677.883,990.197,199.241
2,1399,677.883,990.197,199.241
2,1400,677.883,990.197,199.241
2,1401,677.883,990.197,199.241
2,1402,677.883,990.197,199.241
2,1403,677.883,990.197,199.241
2,1404,677.883,1269.06,199.241
2,1405,677.883,1269.06,199.241
2,1406,677.883,1266.84,199.241
2,1407,677.883,1266.84,199.241
2,1408,677.883,1266.84,199.241
2,1409,677.883,1266.84,199.241
2,1410,677.883,1266.84,199.241
2,1411,677.883,1266.84,199.241
2,1412,677.883,1340.98,199.241
2,1413,677.883,1277.67,199.241
2,1414,677.883,1277.67,199.241
2,1415,677.883,1277.67,199.241
2,1416,677.883,1277.67,199.241
2,1417,677.883,1277.67,199.241
2,1418,677.883,1277.67,199.241
2,1419,677.883,1030.95,199.241
2,1420,677.883,1030.95,199.241
2,1421,677.883,1063.33,199.241
2,1422,677.883,1000.02,199.241
2,1423,677.883,1000.02,199.241
2,1424,677.883,1000.02,199.241
2,1425,677.883,1000.02,199.241
2,1426,677.883,1000.02,199.241
2,1427,677.883,1000.02,199.241
2,1428,677.883,1000.02,199.241
2,1429,677.883,1000.02,199.241
2,1430,677.883,1000.02,199.241
2,1431,677.883,1287.23,199.241
2,1432,677.883,1287.23,199.241
2,1433,677.883,1040.59,199.241
2,1434,677.883,1054.1,199.241
2,1435,677.883,1054.1,199.241
2,1436,677.883,1054.1,199.241
2,1437,677.883,1054.1,199.241
2,1438,677.883,1054.1,199.241
2,1439,677.883,1054.1,199.241
2,1440,677.883,1054.1,199.241
2,1441,677.883,1054.1,197.248
2,1442,677.883,1054.1,197.248
2,1443,677.883,1054.1,197.248
2,1444,677.883,1054.1,197.248
2,1445,677.883,1054.1,197.248
2,1446,677.883,1054.1,197.248
2,1447,677.883,1054.1,197.248
2,1448,677.883,1054.1,197.248
2,1449,677.883,1054.1,197.248
2,1450,677.883,1054.1,197.248
2,1451,677.883,1054.1,197.248
2,1452,677.883,1054.1,197.248
2,1453,677.883,1054.1,197.248
2,1454,677.883,995.711,197.248
2,1455,677.883,995.711,197.248
2,1456,677.883,995.711,197.248
2,1457,677.883,995.711,197.248
2,1458,677.883,995.711,197.248
2,1459,677.883,752.43,197.248
2,1460,677.883,752.43,197.248
2,1461,677.883,706.761,197.248
2,1462,677.883,702.813,197.248
2,1463,677.883,702.813,197.248
2,1464,677.883,702.813,197.248
2,1465,677.883,702.813,197.248
2,1466,677.883,702.813,197.248
2,1467,677.883,702.813,197.248
2,1468,677.883,702.813,197.248
2,1469,677.883,702.813,197.248
2,1470,677.883,702.813,197.248
2,1471,677.883,702.813,197.248
2,1472,677.883,702.813,197.248
2,1473,677.883,702.813,197.248
2,1474,677.883,702.813,197.248
2,1475,677.883,702.813,197.248
2,1476,677.883,702.813,197.248
2,1477,677.883,702.813,197.248
2,1478,677.883,702.813,197.248
2,1479,677.883,702.739,197.248
2,1480,677.883,745.589,197.248
2,1481,677.883,745.589,197.248
2,1482,677.883,745.589,197.248
2,1483,677.883,727.39,197.248
2,1484,677.883,727.39,197.248
2,1485,677.883,727.39,197.248
2,1486,677.883,727.39,197.248
2,1487,677.883,727.39,197.248
2,1488,677.883,727.39,197.248
2,1489,677.883,727.39,197.248
2,1490,677.883,727.39,197.248
2,1491,677.883,727.39,197.248
2,1492,677.883,727.39,197.248
2,1493,677.883,727.39,197.248
2,1494,677.883,727.39,197.248
2,1495,677.883,721.557,197.248
2,1496,677.883,721.557,197.248
2,1497,677.883,721.557,197.248
2,1498,677.883,721.557,197.248
2,1499,677.883,721.557,197.248
2,1500,677.883,721.557,197.248
2,1501,677.883,721.557,197.248
2,1502,677.883,721.557,197.248
2,1503,677.883,721.557,197.248
2,1504,677.883,721.557,197.248
2,1505,677.883,721.557,197.248
2,1506,677.883,721.557,197.248
2,1507,677.883,721.557,197.248
2,1508,677.883,721.557,197.248
2,1509,677.883,721.557,197.248
2,1510,677.883,718.554,197.248
2,1511,677.883,718.554,197.248
2,1512,677.883,718.554,197.248
2,1513,677.883,718.554,197.248
2,1514,677.883,718.554,197.248
2,1515,677.883,718.554,197.248
2,1516,677.883,723.362,197.248
2,1517,677.883,723.362,197.248
2,1518,677.883,723.362,197.248
2,1519,677.883,799.389,197.248
2,1520,677.883,799.389,197.248
2,1521,677.883,799.389,195.276
2,1522,677.883,799.389,195.276
2,1523,677.883,799.389,195.276
2,1524,677.883,799.389,195.276
2,1525,677.883,799.389,195.276
2,1526,677.883,799.389,195.276
2,1527,677.883,775.439,195.276
2,1528,677.883,774.42,195.276
2,1529,677.883,774.42,195.276
2,1530,677.883,774.42,195.276
2,1531,677.883,774.42,195.276
2,1532,677.883,774.42,195.276
2,1533,677.883,774.42,195.276
2,1534,677.883,774.42,195.276
2,1535,677.883,774.42,195.276
2,1536,677.883,774.42,195.276
2,1537,677.883,774.42,195.276
2,1538,677.883,774.42,195.276
2,1539,677.883,774.42,195.276
2,1540,677.883,774.42,195.276
2,1541,677.883,774.42,195.276
2,1542,677.883,774.42,195.276
2,1543,677.883,774.42,195.276
2,1544,677.883,774.42,195.276
2,1545,677.883,774.42,195.276
2,1546,677.883,774.42,195.276
2,1547,677.883,774.42,195.276
2,1548,677.883,774.42,195.276
2,1549,677.883,774.42,195.276
2,1550,677.883,774.42,195.276
2,1551,677.883,758.629,195.276
2,1552,677.883,758.629,195.276
2,1553,677.883,758.629,195.276
2,1554,677.883,758.629,195.276
2,1555,677.883,758.629,195.276
2,1556,677.883,758.629,195.276
2,1557,677.883,758.629,195.276
2,1558,677.883,1043.29,195.276
2,1559,677.883,1043.29,195.276
2,1560,677.883,1043.29,195.276
2,1561,677.883,1043.29,195.276
2,1562,677.883,1043.29,195.276
2,1563,677.883,1043.29,195.276
2,1564,677.883,1035.3,195.276
2,1565,677.883,1035.3,195.276
2,1566,677.883,1035.3,195.276
2,1567,677.883,1078.8,195.276
2,1568,677.883,1078.8,195.276
2,1569,677.883,1064.56,195.276
2,1570,677.883,1424.39,195.276
2,1571,677.883,1424.39,195.276
2,1572,677.883,1378.02,195.276
2,1573,677.883,1378.02,195.276
2,1574,677.883,1378.02,195.276
2,1575,677.883,1378.02,195.276
2,1576,677.883,1378.02,195.276
2,1577,677.883,1354.81,195.276
2,1578,677.883,1426.13,195.276
2,1579,677.883,1426.13,195.276
2,1580,677.883,1426.13,195.276
2,1581,677.883,1170.96,195.276
2,1582,677.883,1170.96,195.276
2,1583,677.883,1170.96,195.276
2,1584,677.883,1170.96,195.276
2,1585,677.883,1170.96,195.276
2,1586,677.883,1170.96,195.276
2,1587,677.883,1170.96,195.276
2,1588,677.883,1170.96,195.276
2,1589,677.883,1170.96,195.276
2,1590,677.883,1170.96,195.276
2,1591,677.883,1170.96,195.276
2,1592,677.883,1170.96,195.276
2,1593,677.883,1104.91,195.276
2,1594,677.883,1104.91,195.276
2,1595,677.883,1104.91,195.276
2,1596,677.883,1104.91,195.276
2,1597,677.883,1104.91,195.276
2,1598,677.883,1104.91,195.276
2,1599,677.883,1062.66,195.276
2,1600,677.883,1062.66,195.276
2,1601,677.883,1062.66,193.323
2,1602,677.883,1062.66,193.323
2,1603,677.883,1062.66,193.323
2,1604,677.883,1062.66,193.323
2,1605,677.883,1062.66,193.323
2,1606,677.883,1062.66,193.323
2,1607,677.883,1024.28,193.323
2,1608,677.883,1024.28,193.323
2,1609,677.883,1014.43,193.323
2,1610,677.883,1014.43,193.323
2,1611,677.883,1014.43,193.323
2,1612,677.883,1014.43,193.323
2,1613,677.883,1014.43,193.323
2,1614,677.883,1014.43,193.323
2,1615,677.883,1014.43,193.323
2,1616,677.883,1014.43,193.323
2,1617,677.883,1014.43,193.323
2,1618,677.883,1014.43,193.323
2,1619,677.883,1014.43,193.323
2,1620,677.883,1014.43,193.323
2,1621,677.883,951.196,193.323
2,1622,677.883,951.196,193.323
2,1623,677.883,951.196,193.323
2,1624,677.883,951.196,193.323
2,1625,677.883,951.196,193.323
2,1626,677.883,951.196,193.323
2,1627,677.883,951.196,193.323
2,1628,677.883,951.196,193.323
2,1629,677.883,951.196,193.323
2,1630,677.883,951.196,193.323
2,1631,677.883,951.196,193.323
2,1632,677.883,951.196,193.323
2,1633,677.883,951.196,193.323
2,1634,677.883,951.196,193.323
2,1635,677.883,951.196,193.323
2,1636,677.883,951.196,193.323
2,1637,677.883,951.196,193.323
2,1638,677.883,951.196,193.323
2,1639,677.883,951.196,193.323
2,1640,677.883,951.196,193.323
2,1641,677.883,951.196,193.323
2,1642,677.883,951.196,193.323
2,1643,677.883,961.915,193.323
2,1644,677.883,961.915,193.323
2,1645,677.883,961.915,193.323
2,1646,677.883,961.915,193.323
2,1647,677.883,961.915,193.323
2,1648,677.883,961.915,193.323
2,1649,677.883,951.196,193.323
2,1650,677.883,951.196,193.323
2,1651,677.883,951.196,193.323
2,1652,677.883,951.196,193.323
2,1653,677.883,951.196,193.323
2,1654,677.883,951.196,193.323
2,1655,677.883,951.196,193.323
2,1656,677.883,951.196,193.323
2,1657,677.883,951.196,193.323
2,1658,677.883,951.196,193.323
2,1659,677.883,951.196,193.323
2,1660,677.883,951.196,193.323
2,1661,677.883,951.196,193.323
2,1662,677.883,951.196,193.323
2,1663,677.883,951.196,193.323
2,1664,677.883,951.196,193.323
2,1665,677.883,951.196,193.323
2,1666,677.883,951.196,193.323
2,1667,677.883,951.196,193.323
2,1668,677.883,951.196,193.323
2,1669,677.883,951.196,193.323
2,1670,677.883,951.196,193.323
2,1671,677.883,951.196,193.323
2,1672,677.883,951.196,193.323
2,1673,677.883,951.196,193.323
2,1674,677.883,951.196,193.323
2,1675,677.883,951.196,193.323
2,1676,677.883,951.196,193.323
2,1677,677.883,951.196,193.323
2,1678,677.883,951.196,193.323
2,1679,677.883,951.196,193.323
2,1680,677.883,951.196,193.323
2,1681,677.883,951.196,191.39
2,1682,677.883,951.196,191.39
2,1683,677.883,951.196,191.39
2,1684,677.883,951.196,191.39
2,1685,677.883,1245.02,191.39
2,1686,677.883,1245.02,191.39
2,1687,677.883,1255.16,191.39
2,1688,677.883,1245.02,191.39
2,1689,677.883,1245.02,191.39
2,1690,677.883,1245.02,191.39
2,1691,677.883,1245.02,191.39
2,1692,677.883,1245.02,191.39
2,1693,677.883,1245.02,191.39
2,1694,677.883,1245.02,191.39
2,1695,677.883,1245.02,191.39
2,1696,677.883,1245.02,191.39
2,1697,677.883,1245.02,191.39
2,1698,677.883,1245.02,191.39
2,1699,677.883,1245.02,191.39
2,1700,677.883,1245.02,191.39
2,1701,677.883,1245.02,191.39
2,1702,677.883,1554.28,191.39
2,1703,677.883,1554.28,191.39
2,1704,677.883,1554.28,191.39
2,1705,677.883,1554.28,191.39
2,1706,677.883,1554.28,191.39
2,1707,677.883,1544.11,191.39
2,1708,677.883,1544.11,191.39
2,1709,677.883,1544.11,191.39
2,1710,677.883,1554.28,191.39
2,1711,677.883,1554.28,191.39
2,1712,677.883,1554.28,191.39
2,1713,677.883,1554.28,191.39
2,1714,677.883,1554.28,191.39
2,1715,677.883,1577.75,191.39
2,1716,677.883,1577.75,191.39
2,1717,677.883,1577.75,191.39
2,1718,677.883,1577.75,191.39
2,1719,677.883,1277.04,191.39
2,1720,677.883,1277.04,191.39
2,1721,677.883,1277.04,191.39
2,1722,677.883,1277.04,191.39
2,1723,677.883,1277.04,191.39
2,1724,677.883,1277.04,191.39
2,1725,677.883,1277.04,191.39
2,1726,677.883,1277.04,191.39
2,1727,677.883,1277.04,191.39
2,1728,677.883,1277.04,191.39
2,1729,677.883,1277.04,191.39
2,1730,677.883,1277.04,191.39
2,1731,677.883,1277.04,191.39
2,1732,677.883,1277.04,191.39
2,1733,677.883,1277.04,191.39
2,1734,677.883,1277.04,191.39
2,1735,677.883,1249.83,191.39
2,1736,677.883,1249.83,191.39
2,1737,677.883,1249.83,191.39
2,1738,677.883,1249.83,191.39
2,1739,677.883,1249.83,191.39
2,1740,677.883,1249.83,191.39
2,1741,677.883,1249.83,191.39
2,1742,677.883,1249.83,191.39
2,1743,677.883,1245.02,191.39
2,1744,677.883,1245.02,191.39
2,1745,677.883,1245.02,191.39
2,1746,677.883,1245.02,191.39
2,1747,677.883,1245.02,191.39
2,1748,677.883,1249.83,191.39
2,1749,677.883,1249.83,191.39
2,1750,677.883,1249.83,191.39
2,1751,677.883,1249.83,191.39
2,1752,677.883,1249.83,191.39
2,1753,677.883,1249.83,191.39
2,1754,677.883,1249.83,191.39
2,1755,677.883,1249.83,191.39
2,1756,677.883,1249.83,191.39
2,1757,677.883,1577.75,191.39
2,1758,677.883,1577.75,191.39
2,1759,677.883,1277.04,191.39
2,1760,677.883,1277.04,191.39
2,1761,677.883,1277.04,189.476
2,1762,677.883,1277.04,189.476
2,1763,677.883,1277.04,189.476
2,1764,677.883,1277.04,189.476
2,1765,677.883,1277.04,189.476
2,1766,677.883,1277.04,189.476
2,1767,677.883,1277.04,189.476
2,1768,677.883,1277.04,189.476
2,1769,677.883,1277.04,189.476
2,1770,677.883,1600.85,189.476
2,1771,677.883,1600.85,189.476
2,1772,677.883,2064.07,189.476
2,1773,677.883,2064.07,189.476
2,1774,677.883,2064.07,189.476
2,1775,677.883,1309.16,189.476
2,1776,677.883,1309.16,189.476
2,1777,677.883,1309.16,189.476
2,1778,677.883,1404.37,189.476
2,1779,677.883,1404.37,189.476
2,1780,677.883,1404.37,189.476
2,1781,677.883,1404.37,189.476
2,1782,677.883,1404.37,189.476
2,1783,677.883,1404.37,189.476
2,1784,677.883,1404.37,189.476
2,1785,677.883,1404.37,189.476
2,1786,677.883,1404.37,189.476
2,1787,677.883,1404.37,189.476
2,1788,677.883,1404.37,189.476
2,1789,677.883,1404.37,189.476
2,1790,677.883,1404.37,189.476
2,1791,677.883,1404.37,189.476
2,1792,677.883,1404.37,189.476
2,1793,677.883,1462.8,189.476
2,1794,677.883,1439.17,189.476
2,1795,677.883,1439.17,189.476
2,1796,677.883,1429.87,189.476
2,1797,677.883,1366.3,189.476
2,1798,677.883,1366.3,189.476
2,1799,677.883,1442.43,189.476
2,1800,677.883,1442.43,189.476
2,1801,677.883,1442.43,189.476
2,1802,677.883,1442.43,189.476
2,1803,677.883,1332.9,189.476
2,1804,677.883,1332.9,189.476
2,1805,677.883,1263.17,189.476
2,1806,677.883,1263.17,189.476
2,1807,677.883,1263.17,189.476
2,1808,677.883,1263.17,189.476
2,1809,677.883,1263.17,189.476
2,1810,677.883,1263.17,189.476
2,1811,677.883,1263.17,189.476
2,1812,677.883,1263.17,189.476
2,1813,677.883,1263.17,189.476
2,1814,677.883,1016,189.476
2,1815,677.883,1016,189.476
2,1816,677.883,1016,189.476
2,1817,677.883,1016,189.476
2,1818,677.883,1016,189.476
2,1819,677.883,1016,189.476
2,1820,677.883,1016,189.476
2,1821,677.883,1016,189.476
2,1822,677.883,1016,189.476
2,1823,677.883,1016,189.476
2,1824,677.883,1016,189.476
2,1825,677.883,1016,189.476
2,1826,677.883,1016,189.476
2,1827,677.883,1016,189.476
2,1828,677.883,1029.87,189.476
2,1829,677.883,1029.87,189.476
2,1830,677.883,1029.87,189.476
2,1831,677.883,1029.87,189.476
2,1832,677.883,1029.87,189.476
2,1833,677.883,1029.87,189.476
2,1834,677.883,1029.87,189.476
2,1835,677.883,1029.87,189.476
2,1836,677.883,1029.87,189.476
2,1837,677.883,1029.87,189.476
2,1838,677.883,1029.87,189.476
2,1839,677.883,1029.87,189.476
2,1840,677.883,1029.87,189.476
2,1841,677.883,1029.87,187.581
2,1842,677.883,1029.87,187.581
2,1843,677.883,1029.87,187.581
2,1844,677.883,956.004,187.581
2,1845,677.883,956.004,187.581
2,1846,677.883,956.004,187.581
2,1847,677.883,956.004,187.581
2,1848,677.883,956.004,187.581
2,1849,677.883,956.004,187.581
2,1850,677.883,956.004,187.581
2,1851,677.883,956.004,187.581
2,1852,677.883,956.004,187.581
2,1853,677.883,956.004,187.581
2,1854,677.883,956.004,187.581
2,1855,677.883,956.004,187.581
2,1856,677.883,956.004,187.581
2,1857,677.883,956.004,187.581
2,1858,677.883,956.004,187.581
2,1859,677.883,956.004,187.581
2,1860,677.883,956.004,187.581
2,1861,677.883,956.004,187.581
2,1862,677.883,956.004,187.581
2,1863,677.883,956.004,187.581
2,1864,677.883,956.004,187.581
2,1865,677.883,960.026,187.581
2,1866,677.883,956.004,187.581
2,1867,677.883,956.004,187.581
2,1868,677.883,956.004,187.581
2,1869,677.883,956.004,187.581
2,1870,677.883,956.004,187.581
2,1871,677.883,956.004,187.581
2,1872,677.883,956.004,187.581
2,1873,677.883,956.004,187.581
2,1874,677.883,956.004,187.581
2,1875,677.883,956.004,187.581
2,1876,677.883,956.004,187.581
2,1877,677.883,956.004,187.581
2,1878,677.883,956.004,187.581
2,1879,677.883,956.004,187.581
2,1880,677.883,956.004,187.581
2,1881,677.883,956.004,187.581
2,1882,677.883,956.004,187.581
2,1883,677.883,956.004,187.581
2,1884,677.883,956.004,187.581
2,1885,677.883,956.004,187.581
2,1886,677.883,956.004,187.581
2,1887,677.883,956.004,187.581
2,1888,677.883,956.004,187.581
2,1889,677.883,956.004,187.581
2,1890,677.883,956.004,187.581
2,1891,677.883,956.004,187.581
2,1892,677.883,956.004,187.581
2,1893,677.883,956.004,187.581
2,1894,677.883,956.004,187.581
2,1895,677.883,956.004,187.581
2,1896,677.883,956.004,187.581
2,1897,677.883,956.004,187.581
2,1898,677.883,956.004,187.581
2,1899,677.883,956.004,187.581
2,1900,677.883,956.004,187.581
2,1901,677.883,956.004,187.581
2,1902,677.883,956.004,187.581
2,1903,677.883,956.004,187.581
2,1904,677.883,956.004,187.581
2,1905,677.883,956.004,187.581
2,1906,677.883,956.004,187.581
2,1907,677.883,956.004,187.581
2,1908,677.883,956.004,187.581
2,1909,677.883,956.004,187.581
2,1910,677.883,956.004,187.581
2,1911,677.883,956.004,187.581
2,1912,677.883,956.004,187.581
2,1913,677.883,956.004,187.581
2,1914,677.883,956.004,187.581
2,1915,677.883,956.004,187.581
2,1916,677.883,956.004,187.581
2,1917,677.883,956.004,187.581
2,1918,677.883,956.004,187.581
2,1919,677.883,956.004,187.581
2,1920,677.883,956.004,187.581
2,1921,677.883,956.004,185.705
2,1922,677.883,976.506,185.705
2,1923,677.883,976.506,185.705
2,1924,677.883,976.506,185.705
2,1925,677.883,976.506,185.705
2,1926,677.883,976.506,185.705
2,1927,677.883,976.506,185.705
2,1928,677.883,976.506,185.705
2,1929,677.883,976.506,185.705
2,1930,677.883,976.506,185.705
2,1931,677.883,971.194,185.705
2,1932,677.883,954.285,185.705
2,1933,677.883,954.285,185.705
2,1934,677.883,954.285,185.705
2,1935,677.883,945.005,185.705
2,1936,677.883,945.005,185.705
2,1937,677.883,945.005,185.705
2,1938,677.883,945.005,185.705
2,1939,677.883,945.005,185.705
2,1940,677.883,945.005,185.705
2,1941,677.883,945.005,185.705
2,1942,677.883,945.005,185.705
2,1943,677.883,945.005,185.705
2,1944,677.883,945.005,185.705
2,1945,677.883,945.005,185.705
2,1946,677.883,945.005,185.705
2,1947,677.883,945.005,185.705
2,1948,677.883,945.005,185.705
2,1949,677.883,945.005,185.705
2,1950,677.883,945.005,185.705
2,1951,677.883,945.005,185.705
2,1952,677.883,945.005,185.705
2,1953,677.883,945.005,185.705
2,1954,677.883,945.005,185.705
2,1955,677.883,945.005,185.705
2,1956,677.883,945.005,185.705
2,1957,677.883,945.005,185.705
2,1958,677.883,945.005,185.705
2,1959,677.883,945.005,185.705
2,1960,677.883,945.005,185.705
2,1961,677.883,945.005,185.705
2,1962,677.883,945.005,185.705
2,1963,677.883,945.005,185.705
2,1964,677.883,945.005,185.705
2,1965,677.883,945.005,185.705
2,1966,677.883,1558.62,185.705
2,1967,677.883,1558.62,185.705
2,1968,677.883,945.005,185.705
2,1969,677.883,945.005,185.705
2,1970,677.883,945.005,185.705
2,1971,677.883,945.005,185.705
2,1972,677.883,945.005,185.705
2,1973,677.883,945.005,185.705
2,1974,677.883,945.005,185.705
2,1975,677.883,945.005,185.705
2,1976,677.883,945.005,185.705
2,1977,677.883,945.005,185.705
2,1978,677.883,945.005,185.705
2,1979,677.883,945.005,185.705
2,1980,677.883,945.005,185.705
2,1981,677.883,945.005,185.705
2,1982,677.883,945.005,185.705
2,1983,677.883,945.005,185.705
2,1984,677.883,945.005,185.705
2,1985,677.883,945.005,185.705
2,1986,677.883,945.005,185.705
2,1987,677.883,945.005,185.705
2,1988,677.883,945.005,185.705
2,1989,677.883,945.005,185.705
2,1990,677.883,945.005,185.705
2,1991,677.883,945.005,185.705
2,1992,677.883,945.005,185.705
2,1993,677.883,945.005,185.705
2,1994,677.883,945.005,185.705
2,1995,677.883,945.005,185.705
2,1996,677.883,945.005,185.705
2,1997,677.883,945.005,185.705
2,1998,677.883,945.005,185.705
2,1999,677.883,945.005,185.705
2,2000,677.883,945.005,185.705
2,2001,677.883,700.002,183.848
2,2002,677.883,700.002,183.848
2,2003,677.883,700.002,183.848
2,2004,677.883,700.002,183.848
2,2005,677.883,700.002,183.848
2,2006,677.883,700.002,183.848
2,2007,677.883,700.002,183.848
2,2008,677.883,700.002,183.848
2,2009,677.883,700.002,183.848
2,2010,677.883,700.002,183.848
2,2011,677.883,700.002,183.848
2,2012,677.883,700.002,183.848
2,2013,677.883,700.002,183.848
2,2014,677.883,700.002,183.848
2,2015,677.883,700.002,183.848
2,2016,677.883,700.002,183.848
2,2017,677.883,700.002,183.848
2,2018,677.883,700.002,183.848
2,2019,677.883,700.002,183.848
2,2020,677.883,700.002,183.848
2,2021,677.883,700.002,183.848
2,2022,677.883,700.002,183.848
2,2023,677.883,700.002,183.848
2,2024,677.883,700.002,183.848
2,2025,677.883,700.002,183.848
2,2026,677.883,700.002,183.848
2,2027,677.883,700.002,183.848
2,2028,677.883,700.002,183.848
2,2029,677.883,700.002,183.848
2,2030,677.883,700.002,183.848
2,2031,677.883,700.002,183.848
2,2032,677.883,700.002,183.848
2,2033,677.883,700.002,183.848
2,2034,677.883,700.002,183.848
2,2035,677.883,700.002,183.848
2,2036,677.883,700.002,183.848
2,2037,677.883,700.002,183.848
2,2038,677.883,700.002,183.848
2,2039,677.883,700.002,183.848
2,2040,677.883,700.002,183.848
2,2041,677.883,700.002,183.848
2,2042,677.883,700.002,183.848
2,2043,677.883,700.002,183.848
2,2044,677.883,700.002,183.848
2,2045,677.883,700.002,183.848
2,2046,677.883,700.002,183.848
2,2047,677.883,700.002,183.848
2,2048,677.883,700.002,183.848
2,2049,677.883,700.002,183.848
2,2050,677.883,700.002,183.848
2,2051,677.883,700.002,183.848
2,2052,677.883,700.002,183.848
2,2053,677.883,700.002,183.848
2,2054,677.883,700.002,183.848
2,2055,677.883,700.002,183.848
2,2056,677.883,700.002,183.848
2,2057,677.883,700.002,183.848
2,2058,677.883,700.002,183.848
2,2059,677.883,700.002,183.848
2,2060,677.883,699.179,183.848
2,2061,677.883,699.179,183.848
2,2062,677.883,699.179,183.848
2,2063,677.883,699.179,183.848
2,2064,677.883,699.179,183.848
2,2065,677.883,699.179,183.848
2,2066,677.883,699.179,183.848
2,2067,677.883,699.179,183.848
2,2068,677.883,699.179,183.848
2,2069,677.883,699.179,183.848
2,2070,677.883,699.179,183.848
2,2071,677.883,699.179,183.848
2,2072,677.883,699.179,183.848
2,2073,677.883,699.179,183.848
2,2074,677.883,699.179,183.848
2,2075,677.883,699.179,183.848
2,2076,677.883,699.179,183.848
2,2077,677.883,688.865,183.848
2,2078,677.883,688.865,183.848
2,2079,677.883,688.865,183.848
2,2080,677.883,688.865,183.848
2,2081,677.883,688.865,182.01
2,2082,677.883,688.865,182.01
2,2083,677.883,688.865,182.01
2,2084,677.883,688.865,182.01
2,2085,677.883,688.865,182.01
2,2086,677.883,688.865,182.01
2,2087,677.883,688.865,182.01
2,2088,677.883,688.865,182.01
2,2089,677.883,688.865,182.01
2,2090,677.883,688.865,182.01
2,2091,677.883,688.865,182.01
2,2092,677.883,688.865,182.01
2,2093,677.883,688.865,182.01
2,2094,677.883,688.865,182.01
2,2095,677.883,688.865,182.01
2,2096,677.883,688.865,182.01
2,2097,677.883,688.865,182.01
2,2098,677.883,688.865,182.01
2,2099,677.883,688.865,182.01
2,2100,677.883,688.865,182.01
2,2101,677.883,688.865,182.01
2,2102,677.883,688.865,182.01
2,2103,677.883,688.865,182.01
2,2104,677.883,688.865,182.01
2,2105,677.883,688.865,182.01
2,2106,677.883,688.865,182.01
2,2107,677.883,688.865,182.01
2,2108,677.883,688.865,182.01
2,2109,677.883,688.865,182.01
2,2110,677.883,688.865,182.01
2,2111,677.883,688.865,182.01
2,2112,677.883,688.865,182.01
2,2113,677.883,688.865,182.01
2,2114,677.883,688.865,182.01
2,2115,677.883,688.865,182.01
2,2116,677.883,688.865,182.01
2,2117,677.883,688.865,182.01
2,2118,677.883,688.865,182.01
2,2119,677.883,688.865,182.01
2,2120,677.883,688.865,182.01
2,2121,677.883,688.865,182.01
2,2122,677.883,688.865,182.01
2,2123,677.883,688.865,182.01
2,2124,677.883,688.865,182.01
2,2125,677.883,688.865,182.01
2,2126,677.883,688.865,182.01
2,2127,677.883,688.865,182.01
2,2128,677.883,688.865,182.01
2,2129,677.883,706.559,182.01
2,2130,677.883,706.559,182.01
2,2131,677.883,706.559,182.01
2,2132,677.883,706.559,182.01
2,2133,677.883,1046.23,182.01
2,2134,677.883,1046.23,182.01
2,2135,677.883,1046.23,182.01
2,2136,677.883,1046.23,182.01
2,2137,677.883,1035.45,182.01
2,2138,677.883,1032.24,182.01
2,2139,677.883,1032.24,182.01
2,2140,677.883,985.559,182.01
2,2141,677.883,985.559,182.01
2,2142,677.883,988.258,182.01
2,2143,677.883,985.559,182.01
2,2144,677.883,985.559,182.01
2,2145,677.883,985.559,182.01
2,2146,677.883,985.559,182.01
2,2147,677.883,985.559,182.01
2,2148,677.883,985.559,182.01
2,2149,677.883,985.559,182.01
2,2150,677.883,985.559,182.01
2,2151,677.883,698.721,182.01
2,2152,677.883,698.721,182.01
2,2153,677.883,698.721,182.01
2,2154,677.883,698.721,182.01
2,2155,677.883,698.721,182.01
2,2156,677.883,698.721,182.01
2,2157,677.883,688.865,182.01
2,2158,677.883,688.865,182.01
2,2159,677.883,688.865,182.01
2,2160,677.883,688.865,182.01
2,2161,677.883,688.865,180.19
2,2162,677.883,688.865,180.19
2,2163,677.883,688.865,180.19
2,2164,677.883,688.865,180.19
2,2165,677.883,688.865,180.19
2,2166,677.883,688.865,180.19
2,2167,677.883,688.865,180.19
2,2168,677.883,688.865,180.19
2,2169,677.883,688.865,180.19
2,2170,677.883,688.865,180.19
2,2171,677.883,688.865,180.19
2,2172,677.883,688.865,180.19
2,2173,677.883,688.865,180.19
2,2174,677.883,688.865,180.19
2,2175,677.883,688.865,180.19
2,2176,677.883,688.865,180.19
2,2177,677.883,688.865,180.19
2,2178,677.883,688.865,180.19
2,2179,677.883,688.865,180.19
2,2180,677.883,688.865,180.19
2,2181,677.883,688.865,180.19
2,2182,677.883,688.865,180.19
2,2183,677.883,688.865,180.19
2,2184,677.883,688.865,180.19
2,2185,677.883,688.865,180.19
2,2186,677.883,688.865,180.19
2,2187,677.883,688.865,180.19
2,2188,677.883,688.865,180.19
2,2189,677.883,688.865,180.19
2,2190,677.883,688.865,180.19
2,2191,677.883,688.865,180.19
2,2192,677.883,688.865,180.19
2,2193,677.883,688.865,180.19
2,2194,677.883,688.865,180.19
2,2195,677.883,688.865,180.19
2,2196,677.883,688.865,180.19
2,2197,677.883,688.865,180.19
2,2198,677.883,688.865,180.19
2,2199,677.883,688.865,180.19
2,2200,677.883,688.865,180.19
2,2201,677.883,688.865,180.19
2,2202,677.883,688.865,180.19
2,2203,677.883,688.865,180.19
2,2204,677.883,688.865,180.19
2,2205,677.883,688.865,180.19
2,2206,677.883,688.865,180.19
2,2207,677.883,688.865,180.19
2,2208,677.883,688.865,180.19
2,2209,677.883,688.865,180.19
2,2210,677.883,688.865,180.19
2,2211,677.883,688.865,180.19
2,2212,677.883,688.865,180.19
2,2213,677.883,688.865,180.19
2,2214,677.883,688.865,180.19
2,2215,677.883,688.865,180.19
2,2216,677.883,688.865,180.19
2,2217,677.883,688.865,180.19
2,2218,677.883,688.865,180.19
2,2219,677.883,688.865,180.19
2,2220,677.883,688.865,180.19
2,2221,677.883,688.865,180.19
2,2222,677.883,688.865,180.19
2,2223,677.883,688.865,180.19
2,2224,677.883,688.865,180.19
2,2225,677.883,688.865,180.19
2,2226,677.883,688.865,180.19
2,2227,677.883,688.865,180.19
2,2228,677.883,688.865,180.19
2,2229,677.883,688.865,180.19
2,2230,677.883,688.865,180.19
2,2231,677.883,688.865,180.19
2,2232,677.883,688.865,180.19
2,2233,677.883,688.865,180.19
2,2234,677.883,688.865,180.19
2,2235,677.883,688.865,180.19
2,2236,677.883,688.865,180.19
2,2237,677.883,688.865,180.19
2,2238,677.883,688.865,180.19
2,2239,677.883,688.865,180.19
2,2240,677.883,688.865,180.19
2,2241,677.883,688.865,178.388
2,2242,677.883,688.865,178.388
2,2243,677.883,688.865,178.388
2,2244,677.883,688.865,178.388
2,2245,677.883,688.865,178.388
2,2246,677.883,688.865,178.388
2,2247,677.883,688.865,178.388
2,2248,677.883,688.865,178.388
2,2249,677.883,688.865,178.388
2,2250,677.883,688.865,178.388
2,2251,677.883,688.865,178.388
2,2252,677.883,688.865,178.388
2,2253,677.883,688.865,178.388
2,2254,677.883,688.865,178.388
2,2255,677.883,688.865,178.388
2,2256,677.883,688.865,178.388
2,2257,677.883,688.865,178.388
2,2258,677.883,688.865,178.388
2,2259,677.883,688.865,178.388
2,2260,677.883,688.865,178.388
2,2261,677.883,688.865,178.388
2,2262,677.883,688.865,178.388
2,2263,677.883,688.865,178.388
2,2264,677.883,688.865,178.388
2,2265,677.883,688.865,178.388
2,2266,677.883,688.865,178.388
2,2267,677.883,699.378,178.388
2,2268,677.883,699.378,178.388
2,2269,677.883,699.378,178.388
2,2270,677.883,699.378,178.388
2,2271,677.883,699.378,178.388
2,2272,677.883,699.378,178.388
2,2273,677.883,706.681,178.388
2,2274,677.883,706.681,178.388
2,2275,677.883,706.681,178.388
2,2276,677.883,706.681,178.388
2,2277,677.883,706.681,178.388
2,2278,677.883,706.681,178.388
2,2279,677.883,693.026,178.388
2,2280,677.883,693.026,178.388
2,2281,677.883,693.026,178.388
2,2282,677.883,693.026,178.388
2,2283,677.883,693.026,178.388
2,2284,677.883,693.026,178.388
2,2285,677.883,693.026,178.388
2,2286,677.883,693.026,178.388
2,2287,677.883,693.026,178.388
2,2288,677.883,693.026,178.388
2,2289,677.883,693.026,178.388
2,2290,677.883,693.026,178.388
2,2291,677.883,693.026,178.388
2,2292,677.883,693.026,178.388
2,2293,677.883,693.026,178.388
2,2294,677.883,693.026,178.388
2,2295,677.883,693.026,178.388
2,2296,677.883,693.026,178.388
2,2297,677.883,693.026,178.388
2,2298,677.883,693.026,178.388
2,2299,677.883,693.026,178.388
2,2300,677.883,693.026,178.388
2,2301,677.883,693.026,178.388
2,2302,677.883,693.026,178.388
2,2303,677.883,693.026,178.388
2,2304,677.883,693.026,178.388
2,2305,677.883,693.026,178.388
2,2306,677.883,693.026,178.388
2,2307,677.883,693.026,178.388
2,2308,677.883,693.026,178.388
2,2309,677.883,693.026,178.388
2,2310,677.883,693.026,178.388
2,2311,677.883,693.026,178.388
2,2312,677.883,693.026,178.388
2,2313,677.883,693.026,178.388
2,2314,677.883,693.026,178.388
2,2315,677.883,693.026,178.388
2,2316,677.883,693.026,178.388
2,2317,677.883,693.026,178.388
2,2318,677.883,693.026,178.388
2,2319,677.883,693.026,178.388
2,2320,677.883,693.026,178.388
2,2321,677.883,693.026,176.604
2,2322,677.883,693.026,176.604
2,2323,677.883,693.026,176.604
2,2324,677.883,693.026,176.604
2,2325,677.883,693.026,176.604
2,2326,677.883,693.026,176.604
2,2327,677.883,693.026,176.604
2,2328,677.883,693.026,176.604
2,2329,677.883,693.026,176.604
2,2330,677.883,693.026,176.604
2,2331,677.883,693.026,176.604
2,2332,677.883,693.026,176.604
2,2333,677.883,699.431,176.604
2,2334,677.883,699.431,176.604
2,2335,677.883,699.431,176.604
2,2336,677.883,699.431,176.604
2,2337,677.883,699.431,176.604
2,2338,677.883,699.431,176.604
2,2339,677.883,699.431,176.604
2,2340,677.883,699.431,176.604
2,2341,677.883,699.431,176.604
2,2342,677.883,699.431,176.604
2,2343,677.883,699.431,176.604
2,2344,677.883,699.431,176.604
2,2345,677.883,699.431,176.604
2,2346,677.883,699.431,176.604
2,2347,677.883,699.431,176.604
2,2348,677.883,699.431,176.604
2,2349,677.883,699.431,176.604
2,2350,677.883,699.431,176.604
2,2351,677.883,699.431,176.604
2,2352,677.883,699.431,176.604
2,2353,677.883,699.431,176.604
2,2354,677.883,699.431,176.604
2,2355,677.883,699.431,176.604
2,2356,677.883,699.431,176.604
2,2357,677.883,699.431,176.604
2,2358,677.883,699.431,176.604
2,2359,677.883,699.431,176.604
2,2360,677.883,699.431,176.604
2,2361,677.883,699.431,176.604
2,2362,677.883,699.431,176.604
2,2363,677.883,699.431,176.604
2,2364,677.883,699.431,176.604
2,2365,677.883,699.431,176.604
2,2366,677.883,699.431,176.604
2,2367,677.883,699.431,176.604
2,2368,677.883,699.431,176.604
2,2369,677.883,699.431,176.604
2,2370,677.883,699.431,176.604
2,2371,677.883,699.431,176.604
2,2372,677.883,699.431,176.604
2,2373,677.883,699.431,176.604
2,2374,677.883,699.431,176.604
2,2375,677.883,699.431,176.604
2,2376,677.883,699.431,176.604
2,2377,677.883,699.431,176.604
2,2378,677.883,706.559,176.604
2,2379,677.883,706.559,176.604
2,2380,677.883,706.559,176.604
2,2381,677.883,706.559,176.604
2,2382,677.883,706.559,176.604
2,2383,677.883,706.559,176.604
2,2384,677.883,706.559,176.604
2,2385,677.883,706.559,176.604
2,2386,677.883,706.559,176.604
2,2387,677.883,706.559,176.604
2,2388,677.883,706.559,176.604
2,2389,677.883,706.559,176.604
2,2390,677.883,703.934,176.604
2,2391,677.883,703.934,176.604
2,2392,677.883,703.934,176.604
2,2393,677.883,703.934,176.604
2,2394,677.883,703.934,176.604
2,2395,677.883,703.934,176.604
2,2396,677.883,703.934,176.604
2,2397,677.883,703.934,176.604
2,2398,677.883,699.431,176.604
2,2399,677.883,699.431,176.604
2,2400,677.883,699.431,176.604
2,2401,677.883,699.431,174.838
2,2402,677.883,699.431,174.838
2,2403,677.883,699.431,174.838
2,2404,677.883,699.431,174.838
2,2405,677.883,699.431,174.838
2,2406,677.883,699.431,174.838
2,2407,677.883,699.431,174.838
2,2408,677.883,699.431,174.838
2,2409,677.883,699.431,174.838
2,2410,677.883,699.431,174.838
2,2411,677.883,699.431,174.838
2,2412,677.883,699.431,174.838
2,2413,677.883,699.431,174.838
2,2414,677.883,699.431,174.838
2,2415,677.883,1012.6,174.838
2,2416,677.883,1001.82,174.838
2,2417,677.883,1001.82,174.838
2,2418,677.883,1001.82,174.838
2,2419,677.883,987.023,174.838
2,2420,677.883,713.768,174.838
2,2421,677.883,713.768,174.838
2,2422,677.883,709.819,174.838
2,2423,677.883,709.819,174.838
2,2424,677.883,709.819,174.838
2,2425,677.883,709.819,174.838
2,2426,677.883,709.819,174.838
2,2427,677.883,709.745,174.838
2,2428,677.883,709.745,174.838
2,2429,677.883,709.745,174.838
2,2430,677.883,709.745,174.838
2,2431,677.883,709.745,174.838
2,2432,677.883,709.745,174.838
2,2433,677.883,709.745,174.838
2,2434,677.883,709.745,174.838
2,2435,677.883,709.745,174.838
2,2436,677.883,709.745,174.838
2,2437,677.883,709.745,174.838
2,2438,677.883,709.745,174.838
2,2439,677.883,709.745,174.838
2,2440,677.883,709.745,174.838
2,2441,677.883,709.745,174.838
2,2442,677.883,709.745,174.838
2,2443,677.883,709.745,174.838
2,2444,677.883,709.745,174.838
2,2445,677.883,709.745,174.838
2,2446,677.883,709.745,174.838
2,2447,677.883,709.745,174.838
2,2448,677.883,699.431,174.838
2,2449,677.883,699.431,174.838
2,2450,677.883,699.431,174.838
2,2451,677.883,699.431,174.838
2,2452,677.883,699.431,174.838
2,2453,677.883,699.431,174.838
2,2454,677.883,699.431,174.838
2,2455,677.883,699.431,174.838
2,2456,677.883,699.431,174.838
2,2457,677.883,699.431,174.838
2,2458,677.883,699.431,174.838
2,2459,677.883,699.431,174.838
2,2460,677.883,699.431,174.838
2,2461,677.883,699.431,174.838
2,2462,677.883,699.431,174.838
2,2463,677.883,699.431,174.838
2,2464,677.883,699.431,174.838
2,2465,677.883,699.431,174.838
2,2466,677.883,699.431,174.838
2,2467,677.883,699.431,174.838
2,2468,677.883,704.397,174.838
2,2469,677.883,704.397,174.838
2,2470,677.883,704.397,174.838
2,2471,677.883,704.397,174.838
2,2472,677.883,704.397,174.838
2,2473,677.883,704.397,174.838
2,2474,677.883,704.397,174.838
2,2475,677.883,704.397,174.838
2,2476,677.883,704.397,174.838
2,2477,677.883,704.397,174.838
2,2478,677.883,704.397,174.838
2,2479,677.883,1730.9,174.838
2,2480,677.883,1730.9,174.838
2,2481,677.883,2031.66,173.09
2,2482,677.883,1707.91,173.09
2,2483,677.883,1707.91,173.09
2,2484,677.883,1707.91,173.09
2,2485,677.883,1707.91,173.09
2,2486,677.883,1707.91,173.09
2,2487,677.883,1703.59,173.09
2,2488,677.883,1703.59,173.09
2,2489,677.883,1703.59,173.09
2,2490,677.883,1703.59,173.09
2,2491,677.883,1703.59,173.09
2,2492,677.883,1703.59,173.09
2,2493,677.883,1703.59,173.09
2,2494,677.883,1703.59,173.09
2,2495,677.883,1703.59,173.09
2,2496,677.883,1663.23,173.09
2,2497,677.883,1663.23,173.09
2,2498,677.883,1663.23,173.09
2,2499,677.883,1663.23,173.09
2,2500,677.883,1774.68,173.09
2,2501,677.883,1774.68,173.09
2,2502,677.883,1774.68,173.09
2,2503,677.883,1774.68,173.09
2,2504,677.883,1467.81,173.09
2,2505,677.883,1467.81,173.09
2,2506,677.883,1467.81,173.09
2,2507,677.883,1467.81,173.09
2,2508,677.883,1467.81,173.09
2,2509,677.883,1467.81,173.09
2,2510,677.883,1467.81,173.09
2,2511,677.883,1467.81,173.09
2,2512,677.883,1467.81,173.09
2,2513,677.883,1467.81,173.09
2,2514,677.883,1467.81,173.09
2,2515,677.883,1467.81,173.09
2,2516,677.883,1467.81,173.09
2,2517,677.883,1467.81,173.09
2,2518,677.883,1467.81,173.09
2,2519,677.883,1467.81,173.09
2,2520,677.883,1467.81,173.09
2,2521,677.883,1467.81,173.09
2,2522,677.883,1467.81,173.09
2,2523,677.883,1467.81,173.09
2,2524,677.883,1467.81,173.09
2,2525,677.883,1467.81,173.09
2,2526,677.883,1467.81,173.09
2,2527,677.883,1467.81,173.09
2,2528,677.883,1467.81,173.09
2,2529,677.883,1467.81,173.09
2,2530,677.883,1467.81,173.09
2,2531,677.883,1467.81,173.09
2,2532,677.883,1467.81,173.09
2,2533,677.883,1467.81,173.09
2,2534,677.883,1467.81,173.09
2,2535,677.883,1467.81,173.09
2,2536,677.883,1467.81,173.09
2,2537,677.883,1467.81,173.09
2,2538,677.883,1503.87,173.09
2,2539,677.883,1498.98,173.09
2,2540,677.883,1498.98,173.09
2,2541,677.883,1498.98,173.09
2,2542,677.883,1498.98,173.09
2,2543,677.883,1472.36,173.09
2,2544,677.883,1472.36,173.09
2,2545,677.883,1472.36,173.09
2,2546,677.883,1472.29,173.09
2,2547,677.883,1472.29,173.09
2,2548,677.883,1472.29,173.09
2,2549,677.883,1472.29,173.09
2,2550,677.883,1472.29,173.09
2,2551,677.883,1472.29,173.09
2,2552,677.883,1472.29,173.09
2,2553,677.883,1472.29,173.09
2,2554,677.883,1472.29,173.09
2,2555,677.883,1472.29,173.09
2,2556,677.883,1472.29,173.09
2,2557,677.883,1472.29,173.09
2,2558,677.883,1472.29,173.09
2,2559,677.883,1472.29,173.09
2,2560,677.883,1472.29,173.09
2,2561,677.883,1472.29,171.359
2,2562,677.883,1472.29,171.359
2,2563,677.883,1472.29,171.359
2,2564,677.883,1472.29,171.359
2,2565,677.883,1472.29,171.359
2,2566,677.883,1472.29,171.359
2,2567,677.883,1472.29,171.359
2,2568,677.883,1472.29,171.359
2,2569,677.883,1472.29,171.359
2,2570,677.883,1472.29,171.359
2,2571,677.883,1472.29,171.359
2,2572,677.883,1472.29,171.359
2,2573,677.883,1472.29,171.359
2,2574,677.883,1472.29,171.359
2,2575,677.883,1472.29,171.359
2,2576,677.883,1472.29,171.359
2,2577,677.883,1472.29,171.359
2,2578,677.883,1033.62,171.359
2,2579,677.883,1033.62,171.359
2,2580,677.883,1033.62,171.359
2,2581,677.883,1035.44,171.359
2,2582,677.883,1035.44,171.359
2,2583,677.883,1035.44,171.359
2,2584,677.883,1035.44,171.359
2,2585,677.883,1035.44,171.359
2,2586,677.883,1035.44,171.359
2,2587,677.883,1035.44,171.359
2,2588,677.883,1035.44,171.359
2,2589,677.883,1035.44,171.359
2,2590,677.883,1035.44,171.359
2,2591,677.883,1035.44,171.359
2,2592,677.883,1035.44,171.359
2,2593,677.883,1035.44,171.359
2,2594,677.883,1035.44,171.359
2,2595,677.883,1035.44,171.359
2,2596,677.883,1035.44,171.359
2,2597,677.883,1035.44,171.359
2,2598,677.883,1035.44,171.359
2,2599,677.883,1035.44,171.359
2,2600,677.883,1035.44,171.359
2,2601,677.883,1035.44,171.359
2,2602,677.883,1035.44,171.359
2,2603,677.883,1035.44,171.359
2,2604,677.883,1035.44,171.359
2,2605,677.883,1035.44,171.359
2,2606,677.883,1035.44,171.359
2,2607,677.883,1031.65,171.359
2,2608,677.883,1031.65,171.359
2,2609,677.883,1031.65,171.359
2,2610,677.883,1031.65,171.359
2,2611,677.883,1031.65,171.359
2,2612,677.883,1031.65,171.359
2,2613,677.883,1031.65,171.359
2,2614,677.883,1031.65,171.359
2,2615,677.883,1031.65,171.359
2,2616,677.883,1031.65,171.359
2,2617,677.883,1031.65,171.359
2,2618,677.883,1031.65,171.359
2,2619,677.883,1031.65,171.359
2,2620,677.883,1031.65,171.359
2,2621,677.883,1031.65,171.359
2,2622,677.883,1031.65,171.359
2,2623,677.883,1031.65,171.359
2,2624,677.883,1031.65,171.359
2,2625,677.883,1031.65,171.359
2,2626,677.883,1031.65,171.359
2,2627,677.883,1031.65,171.359
2,2628,677.883,1031.65,171.359
2,2629,677.883,1031.65,171.359
2,2630,677.883,1031.65,171.359
2,2631,677.883,1031.65,171.359
2,2632,677.883,1031.65,171.359
2,2633,677.883,1031.65,171.359
2,2634,677.883,1031.65,171.359
2,2635,677.883,1031.65,171.359
2,2636,677.883,1031.65,171.359
2,2637,677.883,1031.65,171.359
2,2638,677.883,1031.65,171.359
2,2639,677.883,1031.65,171.359
2,2640,677.883,1031.65,171.359
2,2641,677.883,1024.57,169.645
2,2642,677.883,1024.57,169.645
2,2643,677.883,1013.07,169.645
2,2644,677.883,1013.07,169.645
2,2645,677.883,1013.07,169.645
2,2646,677.883,1307.6,169.645
2,2647,677.883,1314.38,169.645
2,2648,677.883,1050.71,169.645
2,2649,677.883,1050.71,169.645
2,2650,677.883,1050.71,169.645
2,2651,677.883,1046.68,169.645
2,2652,677.883,1046.68,169.645
2,2653,677.883,1040.04,169.645
2,2654,677.883,1040.04,169.645
2,2655,677.883,1040.04,169.645
2,2656,677.883,1040.04,169.645
2,2657,677.883,1040.04,169.645
2,2658,677.883,1040.04,169.645
2,2659,677.883,1040.04,169.645
2,2660,677.883,1040.04,169.645
2,2661,677.883,1072.04,169.645
2,2662,677.883,1072.04,169.645
2,2663,677.883,1101.9,169.645
2,2664,677.883,1101.9,169.645
2,2665,677.883,1101.9,169.645
2,2666,677.883,1101.9,169.645
2,2667,677.883,1101.9,169.645
2,2668,677.883,1101.9,169.645
2,2669,677.883,1096.32,169.645
2,2670,677.883,1096.32,169.645
2,2671,677.883,1091.72,169.645
2,2672,677.883,1091.72,169.645
2,2673,677.883,1091.72,169.645
2,2674,677.883,1091.72,169.645
2,2675,677.883,1046.55,169.645
2,2676,677.883,1046.55,169.645
2,2677,677.883,1046.55,169.645
2,2678,677.883,1046.55,169.645
2,2679,677.883,1006.94,169.645
2,2680,677.883,1006.94,169.645
2,2681,677.883,1061.91,169.645
2,2682,677.883,1061.91,169.645
2,2683,677.883,1061.91,169.645
2,2684,677.883,1061.91,169.645
2,2685,677.883,1061.91,169.645
2,2686,677.883,1061.91,169.645
2,2687,677.883,1085.36,169.645
2,2688,677.883,1085.36,169.645
2,2689,677.883,1085.36,169.645
2,2690,677.883,1085.36,169.645
2,2691,677.883,1085.36,169.645
2,2692,677.883,1085.36,169.645
2,2693,677.883,1085.36,169.645
2,2694,677.883,1085.36,169.645
2,2695,677.883,1061.11,169.645
2,2696,677.883,1126.6,169.645
2,2697,677.883,1126.6,169.645
2,2698,677.883,1126.6,169.645
2,2699,677.883,1069.37,169.645
2,2700,677.883,1069.37,169.645
2,2701,677.883,1069.37,169.645
2,2702,677.883,1069.37,169.645
2,2703,677.883,1069.37,169.645
2,2704,677.883,1069.37,169.645
2,2705,677.883,1069.37,169.645
2,2706,677.883,1069.37,169.645
2,2707,677.883,1069.37,169.645
2,2708,677.883,1069.37,169.645
2,2709,677.883,1069.37,169.645
2,2710,677.883,1069.37,169.645
2,2711,677.883,1069.37,169.645
2,2712,677.883,1069.37,169.645
2,2713,677.883,1069.37,169.645
2,2714,677.883,1069.37,169.645
2,2715,677.883,1069.37,169.645
2,2716,677.883,1069.37,169.645
2,2717,677.883,1040.78,169.645
2,2718,677.883,1040.78,169.645
2,2719,677.883,1040.78,169.645
2,2720,677.883,1040.78,169.645
2,2721,677.883,1040.78,167.949
2,2722,677.883,1040.78,167.949
2,2723,677.883,1040.78,167.949
2,2724,677.883,1040.78,167.949
2,2725,677.883,1040.78,167.949
2,2726,677.883,1040.78,167.949
2,2727,677.883,1040.78,167.949
2,2728,677.883,1040.78,167.949
2,2729,677.883,1040.78,167.949
2,2730,677.883,1093.33,167.949
2,2731,677.883,1093.33,167.949
2,2732,677.883,1124.04,167.949
2,2733,677.883,1124.04,167.949
2,2734,677.883,1124.04,167.949
2,2735,677.883,1124.04,167.949
2,2736,677.883,1124.04,167.949
2,2737,677.883,1124.04,167.949
2,2738,677.883,1124.04,167.949
2,2739,677.883,1124.04,167.949
2,2740,677.883,1124.04,167.949
2,2741,677.883,1124.04,167.949
2,2742,677.883,1124.04,167.949
2,2743,677.883,1124.04,167.949
2,2744,677.883,1124.04,167.949
2,2745,677.883,1124.04,167.949
2,2746,677.883,1124.04,167.949
2,2747,677.883,1124.04,167.949
2,2748,677.883,1124.04,167.949
2,2749,677.883,1124.04,167.949
2,2750,677.883,1124.04,167.949
2,2751,677.883,1093.33,167.949
2,2752,677.883,1093.33,167.949
2,2753,677.883,1093.33,167.949
2,2754,677.883,1093.33,167.949
2,2755,677.883,1084.13,167.949
2,2756,677.883,1084.13,167.949
2,2757,677.883,1084.13,167.949
2,2758,677.883,1084.13,167.949
2,2759,677.883,1084.13,167.949
2,2760,677.883,816.527,167.949
2,2761,677.883,816.527,167.949
2,2762,677.883,816.527,167.949
2,2763,677.883,815.44,167.949
2,2764,677.883,815.44,167.949
2,2765,677.883,815.44,167.949
2,2766,677.883,815.44,167.949
2,2767,677.883,815.44,167.949
2,2768,677.883,815.44,167.949
2,2769,677.883,815.44,167.949
2,2770,677.883,815.44,167.949
2,2771,677.883,815.44,167.949
2,2772,677.883,815.44,167.949
2,2773,677.883,815.44,167.949
2,2774,677.883,815.44,167.949
2,2775,677.883,815.44,167.949
2,2776,677.883,815.44,167.949
2,2777,677.883,815.44,167.949
2,2778,677.883,817.025,167.949
2,2779,677.883,817.025,167.949
2,2780,677.883,817.025,167.949
2,2781,677.883,818.334,167.949
2,2782,677.883,818.334,167.949
2,2783,677.883,818.334,167.949
2,2784,677.883,818.334,167.949
2,2785,677.883,818.334,167.949
2,2786,677.883,818.334,167.949
2,2787,677.883,818.334,167.949
2,2788,677.883,818.334,167.949
2,2789,677.883,818.334,167.949
2,2790,677.883,818.334,167.949
2,2791,677.883,818.334,167.949
2,2792,677.883,818.334,167.949
2,2793,677.883,818.334,167.949
2,2794,677.883,818.334,167.949
2,2795,677.883,818.334,167.949
2,2796,677.883,818.334,167.949
2,2797,677.883,818.334,167.949
2,2798,677.883,818.334,167.949
2,2799,677.883,818.334,167.949
2,2800,677.883,818.334,167.949
2,2801,677.883,818.334,166.269
2,2802,677.883,763.483,166.269
2,2803,677.883,763.483,166.269
2,2804,677.883,763.483,166.269
2,2805,677.883,763.483,166.269
2,2806,677.883,763.483,166.269
2,2807,677.883,763.483,166.269
2,2808,677.883,763.483,166.269
2,2809,677.883,763.483,166.269
2,2810,677.883,763.483,166.269
2,2811,677.883,763.483,166.269
2,2812,677.883,763.483,166.269
2,2813,677.883,763.188,166.269
2,2814,677.883,762.08,166.269
2,2815,677.883,762.08,166.269
2,2816,677.883,762.08,166.269
2,2817,677.883,762.08,166.269
2,2818,677.883,762.08,166.269
2,2819,677.883,762.08,166.269
2,2820,677.883,762.08,166.269
2,2821,677.883,762.08,166.269
2,2822,677.883,762.08,166.269
2,2823,677.883,762.08,166.269
2,2824,677.883,762.08,166.269
2,2825,677.883,762.08,166.269
2,2826,677.883,762.08,166.269
2,2827,677.883,762.08,166.269
2,2828,677.883,762.08,166.269
2,2829,677.883,762.08,166.269
2,2830,677.883,762.08,166.269
2,2831,677.883,762.08,166.269
2,2832,677.883,762.08,166.269
2,2833,677.883,762.08,166.269
2,2834,677.883,762.08,166.269
2,2835,677.883,775.31,166.269
2,2836,677.883,775.31,166.269
2,2837,677.883,775.31,166.269
2,2838,677.883,775.31,166.269
2,2839,677.883,775.31,166.269
2,2840,677.883,775.31,166.269
2,2841,677.883,775.31,166.269
2,2842,677.883,775.31,166.269
2,2843,677.883,775.31,166.269
2,2844,677.883,775.31,166.269
2,2845,677.883,775.31,166.269
2,2846,677.883,775.31,166.269
2,2847,677.883,775.31,166.269
2,2848,677.883,775.31,166.269
2,2849,677.883,775.31,166.269
2,2850,677.883,775.31,166.269
2,2851,677.883,810.184,166.269
2,2852,677.883,797.496,166.269
2,2853,677.883,791.103,166.269
2,2854,677.883,791.103,166.269
2,2855,677.883,791.103,166.269
2,2856,677.883,791.103,166.269
2,2857,677.883,791.103,166.269
2,2858,677.883,791.103,166.269
2,2859,677.883,791.103,166.269
2,2860,677.883,791.103,166.269
2,2861,677.883,791.103,166.269
2,2862,677.883,791.103,166.269
2,2863,677.883,791.103,166.269
2,2864,677.883,791.103,166.269
2,2865,677.883,791.103,166.269
2,2866,677.883,791.103,166.269
2,2867,677.883,791.103,166.269
2,2868,677.883,791.103,166.269
2,2869,677.883,791.103,166.269
2,2870,677.883,791.103,166.269
2,2871,677.883,791.103,166.269
2,2872,677.883,791.103,166.269
2,2873,677.883,791.103,166.269
2,2874,677.883,791.103,166.269
2,2875,677.883,791.103,166.269
2,2876,677.883,821.625,166.269
2,2877,677.883,795.349,166.269
2,2878,677.883,777.478,166.269
2,2879,677.883,777.478,166.269
2,2880,677.883,777.478,166.269
2,2881,677.883,751.679,164.606
2,2882,677.883,751.679,164.606
2,2883,677.883,751.679,164.606
2,2884,677.883,751.679,164.606
2,2885,677.883,751.679,164.606
2,2886,677.883,751.679,164.606
2,2887,677.883,751.679,164.606
2,2888,677.883,751.679,164.606
2,2889,677.883,751.679,164.606
2,2890,677.883,751.679,164.606
2,2891,677.883,751.679,164.606
2,2892,677.883,751.679,164.606
2,2893,677.883,751.679,164.606
2,2894,677.883,751.679,164.606
2,2895,677.883,751.679,164.606
2,2896,677.883,751.679,164.606
2,2897,677.883,751.679,164.606
2,2898,677.883,751.679,164.606
2,2899,677.883,1061.67,164.606
2,2900,677.883,1061.67,164.606
2,2901,677.883,1061.67,164.606
2,2902,677.883,1061.67,164.606
2,2903,677.883,784.75,164.606
2,2904,677.883,784.75,164.606
2,2905,677.883,784.75,164.606
2,2906,677.883,784.75,164.606
2,2907,677.883,784.75,164.606
2,2908,677.883,784.75,164.606
2,2909,677.883,784.75,164.606
2,2910,677.883,780.573,164.606
2,2911,677.883,780.573,164.606
2,2912,677.883,821.292,164.606
2,2913,677.883,821.292,164.606
2,2914,677.883,875.948,164.606
2,2915,677.883,875.948,164.606
2,2916,677.883,857.729,164.606
2,2917,677.883,857.729,164.606
2,2918,677.883,857.729,164.606
2,2919,677.883,857.729,164.606
2,2920,677.883,853.78,164.606
2,2921,677.883,866.469,164.606
2,2922,677.883,866.469,164.606
2,2923,677.883,866.469,164.606
2,2924,677.883,866.469,164.606
2,2925,677.883,866.469,164.606
2,2926,677.883,866.469,164.606
2,2927,677.883,866.469,164.606
2,2928,677.883,866.469,164.606
2,2929,677.883,843.561,164.606
2,2930,677.883,843.561,164.606
2,2931,677.883,843.561,164.606
2,2932,677.883,843.561,164.606
2,2933,677.883,839.963,164.606
2,2934,677.883,839.963,164.606
2,2935,677.883,839.963,164.606
2,2936,677.883,839.963,164.606
2,2937,677.883,839.963,164.606
2,2938,677.883,839.963,164.606
2,2939,677.883,839.963,164.606
2,2940,677.883,839.963,164.606
2,2941,677.883,839.963,164.606
2,2942,677.883,839.963,164.606
2,2943,677.883,839.963,164.606
2,2944,677.883,839.963,164.606
2,2945,677.883,839.963,164.606
2,2946,677.883,839.963,164.606
2,2947,677.883,839.963,164.606
2,2948,677.883,839.963,164.606
2,2949,677.883,839.963,164.606
2,2950,677.883,839.963,164.606
2,2951,677.883,839.963,164.606
2,2952,677.883,839.963,164.606
2,2953,677.883,839.963,164.606
2,2954,677.883,839.963,164.606
2,2955,677.883,839.963,164.606
2,2956,677.883,839.963,164.606
2,2957,677.883,839.963,164.606
2,2958,677.883,839.963,164.606
2,2959,677.883,839.963,164.606
2,2960,677.883,839.963,164.606
2,2961,677.883,839.963,162.96
2,2962,677.883,839.963,162.96
2,2963,677.883,839.963,162.96
2,2964,677.883,839.963,162.96
2,2965,677.883,839.963,162.96
2,2966,677.883,839.963,162.96
2,2967,677.883,839.963,162.96
2,2968,677.883,834.448,162.96
2,2969,677.883,834.448,162.96
2,2970,677.883,830.442,162.96
2,2971,677.883,830.442,162.96
2,2972,677.883,830.442,162.96
2,2973,677.883,830.442,162.96
2,2974,677.883,830.442,162.96
2,2975,677.883,819.929,162.96
2,2976,677.883,819.929,162.96
2,2977,677.883,819.929,162.96
2,2978,677.883,819.929,162.96
2,2979,677.883,819.929,162.96
2,2980,677.883,819.929,162.96
2,2981,677.883,819.929,162.96
2,2982,677.883,819.929,162.96
2,2983,677.883,1135.94,162.96
2,2984,677.883,1135.94,162.96
2,2985,677.883,1130.38,162.96
2,2986,677.883,1130.38,162.96
2,2987,677.883,1130.38,162.96
2,2988,677.883,1125.04,162.96
2,2989,677.883,1125.04,162.96
2,2990,677.883,1125.04,162.96
2,2991,677.883,1125.04,162.96
2,2992,677.883,1125.04,162.96
2,2993,677.883,1125.04,162.96
2,2994,677.883,1125.04,162.96
2,2995,677.883,1125.04,162.96
2,2996,677.883,1125.04,162.96
2,2997,677.883,1125.04,162.96
2,2998,677.883,1125.04,162.96
2,2999,677.883,1125.04,162.96
2,3000,677.883,1125.04,162.96
2,3001,677.883,1125.04,162.96
2,3002,677.883,1135.25,162.96
2,3003,677.883,1135.25,162.96
2,3004,677.883,1135.25,162.96
2,3005,677.883,1135.25,162.96
2,3006,677.883,1135.25,162.96
2,3007,677.883,1135.25,162.96
2,3008,677.883,1135.25,162.96
2,3009,677.883,1135.25,162.96
2,3010,677.883,1135.25,162.96
2,3011,677.883,1141.74,162.96
2,3012,677.883,1141.74,162.96
2,3013,677.883,1141.74,162.96
2,3014,677.883,1141.74,162.96
2,3015,677.883,1456.36,162.96
2,3016,677.883,1456.36,162.96
2,3017,677.883,1456.36,162.96
2,3018,677.883,1456.36,162.96
2,3019,677.883,1456.36,162.96
2,3020,677.883,1456.36,162.96
2,3021,677.883,1456.36,162.96
2,3022,677.883,1456.36,162.96
2,3023,677.883,1456.36,162.96
2,3024,677.883,1456.36,162.96
2,3025,677.883,1456.36,162.96
2,3026,677.883,1456.36,162.96
2,3027,677.883,1456.36,162.96
2,3028,677.883,1456.36,162.96
2,3029,677.883,1456.36,162.96
2,3030,677.883,1456.36,162.96
2,3031,677.883,1451.31,162.96
2,3032,677.883,1467.97,162.96
2,3033,677.883,1463.07,162.96
2,3034,677.883,1458.86,162.96
2,3035,677.883,1446.77,162.96
2,3036,677.883,1427.85,162.96
2,3037,677.883,1427.85,162.96
2,3038,677.883,1427.85,162.96
2,3039,677.883,1427.85,162.96
2,3040,677.883,1123.21,162.96
2,3041,677.883,1123.21,161.331
2,3042,677.883,1111.65,161.331
2,3043,677.883,1111.65,161.331
2,3044,677.883,1111.65,161.331
2,3045,677.883,1111.65,161.331
2,3046,677.883,1111.65,161.331
2,3047,677.883,1111.65,161.331
2,3048,677.883,1111.65,161.331
2,3049,677.883,1111.65,161.331
2,3050,677.883,1111.65,161.331
2,3051,677.883,1111.65,161.331
2,3052,677.883,1111.65,161.331
2,3053,677.883,1110.89,161.331
2,3054,677.883,1110.89,161.331
2,3055,677.883,1110.89,161.331
2,3056,677.883,1110.89,161.331
2,3057,677.883,1110.89,161.331
2,3058,677.883,1110.89,161.331
2,3059,677.883,1110.89,161.331
2,3060,677.883,1110.89,161.331
2,3061,677.883,1110.89,161.331
2,3062,677.883,1110.89,161.331
2,3063,677.883,1110.89,161.331
2,3064,677.883,1110.89,161.331
2,3065,677.883,1110.89,161.331
2,3066,677.883,1110.89,161.331
2,3067,677.883,1110.89,161.331
2,3068,677.883,1110.89,161.331
2,3069,677.883,1110.89,161.331
2,3070,677.883,1110.89,161.331
2,3071,677.883,1110.89,161.331
2,3072,677.883,1110.89,161.331
2,3073,677.883,1110.89,161.331
2,3074,677.883,1110.89,161.331
2,3075,677.883,1110.89,161.331
2,3076,677.883,1110.89,161.331
2,3077,677.883,1110.89,161.331
2,3078,677.883,1110.89,161.331
2,3079,677.883,1110.89,161.331
2,3080,677.883,1110.89,161.331
2,3081,677.883,1088.91,161.331
2,3082,677.883,1095.1,161.331
2,3083,677.883,1095.1,161.331
2,3084,677.883,1095.1,161.331
2,3085,677.883,1031.4,161.331
2,3086,677.883,1031.4,161.331
2,3087,677.883,1031.4,161.331
2,3088,677.883,1031.4,161.331
2,3089,677.883,1031.4,161.331
2,3090,677.883,1031.4,161.331
2,3091,677.883,1031.4,161.331
2,3092,677.883,1031.4,161.331
2,3093,677.883,1031.4,161.331
2,3094,677.883,1031.4,161.331
2,3095,677.883,1074.21,161.331
2,3096,677.883,1074.21,161.331
2,3097,677.883,1074.21,161.331
2,3098,677.883,1074.21,161.331
2,3099,677.883,1074.21,161.331
2,3100,677.883,1044.09,161.331
2,3101,677.883,1044.09,161.331
2,3102,677.883,1044.09,161.331
2,3103,677.883,1044.09,161.331
2,3104,677.883,1025.21,161.331
2,3105,677.883,1025.21,161.331
2,3106,677.883,1025.21,161.331
2,3107,677.883,1025.21,161.331
2,3108,677.883,1025.21,161.331
2,3109,677.883,1025.21,161.331
2,3110,677.883,1137.98,161.331
2,3111,677.883,1137.98,161.331
2,3112,677.883,1044.09,161.331
2,3113,677.883,1044.09,161.331
2,3114,677.883,1044.09,161.331
2,3115,677.883,1123.63,161.331
2,3116,677.883,1123.63,161.331
2,3117,677.883,1123.63,161.331
2,3118,677.883,1123.63,161.331
2,3119,677.883,1123.63,161.331
2,3120,677.883,1123.63,161.331
2,3121,677.883,1123.63,159.717
2,3122,677.883,1123.63,159.717
2,3123,677.883,1123.63,159.717
2,3124,677.883,1123.63,159.717
2,3125,677.883,1123.63,159.717
2,3126,677.883,1123.63,159.717
2,3127,677.883,1123.63,159.717
2,3128,677.883,1123.63,159.717
2,3129,677.883,1123.63,159.717
2,3130,677.883,1123.63,159.717
2,3131,677.883,1123.63,159.717
2,3132,677.883,1123.63,159.717
2,3133,677.883,1123.63,159.717
2,3134,677.883,1123.63,159.717
2,3135,677.883,1123.63,159.717
2,3136,677.883,1102.14,159.717
2,3137,677.883,1102.14,159.717
2,3138,677.883,1102.14,159.717
2,3139,677.883,796.363,159.717
2,3140,677.883,796.363,159.717
2,3141,677.883,796.363,159.717
2,3142,677.883,796.363,159.717
2,3143,677.883,796.363,159.717
2,3144,677.883,796.363,159.717
2,3145,677.883,796.363,159.717
2,3146,677.883,796.363,159.717
2,3147,677.883,796.363,159.717
2,3148,677.883,796.135,159.717
2,3149,677.883,796.135,159.717
2,3150,677.883,796.135,159.717
2,3151,677.883,796.135,159.717
2,3152,677.883,796.135,159.717
2,3153,677.883,796.135,159.717
2,3154,677.883,796.135,159.717
2,3155,677.883,809.669,159.717
2,3156,677.883,809.669,159.717
2,3157,677.883,809.669,159.717
2,3158,677.883,809.669,159.717
2,3159,677.883,809.669,159.717
2,3160,677.883,809.669,159.717
2,3161,677.883,809.669,159.717
2,3162,677.883,809.669,159.717
2,3163,677.883,809.669,159.717
2,3164,677.883,809.669,159.717
2,3165,677.883,809.669,159.717
2,3166,677.883,809.669,159.717
2,3167,677.883,809.669,159.717
2,3168,677.883,809.669,159.717
2,3169,677.883,809.669,159.717
2,3170,677.883,809.669,159.717
2,3171,677.883,809.669,159.717
2,3172,677.883,809.669,159.717
2,3173,677.883,769.111,159.717
2,3174,677.883,769.111,159.717
2,3175,677.883,769.111,159.717
2,3176,677.883,769.111,159.717
2,3177,677.883,769.111,159.717
2,3178,677.883,761.777,159.717
2,3179,677.883,761.777,159.717
2,3180,677.883,761.777,159.717
2,3181,677.883,761.777,159.717
2,3182,677.883,761.777,159.717
2,3183,677.883,1074.62,159.717
2,3184,677.883,1074.62,159.717
2,3185,677.883,1074.62,159.717
2,3186,677.883,1074.62,159.717
2,3187,677.883,1074.62,159.717
2,3188,677.883,1027.94,159.717
2,3189,677.883,1027.94,159.717
2,3190,677.883,1027.94,159.717
2,3191,677.883,1027.94,159.717
2,3192,677.883,1027.94,159.717
2,3193,677.883,1027.94,159.717
2,3194,677.883,1027.94,159.717
2,3195,677.883,1027.94,159.717
2,3196,677.883,1027.94,159.717
2,3197,677.883,1328.76,159.717
2,3198,677.883,1331.23,159.717
2,3199,677.883,1331.23,159.717
2,3200,677.883,1331.23,159.717
2,3201,677.883,1331.23,158.12
2,3202,677.883,1331.23,158.12
2,3203,677.883,1331.23,158.12
2,3204,677.883,1331.23,158.12
2,3205,677.883,1303.39,158.12
2,3206,677.883,1303.39,158.12
2,3207,677.883,1303.39,158.12
2,3208,677.883,1303.39,158.12
2,3209,677.883,1303.39,158.12
2,3210,677.883,1015.61,158.12
2,3211,677.883,1015.61,158.12
2,3212,677.883,1015.61,158.12
2,3213,677.883,1015.61,158.12
2,3214,677.883,1015.61,158.12
2,3215,677.883,1015.61,158.12
2,3216,677.883,1015.61,158.12
2,3217,677.883,1015.61,158.12
2,3218,677.883,1015.61,158.12
2,3219,677.883,1015.61,158.12
2,3220,677.883,1015.61,158.12
2,3221,677.883,1015.61,158.12
2,3222,677.883,1015.61,158.12
2,3223,677.883,1015.61,158.12
2,3224,677.883,1015.61,158.12
2,3225,677.883,1015.61,158.12
2,3226,677.883,1015.61,158.12
2,3227,677.883,1015.61,158.12
2,3228,677.883,1015.61,158.12
2,3229,677.883,1015.61,158.12
2,3230,677.883,1015.61,158.12
2,3231,677.883,1015.61,158.12
2,3232,677.883,1015.61,158.12
2,3233,677.883,1015.61,158.12
2,3234,677.883,1096.81,158.12
2,3235,677.883,1096.81,158.12
2,3236,677.883,1096.81,158.12
2,3237,677.883,1057.6,158.12
2,3238,677.883,1057.6,158.12
2,3239,677.883,1057.6,158.12
2,3240,677.883,1057.6,158.12
2,3241,677.883,1057.6,158.12
2,3242,677.883,1057.6,158.12
2,3243,677.883,1057.6,158.12
2,3244,677.883,1027.66,158.12
2,3245,677.883,1018.69,158.12
2,3246,677.883,1018.69,158.12
2,3247,677.883,1015.49,158.12
2,3248,677.883,1015.49,158.12
2,3249,677.883,1015.49,158.12
2,3250,677.883,1015.49,158.12
2,3251,677.883,1015.49,158.12
2,3252,677.883,1015.49,158.12
2,3253,677.883,1015.49,158.12
2,3254,677.883,1015.49,158.12
2,3255,677.883,739.037,158.12
2,3256,677.883,736.54,158.12
2,3257,677.883,736.54,158.12
2,3258,677.883,736.54,158.12
2,3259,677.883,736.54,158.12
2,3260,677.883,736.54,158.12
2,3261,677.883,736.54,158.12
2,3262,677.883,736.54,158.12
2,3263,677.883,736.54,158.12
2,3264,677.883,736.54,158.12
2,3265,677.883,736.54,158.12
2,3266,677.883,736.54,158.12
2,3267,677.883,736.54,158.12
2,3268,677.883,736.54,158.12
2,3269,677.883,729.418,158.12
2,3270,677.883,729.418,158.12
2,3271,677.883,729.418,158.12
2,3272,677.883,729.418,158.12
2,3273,677.883,729.418,158.12
2,3274,677.883,729.418,158.12
2,3275,677.883,729.418,158.12
2,3276,677.883,729.418,158.12
2,3277,677.883,729.418,158.12
2,3278,677.883,729.418,158.12
2,3279,677.883,729.418,158.12
2,3280,677.883,729.418,158.12
2,3281,677.883,729.418,156.539
2,3282,677.883,729.418,156.539
2,3283,677.883,729.418,156.539
2,3284,677.883,729.418,156.539
2,3285,677.883,729.418,156.539
2,3286,677.883,729.418,156.539
2,3287,677.883,800.452,156.539
2,3288,677.883,1113.3,156.539
2,3289,677.883,1105.08,156.539
2,3290,677.883,1105.08,156.539
2,3291,677.883,1034.05,156.539
2,3292,677.883,1034.05,156.539
2,3293,677.883,1034.05,156.539
2,3294,677.883,1034.05,156.539
2,3295,677.883,1034.05,156.539
2,3296,677.883,1034.05,156.539
2,3297,677.883,1034.05,156.539
2,3298,677.883,1034.05,156.539
2,3299,677.883,1034.05,156.539
2,3300,677.883,1034.05,156.539
2,3301,677.883,1034.05,156.539
2,3302,677.883,1034.05,156.539
2,3303,677.883,1034.05,156.539
2,3304,677.883,1034.05,156.539
2,3305,677.883,1036.73,156.539
2,3306,677.883,1036.73,156.539
2,3307,677.883,1036.73,156.539
2,3308,677.883,1036.73,156.539
2,3309,677.883,1019.35,156.539
2,3310,677.883,1019.35,156.539
2,3311,677.883,1019.35,156.539
2,3312,677.883,1019.35,156.539
2,3313,677.883,1019.35,156.539
2,3314,677.883,1019.35,156.539
2,3315,677.883,1019.35,156.539
2,3316,677.883,1019.35,156.539
2,3317,677.883,1019.35,156.539
2,3318,677.883,1019.35,156.539
2,3319,677.883,1019.35,156.539
2,3320,677.883,1019.35,156.539
2,3321,677.883,1019.35,156.539
2,3322,677.883,1019.35,156.539
2,3323,677.883,1019.35,156.539
2,3324,677.883,1019.35,156.539
2,3325,677.883,1019.35,156.539
2,3326,677.883,1019.35,156.539
2,3327,677.883,1019.35,156.539
2,3328,677.883,1019.35,156.539
2,3329,677.883,1019.35,156.539
2,3330,677.883,1019.35,156.539
2,3331,677.883,1019.35,156.539
2,3332,677.883,1019.35,156.539
2,3333,677.883,1019.35,156.539
2,3334,677.883,1019.35,156.539
2,3335,677.883,1019.35,156.539
2,3336,677.883,1019.35,156.539
2,3337,677.883,1019.35,156.539
2,3338,677.883,1019.35,156.539
2,3339,677.883,1019.35,156.539
2,3340,677.883,1019.35,156.539
2,3341,677.883,1019.35,156.539
2,3342,677.883,1019.35,156.539
2,3343,677.883,1019.35,156.539
2,3344,677.883,1019.35,156.539
2,3345,677.883,1019.35,156.539
2,3346,677.883,1019.35,156.539
2,3347,677.883,1019.35,156.539
2,3348,677.883,1019.35,156.539
2,3349,677.883,1019.35,156.539
2,3350,677.883,1019.35,156.539
2,3351,677.883,1019.35,156.539
2,3352,677.883,1019.35,156.539
2,3353,677.883,1019.35,156.539
2,3354,677.883,1019.35,156.539
2,3355,677.883,1019.35,156.539
2,3356,677.883,1019.35,156.539
2,3357,677.883,1019.35,156.539
2,3358,677.883,1019.35,156.539
2,3359,677.883,1019.35,156.539
2,3360,677.883,1019.35,156.539
2,3361,677.883,1019.35,154.974
2,3362,677.883,1019.35,154.974
2,3363,677.883,1019.35,154.974
2,3364,677.883,1019.35,154.974
2,3365,677.883,1019.35,154.974
2,3366,677.883,1019.35,154.974
2,3367,677.883,1019.35,154.974
2,3368,677.883,1019.35,154.974
2,3369,677.883,1019.35,154.974
2,3370,677.883,1019.35,154.974
2,3371,677.883,1019.35,154.974
2,3372,677.883,1019.35,154.974
2,3373,677.883,1083.11,154.974
2,3374,677.883,1083.11,154.974
2,3375,677.883,1036.73,154.974
2,3376,677.883,1036.73,154.974
2,3377,677.883,1036.73,154.974
2,3378,677.883,1036.73,154.974
2,3379,677.883,1036.73,154.974
2,3380,677.883,1019.35,154.974
2,3381,677.883,1019.35,154.974
2,3382,677.883,1019.35,154.974
2,3383,677.883,1019.35,154.974
2,3384,677.883,1019.35,154.974
2,3385,677.883,1019.35,154.974
2,3386,677.883,1019.35,154.974
2,3387,677.883,1019.35,154.974
2,3388,677.883,1019.35,154.974
2,3389,677.883,1019.35,154.974
2,3390,677.883,1019.35,154.974
2,3391,677.883,1019.35,154.974
2,3392,677.883,1019.35,154.974
2,3393,677.883,1019.35,154.974
2,3394,677.883,1019.35,154.974
2,3395,677.883,1019.35,154.974
2,3396,677.883,1019.35,154.974
2,3397,677.883,1019.35,154.974
2,3398,677.883,1019.35,154.974
2,3399,677.883,1019.35,154.974
2,3400,677.883,1019.35,154.974
2,3401,677.883,1019.35,154.974
2,3402,677.883,786.656,154.974
2,3403,677.883,786.656,154.974
2,3404,677.883,786.656,154.974
2,3405,677.883,751.322,154.974
2,3406,677.883,751.322,154.974
2,3407,677.883,751.322,154.974
2,3408,677.883,751.322,154.974
2,3409,677.883,751.322,154.974
2,3410,677.883,751.322,154.974
2,3411,677.883,1067.22,154.974
2,3412,677.883,1059.89,154.974
2,3413,677.883,1059.89,154.974
2,3414,677.883,1059.89,154.974
2,3415,677.883,1059.89,154.974
2,3416,677.883,1401.28,154.974
2,3417,677.883,1401.28,154.974
2,3418,677.883,1401.28,154.974
2,3419,677.883,1401.28,154.974
2,3420,677.883,1401.28,154.974
2,3421,677.883,1401.28,154.974
2,3422,677.883,1362.08,154.974
2,3423,677.883,1347.82,154.974
2,3424,677.883,1347.82,154.974
2,3425,677.883,1347.82,154.974
2,3426,677.883,1347.82,154.974
2,3427,677.883,1334.15,154.974
2,3428,677.883,1334.15,154.974
2,3429,677.883,1334.15,154.974
2,3430,677.883,1334.15,154.974
2,3431,677.883,1334.15,154.974
2,3432,677.883,1326.2,154.974
2,3433,677.883,1326.2,154.974
2,3434,677.883,1326.2,154.974
2,3435,677.883,1326.2,154.974
2,3436,677.883,1320.43,154.974
2,3437,677.883,1313.71,154.974
2,3438,677.883,1313.71,154.974
2,3439,677.883,1313.71,154.974
2,3440,677.883,1313.71,154.974
2,3441,677.883,1313.71,153.424
2,3442,677.883,1313.71,153.424
2,3443,677.883,1313.71,153.424
2,3444,677.883,1313.71,153.424
2,3445,677.883,1313.71,153.424
2,3446,677.883,1341.06,153.424
2,3447,677.883,1341.06,153.424
2,3448,677.883,1341.06,153.424
2,3449,677.883,1334.63,153.424
2,3450,677.883,1311.64,153.424
2,3451,677.883,1311.64,153.424
2,3452,677.883,1311.64,153.424
2,3453,677.883,1311.64,153.424
2,3454,677.883,1311.64,153.424
2,3455,677.883,1311.64,153.424
2,3456,677.883,1053.94,153.424
2,3457,677.883,1053.94,153.424
2,3458,677.883,1053.94,153.424
2,3459,677.883,1053.94,153.424
2,3460,677.883,1046.05,153.424
2,3461,677.883,1046.05,153.424
2,3462,677.883,1046.05,153.424
2,3463,677.883,1046.05,153.424
2,3464,677.883,1046.05,153.424
2,3465,677.883,1046.05,153.424
2,3466,677.883,1046.05,153.424
2,3467,677.883,1046.05,153.424
2,3468,677.883,1046.05,153.424
2,3469,677.883,1046.05,153.424
2,3470,677.883,1046.05,153.424
2,3471,677.883,1046.05,153.424
2,3472,677.883,1046.05,153.424
2,3473,677.883,1046.05,153.424
2,3474,677.883,1046.05,153.424
2,3475,677.883,1049.13,153.424
2,3476,677.883,1049.13,153.424
2,3477,677.883,1049.13,153.424
2,3478,677.883,1049.13,153.424
2,3479,677.883,1049.13,153.424
2,3480,677.883,1042.01,153.424
2,3481,677.883,1042.01,153.424
2,3482,677.883,1042.01,153.424
2,3483,677.883,1042.01,153.424
2,3484,677.883,1042.01,153.424
2,3485,677.883,1042.01,153.424
2,3486,677.883,1042.01,153.424
2,3487,677.883,1042.01,153.424
2,3488,677.883,1042.01,153.424
2,3489,677.883,1042.01,153.424
2,3490,677.883,1042.01,153.424
2,3491,677.883,1042.01,153.424
2,3492,677.883,1042.01,153.424
2,3493,677.883,1042.01,153.424
2,3494,677.883,1042.01,153.424
2,3495,677.883,1042.01,153.424
2,3496,677.883,1042.01,153.424
2,3497,677.883,1042.01,153.424
2,3498,677.883,1042.01,153.424
2,3499,677.883,1042.01,153.424
2,3500,677.883,1042.01,153.424
2,3501,677.883,1042.01,153.424
2,3502,677.883,1042.01,153.424
2,3503,677.883,1042.01,153.424
2,3504,677.883,1042.01,153.424
2,3505,677.883,1039.23,153.424
2,3506,677.883,1039.23,153.424
2,3507,677.883,1039.23,153.424
2,3508,677.883,1039.23,153.424
2,3509,677.883,1039.23,153.424
2,3510,677.883,1039.23,153.424
2,3511,677.883,1068.32,153.424
2,3512,677.883,1068.32,153.424
2,3513,677.883,1068.32,153.424
2,3514,677.883,1068.32,153.424
2,3515,677.883,772.488,153.424
2,3516,677.883,772.488,153.424
2,3517,677.883,772.488,153.424
2,3518,677.883,772.488,153.424
2,3519,677.883,772.488,153.424
2,3520,677.883,772.488,153.424
2,3521,677.883,772.488,151.89
2,3522,677.883,772.488,151.89
2,3523,677.883,772.488,151.89
2,3524,677.883,772.488,151.89
2,3525,677.883,772.488,151.89
2,3526,677.883,772.488,151.89
2,3527,677.883,772.488,151.89
2,3528,677.883,772.488,151.89
2,3529,677.883,772.488,151.89
2,3530,677.883,758.874,151.89
2,3531,677.883,743.396,151.89
2,3532,677.883,1048.87,151.89
2,3533,677.883,1048.87,151.89
2,3534,677.883,1048.87,151.89
2,3535,677.883,1048.87,151.89
2,3536,677.883,1048.87,151.89
2,3537,677.883,1048.87,151.89
2,3538,677.883,1048.87,151.89
2,3539,677.883,1048.87,151.89
2,3540,677.883,1048.87,151.89
2,3541,677.883,1048.87,151.89
2,3542,677.883,1048.87,151.89
2,3543,677.883,1048.87,151.89
2,3544,677.883,1048.87,151.89
2,3545,677.883,1048.87,151.89
2,3546,677.883,1048.87,151.89
2,3547,677.883,1151.58,151.89
2,3548,677.883,1151.23,151.89
2,3549,677.883,1151.23,151.89
2,3550,677.883,1151.23,151.89
2,3551,677.883,1150.43,151.89
2,3552,677.883,1150.43,151.89
2,3553,677.883,1150.43,151.89
2,3554,677.883,1150.43,151.89
2,3555,677.883,1056.78,151.89
2,3556,677.883,1056.78,151.89
2,3557,677.883,1056.78,151.89
2,3558,677.883,1056.78,151.89
2,3559,677.883,1056.78,151.89
2,3560,677.883,1056.78,151.89
2,3561,677.883,1056.78,151.89
2,3562,677.883,1056.78,151.89
2,3563,677.883,1056.78,151.89
2,3564,677.883,1022.42,151.89
2,3565,677.883,1022.42,151.89
2,3566,677.883,1022.42,151.89
2,3567,677.883,1022.42,151.89
2,3568,677.883,1022.42,151.89
2,3569,677.883,1022.42,151.89
2,3570,677.883,1022.42,151.89
2,3571,677.883,1020.15,151.89
2,3572,677.883,1020.15,151.89
2,3573,677.883,1020.15,151.89
2,3574,677.883,1020.15,151.89
2,3575,677.883,1020.15,151.89
2,3576,677.883,1020.15,151.89
2,3577,677.883,1020.15,151.89
2,3578,677.883,1020.15,151.89
2,3579,677.883,1020.15,151.89
2,3580,677.883,1020.15,151.89
2,3581,677.883,1020.15,151.89
2,3582,677.883,1020.15,151.89
2,3583,677.883,1020.15,151.89
2,3584,677.883,1020.15,151.89
2,3585,677.883,1020.15,151.89
2,3586,677.883,1020.15,151.89
2,3587,677.883,1020.15,151.89
2,3588,677.883,1020.15,151.89
2,3589,677.883,1020.15,151.89
2,3590,677.883,1059.3,151.89
2,3591,677.883,1059.3,151.89
2,3592,677.883,1022.42,151.89
2,3593,677.883,1022.42,151.89
2,3594,677.883,1022.42,151.89
2,3595,677.883,1022.42,151.89
2,3596,677.883,1022.42,151.89
2,3597,677.883,1022.42,151.89
2,3598,677.883,1071.29,151.89
2,3599,677.883,1071.29,151.89
2,3600,677.883,1071.29,151.89
2,3601,677.883,1071.29,150.371
2,3602,677.883,1071.29,150.371
2,3603,677.883,1071.29,150.371
2,3604,677.883,1071.29,150.371
2,3605,677.883,1071.29,150.371
2,3606,677.883,1071.29,150.371
2,3607,677.883,1071.29,150.371
2,3608,677.883,1071.29,150.371
2,3609,677.883,1071.29,150.371
2,3610,677.883,1071.29,150.371
2,3611,677.883,1071.29,150.371
2,3612,677.883,1071.29,150.371
2,3613,677.883,1071.29,150.371
2,3614,677.883,1071.29,150.371
2,3615,677.883,1071.29,150.371
2,3616,677.883,1049.78,150.371
2,3617,677.883,1049.78,150.371
2,3618,677.883,1048.19,150.371
2,3619,677.883,1048.19,150.371
2,3620,677.883,1048.19,150.371
2,3621,677.883,1048.19,150.371
2,3622,677.883,1048.19,150.371
2,3623,677.883,1048.19,150.371
2,3624,677.883,1048.19,150.371
2,3625,677.883,1048.19,150.371
2,3626,677.883,1048.19,150.371
2,3627,677.883,1048.19,150.371
2,3628,677.883,1048.19,150.371
2,3629,677.883,1048.19,150.371
2,3630,677.883,1348.91,150.371
2,3631,677.883,1348.91,150.371
2,3632,677.883,1348.91,150.371
2,3633,677.883,1348.91,150.371
2,3634,677.883,1348.91,150.371
2,3635,677.883,1348.91,150.371
2,3636,677.883,1348.91,150.371
2,3637,677.883,1348.91,150.371
2,3638,677.883,1348.91,150.371
2,3639,677.883,1348.91,150.371
2,3640,677.883,1348.91,150.371
2,3641,677.883,1348.91,150.371
2,3642,677.883,1348.91,150.371
2,3643,677.883,1348.91,150.371
2,3644,677.883,1348.91,150.371
2,3645,677.883,1348.91,150.371
2,3646,677.883,1339.07,150.371
2,3647,677.883,1339.07,150.371
2,3648,677.883,1069.53,150.371
2,3649,677.883,1061.65,150.371
2,3650,677.883,768.053,150.371
2,3651,677.883,768.053,150.371
2,3652,677.883,768.053,150.371
2,3653,677.883,768.053,150.371
2,3654,677.883,768.053,150.371
2,3655,677.883,768.053,150.371
2,3656,677.883,755.859,150.371
2,3657,677.883,755.859,150.371
2,3658,677.883,755.859,150.371
2,3659,677.883,755.859,150.371
2,3660,677.883,755.859,150.371
2,3661,677.883,755.859,150.371
2,3662,677.883,755.859,150.371
2,3663,677.883,755.859,150.371
2,3664,677.883,755.859,150.371
2,3665,677.883,755.859,150.371
2,3666,677.883,755.859,150.371
2,3667,677.883,755.859,150.371
2,3668,677.883,755.859,150.371
2,3669,677.883,760.931,150.371
2,3670,677.883,760.931,150.371
2,3671,677.883,773.032,150.371
2,3672,677.883,773.032,150.371
2,3673,677.883,767.961,150.371
2,3674,677.883,767.961,150.371
2,3675,677.883,767.961,150.371
2,3676,677.883,763.794,150.371
2,3677,677.883,763.794,150.371
2,3678,677.883,841.357,150.371
2,3679,677.883,841.357,150.371
2,3680,677.883,841.357,150.371
2,3681,677.883,841.357,148.867
2,3682,677.883,841.357,148.867
2,3683,677.883,841.357,148.867
2,3684,677.883,841.357,148.867
2,3685,677.883,841.357,148.867
2,3686,677.883,828.311,148.867
2,3687,677.883,828.311,148.867
2,3688,677.883,811.86,148.867
2,3689,677.883,770.958,148.867
2,3690,677.883,770.958,148.867
2,3691,677.883,770.958,148.867
2,3692,677.883,770.958,148.867
2,3693,677.883,770.958,148.867
2,3694,677.883,770.958,148.867
2,3695,677.883,770.958,148.867
2,3696,677.883,770.958,148.867
2,3697,677.883,770.958,148.867
2,3698,677.883,770.958,148.867
2,3699,677.883,770.958,148.867
2,3700,677.883,770.958,148.867
2,3701,677.883,770.958,148.867
2,3702,677.883,770.958,148.867
2,3703,677.883,790.285,148.867
2,3704,677.883,790.285,148.867
2,3705,677.883,790.285,148.867
2,3706,677.883,822.044,148.867
2,3707,677.883,822.044,148.867
2,3708,677.883,822.044,148.867
2,3709,677.883,822.044,148.867
2,3710,677.883,822.044,148.867
2,3711,677.883,822.044,148.867
2,3712,677.883,822.044,148.867
2,3713,677.883,822.044,148.867
2,3714,677.883,822.044,148.867
2,3715,677.883,822.044,148.867
2,3716,677.883,822.044,148.867
2,3717,677.883,819.457,148.867
2,3718,677.883,819.457,148.867
2,3719,677.883,819.457,148.867
2,3720,677.883,819.457,148.867
2,3721,677.883,819.457,148.867
2,3722,677.883,754.368,148.867
2,3723,677.883,754.368,148.867
2,3724,677.883,754.368,148.867
2,3725,677.883,741.476,148.867
2,3726,677.883,741.476,148.867
2,3727,677.883,741.476,148.867
2,3728,677.883,741.476,148.867
2,3729,677.883,741.476,148.867
2,3730,677.883,741.476,148.867
2,3731,677.883,741.476,148.867
2,3732,677.883,741.476,148.867
2,3733,677.883,741.476,148.867
2,3734,677.883,741.476,148.867
2,3735,677.883,741.476,148.867
2,3736,677.883,741.476,148.867
2,3737,677.883,741.476,148.867
2,3738,677.883,741.476,148.867
2,3739,677.883,741.476,148.867
2,3740,677.883,741.476,148.867
2,3741,677.883,741.476,148.867
2,3742,677.883,741.476,148.867
2,3743,677.883,741.476,148.867
2,3744,677.883,741.476,148.867
2,3745,677.883,741.476,148.867
2,3746,677.883,741.476,148.867
2,3747,677.883,741.476,148.867
2,3748,677.883,722.744,148.867
2,3749,677.883,712.364,148.867
2,3750,677.883,712.364,148.867
2,3751,677.883,712.364,148.867
2,3752,677.883,712.364,148.867
2,3753,677.883,712.364,148.867
2,3754,677.883,737.975,148.867
2,3755,677.883,737.975,148.867
2,3756,677.883,725.614,148.867
2,3757,677.883,725.614,148.867
2,3758,677.883,725.614,148.867
2,3759,677.883,725.614,148.867
2,3760,677.883,725.614,148.867
2,3761,677.883,725.614,147.378
2,3762,677.883,725.614,147.378
2,3763,677.883,1052.06,147.378
2,3764,677.883,1029.74,147.378
2,3765,677.883,1029.65,147.378
2,3766,677.883,1029.65,147.378
2,3767,677.883,1029.65,147.378
2,3768,677.883,1029.65,147.378
2,3769,677.883,1029.65,147.378
2,3770,677.883,1029.65,147.378
2,3771,677.883,1029.65,147.378
2,3772,677.883,1013.74,147.378
2,3773,677.883,1013.74,147.378
2,3774,677.883,1013.74,147.378
2,3775,677.883,1013.74,147.378
2,3776,677.883,1013.74,147.378
2,3777,677.883,1013.74,147.378
2,3778,677.883,1013.74,147.378
2,3779,677.883,1013.74,147.378
2,3780,677.883,1013.74,147.378
2,3781,677.883,1013.74,147.378
2,3782,677.883,1013.74,147.378
2,3783,677.883,1013.74,147.378
2,3784,677.883,1013.74,147.378
2,3785,677.883,1013.74,147.378
2,3786,677.883,1013.74,147.378
2,3787,677.883,1013.74,147.378
2,3788,677.883,1013.74,147.378
2,3789,677.883,1013.74,147.378
2,3790,677.883,1013.74,147.378
2,3791,677.883,1013.74,147.378
2,3792,677.883,1013.74,147.378
2,3793,677.883,1013.74,147.378
2,3794,677.883,1013.74,147.378
2,3795,677.883,1315.61,147.378
2,3796,677.883,1315.61,147.378
2,3797,677.883,1315.61,147.378
2,3798,677.883,1315.61,147.378
2,3799,677.883,1315.61,147.378
2,3800,677.883,1315.61,147.378
2,3801,677.883,1315.61,147.378
2,3802,677.883,1315.61,147.378
2,3803,677.883,1315.61,147.378
2,3804,677.883,1315.61,147.378
2,3805,677.883,1315.61,147.378
2,3806,677.883,1315.61,147.378
2,3807,677.883,1315.61,147.378
2,3808,677.883,1315.61,147.378
2,3809,677.883,1312.7,147.378
2,3810,677.883,1312.7,147.378
2,3811,677.883,1312.7,147.378
2,3812,677.883,1312.7,147.378
2,3813,677.883,1393.5,147.378
2,3814,677.883,1393.5,147.378
2,3815,677.883,1121.23,147.378
2,3816,677.883,1121.23,147.378
2,3817,677.883,1121.23,147.378
2,3818,677.883,1119.52,147.378
2,3819,677.883,1109.36,147.378
2,3820,677.883,1109.36,147.378
2,3821,677.883,1131.36,147.378
2,3822,677.883,1131.36,147.378
2,3823,677.883,1131.36,147.378
2,3824,677.883,1131.36,147.378
2,3825,677.883,1131.36,147.378
2,3826,677.883,1126.47,147.378
2,3827,677.883,1126.47,147.378
2,3828,677.883,1126.47,147.378
2,3829,677.883,1065.84,147.378
2,3830,677.883,1065.84,147.378
2,3831,677.883,1065.84,147.378
2,3832,677.883,1065.84,147.378
2,3833,677.883,1065.84,147.378
2,3834,677.883,1010.6,147.378
2,3835,677.883,1010.6,147.378
2,3836,677.883,744.444,147.378
2,3837,677.883,744.444,147.378
2,3838,677.883,743.488,147.378
2,3839,677.883,743.488,147.378
2,3840,677.883,743.488,147.378
2,3841,677.883,743.488,145.905
2,3842,677.883,743.488,145.905
2,3843,677.883,743.488,145.905
2,3844,677.883,743.488,145.905
2,3845,677.883,743.488,145.905
2,3846,677.883,743.488,145.905
2,3847,677.883,743.488,145.905
2,3848,677.883,743.488,145.905
2,3849,677.883,743.488,145.905
2,3850,677.883,743.488,145.905
2,3851,677.883,743.488,145.905
2,3852,677.883,743.488,145.905
2,3853,677.883,743.488,145.905
2,3854,677.883,743.488,145.905
2,3855,677.883,743.488,145.905
2,3856,677.883,743.488,145.905
2,3857,677.883,743.488,145.905
2,3858,677.883,743.488,145.905
2,3859,677.883,743.488,145.905
2,3860,677.883,743.488,145.905
2,3861,677.883,743.488,145.905
2,3862,677.883,743.488,145.905
2,3863,677.883,743.488,145.905
2,3864,677.883,698.578,145.905
2,3865,677.883,698.578,145.905
2,3866,677.883,698.578,145.905
2,3867,677.883,698.578,145.905
2,3868,677.883,698.578,145.905
2,3869,677.883,698.578,145.905
2,3870,677.883,698.578,145.905
2,3871,677.883,698.578,145.905
2,3872,677.883,698.578,145.905
2,3873,677.883,698.578,145.905
2,3874,677.883,698.578,145.905
2,3875,677.883,698.578,145.905
2,3876,677.883,698.578,145.905
2,3877,677.883,698.578,145.905
2,3878,677.883,698.578,145.905
2,3879,677.883,698.578,145.905
2,3880,677.883,698.578,145.905
2,3881,677.883,698.578,145.905
2,3882,677.883,698.578,145.905
2,3883,677.883,698.578,145.905
2,3884,677.883,698.578,145.905
2,3885,677.883,698.578,145.905
2,3886,677.883,698.578,145.905
2,3887,677.883,698.578,145.905
2,3888,677.883,698.578,145.905
2,3889,677.883,698.578,145.905
2,3890,677.883,698.578,145.905
2,3891,677.883,698.578,145.905
2,3892,677.883,698.578,145.905
2,3893,677.883,698.578,145.905
2,3894,677.883,698.578,145.905
2,3895,677.883,698.578,145.905
2,3896,677.883,698.578,145.905
2,3897,677.883,698.578,145.905
2,3898,677.883,698.578,145.905
2,3899,677.883,698.578,145.905
2,3900,677.883,698.578,145.905
2,3901,677.883,698.578,145.905
2,3902,677.883,698.578,145.905
2,3903,677.883,698.578,145.905
2,3904,677.883,698.578,145.905
2,3905,677.883,698.578,145.905
2,3906,677.883,698.578,145.905
2,3907,677.883,698.578,145.905
2,3908,677.883,698.578,145.905
2,3909,677.883,698.578,145.905
2,3910,677.883,698.578,145.905
2,3911,677.883,698.578,145.905
2,3912,677.883,698.578,145.905
2,3913,677.883,698.578,145.905
2,3914,677.883,698.578,145.905
2,3915,677.883,698.578,145.905
2,3916,677.883,698.578,145.905
2,3917,677.883,698.578,145.905
2,3918,677.883,698.578,145.905
2,3919,677.883,698.578,145.905
2,3920,677.883,698.578,145.905
2,3921,677.883,698.578,144.446
2,3922,677.883,698.578,144.446
2,3923,677.883,698.578,144.446
2,3924,677.883,698.578,144.446
2,3925,677.883,698.578,144.446
2,3926,677.883,698.578,144.446
2,3927,677.883,698.578,144.446
2,3928,677.883,698.578,144.446
2,3929,677.883,698.578,144.446
2,3930,677.883,698.578,144.446
2,3931,677.883,698.578,144.446
2,3932,677.883,709.091,144.446
2,3933,677.883,709.091,144.446
2,3934,677.883,709.091,144.446
2,3935,677.883,709.091,144.446
2,3936,677.883,729.927,144.446
2,3937,677.883,729.927,144.446
2,3938,677.883,729.927,144.446
2,3939,677.883,740.561,144.446
2,3940,677.883,740.561,144.446
2,3941,677.883,740.561,144.446
2,3942,677.883,740.561,144.446
2,3943,677.883,740.561,144.446
2,3944,677.883,740.561,144.446
2,3945,677.883,740.561,144.446
2,3946,677.883,740.561,144.446
2,3947,677.883,740.561,144.446
2,3948,677.883,740.561,144.446
2,3949,677.883,740.561,144.446
2,3950,677.883,740.561,144.446
2,3951,677.883,740.561,144.446
2,3952,677.883,740.561,144.446
2,3953,677.883,740.561,144.446
2,3954,677.883,740.561,144.446
2,3955,677.883,740.561,144.446
2,3956,677.883,740.561,144.446
2,3957,677.883,719.725,144.446
2,3958,677.883,719.725,144.446
2,3959,677.883,727.028,144.446
2,3960,677.883,727.028,144.446
2,3961,677.883,727.028,144.446
2,3962,677.883,727.028,144.446
2,3963,677.883,1034.87,144.446
2,3964,677.883,1034.87,144.446
2,3965,677.883,1034.87,144.446
2,3966,677.883,1034.87,144.446
2,3967,677.883,1034.87,144.446
2,3968,677.883,1030.76,144.446
2,3969,677.883,1030.76,144.446
2,3970,677.883,1030.76,144.446
2,3971,677.883,1030.76,144.446
2,3972,677.883,1030.76,144.446
2,3973,677.883,1030.76,144.446
2,3974,677.883,1030.76,144.446
2,3975,677.883,1030.76,144.446
2,3976,677.883,1030.76,144.446
2,3977,677.883,1030.76,144.446
2,3978,677.883,1030.76,144.446
2,3979,677.883,1030.76,144.446
2,3980,677.883,1030.76,144.446
2,3981,677.883,1030.76,144.446
2,3982,677.883,1030.76,144.446
2,3983,677.883,1030.76,144.446
2,3984,677.883,1030.76,144.446
2,3985,677.883,1030.76,144.446
2,3986,677.883,1030.76,144.446
2,3987,677.883,1030.76,144.446
2,3988,677.883,1030.76,144.446
2,3989,677.883,1030.76,144.446
2,3990,677.883,1030.76,144.446
2,3991,677.883,1030.76,144.446
2,3992,677.883,1030.76,144.446
2,3993,677.883,1030.76,144.446
2,3994,677.883,1030.76,144.446
2,3995,677.883,1030.76,144.446
2,3996,677.883,1030.76,144.446
2,3997,677.883,1030.76,144.446
2,3998,677.883,1030.76,144.446
2,3999,677.883,1014.59,144.446
2,4000,677.883,1014.59,144.446
2,4001,677.883,1014.59,143.001
2,4002,677.883,1014.59,143.001
2,4003,677.883,1014.59,143.001
2,4004,677.883,1014.59,143.001
2,4005,677.883,1014.59,143.001
2,4006,677.883,1014.59,143.001
2,4007,677.883,1014.59,143.001
2,4008,677.883,1014.59,143.001
2,4009,677.883,1014.59,143.001
2,4010,677.883,1014.59,143.001
2,4011,677.883,1014.59,143.001
2,4012,677.883,1014.59,143.001
2,4013,677.883,1014.59,143.001
2,4014,677.883,1014.59,143.001
2,4015,677.883,1014.59,143.001
2,4016,677.883,1014.59,143.001
2,4017,677.883,1014.59,143.001
2,4018,677.883,1014.59,143.001
2,4019,677.883,1014.59,143.001
2,4020,677.883,1014.59,143.001
2,4021,677.883,1014.59,143.001
2,4022,677.883,1014.59,143.001
2,4023,677.883,1014.59,143.001
2,4024,677.883,1014.59,143.001
2,4025,677.883,1014.59,143.001
2,4026,677.883,1014.59,143.001
2,4027,677.883,1014.59,143.001
2,4028,677.883,1014.59,143.001
2,4029,677.883,1014.59,143.001
2,4030,677.883,1014.59,143.001
2,4031,677.883,1014.59,143.001
2,4032,677.883,1014.59,143.001
2,4033,677.883,1014.59,143.001
2,4034,677.883,1014.59,143.001
2,4035,677.883,1014.59,143.001
2,4036,677.883,1014.59,143.001
2,4037,677.883,1014.59,143.001
2,4038,677.883,1014.59,143.001
2,4039,677.883,1014.59,143.001
2,4040,677.883,1014.59,143.001
2,4041,677.883,1014.59,143.001
2,4042,677.883,1014.59,143.001
2,4043,677.883,1014.59,143.001
2,4044,677.883,1014.59,143.001
2,4045,677.883,1014.59,143.001
2,4046,677.883,1014.59,143.001
2,4047,677.883,1014.59,143.001
2,4048,677.883,1014.59,143.001
2,4049,677.883,1011.92,143.001
2,4050,677.883,1011.92,143.001
2,4051,677.883,1011.92,143.001
2,4052,677.883,1011.92,143.001
2,4053,677.883,998.126,143.001
2,4054,677.883,998.126,143.001
2,4055,677.883,998.126,143.001
2,4056,677.883,998.126,143.001
2,4057,677.883,998.126,143.001
2,4058,677.883,998.126,143.001
2,4059,677.883,998.126,143.001
2,4060,677.883,998.126,143.001
2,4061,677.883,998.126,143.001
2,4062,677.883,998.126,143.001
2,4063,677.883,998.126,143.001
2,4064,677.883,998.126,143.001
2,4065,677.883,998.126,143.001
2,4066,677.883,998.126,143.001
2,4067,677.883,998.126,143.001
2,4068,677.883,998.126,143.001
2,4069,677.883,998.126,143.001
2,4070,677.883,998.126,143.001
2,4071,677.883,998.126,143.001
2,4072,677.883,998.126,143.001
2,4073,677.883,998.126,143.001
2,4074,677.883,998.126,143.001
2,4075,677.883,998.126,143.001
2,4076,677.883,998.126,143.001
2,4077,677.883,998.126,143.001
2,4078,677.883,998.126,143.001
2,4079,677.883,998.126,143.001
2,4080,677.883,998.126,143.001
2,4081,677.883,998.126,141.571
2,4082,677.883,998.126,141.571
2,4083,677.883,998.126,141.571
2,4084,677.883,998.126,141.571
2,4085,677.883,998.126,141.571
2,4086,677.883,998.126,141.571
2,4087,677.883,998.126,141.571
2,4088,677.883,998.126,141.571
2,4089,677.883,998.126,141.571
2,4090,677.883,998.126,141.571
2,4091,677.883,998.126,141.571
2,4092,677.883,998.126,141.571
2,4093,677.883,998.126,141.571
2,4094,677.883,998.126,141.571
2,4095,677.883,998.126,141.571
2,4096,677.883,998.126,141.571
2,4097,677.883,998.126,141.571
2,4098,677.883,998.126,141.571
2,4099,677.883,998.126,141.571
2,4100,677.883,998.126,141.571
2,4101,677.883,998.126,141.571
2,4102,677.883,998.126,141.571
2,4103,677.883,1030.31,141.571
2,4104,677.883,1024.48,141.571
2,4105,677.883,1024.48,141.571
2,4106,677.883,1024.48,141.571
2,4107,677.883,1024.48,141.571
2,4108,677.883,1024.48,141.571
2,4109,677.883,1024.48,141.571
2,4110,677.883,1002.75,141.571
2,4111,677.883,999.747,141.571
2,4112,677.883,999.747,141.571
2,4113,677.883,999.747,141.571
2,4114,677.883,999.747,141.571
2,4115,677.883,999.747,141.571
2,4116,677.883,999.747,141.571
2,4117,677.883,999.747,141.571
2,4118,677.883,999.747,141.571
2,4119,677.883,999.747,141.571
2,4120,677.883,999.747,141.571
2,4121,677.883,999.747,141.571
2,4122,677.883,999.747,141.571
2,4123,677.883,999.747,141.571
2,4124,677.883,999.747,141.571
2,4125,677.883,999.747,141.571
2,4126,677.883,999.747,141.571
2,4127,677.883,998.728,141.571
2,4128,677.883,998.728,141.571
2,4129,677.883,998.728,141.571
2,4130,677.883,998.728,141.571
2,4131,677.883,998.728,141.571
2,4132,677.883,998.728,141.571
2,4133,677.883,998.728,141.571
2,4134,677.883,998.728,141.571
2,4135,677.883,998.728,141.571
2,4136,677.883,998.728,141.571
2,4137,677.883,998.728,141.571
2,4138,677.883,998.728,141.571
2,4139,677.883,998.728,141.571
2,4140,677.883,998.728,141.571
2,4141,677.883,998.728,141.571
2,4142,677.883,998.728,141.571
2,4143,677.883,998.728,141.571
2,4144,677.883,998.728,141.571
2,4145,677.883,998.728,141.571
2,4146,677.883,998.728,141.571
2,4147,677.883,998.728,141.571
2,4148,677.883,998.728,141.571
2,4149,677.883,998.728,141.571
2,4150,677.883,998.728,141.571
2,4151,677.883,998.728,141.571
2,4152,677.883,1322.78,141.571
2,4153,677.883,1322.78,141.571
2,4154,677.883,1316.94,141.571
2,4155,677.883,1316.94,141.571
2,4156,677.883,1296.76,141.571
2,4157,677.883,1296.76,141.571
2,4158,677.883,1296.76,141.571
2,4159,677.883,1296.76,141.571
2,4160,677.883,1296.76,141.571
2,4161,677.883,1296.76,140.155
2,4162,677.883,1296.76,140.155
2,4163,677.883,1296.76,140.155
2,4164,677.883,1296.76,140.155
2,4165,677.883,1296.76,140.155
2,4166,677.883,1296.76,140.155
2,4167,677.883,1283.67,140.155
2,4168,677.883,1283.67,140.155
2,4169,677.883,1283.67,140.155
2,4170,677.883,1006.29,140.155
2,4171,677.883,1006.29,140.155
2,4172,677.883,1330.05,140.155
2,4173,677.883,1330.05,140.155
2,4174,677.883,1330.05,140.155
2,4175,677.883,1330.05,140.155
2,4176,677.883,1330.05,140.155
2,4177,677.883,1330.05,140.155
2,4178,677.883,1330.05,140.155
2,4179,677.883,1344.77,140.155
2,4180,677.883,1328.82,140.155
2,4181,677.883,1328.82,140.155
2,4182,677.883,1328.82,140.155
2,4183,677.883,1328.82,140.155
2,4184,677.883,1328.82,140.155
2,4185,677.883,1328.82,140.155
2,4186,677.883,1328.82,140.155
2,4187,677.883,1328.82,140.155
2,4188,677.883,1328.82,140.155
2,4189,677.883,1323.07,140.155
2,4190,677.883,1323.07,140.155
2,4191,677.883,1323.07,140.155
2,4192,677.883,1323.07,140.155
2,4193,677.883,1323.07,140.155
2,4194,677.883,1312.88,140.155
2,4195,677.883,1312.88,140.155
2,4196,677.883,1312.88,140.155
2,4197,677.883,1312.88,140.155
2,4198,677.883,1312.88,140.155
2,4199,677.883,1312.88,140.155
2,4200,677.883,1312.88,140.155
2,4201,677.883,1312.88,140.155
2,4202,677.883,1312.88,140.155
2,4203,677.883,1312.88,140.155
2,4204,677.883,1312.88,140.155
2,4205,677.883,1312.88,140.155
2,4206,677.883,1312.88,140.155
2,4207,677.883,1312.88,140.155
2,4208,677.883,1312.88,140.155
2,4209,677.883,1312.88,140.155
2,4210,677.883,1312.88,140.155
2,4211,677.883,1312.88,140.155
2,4212,677.883,1312.88,140.155
2,4213,677.883,1312.88,140.155
2,4214,677.883,1312.88,140.155
2,4215,677.883,1312.88,140.155
2,4216,677.883,1312.88,140.155
2,4217,677.883,1312.88,140.155
2,4218,677.883,1312.88,140.155
2,4219,677.883,1312.88,140.155
2,4220,677.883,1312.88,140.155
2,4221,677.883,1312.88,140.155
2,4222,677.883,1312.88,140.155
2,4223,677.883,1312.88,140.155
2,4224,677.883,1312.88,140.155
2,4225,677.883,1312.88,140.155
2,4226,677.883,1312.88,140.155
2,4227,677.883,1312.88,140.155
2,4228,677.883,1312.88,140.155
2,4229,677.883,1309.74,140.155
2,4230,677.883,1309.74,140.155
2,4231,677.883,1309.74,140.155
2,4232,677.883,1309.74,140.155
2,4233,677.883,1309.74,140.155
2,4234,677.883,1309.74,140.155
2,4235,677.883,1309.74,140.155
2,4236,677.883,1309.74,140.155
2,4237,677.883,1309.74,140.155
2,4238,677.883,1309.74,140.155
2,4239,677.883,1309.74,140.155
2,4240,677.883,1309.74,140.155
2,4241,677.883,1309.74,138.754
2,4242,677.883,1309.74,138.754
2,4243,677.883,1309.74,138.754
2,4244,677.883,1309.74,138.754
2,4245,677.883,1309.74,138.754
2,4246,677.883,1369.27,138.754
2,4247,677.883,1369.27,138.754
2,4248,677.883,1369.27,138.754
2,4249,677.883,1369.27,138.754
2,4250,677.883,1369.27,138.754
2,4251,677.883,1369.27,138.754
2,4252,677.883,1369.27,138.754
2,4253,677.883,1369.27,138.754
2,4254,677.883,1369.27,138.754
2,4255,677.883,1321.88,138.754
2,4256,677.883,1321.88,138.754
2,4257,677.883,1321.88,138.754
2,4258,677.883,1321.88,138.754
2,4259,677.883,1321.88,138.754
2,4260,677.883,1321.88,138.754
2,4261,677.883,1321.88,138.754
2,4262,677.883,1321.88,138.754
2,4263,677.883,1321.88,138.754
2,4264,677.883,1321.88,138.754
2,4265,677.883,1321.88,138.754
2,4266,677.883,1321.88,138.754
2,4267,677.883,1321.88,138.754
2,4268,677.883,1296.73,138.754
2,4269,677.883,1288.29,138.754
2,4270,677.883,1307.1,138.754
2,4271,677.883,1307.1,138.754
2,4272,677.883,1307.1,138.754
2,4273,677.883,1307.1,138.754
2,4274,677.883,1306.93,138.754
2,4275,677.883,1306.93,138.754
2,4276,677.883,1306.93,138.754
2,4277,677.883,1306.93,138.754
2,4278,677.883,1306.93,138.754
2,4279,677.883,1322.43,138.754
2,4280,677.883,1322.43,138.754
2,4281,677.883,1322.43,138.754
2,4282,677.883,1322.43,138.754
2,4283,677.883,1322.43,138.754
2,4284,677.883,1322.43,138.754
2,4285,677.883,1322.43,138.754
2,4286,677.883,1302.17,138.754
2,4287,677.883,1302.17,138.754
2,4288,677.883,1302.17,138.754
2,4289,677.883,1302.17,138.754
2,4290,677.883,1302.17,138.754
2,4291,677.883,1302.17,138.754
2,4292,677.883,1302.17,138.754
2,4293,677.883,1286.67,138.754
2,4294,677.883,1286.67,138.754
2,4295,677.883,988.227,138.754
2,4296,677.883,988.227,138.754
2,4297,677.883,988.227,138.754
2,4298,677.883,988.227,138.754
2,4299,677.883,988.227,138.754
2,4300,677.883,988.227,138.754
2,4301,677.883,988.227,138.754
2,4302,677.883,988.227,138.754
2,4303,677.883,988.227,138.754
2,4304,677.883,992.249,138.754
2,4305,677.883,988.227,138.754
2,4306,677.883,988.227,138.754
2,4307,677.883,988.227,138.754
2,4308,677.883,988.227,138.754
2,4309,677.883,988.227,138.754
2,4310,677.883,988.227,138.754
2,4311,677.883,988.227,138.754
2,4312,677.883,988.227,138.754
2,4313,677.883,988.227,138.754
2,4314,677.883,988.227,138.754
2,4315,677.883,988.227,138.754
2,4316,677.883,988.227,138.754
2,4317,677.883,988.227,138.754
2,4318,677.883,988.227,138.754
2,4319,677.883,988.227,138.754
2,4320,677.883,988.227,138.754
2,4321,677.883,988.227,137.366
2,4322,677.883,988.227,137.366
2,4323,677.883,988.227,137.366
2,4324,677.883,988.227,137.366
2,4325,677.883,988.227,137.366
2,4326,677.883,988.227,137.366
2,4327,677.883,988.227,137.366
2,4328,677.883,988.227,137.366
2,4329,677.883,988.227,137.366
2,4330,677.883,988.227,137.366
2,4331,677.883,988.227,137.366
2,4332,677.883,988.227,137.366
2,4333,677.883,988.227,137.366
2,4334,677.883,988.227,137.366
2,4335,677.883,988.227,137.366
2,4336,677.883,988.227,137.366
2,4337,677.883,988.227,137.366
2,4338,677.883,988.227,137.366
2,4339,677.883,988.227,137.366
2,4340,677.883,988.227,137.366
2,4341,677.883,988.227,137.366
2,4342,677.883,988.227,137.366
2,4343,677.883,988.227,137.366
2,4344,677.883,988.227,137.366
2,4345,677.883,988.227,137.366
2,4346,677.883,988.227,137.366
2,4347,677.883,988.227,137.366
2,4348,677.883,988.227,137.366
2,4349,677.883,988.227,137.366
2,4350,677.883,988.227,137.366
2,4351,677.883,988.227,137.366
2,4352,677.883,1004.03,137.366
2,4353,677.883,1004.03,137.366
2,4354,677.883,1004.03,137.366
2,4355,677.883,1004.03,137.366
2,4356,677.883,1004.03,137.366
2,4357,677.883,1004.03,137.366
2,4358,677.883,1004.03,137.366
2,4359,677.883,990.697,137.366
2,4360,677.883,990.697,137.366
2,4361,677.883,988.227,137.366
2,4362,677.883,988.227,137.366
2,4363,677.883,988.227,137.366
2,4364,677.883,988.227,137.366
2,4365,677.883,988.227,137.366
2,4366,677.883,988.227,137.366
2,4367,677.883,988.227,137.366
2,4368,677.883,988.227,137.366
2,4369,677.883,988.227,137.366
2,4370,677.883,988.227,137.366
2,4371,677.883,992.249,137.366
2,4372,677.883,992.249,137.366
2,4373,677.883,992.249,137.366
2,4374,677.883,992.249,137.366
2,4375,677.883,992.249,137.366
2,4376,677.883,992.249,137.366
2,4377,677.883,992.249,137.366
2,4378,677.883,992.249,137.366
2,4379,677.883,992.249,137.366
2,4380,677.883,992.249,137.366
2,4381,677.883,988.227,137.366
2,4382,677.883,988.227,137.366
2,4383,677.883,988.227,137.366
2,4384,677.883,988.227,137.366
2,4385,677.883,988.227,137.366
2,4386,677.883,988.227,137.366
2,4387,677.883,988.227,137.366
2,4388,677.883,988.227,137.366
2,4389,677.883,988.227,137.366
2,4390,677.883,988.227,137.366
2,4391,677.883,988.227,137.366
2,4392,677.883,988.227,137.366
2,4393,677.883,988.227,137.366
2,4394,677.883,988.227,137.366
2,4395,677.883,988.227,137.366
2,4396,677.883,988.227,137.366
2,4397,677.883,988.227,137.366
2,4398,677.883,988.227,137.366
2,4399,677.883,988.227,137.366
2,4400,677.883,988.227,137.366
2,4401,677.883,988.227,135.993
2,4402,677.883,988.227,135.993
2,4403,677.883,988.227,135.993
2,4404,677.883,988.227,135.993
2,4405,677.883,988.227,135.993
2,4406,677.883,988.227,135.993
2,4407,677.883,988.227,135.993
2,4408,677.883,988.227,135.993
2,4409,677.883,988.227,135.993
2,4410,677.883,988.227,135.993
2,4411,677.883,988.227,135.993
2,4412,677.883,988.227,135.993
2,4413,677.883,988.227,135.993
2,4414,677.883,988.227,135.993
2,4415,677.883,988.227,135.993
2,4416,677.883,1003.73,135.993
2,4417,677.883,1003.73,135.993
2,4418,677.883,1003.73,135.993
2,4419,677.883,1003.73,135.993
2,4420,677.883,988.227,135.993
2,4421,677.883,988.227,135.993
2,4422,677.883,988.227,135.993
2,4423,677.883,988.227,135.993
2,4424,677.883,988.227,135.993
2,4425,677.883,988.227,135.993
2,4426,677.883,988.227,135.993
2,4427,677.883,988.227,135.993
2,4428,677.883,988.227,135.993
2,4429,677.883,988.227,135.993
2,4430,677.883,988.227,135.993
2,4431,677.883,988.227,135.993
2,4432,677.883,988.227,135.993
2,4433,677.883,988.227,135.993
2,4434,677.883,988.227,135.993
2,4435,677.883,988.227,135.993
2,4436,677.883,988.227,135.993
2,4437,677.883,988.227,135.993
2,4438,677.883,988.227,135.993
2,4439,677.883,988.227,135.993
2,4440,677.883,988.227,135.993
2,4441,677.883,988.227,135.993
2,4442,677.883,988.227,135.993
2,4443,677.883,988.227,135.993
2,4444,677.883,988.227,135.993
2,4445,677.883,989.943,135.993
2,4446,677.883,989.943,135.993
2,4447,677.883,989.943,135.993
2,4448,677.883,989.943,135.993
2,4449,677.883,989.943,135.993
2,4450,677.883,989.943,135.993
2,4451,677.883,989.943,135.993
2,4452,677.883,989.943,135.993
2,4453,677.883,989.943,135.993
2,4454,677.883,989.943,135.993
2,4455,677.883,989.943,135.993
2,4456,677.883,989.943,135.993
2,4457,677.883,989.943,135.993
2,4458,677.883,1059.52,135.993
2,4459,677.883,1059.52,135.993
2,4460,677.883,1059.52,135.993
2,4461,677.883,1059.52,135.993
2,4462,677.883,1059.52,135.993
2,4463,677.883,989.943,135.993
2,4464,677.883,989.943,135.993
2,4465,677.883,989.943,135.993
2,4466,677.883,989.943,135.993
2,4467,677.883,989.943,135.993
2,4468,677.883,989.943,135.993
2,4469,677.883,989.943,135.993
2,4470,677.883,989.943,135.993
2,4471,677.883,989.943,135.993
2,4472,677.883,989.943,135.993
2,4473,677.883,989.943,135.993
2,4474,677.883,989.943,135.993
2,4475,677.883,989.943,135.993
2,4476,677.883,989.943,135.993
2,4477,677.883,989.943,135.993
2,4478,677.883,989.943,135.993
2,4479,677.883,989.943,135.993
2,4480,677.883,989.943,135.993
2,4481,677.883,989.943,134.633
2,4482,677.883,989.943,134.633
2,4483,677.883,989.943,134.633
2,4484,677.883,989.943,134.633
2,4485,677.883,989.943,134.633
2,4486,677.883,989.943,134.633
2,4487,677.883,989.943,134.633
2,4488,677.883,989.943,134.633
2,4489,677.883,989.943,134.633
2,4490,677.883,989.943,134.633
2,4491,677.883,989.943,134.633
2,4492,677.883,989.943,134.633
2,4493,677.883,989.943,134.633
2,4494,677.883,989.943,134.633
2,4495,677.883,989.943,134.633
2,4496,677.883,989.943,134.633
2,4497,677.883,989.943,134.633
2,4498,677.883,989.943,134.633
2,4499,677.883,989.943,134.633
2,4500,677.883,989.943,134.633
2,4501,677.883,1043.07,134.633
2,4502,677.883,1008.51,134.633
2,4503,677.883,1004.57,134.633
2,4504,677.883,1004.57,134.633
2,4505,677.883,1004.57,134.633
2,4506,677.883,1004.57,134.633
2,4507,677.883,1004.57,134.633
2,4508,677.883,1004.57,134.633
2,4509,677.883,1004.57,134.633
2,4510,677.883,1004.57,134.633
2,4511,677.883,1004.57,134.633
2,4512,677.883,977.72,134.633
2,4513,677.883,977.72,134.633
2,4514,677.883,954.34,134.633
2,4515,677.883,954.34,134.633
2,4516,677.883,954.34,134.633
2,4517,677.883,953.394,134.633
2,4518,677.883,953.394,134.633
2,4519,677.883,953.394,134.633
2,4520,677.883,953.394,134.633
2,4521,677.883,953.394,134.633
2,4522,677.883,953.394,134.633
2,4523,677.883,953.394,134.633
2,4524,677.883,953.394,134.633
2,4525,677.883,953.394,134.633
2,4526,677.883,953.394,134.633
2,4527,677.883,953.394,134.633
2,4528,677.883,953.394,134.633
2,4529,677.883,953.394,134.633
2,4530,677.883,953.394,134.633
2,4531,677.883,953.394,134.633
2,4532,677.883,953.394,134.633
2,4533,677.883,953.394,134.633
2,4534,677.883,953.394,134.633
2,4535,677.883,953.394,134.633
2,4536,677.883,953.394,134.633
2,4537,677.883,953.394,134.633
2,4538,677.883,953.394,134.633
2,4539,677.883,953.394,134.633
2,4540,677.883,953.394,134.633
2,4541,677.883,949.234,134.633
2,4542,677.883,949.234,134.633
2,4543,677.883,949.234,134.633
2,4544,677.883,949.234,134.633
2,4545,677.883,949.234,134.633
2,4546,677.883,949.234,134.633
2,4547,677.883,949.234,134.633
2,4548,677.883,949.234,134.633
2,4549,677.883,949.234,134.633
2,4550,677.883,949.234,134.633
2,4551,677.883,949.234,134.633
2,4552,677.883,949.234,134.633
2,4553,677.883,949.234,134.633
2,4554,677.883,949.234,134.633
2,4555,677.883,949.234,134.633
2,4556,677.883,949.234,134.633
2,4557,677.883,949.234,134.633
2,4558,677.883,949.234,134.633
2,4559,677.883,949.234,134.633
2,4560,677.883,949.234,134.633
2,4561,677.883,949.234,133.286
2,4562,677.883,949.234,133.286
2,4563,677.883,949.234,133.286
2,4564,677.883,949.234,133.286
2,4565,677.883,949.234,133.286
2,4566,677.883,949.234,133.286
2,4567,677.883,949.234,133.286
2,4568,677.883,949.234,133.286
2,4569,677.883,949.234,133.286
2,4570,677.883,949.234,133.286
2,4571,677.883,949.234,133.286
2,4572,677.883,949.234,133.286
2,4573,677.883,949.234,133.286
2,4574,677.883,949.234,133.286
2,4575,677.883,949.234,133.286
2,4576,677.883,950.179,133.286
2,4577,677.883,950.179,133.286
2,4578,677.883,950.179,133.286
2,4579,677.883,950.179,133.286
2,4580,677.883,950.179,133.286
2,4581,677.883,950.179,133.286
2,4582,677.883,950.179,133.286
2,4583,677.883,950.179,133.286
2,4584,677.883,950.179,133.286
2,4585,677.883,950.179,133.286
2,4586,677.883,949.234,133.286
2,4587,677.883,949.234,133.286
2,4588,677.883,949.234,133.286
2,4589,677.883,949.234,133.286
2,4590,677.883,949.234,133.286
2,4591,677.883,949.234,133.286
2,4592,677.883,949.234,133.286
2,4593,677.883,949.234,133.286
2,4594,677.883,949.234,133.286
2,4595,677.883,949.234,133.286
2,4596,677.883,949.234,133.286
2,4597,677.883,949.234,133.286
2,4598,677.883,949.234,133.286
2,4599,677.883,949.234,133.286
2,4600,677.883,949.234,133.286
2,4601,677.883,949.234,133.286
2,4602,677.883,949.234,133.286
2,4603,677.883,949.234,133.286
2,4604,677.883,949.234,133.286
2,4605,677.883,949.234,133.286
2,4606,677.883,949.234,133.286
2,4607,677.883,949.234,133.286
2,4608,677.883,949.234,133.286
2,4609,677.883,949.234,133.286
2,4610,677.883,949.234,133.286
2,4611,677.883,949.234,133.286
2,4612,677.883,949.234,133.286
2,4613,677.883,949.234,133.286
2,4614,677.883,966.928,133.286
2,4615,677.883,966.928,133.286
2,4616,677.883,966.928,133.286
2,4617,677.883,966.928,133.286
2,4618,677.883,966.928,133.286
2,4619,677.883,966.928,133.286
2,4620,677.883,966.928,133.286
2,4621,677.883,962.191,133.286
2,4622,677.883,962.191,133.286
2,4623,677.883,962.191,133.286
2,4624,677.883,962.191,133.286
2,4625,677.883,962.191,133.286
2,4626,677.883,962.191,133.286
2,4627,677.883,962.191,133.286
2,4628,677.883,962.191,133.286
2,4629,677.883,962.191,133.286
2,4630,677.883,962.191,133.286
2,4631,677.883,962.191,133.286
2,4632,677.883,962.191,133.286
2,4633,677.883,962.191,133.286
2,4634,677.883,962.191,133.286
2,4635,677.883,962.191,133.286
2,4636,677.883,962.191,133.286
2,4637,677.883,962.191,133.286
2,4638,677.883,962.191,133.286
2,4639,677.883,962.191,133.286
2,4640,677.883,962.191,133.286
2,4641,677.883,962.191,131.954
2,4642,677.883,962.191,131.954
2,4643,677.883,962.191,131.954
2,4644,677.883,962.191,131.954
2,4645,677.883,962.191,131.954
2,4646,677.883,962.191,131.954
2,4647,677.883,962.191,131.954
2,4648,677.883,953.394,131.954
2,4649,677.883,953.394,131.954
2,4650,677.883,953.394,131.954
2,4651,677.883,953.394,131.954
2,4652,677.883,966.44,131.954
2,4653,677.883,966.44,131.954
2,4654,677.883,966.44,131.954
2,4655,677.883,966.44,131.954
2,4656,677.883,966.44,131.954
2,4657,677.883,966.44,131.954
2,4658,677.883,966.44,131.954
2,4659,677.883,966.44,131.954
2,4660,677.883,966.44,131.954
2,4661,677.883,966.44,131.954
2,4662,677.883,966.44,131.954
2,4663,677.883,966.44,131.954
2,4664,677.883,966.44,131.954
2,4665,677.883,966.44,131.954
2,4666,677.883,966.44,131.954
2,4667,677.883,966.44,131.954
2,4668,677.883,966.44,131.954
2,4669,677.883,966.44,131.954
2,4670,677.883,966.44,131.954
2,4671,677.883,966.44,131.954
2,4672,677.883,966.44,131.954
2,4673,677.883,966.44,131.954
2,4674,677.883,966.44,131.954
2,4675,677.883,966.44,131.954
2,4676,677.883,966.44,131.954
2,4677,677.883,966.44,131.954
2,4678,677.883,966.44,131.954
2,4679,677.883,966.44,131.954
2,4680,677.883,966.44,131.954
2,4681,677.883,966.44,131.954
2,4682,677.883,966.44,131.954
2,4683,677.883,966.44,131.954
2,4684,677.883,966.44,131.954
2,4685,677.883,966.44,131.954
2,4686,677.883,966.44,131.954
2,4687,677.883,966.44,131.954
2,4688,677.883,966.44,131.954
2,4689,677.883,966.44,131.954
2,4690,677.883,953.394,131.954
2,4691,677.883,953.394,131.954
2,4692,677.883,953.394,131.954
2,4693,677.883,953.394,131.954
2,4694,677.883,953.394,131.954
2,4695,677.883,953.394,131.954
2,4696,677.883,953.394,131.954
2,4697,677.883,953.394,131.954
2,4698,677.883,953.394,131.954
2,4699,677.883,953.394,131.954
2,4700,677.883,953.394,131.954
2,4701,677.883,953.394,131.954
2,4702,677.883,953.394,131.954
2,4703,677.883,953.394,131.954
2,4704,677.883,953.394,131.954
2,4705,677.883,953.394,131.954
2,4706,677.883,953.394,131.954
2,4707,677.883,953.394,131.954
2,4708,677.883,953.394,131.954
2,4709,677.883,953.394,131.954
2,4710,677.883,953.394,131.954
2,4711,677.883,953.394,131.954
2,4712,677.883,953.394,131.954
2,4713,677.883,953.394,131.954
2,4714,677.883,953.394,131.954
2,4715,677.883,953.394,131.954
2,4716,677.883,953.394,131.954
2,4717,677.883,953.394,131.954
2,4718,677.883,953.394,131.954
2,4719,677.883,953.394,131.954
2,4720,677.883,953.394,131.954
2,4721,677.883,953.394,130.634
2,4722,677.883,953.394,130.634
2,4723,677.883,953.394,130.634
2,4724,677.883,953.394,130.634
2,4725,677.883,706.192,130.634
2,4726,677.883,706.192,130.634
2,4727,677.883,706.192,130.634
2,4728,677.883,706.192,130.634
2,4729,677.883,706.192,130.634
2,4730,677.883,706.192,130.634
2,4731,677.883,706.192,130.634
2,4732,677.883,706.192,130.634
2,4733,677.883,706.192,130.634
2,4734,677.883,706.192,130.634
2,4735,677.883,706.192,130.634
2,4736,677.883,706.192,130.634
2,4737,677.883,706.192,130.634
2,4738,677.883,706.192,130.634
2,4739,677.883,706.192,130.634
2,4740,677.883,706.192,130.634
2,4741,677.883,706.192,130.634
2,4742,677.883,706.192,130.634
2,4743,677.883,706.192,130.634
2,4744,677.883,706.192,130.634
2,4745,677.883,706.192,130.634
2,4746,677.883,706.192,130.634
2,4747,677.883,706.192,130.634
2,4748,677.883,706.192,130.634
2,4749,677.883,706.192,130.634
2,4750,677.883,706.192,130.634
2,4751,677.883,706.192,130.634
2,4752,677.883,706.192,130.634
2,4753,677.883,706.192,130.634
2,4754,677.883,706.192,130.634
2,4755,677.883,706.192,130.634
2,4756,677.883,706.192,130.634
2,4757,677.883,706.192,130.634
2,4758,677.883,706.192,130.634
2,4759,677.883,706.192,130.634
2,4760,677.883,706.192,130.634
2,4761,677.883,706.192,130.634
2,4762,677.883,706.192,130.634
2,4763,677.883,706.192,130.634
2,4764,677.883,706.192,130.634
2,4765,677.883,706.192,130.634
2,4766,677.883,706.192,130.634
2,4767,677.883,706.192,130.634
2,4768,677.883,706.192,130.634
2,4769,677.883,706.192,130.634
2,4770,677.883,706.192,130.634
2,4771,677.883,706.192,130.634
2,4772,677.883,706.192,130.634
2,4773,677.883,706.192,130.634
2,4774,677.883,706.192,130.634
2,4775,677.883,706.192,130.634
2,4776,677.883,706.192,130.634
2,4777,677.883,706.192,130.634
2,4778,677.883,706.192,130.634
2,4779,677.883,706.192,130.634
2,4780,677.883,706.192,130.634
2,4781,677.883,706.192,130.634
2,4782,677.883,706.192,130.634
2,4783,677.883,703.34,130.634
2,4784,677.883,703.34,130.634
2,4785,677.883,703.34,130.634
2,4786,677.883,703.34,130.634
2,4787,677.883,703.34,130.634
2,4788,677.883,703.34,130.634
2,4789,677.883,703.34,130.634
2,4790,677.883,693.026,130.634
2,4791,677.883,693.026,130.634
2,4792,677.883,693.026,130.634
2,4793,677.883,693.026,130.634
2,4794,677.883,693.026,130.634
2,4795,677.883,693.026,130.634
2,4796,677.883,693.026,130.634
2,4797,677.883,693.026,130.634
2,4798,677.883,693.026,130.634
2,4799,677.883,693.026,130.634
2,4800,677.883,693.026,130.634
2,4801,677.883,693.026,129.328
2,4802,677.883,693.026,129.328
2,4803,677.883,693.026,129.328
2,4804,677.883,693.026,129.328
2,4805,677.883,693.026,129.328
2,4806,677.883,693.026,129.328
2,4807,677.883,693.026,129.328
2,4808,677.883,693.026,129.328
2,4809,677.883,693.026,129.328
2,4810,677.883,693.026,129.328
2,4811,677.883,693.026,129.328
2,4812,677.883,693.026,129.328
2,4813,677.883,693.026,129.328
2,4814,677.883,693.026,129.328
2,4815,677.883,693.026,129.328
2,4816,677.883,693.026,129.328
2,4817,677.883,693.026,129.328
2,4818,677.883,693.026,129.328
2,4819,677.883,693.026,129.328
2,4820,677.883,693.026,129.328
2,4821,677.883,693.026,129.328
2,4822,677.883,693.026,129.328
2,4823,677.883,693.026,129.328
2,4824,677.883,693.026,129.328
2,4825,677.883,693.026,129.328
2,4826,677.883,693.026,129.328
2,4827,677.883,693.026,129.328
2,4828,677.883,693.026,129.328
2,4829,677.883,693.026,129.328
2,4830,677.883,693.026,129.328
2,4831,677.883,693.026,129.328
2,4832,677.883,693.026,129.328
2,4833,677.883,693.026,129.328
2,4834,677.883,693.026,129.328
2,4835,677.883,693.026,129.328
2,4836,677.883,693.026,129.328
2,4837,677.883,693.026,129.328
2,4838,677.883,693.026,129.328
2,4839,677.883,693.026,129.328
2,4840,677.883,693.026,129.328
2,4841,677.883,693.026,129.328
2,4842,677.883,693.026,129.328
2,4843,677.883,693.026,129.328
2,4844,677.883,693.026,129.328
2,4845,677.883,693.026,129.328
2,4846,677.883,693.026,129.328
2,4847,677.883,693.026,129.328
2,4848,677.883,693.026,129.328
2,4849,677.883,693.026,129.328
2,4850,677.883,693.026,129.328
2,4851,677.883,693.026,129.328
2,4852,677.883,693.026,129.328
2,4853,677.883,693.026,129.328
2,4854,677.883,693.026,129.328
2,4855,677.883,693.026,129.328
2,4856,677.883,693.026,129.328
2,4857,677.883,693.026,129.328
2,4858,677.883,693.026,129.328
2,4859,677.883,693.026,129.328
2,4860,677.883,693.026,129.328
2,4861,677.883,693.026,129.328
2,4862,677.883,693.026,129.328
2,4863,677.883,693.026,129.328
2,4864,677.883,706.559,129.328
2,4865,677.883,706.559,129.328
2,4866,677.883,706.559,129.328
2,4867,677.883,706.559,129.328
2,4868,677.883,706.559,129.328
2,4869,677.883,706.559,129.328
2,4870,677.883,706.559,129.328
2,4871,677.883,706.559,129.328
2,4872,677.883,706.559,129.328
2,4873,677.883,706.559,129.328
2,4874,677.883,706.559,129.328
2,4875,677.883,706.559,129.328
2,4876,677.883,706.559,129.328
2,4877,677.883,706.559,129.328
2,4878,677.883,706.559,129.328
2,4879,677.883,706.559,129.328
2,4880,677.883,706.559,129.328
2,4881,677.883,706.559,128.034
2,4882,677.883,706.559,128.034
2,4883,677.883,706.559,128.034
2,4884,677.883,699.126,128.034
2,4885,677.883,699.126,128.034
2,4886,677.883,699.126,128.034
2,4887,677.883,699.126,128.034
2,4888,677.883,699.126,128.034
2,4889,677.883,699.126,128.034
2,4890,677.883,699.126,128.034
2,4891,677.883,699.126,128.034
2,4892,677.883,699.126,128.034
2,4893,677.883,699.126,128.034
2,4894,677.883,699.126,128.034
2,4895,677.883,699.126,128.034
2,4896,677.883,699.126,128.034
2,4897,677.883,699.126,128.034
2,4898,677.883,693.026,128.034
2,4899,677.883,693.026,128.034
2,4900,677.883,693.026,128.034
2,4901,677.883,693.026,128.034
2,4902,677.883,693.026,128.034
2,4903,677.883,693.026,128.034
2,4904,677.883,693.026,128.034
2,4905,677.883,693.026,128.034
2,4906,677.883,693.026,128.034
2,4907,677.883,693.026,128.034
2,4908,677.883,693.026,128.034
2,4909,677.883,693.026,128.034
2,4910,677.883,693.026,128.034
2,4911,677.883,693.026,128.034
2,4912,677.883,693.026,128.034
2,4913,677.883,693.026,128.034
2,4914,677.883,699.431,128.034
2,4915,677.883,699.431,128.034
2,4916,677.883,699.431,128.034
2,4917,677.883,699.431,128.034
2,4918,677.883,699.431,128.034
2,4919,677.883,699.431,128.034
2,4920,677.883,699.431,128.034
2,4921,677.883,699.431,128.034
2,4922,677.883,699.431,128.034
2,4923,677.883,699.431,128.034
2,4924,677.883,699.431,128.034
2,4925,677.883,699.431,128.034
2,4926,677.883,699.431,128.034
2,4927,677.883,699.431,128.034
2,4928,677.883,699.431,128.034
2,4929,677.883,699.431,128.034
2,4930,677.883,699.431,128.034
2,4931,677.883,699.431,128.034
2,4932,677.883,699.431,128.034
2,4933,677.883,699.431,128.034
2,4934,677.883,699.431,128.034
2,4935,677.883,699.431,128.034
2,4936,677.883,699.431,128.034
2,4937,677.883,699.431,128.034
2,4938,677.883,699.431,128.034
2,4939,677.883,699.431,128.034
2,4940,677.883,699.431,128.034
2,4941,677.883,699.431,128.034
2,4942,677.883,699.431,128.034
2,4943,677.883,699.431,128.034
2,4944,677.883,699.431,128.034
2,4945,677.883,699.431,128.034
2,4946,677.883,699.431,128.034
2,4947,677.883,699.431,128.034
2,4948,677.883,699.431,128.034
2,4949,677.883,699.431,128.034
2,4950,677.883,699.431,128.034
2,4951,677.883,699.431,128.034
2,4952,677.883,699.431,128.034
2,4953,677.883,699.431,128.034
2,4954,677.883,699.431,128.034
2,4955,677.883,699.431,128.034
2,4956,677.883,699.431,128.034
2,4957,677.883,693.026,128.034
2,4958,677.883,688.865,128.034
2,4959,677.883,688.865,128.034
2,4960,677.883,688.865,128.034
2,4961,677.883,688.865,126.754
2,4962,677.883,688.865,126.754
2,4963,677.883,688.865,126.754
2,4964,677.883,688.865,126.754
2,4965,677.883,688.865,126.754
2,4966,677.883,688.865,126.754
2,4967,677.883,688.865,126.754
2,4968,677.883,688.865,126.754
2,4969,677.883,688.865,126.754
2,4970,677.883,688.865,126.754
2,4971,677.883,688.865,126.754
2,4972,677.883,688.865,126.754
2,4973,677.883,688.865,126.754
2,4974,677.883,688.865,126.754
2,4975,677.883,688.865,126.754
2,4976,677.883,688.865,126.754
2,4977,677.883,688.865,126.754
2,4978,677.883,688.865,126.754
2,4979,677.883,688.865,126.754
2,4980,677.883,688.865,126.754
2,4981,677.883,688.865,126.754
2,4982,677.883,688.865,126.754
2,4983,677.883,699.401,126.754
2,4984,677.883,699.401,126.754
2,4985,677.883,699.401,126.754
2,4986,677.883,699.401,126.754
2,4987,677.883,699.401,126.754
2,4988,677.883,699.401,126.754
2,4989,677.883,699.401,126.754
2,4990,677.883,699.401,126.754
2,4991,677.883,699.401,126.754
2,4992,677.883,699.401,126.754
2,4993,677.883,699.401,126.754
2,4994,677.883,699.401,126.754
2,4995,677.883,699.401,126.754
2,4996,677.883,699.401,126.754
2,4997,677.883,699.401,126.754
2,4998,677.883,699.401,126.754
2,4999,677.883,699.401,126.754
2,5000,677.883,699.401,126.754
2,5001,677.883,699.401,126.754
2,5002,677.883,699.401,126.754
2,5003,677.883,699.401,126.754
2,5004,677.883,699.401,126.754
2,5005,677.883,699.401,126.754
2,5006,677.883,699.401,126.754
2,5007,677.883,699.401,126.754
2,5008,677.883,759.594,126.754
2,5009,677.883,759.594,126.754
2,5010,677.883,759.594,126.754
2,5011,677.883,759.594,126.754
2,5012,677.883,755.985,126.754
2,5013,677.883,755.985,126.754
2,5014,677.883,755.985,126.754
2,5015,677.883,755.985,126.754
2,5016,677.883,755.985,126.754
2,5017,677.883,755.985,126.754
2,5018,677.883,755.985,126.754
2,5019,677.883,755.985,126.754
2,5020,677.883,755.985,126.754
2,5021,677.883,755.985,126.754
2,5022,677.883,755.985,126.754
2,5023,677.883,755.985,126.754
2,5024,677.883,755.985,126.754
2,5025,677.883,755.985,126.754
2,5026,677.883,755.985,126.754
2,5027,677.883,755.985,126.754
2,5028,677.883,755.985,126.754
2,5029,677.883,755.985,126.754
2,5030,677.883,755.985,126.754
2,5031,677.883,755.985,126.754
2,5032,677.883,755.985,126.754
2,5033,677.883,703.768,126.754
2,5034,677.883,703.768,126.754
2,5035,677.883,703.768,126.754
2,5036,677.883,703.768,126.754
2,5037,677.883,703.768,126.754
2,5038,677.883,703.768,126.754
2,5039,677.883,703.768,126.754
2,5040,677.883,762.811,126.754
2,5041,677.883,762.811,125.487
2,5042,677.883,745.79,125.487
2,5043,677.883,745.79,125.487
2,5044,677.883,745.79,125.487
2,5045,677.883,745.79,125.487
2,5046,677.883,745.79,125.487
2,5047,677.883,745.79,125.487
2,5048,677.883,745.79,125.487
2,5049,677.883,745.79,125.487
2,5050,677.883,745.79,125.487
2,5051,677.883,745.79,125.487
2,5052,677.883,745.79,125.487
2,5053,677.883,745.79,125.487
2,5054,677.883,745.79,125.487
2,5055,677.883,745.79,125.487
2,5056,677.883,745.79,125.487
2,5057,677.883,745.79,125.487
2,5058,677.883,745.79,125.487
2,5059,677.883,745.79,125.487
2,5060,677.883,745.79,125.487
2,5061,677.883,745.79,125.487
2,5062,677.883,745.79,125.487
2,5063,677.883,745.79,125.487
2,5064,677.883,745.79,125.487
2,5065,677.883,745.79,125.487
2,5066,677.883,745.79,125.487
2,5067,677.883,745.79,125.487
2,5068,677.883,745.79,125.487
2,5069,677.883,745.79,125.487
2,5070,677.883,745.79,125.487
2,5071,677.883,745.79,125.487
2,5072,677.883,745.79,125.487
2,5073,677.883,745.79,125.487
2,5074,677.883,745.79,125.487
2,5075,677.883,745.79,125.487
2,5076,677.883,745.79,125.487
2,5077,677.883,745.79,125.487
2,5078,677.883,745.79,125.487
2,5079,677.883,745.79,125.487
2,5080,677.883,745.79,125.487
2,5081,677.883,745.79,125.487
2,5082,677.883,745.79,125.487
2,5083,677.883,745.79,125.487
2,5084,677.883,730.295,125.487
2,5085,677.883,730.295,125.487
2,5086,677.883,730.295,125.487
2,5087,677.883,730.295,125.487
2,5088,677.883,730.295,125.487
2,5089,677.883,730.295,125.487
2,5090,677.883,730.295,125.487
2,5091,677.883,730.295,125.487
2,5092,677.883,730.295,125.487
2,5093,677.883,730.295,125.487
2,5094,677.883,730.295,125.487
2,5095,677.883,730.295,125.487
2,5096,677.883,730.295,125.487
2,5097,677.883,730.295,125.487
2,5098,677.883,730.295,125.487
2,5099,677.883,730.295,125.487
2,5100,677.883,730.295,125.487
2,5101,677.883,730.295,125.487
2,5102,677.883,730.295,125.487
2,5103,677.883,730.295,125.487
2,5104,677.883,730.295,125.487
2,5105,677.883,730.295,125.487
2,5106,677.883,730.295,125.487
2,5107,677.883,730.295,125.487
2,5108,677.883,730.295,125.487
2,5109,677.883,730.295,125.487
2,5110,677.883,730.295,125.487
2,5111,677.883,730.295,125.487
2,5112,677.883,730.295,125.487
2,5113,677.883,730.295,125.487
2,5114,677.883,730.295,125.487
2,5115,677.883,730.295,125.487
2,5116,677.883,774.157,125.487
2,5117,677.883,774.157,125.487
2,5118,677.883,769.264,125.487
2,5119,677.883,745.863,125.487
2,5120,677.883,745.79,125.487
2,5121,677.883,745.79,124.232
2,5122,677.883,745.79,124.232
2,5123,677.883,745.79,124.232
2,5124,677.883,745.79,124.232
2,5125,677.883,745.79,124.232
2,5126,677.883,745.79,124.232
2,5127,677.883,745.79,124.232
2,5128,677.883,745.79,124.232
2,5129,677.883,745.79,124.232
2,5130,677.883,745.79,124.232
2,5131,677.883,745.79,124.232
2,5132,677.883,745.79,124.232
2,5133,677.883,745.79,124.232
2,5134,677.883,745.79,124.232
2,5135,677.883,745.79,124.232
2,5136,677.883,745.79,124.232
2,5137,677.883,703.768,124.232
2,5138,677.883,703.768,124.232
2,5139,677.883,703.768,124.232
2,5140,677.883,703.768,124.232
2,5141,677.883,703.768,124.232
2,5142,677.883,703.768,124.232
2,5143,677.883,703.768,124.232
2,5144,677.883,703.768,124.232
2,5145,677.883,703.768,124.232
2,5146,677.883,703.768,124.232
2,5147,677.883,703.768,124.232
2,5148,677.883,714.279,124.232
2,5149,677.883,714.279,124.232
2,5150,677.883,714.279,124.232
2,5151,677.883,714.279,124.232
2,5152,677.883,714.279,124.232
2,5153,677.883,714.279,124.232
2,5154,677.883,714.279,124.232
2,5155,677.883,714.279,124.232
2,5156,677.883,714.279,124.232
2,5157,677.883,714.279,124.232
2,5158,677.883,714.279,124.232
2,5159,677.883,714.279,124.232
2,5160,677.883,714.279,124.232
2,5161,677.883,714.279,124.232
2,5162,677.883,714.279,124.232
2,5163,677.883,714.279,124.232
2,5164,677.883,714.279,124.232
2,5165,677.883,714.279,124.232
2,5166,677.883,714.279,124.232
2,5167,677.883,714.279,124.232
2,5168,677.883,714.279,124.232
2,5169,677.883,714.279,124.232
2,5170,677.883,714.279,124.232
2,5171,677.883,714.279,124.232
2,5172,677.883,714.279,124.232
2,5173,677.883,714.279,124.232
2,5174,677.883,714.279,124.232
2,5175,677.883,714.279,124.232
2,5176,677.883,714.279,124.232
2,5177,677.883,714.279,124.232
2,5178,677.883,714.279,124.232
2,5179,677.883,714.279,124.232
2,5180,677.883,714.279,124.232
2,5181,677.883,714.279,124.232
2,5182,677.883,714.279,124.232
2,5183,677.883,714.279,124.232
2,5184,677.883,714.279,124.232
2,5185,677.883,714.279,124.232
2,5186,677.883,714.279,124.232
2,5187,677.883,714.279,124.232
2,5188,677.883,714.279,124.232
2,5189,677.883,714.279,124.232
2,5190,677.883,714.279,124.232
2,5191,677.883,714.279,124.232
2,5192,677.883,714.279,124.232
2,5193,677.883,714.279,124.232
2,5194,677.883,714.279,124.232
2,5195,677.883,714.279,124.232
2,5196,677.883,714.279,124.232
2,5197,677.883,714.279,124.232
2,5198,677.883,714.279,124.232
2,5199,677.883,714.279,124.232
2,5200,677.883,714.279,124.232
2,5201,677.883,714.279,122.989
2,5202,677.883,714.279,122.989
2,5203,677.883,714.279,122.989
2,5204,677.883,714.279,122.989
2,5205,677.883,714.279,122.989
2,5206,677.883,714.279,122.989
2,5207,677.883,714.279,122.989
2,5208,677.883,714.279,122.989
2,5209,677.883,714.279,122.989
2,5210,677.883,714.279,122.989
2,5211,677.883,714.279,122.989
2,5212,677.883,714.279,122.989
2,5213,677.883,714.279,122.989
2,5214,677.883,714.279,122.989
2,5215,677.883,714.279,122.989
2,5216,677.883,714.279,122.989
2,5217,677.883,714.279,122.989
2,5218,677.883,714.279,122.989
2,5219,677.883,714.279,122.989
2,5220,677.883,714.279,122.989
2,5221,677.883,714.279,122.989
2,5222,677.883,714.279,122.989
2,5223,677.883,714.279,122.989
2,5224,677.883,714.279,122.989
2,5225,677.883,714.279,122.989
2,5226,677.883,714.279,122.989
2,5227,677.883,714.279,122.989
2,5228,677.883,714.279,122.989
2,5229,677.883,714.279,122.989
2,5230,677.883,714.279,122.989
2,5231,677.883,714.279,122.989
2,5232,677.883,735.268,122.989
2,5233,677.883,735.268,122.989
2,5234,677.883,735.268,122.989
2,5235,677.883,735.268,122.989
2,5236,677.883,735.268,122.989
2,5237,677.883,761.644,122.989
2,5238,677.883,761.644,122.989
2,5239,677.883,745.407,122.989
2,5240,677.883,745.407,122.989
2,5241,677.883,745.407,122.989
2,5242,677.883,745.407,122.989
2,5243,677.883,745.407,122.989
2,5244,677.883,745.407,122.989
2,5245,677.883,745.407,122.989
2,5246,677.883,745.407,122.989
2,5247,677.883,745.407,122.989
2,5248,677.883,745.407,122.989
2,5249,677.883,745.407,122.989
2,5250,677.883,745.407,122.989
2,5251,677.883,745.407,122.989
2,5252,677.883,745.407,122.989
2,5253,677.883,745.407,122.989
2,5254,677.883,745.407,122.989
2,5255,677.883,745.407,122.989
2,5256,677.883,745.407,122.989
2,5257,677.883,745.407,122.989
2,5258,677.883,745.407,122.989
2,5259,677.883,745.407,122.989
2,5260,677.883,745.407,122.989
2,5261,677.883,745.407,122.989
2,5262,677.883,745.407,122.989
2,5263,677.883,745.407,122.989
2,5264,677.883,745.407,122.989
2,5265,677.883,745.407,122.989
2,5266,677.883,745.407,122.989
2,5267,677.883,745.407,122.989
2,5268,677.883,745.407,122.989
2,5269,677.883,745.407,122.989
2,5270,677.883,745.407,122.989
2,5271,677.883,745.407,122.989
2,5272,677.883,738.903,122.989
2,5273,677.883,738.903,122.989
2,5274,677.883,738.903,122.989
2,5275,677.883,738.903,122.989
2,5276,677.883,780.07,122.989
2,5277,677.883,807.106,122.989
2,5278,677.883,807.106,122.989
2,5279,677.883,807.106,122.989
2,5280,677.883,807.106,122.989
2,5281,677.883,807.106,121.759
2,5282,677.883,759.291,121.759
2,5283,677.883,759.291,121.759
2,5284,677.883,759.291,121.759
2,5285,677.883,754.07,121.759
2,5286,677.883,754.07,121.759
2,5287,677.883,754.07,121.759
2,5288,677.883,754.07,121.759
2,5289,677.883,754.07,121.759
2,5290,677.883,754.07,121.759
2,5291,677.883,749.414,121.759
2,5292,677.883,749.34,121.759
2,5293,677.883,749.34,121.759
2,5294,677.883,749.34,121.759
2,5295,677.883,749.34,121.759
2,5296,677.883,749.34,121.759
2,5297,677.883,749.34,121.759
2,5298,677.883,749.34,121.759
2,5299,677.883,749.34,121.759
2,5300,677.883,749.34,121.759
2,5301,677.883,749.34,121.759
2,5302,677.883,749.34,121.759
2,5303,677.883,749.34,121.759
2,5304,677.883,749.34,121.759
2,5305,677.883,749.34,121.759
2,5306,677.883,749.34,121.759
2,5307,677.883,749.34,121.759
2,5308,677.883,749.34,121.759
2,5309,677.883,749.34,121.759
2,5310,677.883,749.34,121.759
2,5311,677.883,749.34,121.759
2,5312,677.883,749.34,121.759
2,5313,677.883,749.34,121.759
2,5314,677.883,749.34,121.759
2,5315,677.883,749.34,121.759
2,5316,677.883,749.34,121.759
2,5317,677.883,749.34,121.759
2,5318,677.883,749.34,121.759
2,5319,677.883,749.34,121.759
2,5320,677.883,749.34,121.759
2,5321,677.883,745.278,121.759
2,5322,677.883,745.278,121.759
2,5323,677.883,745.278,121.759
2,5324,677.883,745.278,121.759
2,5325,677.883,745.278,121.759
2,5326,677.883,745.278,121.759
2,5327,677.883,742.826,121.759
2,5328,677.883,742.826,121.759
2,5329,677.883,742.826,121.759
2,5330,677.883,742.826,121.759
2,5331,677.883,742.826,121.759
2,5332,677.883,742.826,121.759
2,5333,677.883,742.826,121.759
2,5334,677.883,742.826,121.759
2,5335,677.883,742.826,121.759
2,5336,677.883,742.826,121.759
2,5337,677.883,742.826,121.759
2,5338,677.883,742.826,121.759
2,5339,677.883,742.826,121.759
2,5340,677.883,742.826,121.759
2,5341,677.883,742.826,121.759
2,5342,677.883,742.826,121.759
2,5343,677.883,741.435,121.759
2,5344,677.883,741.435,121.759
2,5345,677.883,741.435,121.759
2,5346,677.883,741.435,121.759
2,5347,677.883,741.435,121.759
2,5348,677.883,741.435,121.759
2,5349,677.883,741.435,121.759
2,5350,677.883,741.435,121.759
2,5351,677.883,890.787,121.759
2,5352,677.883,890.787,121.759
2,5353,677.883,890.787,121.759
2,5354,677.883,890.787,121.759
2,5355,677.883,890.787,121.759
2,5356,677.883,890.787,121.759
2,5357,677.883,890.787,121.759
2,5358,677.883,890.787,121.759
2,5359,677.883,890.787,121.759
2,5360,677.883,890.787,121.759
2,5361,677.883,890.787,120.542
2,5362,677.883,890.787,120.542
2,5363,677.883,890.787,120.542
2,5364,677.883,890.787,120.542
2,5365,677.883,863.512,120.542
2,5366,677.883,844.48,120.542
2,5367,677.883,790.549,120.542
2,5368,677.883,790.549,120.542
2,5369,677.883,790.549,120.542
2,5370,677.883,790.549,120.542
2,5371,677.883,790.549,120.542
2,5372,677.883,790.549,120.542
2,5373,677.883,790.549,120.542
2,5374,677.883,790.549,120.542
2,5375,677.883,790.549,120.542
2,5376,677.883,790.549,120.542
2,5377,677.883,790.549,120.542
2,5378,677.883,790.549,120.542
2,5379,677.883,790.549,120.542
2,5380,677.883,790.549,120.542
2,5381,677.883,790.549,120.542
2,5382,677.883,790.549,120.542
2,5383,677.883,794.095,120.542
2,5384,677.883,794.095,120.542
2,5385,677.883,794.095,120.542
2,5386,677.883,794.095,120.542
2,5387,677.883,794.095,120.542
2,5388,677.883,794.095,120.542
2,5389,677.883,794.095,120.542
2,5390,677.883,753.942,120.542
2,5391,677.883,753.942,120.542
2,5392,677.883,753.942,120.542
2,5393,677.883,753.942,120.542
2,5394,677.883,753.942,120.542
2,5395,677.883,753.942,120.542
2,5396,677.883,753.942,120.542
2,5397,677.883,753.942,120.542
2,5398,677.883,753.942,120.542
2,5399,677.883,753.942,120.542
2,5400,677.883,753.942,120.542
2,5401,677.883,753.942,120.542
2,5402,677.883,753.942,120.542
2,5403,677.883,753.942,120.542
2,5404,677.883,753.942,120.542
2,5405,677.883,753.942,120.542
2,5406,677.883,753.942,120.542
2,5407,677.883,753.942,120.542
2,5408,677.883,753.942,120.542
2,5409,677.883,753.942,120.542
2,5410,677.883,753.942,120.542
2,5411,677.883,753.942,120.542
2,5412,677.883,753.942,120.542
2,5413,677.883,753.942,120.542
2,5414,677.883,753.942,120.542
2,5415,677.883,753.942,120.542
2,5416,677.883,753.942,120.542
2,5417,677.883,753.942,120.542
2,5418,677.883,753.942,120.542
2,5419,677.883,753.942,120.542
2,5420,677.883,753.942,120.542
2,5421,677.883,753.942,120.542
2,5422,677.883,753.942,120.542
2,5423,677.883,753.942,120.542
2,5424,677.883,753.942,120.542
2,5425,677.883,753.942,120.542
2,5426,677.883,753.942,120.542
2,5427,677.883,753.942,120.542
2,5428,677.883,753.942,120.542
2,5429,677.883,818.381,120.542
2,5430,677.883,818.381,120.542
2,5431,677.883,818.381,120.542
2,5432,677.883,818.381,120.542
2,5433,677.883,818.381,120.542
2,5434,677.883,818.381,120.542
2,5435,677.883,818.381,120.542
2,5436,677.883,818.381,120.542
2,5437,677.883,818.381,120.542
2,5438,677.883,818.381,120.542
2,5439,677.883,818.381,120.542
2,5440,677.883,782.113,120.542
2,5441,677.883,782.113,119.336
2,5442,677.883,767.921,119.336
2,5443,677.883,767.921,119.336
2,5444,677.883,755.426,119.336
2,5445,677.883,755.426,119.336
2,5446,677.883,755.426,119.336
2,5447,677.883,755.426,119.336
2,5448,677.883,755.426,119.336
2,5449,677.883,755.426,119.336
2,5450,677.883,755.426,119.336
2,5451,677.883,755.426,119.336
2,5452,677.883,755.426,119.336
2,5453,677.883,755.426,119.336
2,5454,677.883,755.426,119.336
2,5455,677.883,755.426,119.336
2,5456,677.883,727.494,119.336
2,5457,677.883,727.494,119.336
2,5458,677.883,727.494,119.336
2,5459,677.883,727.494,119.336
2,5460,677.883,727.494,119.336
2,5461,677.883,727.494,119.336
2,5462,677.883,727.494,119.336
2,5463,677.883,727.494,119.336
2,5464,677.883,727.494,119.336
2,5465,677.883,727.494,119.336
2,5466,677.883,727.494,119.336
2,5467,677.883,727.494,119.336
2,5468,677.883,727.494,119.336
2,5469,677.883,727.494,119.336
2,5470,677.883,727.494,119.336
2,5471,677.883,727.494,119.336
2,5472,677.883,727.494,119.336
2,5473,677.883,727.494,119.336
2,5474,677.883,727.494,119.336
2,5475,677.883,727.494,119.336
2,5476,677.883,727.494,119.336
2,5477,677.883,727.494,119.336
2,5478,677.883,727.494,119.336
2,5479,677.883,727.494,119.336
2,5480,677.883,727.494,119.336
2,5481,677.883,727.494,119.336
2,5482,677.883,727.494,119.336
2,5483,677.883,757.043,119.336
2,5484,677.883,757.043,119.336
2,5485,677.883,757.043,119.336
2,5486,677.883,757.043,119.336
2,5487,677.883,757.043,119.336
2,5488,677.883,757.043,119.336
2,5489,677.883,780.998,119.336
2,5490,677.883,780.998,119.336
2,5491,677.883,780.998,119.336
2,5492,677.883,753.066,119.336
2,5493,677.883,753.066,119.336
2,5494,677.883,753.066,119.336
2,5495,677.883,753.066,119.336
2,5496,677.883,753.066,119.336
2,5497,677.883,753.066,119.336
2,5498,677.883,753.066,119.336
2,5499,677.883,753.066,119.336
2,5500,677.883,753.066,119.336
2,5501,677.883,753.066,119.336
2,5502,677.883,753.066,119.336
2,5503,677.883,753.066,119.336
2,5504,677.883,753.066,119.336
2,5505,677.883,753.066,119.336
2,5506,677.883,753.066,119.336
2,5507,677.883,753.066,119.336
2,5508,677.883,753.066,119.336
2,5509,677.883,803.96,119.336
2,5510,677.883,803.96,119.336
2,5511,677.883,803.96,119.336
2,5512,677.883,791.464,119.336
2,5513,677.883,791.464,119.336
2,5514,677.883,791.464,119.336
2,5515,677.883,791.464,119.336
2,5516,677.883,791.464,119.336
2,5517,677.883,791.464,119.336
2,5518,677.883,791.464,119.336
2,5519,677.883,791.464,119.336
2,5520,677.883,791.464,119.336
2,5521,677.883,791.464,118.143
2,5522,677.883,791.464,118.143
2,5523,677.883,791.464,118.143
2,5524,677.883,791.464,118.143
2,5525,677.883,791.464,118.143
2,5526,677.883,791.464,118.143
2,5527,677.883,736.599,118.143
2,5528,677.883,736.599,118.143
2,5529,677.883,736.599,118.143
2,5530,677.883,736.599,118.143
2,5531,677.883,736.599,118.143
2,5532,677.883,736.599,118.143
2,5533,677.883,736.599,118.143
2,5534,677.883,736.599,118.143
2,5535,677.883,736.599,118.143
2,5536,677.883,736.599,118.143
2,5537,677.883,736.599,118.143
2,5538,677.883,736.599,118.143
2,5539,677.883,736.599,118.143
2,5540,677.883,736.599,118.143
2,5541,677.883,736.599,118.143
2,5542,677.883,736.599,118.143
2,5543,677.883,736.599,118.143
2,5544,677.883,736.599,118.143
2,5545,677.883,736.599,118.143
2,5546,677.883,736.599,118.143
2,5547,677.883,736.599,118.143
2,5548,677.883,750.132,118.143
2,5549,677.883,750.132,118.143
2,5550,677.883,747.334,118.143
2,5551,677.883,747.334,118.143
2,5552,677.883,747.334,118.143
2,5553,677.883,747.334,118.143
2,5554,677.883,775.705,118.143
2,5555,677.883,775.705,118.143
2,5556,677.883,775.644,118.143
2,5557,677.883,775.644,118.143
2,5558,677.883,775.644,118.143
2,5559,677.883,775.644,118.143
2,5560,677.883,775.644,118.143
2,5561,677.883,775.644,118.143
2,5562,677.883,775.644,118.143
2,5563,677.883,775.644,118.143
2,5564,677.883,775.644,118.143
2,5565,677.883,775.644,118.143
2,5566,677.883,775.644,118.143
2,5567,677.883,775.644,118.143
2,5568,677.883,775.644,118.143
2,5569,677.883,775.644,118.143
2,5570,677.883,775.644,118.143
2,5571,677.883,775.644,118.143
2,5572,677.883,775.644,118.143
2,5573,677.883,775.644,118.143
2,5574,677.883,775.644,118.143
2,5575,677.883,757.95,118.143
2,5576,677.883,757.95,118.143
2,5577,677.883,757.95,118.143
2,5578,677.883,757.95,118.143
2,5579,677.883,757.95,118.143
2,5580,677.883,757.95,118.143
2,5581,677.883,757.95,118.143
2,5582,677.883,757.95,118.143
2,5583,677.883,757.95,118.143
2,5584,677.883,757.95,118.143
2,5585,677.883,757.95,118.143
2,5586,677.883,757.95,118.143
2,5587,677.883,757.95,118.143
2,5588,677.883,757.95,118.143
2,5589,677.883,757.95,118.143
2,5590,677.883,757.95,118.143
2,5591,677.883,757.95,118.143
2,5592,677.883,757.95,118.143
2,5593,677.883,757.95,118.143
2,5594,677.883,757.95,118.143
2,5595,677.883,757.95,118.143
2,5596,677.883,757.95,118.143
2,5597,677.883,757.95,118.143
2,5598,677.883,757.95,118.143
2,5599,677.883,757.95,118.143
2,5600,677.883,757.95,118.143
2,5601,677.883,757.95,116.962
2,5602,677.883,757.95,116.962
2,5603,677.883,757.95,116.962
2,5604,677.883,757.95,116.962
2,5605,677.883,757.95,116.962
2,5606,677.883,757.95,116.962
2,5607,677.883,757.95,116.962
2,5608,677.883,757.95,116.962
2,5609,677.883,757.95,116.962
2,5610,677.883,757.95,116.962
2,5611,677.883,757.95,116.962
2,5612,677.883,757.95,116.962
2,5613,677.883,757.95,116.962
2,5614,677.883,757.95,116.962
2,5615,677.883,762.11,116.962
2,5616,677.883,762.11,116.962
2,5617,677.883,762.11,116.962
2,5618,677.883,762.11,116.962
2,5619,677.883,762.11,116.962
2,5620,677.883,762.11,116.962
2,5621,677.883,762.11,116.962
2,5622,677.883,762.11,116.962
2,5623,677.883,762.11,116.962
2,5624,677.883,762.11,116.962
2,5625,677.883,762.11,116.962
2,5626,677.883,762.11,116.962
2,5627,677.883,762.11,116.962
2,5628,677.883,762.11,116.962
2,5629,677.883,762.11,116.962
2,5630,677.883,762.11,116.962
2,5631,677.883,762.11,116.962
2,5632,677.883,762.11,116.962
2,5633,677.883,752.078,116.962
2,5634,677.883,752.078,116.962
2,5635,677.883,752.078,116.962
2,5636,677.883,752.078,116.962
2,5637,677.883,752.078,116.962
2,5638,677.883,752.078,116.962
2,5639,677.883,752.078,116.962
2,5640,677.883,752.078,116.962
2,5641,677.883,752.078,116.962
2,5642,677.883,752.078,116.962
2,5643,677.883,752.078,116.962
2,5644,677.883,752.078,116.962
2,5645,677.883,752.609,116.962
2,5646,677.883,752.609,116.962
2,5647,677.883,752.609,116.962
2,5648,677.883,752.609,116.962
2,5649,677.883,752.609,116.962
2,5650,677.883,752.609,116.962
2,5651,677.883,752.609,116.962
2,5652,677.883,752.609,116.962
2,5653,677.883,752.609,116.962
2,5654,677.883,752.609,116.962
2,5655,677.883,752.609,116.962
2,5656,677.883,752.609,116.962
2,5657,677.883,752.609,116.962
2,5658,677.883,752.609,116.962
2,5659,677.883,752.609,116.962
2,5660,677.883,752.609,116.962
2,5661,677.883,752.609,116.962
2,5662,677.883,752.078,116.962
2,5663,677.883,752.078,116.962
2,5664,677.883,752.078,116.962
2,5665,677.883,752.078,116.962
2,5666,677.883,752.078,116.962
2,5667,677.883,752.078,116.962
2,5668,677.883,752.078,116.962
2,5669,677.883,752.078,116.962
2,5670,677.883,752.078,116.962
2,5671,677.883,752.078,116.962
2,5672,677.883,752.078,116.962
2,5673,677.883,752.078,116.962
2,5674,677.883,752.078,116.962
2,5675,677.883,752.078,116.962
2,5676,677.883,752.078,116.962
2,5677,677.883,752.078,116.962
2,5678,677.883,752.078,116.962
2,5679,677.883,752.078,116.962
2,5680,677.883,752.078,116.962
2,5681,677.883,752.078,115.792
2,5682,677.883,752.078,115.792
2,5683,677.883,752.078,115.792
2,5684,677.883,752.078,115.792
2,5685,677.883,752.078,115.792
2,5686,677.883,752.078,115.792
2,5687,677.883,752.078,115.792
2,5688,677.883,752.078,115.792
2,5689,677.883,752.078,115.792
2,5690,677.883,752.078,115.792
2,5691,677.883,752.078,115.792
2,5692,677.883,752.078,115.792
2,5693,677.883,752.078,115.792
2,5694,677.883,752.078,115.792
2,5695,677.883,752.078,115.792
2,5696,677.883,752.078,115.792
2,5697,677.883,752.078,115.792
2,5698,677.883,752.078,115.792
2,5699,677.883,752.078,115.792
2,5700,677.883,752.078,115.792
2,5701,677.883,752.078,115.792
2,5702,677.883,752.078,115.792
2,5703,677.883,752.078,115.792
2,5704,677.883,752.078,115.792
2,5705,677.883,752.078,115.792
2,5706,677.883,752.078,115.792
2,5707,677.883,752.078,115.792
2,5708,677.883,752.078,115.792
2,5709,677.883,752.078,115.792
2,5710,677.883,752.078,115.792
2,5711,677.883,752.078,115.792
2,5712,677.883,752.078,115.792
2,5713,677.883,752.078,115.792
2,5714,677.883,752.078,115.792
2,5715,677.883,752.078,115.792
2,5716,677.883,752.078,115.792
2,5717,677.883,752.078,115.792
2,5718,677.883,752.078,115.792
2,5719,677.883,752.078,115.792
2,5720,677.883,752.078,115.792
2,5721,677.883,752.078,115.792
2,5722,677.883,752.078,115.792
2,5723,677.883,752.078,115.792
2,5724,677.883,752.078,115.792
2,5725,677.883,752.078,115.792
2,5726,677.883,752.078,115.792
2,5727,677.883,752.078,115.792
2,5728,677.883,752.078,115.792
2,5729,677.883,752.078,115.792
2,5730,677.883,752.078,115.792
2,5731,677.883,752.078,115.792
2,5732,677.883,752.078,115.792
2,5733,677.883,752.078,115.792
2,5734,677.883,752.078,115.792
2,5735,677.883,745.501,115.792
2,5736,677.883,745.501,115.792
2,5737,677.883,739.668,115.792
2,5738,677.883,736.664,115.792
2,5739,677.883,736.664,115.792
2,5740,677.883,736.664,115.792
2,5741,677.883,726.087,115.792
2,5742,677.883,726.087,115.792
2,5743,677.883,726.087,115.792
2,5744,677.883,726.087,115.792
2,5745,677.883,726.087,115.792
2,5746,677.883,726.087,115.792
2,5747,677.883,726.087,115.792
2,5748,677.883,726.087,115.792
2,5749,677.883,726.087,115.792
2,5750,677.883,726.087,115.792
2,5751,677.883,726.087,115.792
2,5752,677.883,718.447,115.792
2,5753,677.883,718.447,115.792
2,5754,677.883,718.447,115.792
2,5755,677.883,718.447,115.792
2,5756,677.883,718.447,115.792
2,5757,677.883,718.447,115.792
2,5758,677.883,711.898,115.792
2,5759,677.883,711.898,115.792
2,5760,677.883,711.898,115.792
2,5761,677.883,711.898,114.634
2,5762,677.883,711.898,114.634
2,5763,677.883,711.898,114.634
2,5764,677.883,711.898,114.634
2,5765,677.883,711.898,114.634
2,5766,677.883,711.898,114.634
2,5767,677.883,711.898,114.634
2,5768,677.883,711.898,114.634
2,5769,677.883,711.898,114.634
2,5770,677.883,711.898,114.634
2,5771,677.883,711.898,114.634
2,5772,677.883,711.898,114.634
2,5773,677.883,711.898,114.634
2,5774,677.883,711.898,114.634
2,5775,677.883,711.898,114.634
2,5776,677.883,711.898,114.634
2,5777,677.883,711.898,114.634
2,5778,677.883,711.898,114.634
2,5779,677.883,711.898,114.634
2,5780,677.883,711.898,114.634
2,5781,677.883,711.898,114.634
2,5782,677.883,711.898,114.634
2,5783,677.883,711.898,114.634
2,5784,677.883,711.898,114.634
2,5785,677.883,711.898,114.634
2,5786,677.883,711.898,114.634
2,5787,677.883,711.898,114.634
2,5788,677.883,711.898,114.634
2,5789,677.883,711.898,114.634
2,5790,677.883,711.898,114.634
2,5791,677.883,711.898,114.634
2,5792,677.883,711.898,114.634
2,5793,677.883,711.898,114.634
2,5794,677.883,711.898,114.634
2,5795,677.883,711.898,114.634
2,5796,677.883,711.898,114.634
2,5797,677.883,711.898,114.634
2,5798,677.883,711.898,114.634
2,5799,677.883,711.898,114.634
2,5800,677.883,711.898,114.634
2,5801,677.883,711.898,114.634
2,5802,677.883,711.898,114.634
2,5803,677.883,711.898,114.634
2,5804,677.883,711.898,114.634
2,5805,677.883,711.898,114.634
2,5806,677.883,711.898,114.634
2,5807,677.883,711.898,114.634
2,5808,677.883,711.898,114.634
2,5809,677.883,711.898,114.634
2,5810,677.883,711.898,114.634
2,5811,677.883,711.898,114.634
2,5812,677.883,711.898,114.634
2,5813,677.883,711.898,114.634
2,5814,677.883,711.898,114.634
2,5815,677.883,711.898,114.634
2,5816,677.883,711.898,114.634
2,5817,677.883,711.898,114.634
2,5818,677.883,711.898,114.634
2,5819,677.883,711.898,114.634
2,5820,677.883,711.898,114.634
2,5821,677.883,776.522,114.634
2,5822,677.883,776.522,114.634
2,5823,677.883,776.522,114.634
2,5824,677.883,776.522,114.634
2,5825,677.883,776.522,114.634
2,5826,677.883,776.522,114.634
2,5827,677.883,776.522,114.634
2,5828,677.883,789.465,114.634
2,5829,677.883,722.545,114.634
2,5830,677.883,722.545,114.634
2,5831,677.883,715.21,114.634
2,5832,677.883,715.21,114.634
2,5833,677.883,715.21,114.634
2,5834,677.883,715.21,114.634
2,5835,677.883,715.21,114.634
2,5836,677.883,705.931,114.634
2,5837,677.883,705.931,114.634
2,5838,677.883,705.931,114.634
2,5839,677.883,705.931,114.634
2,5840,677.883,705.931,114.634
2,5841,677.883,705.931,113.488
2,5842,677.883,705.931,113.488
2,5843,677.883,705.931,113.488
2,5844,677.883,705.931,113.488
2,5845,677.883,705.708,113.488
2,5846,677.883,705.708,113.488
2,5847,677.883,705.708,113.488
2,5848,677.883,705.708,113.488
2,5849,677.883,705.708,113.488
2,5850,677.883,705.708,113.488
2,5851,677.883,705.708,113.488
2,5852,677.883,705.708,113.488
2,5853,677.883,705.708,113.488
2,5854,677.883,705.708,113.488
2,5855,677.883,705.708,113.488
2,5856,677.883,705.708,113.488
2,5857,677.883,705.708,113.488
2,5858,677.883,705.708,113.488
2,5859,677.883,705.708,113.488
2,5860,677.883,705.708,113.488
2,5861,677.883,705.708,113.488
2,5862,677.883,705.708,113.488
2,5863,677.883,785.289,113.488
2,5864,677.883,785.289,113.488
2,5865,677.883,785.289,113.488
2,5866,677.883,785.289,113.488
2,5867,677.883,785.289,113.488
2,5868,677.883,785.289,113.488
2,5869,677.883,785.289,113.488
2,5870,677.883,785.289,113.488
2,5871,677.883,785.289,113.488
2,5872,677.883,789.45,113.488
2,5873,677.883,789.45,113.488
2,5874,677.883,789.45,113.488
2,5875,677.883,789.45,113.488
2,5876,677.883,747.201,113.488
2,5877,677.883,747.201,113.488
2,5878,677.883,702.882,113.488
2,5879,677.883,702.882,113.488
2,5880,677.883,1004.21,113.488
2,5881,677.883,1004.21,113.488
2,5882,677.883,1004.21,113.488
2,5883,677.883,1004.21,113.488
2,5884,677.883,704.359,113.488
2,5885,677.883,704.359,113.488
2,5886,677.883,704.359,113.488
2,5887,677.883,704.359,113.488
2,5888,677.883,703.34,113.488
2,5889,677.883,703.34,113.488
2,5890,677.883,703.34,113.488
2,5891,677.883,703.34,113.488
2,5892,677.883,703.34,113.488
2,5893,677.883,703.34,113.488
2,5894,677.883,703.34,113.488
2,5895,677.883,703.34,113.488
2,5896,677.883,703.34,113.488
2,5897,677.883,703.34,113.488
2,5898,677.883,703.34,113.488
2,5899,677.883,703.34,113.488
2,5900,677.883,703.34,113.488
2,5901,677.883,703.34,113.488
2,5902,677.883,703.34,113.488
2,5903,677.883,703.34,113.488
2,5904,677.883,703.34,113.488
2,5905,677.883,703.34,113.488
2,5906,677.883,703.34,113.488
2,5907,677.883,703.34,113.488
2,5908,677.883,703.34,113.488
2,5909,677.883,703.34,113.488
2,5910,677.883,703.34,113.488
2,5911,677.883,703.34,113.488
2,5912,677.883,703.34,113.488
2,5913,677.883,703.34,113.488
2,5914,677.883,703.34,113.488
2,5915,677.883,703.34,113.488
2,5916,677.883,703.34,113.488
2,5917,677.883,703.34,113.488
2,5918,677.883,703.34,113.488
2,5919,677.883,703.34,113.488
2,5920,677.883,703.34,113.488
2,5921,677.883,703.34,112.353
2,5922,677.883,703.34,112.353
2,5923,677.883,703.34,112.353
2,5924,677.883,704.359,112.353
2,5925,677.883,704.359,112.353
2,5926,677.883,704.359,112.353
2,5927,677.883,703.414,112.353
2,5928,677.883,703.414,112.353
2,5929,677.883,703.414,112.353
2,5930,677.883,703.414,112.353
2,5931,677.883,703.414,112.353
2,5932,677.883,703.414,112.353
2,5933,677.883,703.414,112.353
2,5934,677.883,703.414,112.353
2,5935,677.883,703.414,112.353
2,5936,677.883,703.414,112.353
2,5937,677.883,703.34,112.353
2,5938,677.883,703.34,112.353
2,5939,677.883,703.34,112.353
2,5940,677.883,703.34,112.353
2,5941,677.883,703.34,112.353
2,5942,677.883,703.34,112.353
2,5943,677.883,703.34,112.353
2,5944,677.883,703.34,112.353
2,5945,677.883,703.34,112.353
2,5946,677.883,703.34,112.353
2,5947,677.883,703.34,112.353
2,5948,677.883,703.34,112.353
2,5949,677.883,703.34,112.353
2,5950,677.883,703.34,112.353
2,5951,677.883,703.34,112.353
2,5952,677.883,703.34,112.353
2,5953,677.883,703.34,112.353
2,5954,677.883,703.34,112.353
2,5955,677.883,703.34,112.353
2,5956,677.883,703.34,112.353
2,5957,677.883,703.34,112.353
2,5958,677.883,703.34,112.353
2,5959,677.883,703.34,112.353
2,5960,677.883,703.34,112.353
2,5961,677.883,703.34,112.353
2,5962,677.883,703.34,112.353
2,5963,677.883,703.34,112.353
2,5964,677.883,703.34,112.353
2,5965,677.883,703.34,112.353
2,5966,677.883,703.34,112.353
2,5967,677.883,703.34,112.353
2,5968,677.883,703.34,112.353
2,5969,677.883,703.34,112.353
2,5970,677.883,703.34,112.353
2,5971,677.883,703.34,112.353
2,5972,677.883,703.34,112.353
2,5973,677.883,703.34,112.353
2,5974,677.883,703.34,112.353
2,5975,677.883,703.34,112.353
2,5976,677.883,703.34,112.353
2,5977,677.883,703.34,112.353
2,5978,677.883,703.34,112.353
2,5979,677.883,703.34,112.353
2,5980,677.883,703.34,112.353
2,5981,677.883,703.34,112.353
2,5982,677.883,703.34,112.353
2,5983,677.883,703.34,112.353
2,5984,677.883,703.34,112.353
2,5985,677.883,703.34,112.353
2,5986,677.883,703.34,112.353
2,5987,677.883,703.34,112.353
2,5988,677.883,703.34,112.353
2,5989,677.883,703.34,112.353
2,5990,677.883,703.34,112.353
2,5991,677.883,703.34,112.353
2,5992,677.883,693.026,112.353
2,5993,677.883,693.026,112.353
2,5994,677.883,693.026,112.353
2,5995,677.883,693.026,112.353
2,5996,677.883,693.026,112.353
2,5997,677.883,693.026,112.353
2,5998,677.883,693.026,112.353
2,5999,677.883,693.026,112.353
2,6000,677.883,693.026,112.353
2,6001,677.883,693.026,111.229
2,6002,677.883,693.026,111.229
2,6003,677.883,693.026,111.229
2,6004,677.883,693.026,111.229
2,6005,677.883,693.026,111.229
2,6006,677.883,693.026,111.229
2,6007,677.883,693.026,111.229
2,6008,677.883,693.026,111.229
2,6009,677.883,693.026,111.229
2,6010,677.883,693.026,111.229
2,6011,677.883,693.026,111.229
2,6012,677.883,693.026,111.229
2,6013,677.883,693.026,111.229
2,6014,677.883,693.026,111.229
2,6015,677.883,693.026,111.229
2,6016,677.883,693.026,111.229
2,6017,677.883,693.026,111.229
2,6018,677.883,693.026,111.229
2,6019,677.883,693.026,111.229
2,6020,677.883,693.026,111.229
2,6021,677.883,693.026,111.229
2,6022,677.883,693.026,111.229
2,6023,677.883,693.026,111.229
2,6024,677.883,693.026,111.229
2,6025,677.883,693.026,111.229
2,6026,677.883,693.026,111.229
2,6027,677.883,693.026,111.229
2,6028,677.883,693.026,111.229
2,6029,677.883,693.026,111.229
2,6030,677.883,693.026,111.229
2,6031,677.883,693.026,111.229
2,6032,677.883,693.026,111.229
2,6033,677.883,693.026,111.229
2,6034,677.883,693.026,111.229
2,6035,677.883,693.026,111.229
2,6036,677.883,693.026,111.229
2,6037,677.883,693.026,111.229
2,6038,677.883,693.026,111.229
2,6039,677.883,693.026,111.229
2,6040,677.883,693.026,111.229
2,6041,677.883,693.026,111.229
2,6042,677.883,693.026,111.229
2,6043,677.883,693.026,111.229
2,6044,677.883,693.026,111.229
2,6045,677.883,693.026,111.229
2,6046,677.883,693.026,111.229
2,6047,677.883,693.026,111.229
2,6048,677.883,693.026,111.229
2,6049,677.883,693.026,111.229
2,6050,677.883,693.026,111.229
2,6051,677.883,693.026,111.229
2,6052,677.883,693.026,111.229
2,6053,677.883,693.026,111.229
2,6054,677.883,693.026,111.229
2,6055,677.883,693.026,111.229
2,6056,677.883,693.026,111.229
2,6057,677.883,693.026,111.229
2,6058,677.883,693.026,111.229
2,6059,677.883,693.026,111.229
2,6060,677.883,693.026,111.229
2,6061,677.883,693.026,111.229
2,6062,677.883,693.026,111.229
2,6063,677.883,688.865,111.229
2,6064,677.883,688.865,111.229
2,6065,677.883,688.865,111.229
2,6066,677.883,688.865,111.229
2,6067,677.883,688.865,111.229
2,6068,677.883,688.865,111.229
2,6069,677.883,688.865,111.229
2,6070,677.883,688.865,111.229
2,6071,677.883,688.865,111.229
2,6072,677.883,688.865,111.229
2,6073,677.883,688.865,111.229
2,6074,677.883,688.865,111.229
2,6075,677.883,688.865,111.229
2,6076,677.883,688.865,111.229
2,6077,677.883,688.865,111.229
2,6078,677.883,688.865,111.229
2,6079,677.883,688.865,111.229
2,6080,677.883,688.865,111.229
2,6081,677.883,688.865,110.117
2,6082,677.883,688.865,110.117
2,6083,677.883,688.865,110.117
2,6084,677.883,688.865,110.117
2,6085,677.883,688.865,110.117
2,6086,677.883,688.865,110.117
2,6087,677.883,750.269,110.117
2,6088,677.883,750.269,110.117
2,6089,677.883,750.269,110.117
2,6090,677.883,750.269,110.117
2,6091,677.883,745.049,110.117
2,6092,677.883,745.049,110.117
2,6093,677.883,745.049,110.117
2,6094,677.883,745.049,110.117
2,6095,677.883,745.049,110.117
2,6096,677.883,745.049,110.117
2,6097,677.883,745.049,110.117
2,6098,677.883,755.561,110.117
2,6099,677.883,755.561,110.117
2,6100,677.883,755.561,110.117
2,6101,677.883,755.561,110.117
2,6102,677.883,744.433,110.117
2,6103,677.883,744.433,110.117
2,6104,677.883,744.433,110.117
2,6105,677.883,744.433,110.117
2,6106,677.883,744.433,110.117
2,6107,677.883,744.433,110.117
2,6108,677.883,744.433,110.117
2,6109,677.883,744.433,110.117
2,6110,677.883,744.433,110.117
2,6111,677.883,744.433,110.117
2,6112,677.883,744.433,110.117
2,6113,677.883,744.433,110.117
2,6114,677.883,744.433,110.117
2,6115,677.883,744.433,110.117
2,6116,677.883,744.433,110.117
2,6117,677.883,744.433,110.117
2,6118,677.883,744.433,110.117
2,6119,677.883,744.433,110.117
2,6120,677.883,765.269,110.117
2,6121,677.883,765.269,110.117
2,6122,677.883,765.269,110.117
2,6123,677.883,765.269,110.117
2,6124,677.883,765.269,110.117
2,6125,677.883,765.269,110.117
2,6126,677.883,765.269,110.117
2,6127,677.883,765.269,110.117
2,6128,677.883,765.269,110.117
2,6129,677.883,765.269,110.117
2,6130,677.883,765.269,110.117
2,6131,677.883,765.269,110.117
2,6132,677.883,765.269,110.117
2,6133,677.883,765.269,110.117
2,6134,677.883,765.269,110.117
2,6135,677.883,765.269,110.117
2,6136,677.883,765.269,110.117
2,6137,677.883,765.269,110.117
2,6138,677.883,765.269,110.117
2,6139,677.883,765.269,110.117
2,6140,677.883,765.269,110.117
2,6141,677.883,749.431,110.117
2,6142,677.883,749.431,110.117
2,6143,677.883,749.431,110.117
2,6144,677.883,749.431,110.117
2,6145,677.883,749.431,110.117
2,6146,677.883,749.431,110.117
2,6147,677.883,749.431,110.117
2,6148,677.883,749.431,110.117
2,6149,677.883,749.431,110.117
2,6150,677.883,749.431,110.117
2,6151,677.883,748.287,110.117
2,6152,677.883,748.287,110.117
2,6153,677.883,748.287,110.117
2,6154,677.883,748.287,110.117
2,6155,677.883,748.287,110.117
2,6156,677.883,733.4,110.117
2,6157,677.883,733.4,110.117
2,6158,677.883,733.4,110.117
2,6159,677.883,733.4,110.117
2,6160,677.883,733.4,110.117
2,6161,677.883,733.4,109.016
2,6162,677.883,733.4,109.016
2,6163,677.883,733.4,109.016
2,6164,677.883,733.4,109.016
2,6165,677.883,733.4,109.016
2,6166,677.883,733.4,109.016
2,6167,677.883,733.4,109.016
2,6168,677.883,733.4,109.016
2,6169,677.883,733.4,109.016
2,6170,677.883,733.4,109.016
2,6171,677.883,733.4,109.016
2,6172,677.883,733.4,109.016
2,6173,677.883,733.4,109.016
2,6174,677.883,733.4,109.016
2,6175,677.883,733.4,109.016
2,6176,677.883,735.871,109.016
2,6177,677.883,735.871,109.016
2,6178,677.883,769.006,109.016
2,6179,677.883,769.006,109.016
2,6180,677.883,769.006,109.016
2,6181,677.883,1071.62,109.016
2,6182,677.883,1071.62,109.016
2,6183,677.883,1071.62,109.016
2,6184,677.883,1063.46,109.016
2,6185,677.883,1063.46,109.016
2,6186,677.883,1063.46,109.016
2,6187,677.883,1063.46,109.016
2,6188,677.883,1063.46,109.016
2,6189,677.883,1057.17,109.016
2,6190,677.883,1057.17,109.016
2,6191,677.883,1057.17,109.016
2,6192,677.883,1057.17,109.016
2,6193,677.883,1053.23,109.016
2,6194,677.883,1053.23,109.016
2,6195,677.883,1053.23,109.016
2,6196,677.883,1053.23,109.016
2,6197,677.883,1053.23,109.016
2,6198,677.883,1053.23,109.016
2,6199,677.883,1053.23,109.016
2,6200,677.883,1059.52,109.016
2,6201,677.883,1060.31,109.016
2,6202,677.883,1060.31,109.016
2,6203,677.883,1060.31,109.016
2,6204,677.883,1060.31,109.016
2,6205,677.883,1060.31,109.016
2,6206,677.883,1060.31,109.016
2,6207,677.883,1060.31,109.016
2,6208,677.883,1060.31,109.016
2,6209,677.883,1060.31,109.016
2,6210,677.883,1060.31,109.016
2,6211,677.883,1054.04,109.016
2,6212,677.883,1054.04,109.016
2,6213,677.883,1054.04,109.016
2,6214,677.883,1054.04,109.016
2,6215,677.883,1054.04,109.016
2,6216,677.883,1054.04,109.016
2,6217,677.883,1054.04,109.016
2,6218,677.883,1054.04,109.016
2,6219,677.883,1054.04,109.016
2,6220,677.883,1054.04,109.016
2,6221,677.883,1054.04,109.016
2,6222,677.883,1054.04,109.016
2,6223,677.883,1054.04,109.016
2,6224,677.883,1054.04,109.016
2,6225,677.883,1054.04,109.016
2,6226,677.883,1054.04,109.016
2,6227,677.883,1054.04,109.016
2,6228,677.883,1054.04,109.016
2,6229,677.883,1054.04,109.016
2,6230,677.883,1054.04,109.016
2,6231,677.883,758.202,109.016
2,6232,677.883,758.202,109.016
2,6233,677.883,758.202,109.016
2,6234,677.883,758.202,109.016
2,6235,677.883,758.202,109.016
2,6236,677.883,758.202,109.016
2,6237,677.883,758.202,109.016
2,6238,677.883,758.202,109.016
2,6239,677.883,758.202,109.016
2,6240,677.883,758.202,109.016
2,6241,677.883,758.202,107.926
2,6242,677.883,758.202,107.926
2,6243,677.883,758.202,107.926
2,6244,677.883,758.202,107.926
2,6245,677.883,758.202,107.926
2,6246,677.883,757.41,107.926
2,6247,677.883,757.41,107.926
2,6248,677.883,757.41,107.926
2,6249,677.883,757.41,107.926
2,6250,677.883,757.41,107.926
2,6251,677.883,757.41,107.926
2,6252,677.883,757.41,107.926
2,6253,677.883,757.41,107.926
2,6254,677.883,757.41,107.926
2,6255,677.883,757.41,107.926
2,6256,677.883,757.41,107.926
2,6257,677.883,757.41,107.926
2,6258,677.883,757.41,107.926
2,6259,677.883,757.41,107.926
2,6260,677.883,757.41,107.926
2,6261,677.883,757.41,107.926
2,6262,677.883,728.694,107.926
2,6263,677.883,728.694,107.926
2,6264,677.883,728.694,107.926
2,6265,677.883,728.694,107.926
2,6266,677.883,728.694,107.926
2,6267,677.883,728.694,107.926
2,6268,677.883,728.694,107.926
2,6269,677.883,728.694,107.926
2,6270,677.883,728.694,107.926
2,6271,677.883,728.694,107.926
2,6272,677.883,728.694,107.926
2,6273,677.883,728.694,107.926
2,6274,677.883,728.694,107.926
2,6275,677.883,728.694,107.926
2,6276,677.883,724.121,107.926
2,6277,677.883,724.121,107.926
2,6278,677.883,724.121,107.926
2,6279,677.883,724.121,107.926
2,6280,677.883,724.121,107.926
2,6281,677.883,724.121,107.926
2,6282,677.883,724.121,107.926
2,6283,677.883,724.121,107.926
2,6284,677.883,724.121,107.926
2,6285,677.883,724.121,107.926
2,6286,677.883,724.121,107.926
2,6287,677.883,724.121,107.926
2,6288,677.883,724.121,107.926
2,6289,677.883,724.121,107.926
2,6290,677.883,724.121,107.926
2,6291,677.883,724.121,107.926
2,6292,677.883,724.121,107.926
2,6293,677.883,724.121,107.926
2,6294,677.883,724.121,107.926
2,6295,677.883,724.121,107.926
2,6296,677.883,724.121,107.926
2,6297,677.883,724.121,107.926
2,6298,677.883,724.121,107.926
2,6299,677.883,724.121,107.926
2,6300,677.883,724.121,107.926
2,6301,677.883,724.121,107.926
2,6302,677.883,724.121,107.926
2,6303,677.883,735.501,107.926
2,6304,677.883,735.501,107.926
2,6305,677.883,735.501,107.926
2,6306,677.883,735.501,107.926
2,6307,677.883,735.501,107.926
2,6308,677.883,724.61,107.926
2,6309,677.883,724.61,107.926
2,6310,677.883,724.61,107.926
2,6311,677.883,724.61,107.926
2,6312,677.883,724.61,107.926
2,6313,677.883,724.61,107.926
2,6314,677.883,724.61,107.926
2,6315,677.883,724.61,107.926
2,6316,677.883,724.61,107.926
2,6317,677.883,724.61,107.926
2,6318,677.883,724.61,107.926
2,6319,677.883,724.61,107.926
2,6320,677.883,724.61,107.926
2,6321,677.883,724.61,106.846
2,6322,677.883,724.61,106.846
2,6323,677.883,724.61,106.846
2,6324,677.883,724.61,106.846
2,6325,677.883,720.449,106.846
2,6326,677.883,720.449,106.846
2,6327,677.883,720.449,106.846
2,6328,677.883,720.449,106.846
2,6329,677.883,720.449,106.846
2,6330,677.883,720.449,106.846
2,6331,677.883,720.449,106.846
2,6332,677.883,720.981,106.846
2,6333,677.883,720.981,106.846
2,6334,677.883,720.981,106.846
2,6335,677.883,720.981,106.846
2,6336,677.883,720.981,106.846
2,6337,677.883,720.449,106.846
2,6338,677.883,720.449,106.846
2,6339,677.883,720.449,106.846
2,6340,677.883,720.449,106.846
2,6341,677.883,720.449,106.846
2,6342,677.883,720.449,106.846
2,6343,677.883,720.449,106.846
2,6344,677.883,720.449,106.846
2,6345,677.883,720.449,106.846
2,6346,677.883,705.814,106.846
2,6347,677.883,705.814,106.846
2,6348,677.883,705.814,106.846
2,6349,677.883,705.814,106.846
2,6350,677.883,705.814,106.846
2,6351,677.883,705.814,106.846
2,6352,677.883,705.814,106.846
2,6353,677.883,705.814,106.846
2,6354,677.883,705.814,106.846
2,6355,677.883,705.814,106.846
2,6356,677.883,705.814,106.846
2,6357,677.883,705.814,106.846
2,6358,677.883,705.814,106.846
2,6359,677.883,705.814,106.846
2,6360,677.883,705.814,106.846
2,6361,677.883,705.814,106.846
2,6362,677.883,705.814,106.846
2,6363,677.883,705.814,106.846
2,6364,677.883,705.814,106.846
2,6365,677.883,705.814,106.846
2,6366,677.883,705.814,106.846
2,6367,677.883,705.814,106.846
2,6368,677.883,705.814,106.846
2,6369,677.883,705.814,106.846
2,6370,677.883,705.814,106.846
2,6371,677.883,705.814,106.846
2,6372,677.883,705.814,106.846
2,6373,677.883,705.814,106.846
2,6374,677.883,705.814,106.846
2,6375,677.883,705.814,106.846
2,6376,677.883,705.814,106.846
2,6377,677.883,705.814,106.846
2,6378,677.883,705.814,106.846
2,6379,677.883,712.005,106.846
2,6380,677.883,712.005,106.846
2,6381,677.883,712.005,106.846
2,6382,677.883,712.005,106.846
2,6383,677.883,712.005,106.846
2,6384,677.883,712.005,106.846
2,6385,677.883,712.005,106.846
2,6386,677.883,712.005,106.846
2,6387,677.883,712.005,106.846
2,6388,677.883,712.005,106.846
2,6389,677.883,712.005,106.846
2,6390,677.883,712.005,106.846
2,6391,677.883,712.005,106.846
2,6392,677.883,712.005,106.846
2,6393,677.883,712.005,106.846
2,6394,677.883,712.005,106.846
2,6395,677.883,712.005,106.846
2,6396,677.883,712.005,106.846
2,6397,677.883,705.814,106.846
2,6398,677.883,705.814,106.846
2,6399,677.883,705.814,106.846
2,6400,677.883,705.814,106.846
2,6401,677.883,705.814,105.778
2,6402,677.883,705.814,105.778
2,6403,677.883,705.814,105.778
2,6404,677.883,705.814,105.778
2,6405,677.883,705.814,105.778
2,6406,677.883,705.814,105.778
2,6407,677.883,719.297,105.778
2,6408,677.883,719.297,105.778
2,6409,677.883,719.297,105.778
2,6410,677.883,719.297,105.778
2,6411,677.883,719.297,105.778
2,6412,677.883,719.297,105.778
2,6413,677.883,719.297,105.778
2,6414,677.883,718.805,105.778
2,6415,677.883,718.805,105.778
2,6416,677.883,718.805,105.778
2,6417,677.883,718.805,105.778
2,6418,677.883,718.805,105.778
2,6419,677.883,718.805,105.778
2,6420,677.883,739.528,105.778
2,6421,677.883,739.528,105.778
2,6422,677.883,739.528,105.778
2,6423,677.883,739.528,105.778
2,6424,677.883,739.528,105.778
2,6425,677.883,739.528,105.778
2,6426,677.883,739.528,105.778
2,6427,677.883,739.528,105.778
2,6428,677.883,739.528,105.778
2,6429,677.883,739.528,105.778
2,6430,677.883,739.528,105.778
2,6431,677.883,739.528,105.778
2,6432,677.883,739.528,105.778
2,6433,677.883,739.528,105.778
2,6434,677.883,739.528,105.778
2,6435,677.883,739.528,105.778
2,6436,677.883,739.528,105.778
2,6437,677.883,739.528,105.778
2,6438,677.883,739.454,105.778
2,6439,677.883,739.454,105.778
2,6440,677.883,739.454,105.778
2,6441,677.883,739.454,105.778
2,6442,677.883,739.454,105.778
2,6443,677.883,739.454,105.778
2,6444,677.883,739.454,105.778
2,6445,677.883,737.094,105.778
2,6446,677.883,737.094,105.778
2,6447,677.883,737.094,105.778
2,6448,677.883,737.094,105.778
2,6449,677.883,737.094,105.778
2,6450,677.883,737.094,105.778
2,6451,677.883,737.094,105.778
2,6452,677.883,737.094,105.778
2,6453,677.883,737.094,105.778
2,6454,677.883,737.094,105.778
2,6455,677.883,737.094,105.778
2,6456,677.883,737.094,105.778
2,6457,677.883,737.094,105.778
2,6458,677.883,737.094,105.778
2,6459,677.883,737.094,105.778
2,6460,677.883,747.489,105.778
2,6461,677.883,747.489,105.778
2,6462,677.883,747.489,105.778
2,6463,677.883,753.679,105.778
2,6464,677.883,753.679,105.778
2,6465,677.883,774.421,105.778
2,6466,677.883,774.421,105.778
2,6467,677.883,774.421,105.778
2,6468,677.883,774.421,105.778
2,6469,677.883,774.421,105.778
2,6470,677.883,774.421,105.778
2,6471,677.883,753.679,105.778
2,6472,677.883,753.679,105.778
2,6473,677.883,753.679,105.778
2,6474,677.883,753.679,105.778
2,6475,677.883,753.679,105.778
2,6476,677.883,753.679,105.778
2,6477,677.883,753.679,105.778
2,6478,677.883,753.679,105.778
2,6479,677.883,753.679,105.778
2,6480,677.883,753.679,105.778
2,6481,677.883,753.679,104.72
2,6482,677.883,753.679,104.72
2,6483,677.883,753.679,104.72
2,6484,677.883,753.679,104.72
2,6485,677.883,753.679,104.72
2,6486,677.883,753.679,104.72
2,6487,677.883,753.679,104.72
2,6488,677.883,753.679,104.72
2,6489,677.883,753.679,104.72
2,6490,677.883,753.679,104.72
2,6491,677.883,753.679,104.72
2,6492,677.883,753.679,104.72
2,6493,677.883,753.679,104.72
2,6494,677.883,753.679,104.72
2,6495,677.883,753.679,104.72
2,6496,677.883,753.679,104.72
2,6497,677.883,753.679,104.72
2,6498,677.883,753.679,104.72
2,6499,677.883,753.679,104.72
2,6500,677.883,753.679,104.72
2,6501,677.883,753.679,104.72
2,6502,677.883,753.679,104.72
2,6503,677.883,753.679,104.72
2,6504,677.883,753.679,104.72
2,6505,677.883,753.679,104.72
2,6506,677.883,753.679,104.72
2,6507,677.883,753.679,104.72
2,6508,677.883,753.679,104.72
2,6509,677.883,753.679,104.72
2,6510,677.883,753.679,104.72
2,6511,677.883,753.679,104.72
2,6512,677.883,753.679,104.72
2,6513,677.883,753.679,104.72
2,6514,677.883,753.679,104.72
2,6515,677.883,753.679,104.72
2,6516,677.883,753.679,104.72
2,6517,677.883,753.679,104.72
2,6518,677.883,753.679,104.72
2,6519,677.883,753.679,104.72
2,6520,677.883,753.679,104.72
2,6521,677.883,753.679,104.72
2,6522,677.883,753.679,104.72
2,6523,677.883,753.679,104.72
2,6524,677.883,753.679,104.72
2,6525,677.883,753.679,104.72
2,6526,677.883,740.787,104.72
2,6527,677.883,740.787,104.72
2,6528,677.883,740.787,104.72
2,6529,677.883,740.787,104.72
2,6530,677.883,740.787,104.72
2,6531,677.883,740.787,104.72
2,6532,677.883,740.787,104.72
2,6533,677.883,740.787,104.72
2,6534,677.883,740.787,104.72
2,6535,677.883,740.787,104.72
2,6536,677.883,740.787,104.72
2,6537,677.883,740.787,104.72
2,6538,677.883,740.787,104.72
2,6539,677.883,740.787,104.72
2,6540,677.883,740.787,104.72
2,6541,677.883,740.787,104.72
2,6542,677.883,740.787,104.72
2,6543,677.883,740.787,104.72
2,6544,677.883,740.787,104.72
2,6545,677.883,740.787,104.72
2,6546,677.883,740.787,104.72
2,6547,677.883,740.787,104.72
2,6548,677.883,740.787,104.72
2,6549,677.883,740.787,104.72
2,6550,677.883,740.787,104.72
2,6551,677.883,740.787,104.72
2,6552,677.883,740.787,104.72
2,6553,677.883,740.787,104.72
2,6554,677.883,740.787,104.72
2,6555,677.883,740.787,104.72
2,6556,677.883,740.787,104.72
2,6557,677.883,740.787,104.72
2,6558,677.883,740.787,104.72
2,6559,677.883,740.787,104.72
2,6560,677.883,740.787,104.72
2,6561,677.883,740.787,103.673
2,6562,677.883,740.787,103.673
2,6563,677.883,740.787,103.673
2,6564,677.883,740.787,103.673
2,6565,677.883,740.787,103.673
2,6566,677.883,740.787,103.673
2,6567,677.883,740.787,103.673
2,6568,677.883,740.787,103.673
2,6569,677.883,740.787,103.673
2,6570,677.883,740.787,103.673
2,6571,677.883,740.787,103.673
2,6572,677.883,740.787,103.673
2,6573,677.883,740.787,103.673
2,6574,677.883,740.787,103.673
2,6575,677.883,740.787,103.673
2,6576,677.883,740.787,103.673
2,6577,677.883,740.787,103.673
2,6578,677.883,740.787,103.673
2,6579,677.883,740.787,103.673
2,6580,677.883,740.787,103.673
2,6581,677.883,740.787,103.673
2,6582,677.883,740.787,103.673
2,6583,677.883,740.787,103.673
2,6584,677.883,740.787,103.673
2,6585,677.883,740.787,103.673
2,6586,677.883,740.787,103.673
2,6587,677.883,740.787,103.673
2,6588,677.883,740.787,103.673
2,6589,677.883,740.787,103.673
2,6590,677.883,740.787,103.673
2,6591,677.883,740.787,103.673
2,6592,677.883,740.787,103.673
2,6593,677.883,740.787,103.673
2,6594,677.883,740.787,103.673
2,6595,677.883,740.787,103.673
2,6596,677.883,740.787,103.673
2,6597,677.883,740.787,103.673
2,6598,677.883,740.787,103.673
2,6599,677.883,740.787,103.673
2,6600,677.883,740.787,103.673
2,6601,677.883,740.787,103.673
2,6602,677.883,740.787,103.673
2,6603,677.883,740.787,103.673
2,6604,677.883,740.787,103.673
2,6605,677.883,740.787,103.673
2,6606,677.883,740.787,103.673
2,6607,677.883,805.729,103.673
2,6608,677.883,805.729,103.673
2,6609,677.883,805.729,103.673
2,6610,677.883,805.729,103.673
2,6611,677.883,805.729,103.673
2,6612,677.883,805.729,103.673
2,6613,677.883,805.729,103.673
2,6614,677.883,805.729,103.673
2,6615,677.883,805.729,103.673
2,6616,677.883,805.729,103.673
2,6617,677.883,805.729,103.673
2,6618,677.883,805.729,103.673
2,6619,677.883,805.729,103.673
2,6620,677.883,805.729,103.673
2,6621,677.883,801.568,103.673
2,6622,677.883,801.568,103.673
2,6623,677.883,801.568,103.673
2,6624,677.883,801.568,103.673
2,6625,677.883,801.568,103.673
2,6626,677.883,801.568,103.673
2,6627,677.883,801.568,103.673
2,6628,677.883,801.568,103.673
2,6629,677.883,746.883,103.673
2,6630,677.883,746.883,103.673
2,6631,677.883,746.883,103.673
2,6632,677.883,746.883,103.673
2,6633,677.883,746.883,103.673
2,6634,677.883,746.883,103.673
2,6635,677.883,746.883,103.673
2,6636,677.883,746.883,103.673
2,6637,677.883,746.883,103.673
2,6638,677.883,746.883,103.673
2,6639,677.883,746.883,103.673
2,6640,677.883,746.883,103.673
2,6641,677.883,746.883,102.636
2,6642,677.883,746.883,102.636
2,6643,677.883,746.883,102.636
2,6644,677.883,746.883,102.636
2,6645,677.883,746.883,102.636
2,6646,677.883,746.883,102.636
2,6647,677.883,746.883,102.636
2,6648,677.883,746.883,102.636
2,6649,677.883,746.883,102.636
2,6650,677.883,738.468,102.636
2,6651,677.883,756.162,102.636
2,6652,677.883,756.162,102.636
2,6653,677.883,749.034,102.636
2,6654,677.883,749.034,102.636
2,6655,677.883,749.034,102.636
2,6656,677.883,749.034,102.636
2,6657,677.883,749.034,102.636
2,6658,677.883,749.034,102.636
2,6659,677.883,749.034,102.636
2,6660,677.883,749.034,102.636
2,6661,677.883,749.034,102.636
2,6662,677.883,774.437,102.636
2,6663,677.883,774.437,102.636
2,6664,677.883,774.437,102.636
2,6665,677.883,774.437,102.636
2,6666,677.883,774.437,102.636
2,6667,677.883,774.437,102.636
2,6668,677.883,774.437,102.636
2,6669,677.883,774.437,102.636
2,6670,677.883,740.728,102.636
2,6671,677.883,740.728,102.636
2,6672,677.883,740.728,102.636
2,6673,677.883,740.728,102.636
2,6674,677.883,740.728,102.636
2,6675,677.883,740.728,102.636
2,6676,677.883,740.728,102.636
2,6677,677.883,740.728,102.636
2,6678,677.883,740.728,102.636
2,6679,677.883,740.728,102.636
2,6680,677.883,740.728,102.636
2,6681,677.883,740.728,102.636
2,6682,677.883,740.728,102.636
2,6683,677.883,740.728,102.636
2,6684,677.883,740.728,102.636
2,6685,677.883,739.835,102.636
2,6686,677.883,739.835,102.636
2,6687,677.883,739.835,102.636
2,6688,677.883,739.835,102.636
2,6689,677.883,739.835,102.636
2,6690,677.883,739.835,102.636
2,6691,677.883,739.835,102.636
2,6692,677.883,739.835,102.636
2,6693,677.883,733.89,102.636
2,6694,677.883,733.89,102.636
2,6695,677.883,733.89,102.636
2,6696,677.883,733.89,102.636
2,6697,677.883,733.89,102.636
2,6698,677.883,733.89,102.636
2,6699,677.883,733.89,102.636
2,6700,677.883,733.89,102.636
2,6701,677.883,755.167,102.636
2,6702,677.883,755.167,102.636
2,6703,677.883,754.939,102.636
2,6704,677.883,754.939,102.636
2,6705,677.883,754.939,102.636
2,6706,677.883,754.939,102.636
2,6707,677.883,754.939,102.636
2,6708,677.883,754.939,102.636
2,6709,677.883,754.939,102.636
2,6710,677.883,754.939,102.636
2,6711,677.883,754.939,102.636
2,6712,677.883,754.939,102.636
2,6713,677.883,754.939,102.636
2,6714,677.883,754.939,102.636
2,6715,677.883,754.939,102.636
2,6716,677.883,754.939,102.636
2,6717,677.883,754.939,102.636
2,6718,677.883,754.939,102.636
2,6719,677.883,754.939,102.636
2,6720,677.883,746.939,102.636
2,6721,677.883,746.939,101.61
2,6722,677.883,746.939,101.61
2,6723,677.883,746.939,101.61
2,6724,677.883,748.093,101.61
2,6725,677.883,748.093,101.61
2,6726,677.883,748.093,101.61
2,6727,677.883,748.093,101.61
2,6728,677.883,748.093,101.61
2,6729,677.883,748.093,101.61
2,6730,677.883,748.093,101.61
2,6731,677.883,748.093,101.61
2,6732,677.883,748.093,101.61
2,6733,677.883,748.093,101.61
2,6734,677.883,748.093,101.61
2,6735,677.883,748.093,101.61
2,6736,677.883,748.093,101.61
2,6737,677.883,748.093,101.61
2,6738,677.883,748.093,101.61
2,6739,677.883,748.093,101.61
2,6740,677.883,748.093,101.61
2,6741,677.883,748.093,101.61
2,6742,677.883,748.093,101.61
2,6743,677.883,748.093,101.61
2,6744,677.883,748.093,101.61
2,6745,677.883,748.093,101.61
2,6746,677.883,748.093,101.61
2,6747,677.883,748.093,101.61
2,6748,677.883,748.093,101.61
2,6749,677.883,748.093,101.61
2,6750,677.883,748.093,101.61
2,6751,677.883,748.093,101.61
2,6752,677.883,748.093,101.61
2,6753,677.883,748.093,101.61
2,6754,677.883,796.655,101.61
2,6755,677.883,796.655,101.61
2,6756,677.883,796.655,101.61
2,6757,677.883,796.655,101.61
2,6758,677.883,796.655,101.61
2,6759,677.883,796.655,101.61
2,6760,677.883,796.655,101.61
2,6761,677.883,796.655,101.61
2,6762,677.883,757.448,101.61
2,6763,677.883,751.043,101.61
2,6764,677.883,751.043,101.61
2,6765,677.883,751.043,101.61
2,6766,677.883,751.043,101.61
2,6767,677.883,751.043,101.61
2,6768,677.883,751.043,101.61
2,6769,677.883,751.043,101.61
2,6770,677.883,751.043,101.61
2,6771,677.883,751.043,101.61
2,6772,677.883,751.043,101.61
2,6773,677.883,751.043,101.61
2,6774,677.883,751.043,101.61
2,6775,677.883,751.043,101.61
2,6776,677.883,751.043,101.61
2,6777,677.883,751.043,101.61
2,6778,677.883,751.043,101.61
2,6779,677.883,751.043,101.61
2,6780,677.883,751.043,101.61
2,6781,677.883,751.043,101.61
2,6782,677.883,751.043,101.61
2,6783,677.883,751.043,101.61
2,6784,677.883,751.043,101.61
2,6785,677.883,751.043,101.61
2,6786,677.883,751.043,101.61
2,6787,677.883,751.043,101.61
2,6788,677.883,751.043,101.61
2,6789,677.883,751.043,101.61
2,6790,677.883,743.284,101.61
2,6791,677.883,743.284,101.61
2,6792,677.883,743.284,101.61
2,6793,677.883,743.284,101.61
2,6794,677.883,743.284,101.61
2,6795,677.883,743.284,101.61
2,6796,677.883,743.284,101.61
2,6797,677.883,743.284,101.61
2,6798,677.883,743.284,101.61
2,6799,677.883,743.284,101.61
2,6800,677.883,743.284,101.61
2,6801,677.883,743.284,100.594
2,6802,677.883,743.284,100.594
2,6803,677.883,743.284,100.594
2,6804,677.883,743.284,100.594
2,6805,677.883,743.284,100.594
2,6806,677.883,743.284,100.594
2,6807,677.883,743.284,100.594
2,6808,677.883,743.284,100.594
2,6809,677.883,743.284,100.594
2,6810,677.883,743.284,100.594
2,6811,677.883,743.284,100.594
2,6812,677.883,743.284,100.594
2,6813,677.883,743.284,100.594
2,6814,677.883,743.284,100.594
2,6815,677.883,743.284,100.594
2,6816,677.883,743.284,100.594
2,6817,677.883,743.284,100.594
2,6818,677.883,743.284,100.594
2,6819,677.883,743.284,100.594
2,6820,677.883,743.284,100.594
2,6821,677.883,743.284,100.594
2,6822,677.883,743.284,100.594
2,6823,677.883,743.284,100.594
2,6824,677.883,743.284,100.594
2,6825,677.883,743.284,100.594
2,6826,677.883,753.708,100.594
2,6827,677.883,753.708,100.594
2,6828,677.883,753.708,100.594
2,6829,677.883,753.708,100.594
2,6830,677.883,753.708,100.594
2,6831,677.883,753.708,100.594
2,6832,677.883,753.708,100.594
2,6833,677.883,753.708,100.594
2,6834,677.883,753.708,100.594
2,6835,677.883,753.708,100.594
2,6836,677.883,753.708,100.594
2,6837,677.883,753.708,100.594
2,6838,677.883,753.708,100.594
2,6839,677.883,753.708,100.594
2,6840,677.883,753.708,100.594
2,6841,677.883,746.373,100.594
2,6842,677.883,746.373,100.594
2,6843,677.883,746.373,100.594
2,6844,677.883,746.373,100.594
2,6845,677.883,746.373,100.594
2,6846,677.883,746.373,100.594
2,6847,677.883,746.373,100.594
2,6848,677.883,746.373,100.594
2,6849,677.883,746.373,100.594
2,6850,677.883,746.373,100.594
2,6851,677.883,865.256,100.594
2,6852,677.883,865.256,100.594
2,6853,677.883,865.256,100.594
2,6854,677.883,865.256,100.594
2,6855,677.883,865.256,100.594
2,6856,677.883,851.801,100.594
2,6857,677.883,795.276,100.594
2,6858,677.883,795.276,100.594
2,6859,677.883,771.857,100.594
2,6860,677.883,770.327,100.594
2,6861,677.883,770.327,100.594
2,6862,677.883,770.327,100.594
2,6863,677.883,770.327,100.594
2,6864,677.883,770.327,100.594
2,6865,677.883,770.327,100.594
2,6866,677.883,770.327,100.594
2,6867,677.883,770.327,100.594
2,6868,677.883,770.327,100.594
2,6869,677.883,770.327,100.594
2,6870,677.883,770.327,100.594
2,6871,677.883,770.327,100.594
2,6872,677.883,770.327,100.594
2,6873,677.883,770.327,100.594
2,6874,677.883,770.327,100.594
2,6875,677.883,770.327,100.594
2,6876,677.883,770.327,100.594
2,6877,677.883,770.327,100.594
2,6878,677.883,770.327,100.594
2,6879,677.883,770.327,100.594
2,6880,677.883,770.327,100.594
2,6881,677.883,770.327,99.5879
2,6882,677.883,770.327,99.5879
2,6883,677.883,770.327,99.5879
2,6884,677.883,770.327,99.5879
2,6885,677.883,770.327,99.5879
2,6886,677.883,770.327,99.5879
2,6887,677.883,770.327,99.5879
2,6888,677.883,781.507,99.5879
2,6889,677.883,781.507,99.5879
2,6890,677.883,781.507,99.5879
2,6891,677.883,781.507,99.5879
2,6892,677.883,781.507,99.5879
2,6893,677.883,781.507,99.5879
2,6894,677.883,781.507,99.5879
2,6895,677.883,781.507,99.5879
2,6896,677.883,781.507,99.5879
2,6897,677.883,772.118,99.5879
2,6898,677.883,896.297,99.5879
2,6899,677.883,821.768,99.5879
2,6900,677.883,821.768,99.5879
2,6901,677.883,821.768,99.5879
2,6902,677.883,821.768,99.5879
2,6903,677.883,821.768,99.5879
2,6904,677.883,821.768,99.5879
2,6905,677.883,821.768,99.5879
2,6906,677.883,821.768,99.5879
2,6907,677.883,821.768,99.5879
2,6908,677.883,821.768,99.5879
2,6909,677.883,821.768,99.5879
2,6910,677.883,821.768,99.5879
2,6911,677.883,821.768,99.5879
2,6912,677.883,821.768,99.5879
2,6913,677.883,821.768,99.5879
2,6914,677.883,821.768,99.5879
2,6915,677.883,821.768,99.5879
2,6916,677.883,821.768,99.5879
2,6917,677.883,782.351,99.5879
2,6918,677.883,782.351,99.5879
2,6919,677.883,782.351,99.5879
2,6920,677.883,782.351,99.5879
2,6921,677.883,782.351,99.5879
2,6922,677.883,782.351,99.5879
2,6923,677.883,782.351,99.5879
2,6924,677.883,782.351,99.5879
2,6925,677.883,782.351,99.5879
2,6926,677.883,782.351,99.5879
2,6927,677.883,782.351,99.5879
2,6928,677.883,782.351,99.5879
2,6929,677.883,782.351,99.5879
2,6930,677.883,782.351,99.5879
2,6931,677.883,782.351,99.5879
2,6932,677.883,782.351,99.5879
2,6933,677.883,782.351,99.5879
2,6934,677.883,782.351,99.5879
2,6935,677.883,782.351,99.5879
2,6936,677.883,782.351,99.5879
2,6937,677.883,782.351,99.5879
2,6938,677.883,782.351,99.5879
2,6939,677.883,782.351,99.5879
2,6940,677.883,782.351,99.5879
2,6941,677.883,782.351,99.5879
2,6942,677.883,782.351,99.5879
2,6943,677.883,782.351,99.5879
2,6944,677.883,782.351,99.5879
2,6945,677.883,782.351,99.5879
2,6946,677.883,782.351,99.5879
2,6947,677.883,785.382,99.5879
2,6948,677.883,785.382,99.5879
2,6949,677.883,785.382,99.5879
2,6950,677.883,785.382,99.5879
2,6951,677.883,785.382,99.5879
2,6952,677.883,785.382,99.5879
2,6953,677.883,785.382,99.5879
2,6954,677.883,785.382,99.5879
2,6955,677.883,783.223,99.5879
2,6956,677.883,785.356,99.5879
2,6957,677.883,781.499,99.5879
2,6958,677.883,781.089,99.5879
2,6959,677.883,781.089,99.5879
2,6960,677.883,781.089,99.5879
2,6961,677.883,781.089,98.592
2,6962,677.883,1095.14,98.592
2,6963,677.883,1089.31,98.592
2,6964,677.883,1089.31,98.592
2,6965,677.883,1089.31,98.592
2,6966,677.883,1088.03,98.592
2,6967,677.883,1088.03,98.592
2,6968,677.883,1088.03,98.592
2,6969,677.883,782.108,98.592
2,6970,677.883,781.089,98.592
2,6971,677.883,781.089,98.592
2,6972,677.883,781.089,98.592
2,6973,677.883,781.089,98.592
2,6974,677.883,781.089,98.592
2,6975,677.883,781.089,98.592
2,6976,677.883,781.089,98.592
2,6977,677.883,781.089,98.592
2,6978,677.883,781.089,98.592
2,6979,677.883,781.089,98.592
2,6980,677.883,781.089,98.592
2,6981,677.883,781.089,98.592
2,6982,677.883,781.089,98.592
2,6983,677.883,781.089,98.592
2,6984,677.883,735.226,98.592
2,6985,677.883,735.226,98.592
2,6986,677.883,735.226,98.592
2,6987,677.883,735.226,98.592
2,6988,677.883,735.226,98.592
2,6989,677.883,735.226,98.592
2,6990,677.883,735.226,98.592
2,6991,677.883,735.226,98.592
2,6992,677.883,735.226,98.592
2,6993,677.883,735.226,98.592
2,6994,677.883,735.226,98.592
2,6995,677.883,735.226,98.592
2,6996,677.883,735.226,98.592
2,6997,677.883,735.226,98.592
2,6998,677.883,735.226,98.592
2,6999,677.883,735.226,98.592
2,7000,677.883,735.226,98.592
2,7001,677.883,735.226,98.592
2,7002,677.883,735.226,98.592
2,7003,677.883,735.226,98.592
2,7004,677.883,735.226,98.592
2,7005,677.883,735.226,98.592
2,7006,677.883,735.226,98.592
2,7007,677.883,733.093,98.592
2,7008,677.883,733.093,98.592
2,7009,677.883,733.093,98.592
2,7010,677.883,733.093,98.592
2,7011,677.883,733.093,98.592
2,7012,677.883,733.093,98.592
2,7013,677.883,733.093,98.592
2,7014,677.883,733.093,98.592
2,7015,677.883,733.093,98.592
2,7016,677.883,733.093,98.592
2,7017,677.883,733.093,98.592
2,7018,677.883,733.093,98.592
2,7019,677.883,733.093,98.592
2,7020,677.883,733.093,98.592
2,7021,677.883,733.093,98.592
2,7022,677.883,733.093,98.592
2,7023,677.883,733.093,98.592
2,7024,677.883,733.093,98.592
2,7025,677.883,733.093,98.592
2,7026,677.883,733.093,98.592
2,7027,677.883,733.093,98.592
2,7028,677.883,792.231,98.592
2,7029,677.883,792.231,98.592
2,7030,677.883,734.109,98.592
2,7031,677.883,734.109,98.592
2,7032,677.883,734.109,98.592
2,7033,677.883,734.109,98.592
2,7034,677.883,734.109,98.592
2,7035,677.883,734.109,98.592
2,7036,677.883,734.109,98.592
2,7037,677.883,734.109,98.592
2,7038,677.883,734.109,98.592
2,7039,677.883,734.109,98.592
2,7040,677.883,734.109,98.592
2,7041,677.883,734.109,97.6061
2,7042,677.883,734.109,97.6061
2,7043,677.883,734.109,97.6061
2,7044,677.883,734.109,97.6061
2,7045,677.883,734.109,97.6061
2,7046,677.883,734.109,97.6061
2,7047,677.883,734.109,97.6061
2,7048,677.883,734.109,97.6061
2,7049,677.883,764.792,97.6061
2,7050,677.883,764.792,97.6061
2,7051,677.883,764.792,97.6061
2,7052,677.883,764.792,97.6061
2,7053,677.883,764.792,97.6061
2,7054,677.883,764.792,97.6061
2,7055,677.883,764.792,97.6061
2,7056,677.883,764.792,97.6061
2,7057,677.883,839.582,97.6061
2,7058,677.883,792.231,97.6061
2,7059,677.883,792.231,97.6061
2,7060,677.883,777.393,97.6061
2,7061,677.883,777.393,97.6061
2,7062,677.883,777.393,97.6061
2,7063,677.883,777.393,97.6061
2,7064,677.883,777.393,97.6061
2,7065,677.883,777.393,97.6061
2,7066,677.883,777.393,97.6061
2,7067,677.883,777.393,97.6061
2,7068,677.883,777.393,97.6061
2,7069,677.883,777.393,97.6061
2,7070,677.883,777.393,97.6061
2,7071,677.883,777.393,97.6061
2,7072,677.883,777.393,97.6061
2,7073,677.883,777.393,97.6061
2,7074,677.883,777.393,97.6061
2,7075,677.883,777.393,97.6061
2,7076,677.883,777.393,97.6061
2,7077,677.883,777.393,97.6061
2,7078,677.883,777.393,97.6061
2,7079,677.883,777.393,97.6061
2,7080,677.883,807.416,97.6061
2,7081,677.883,807.416,97.6061
2,7082,677.883,807.416,97.6061
2,7083,677.883,807.416,97.6061
2,7084,677.883,807.416,97.6061
2,7085,677.883,807.416,97.6061
2,7086,677.883,807.416,97.6061
2,7087,677.883,807.416,97.6061
2,7088,677.883,807.416,97.6061
2,7089,677.883,807.416,97.6061
2,7090,677.883,807.416,97.6061
2,7091,677.883,792.113,97.6061
2,7092,677.883,792.113,97.6061
2,7093,677.883,804.48,97.6061
2,7094,677.883,768.815,97.6061
2,7095,677.883,768.815,97.6061
2,7096,677.883,768.815,97.6061
2,7097,677.883,768.815,97.6061
2,7098,677.883,768.815,97.6061
2,7099,677.883,768.815,97.6061
2,7100,677.883,768.815,97.6061
2,7101,677.883,768.815,97.6061
2,7102,677.883,768.815,97.6061
2,7103,677.883,768.815,97.6061
2,7104,677.883,768.815,97.6061
2,7105,677.883,768.815,97.6061
2,7106,677.883,768.815,97.6061
2,7107,677.883,768.815,97.6061
2,7108,677.883,768.815,97.6061
2,7109,677.883,768.815,97.6061
2,7110,677.883,768.815,97.6061
2,7111,677.883,768.815,97.6061
2,7112,677.883,768.815,97.6061
2,7113,677.883,768.815,97.6061
2,7114,677.883,768.815,97.6061
2,7115,677.883,768.815,97.6061
2,7116,677.883,768.815,97.6061
2,7117,677.883,768.815,97.6061
2,7118,677.883,768.815,97.6061
2,7119,677.883,768.815,97.6061
2,7120,677.883,768.815,97.6061
2,7121,677.883,768.815,96.63
2,7122,677.883,768.815,96.63
2,7123,677.883,768.815,96.63
2,7124,677.883,768.815,96.63
2,7125,677.883,768.815,96.63
2,7126,677.883,768.815,96.63
2,7127,677.883,768.815,96.63
2,7128,677.883,772.116,96.63
2,7129,677.883,772.116,96.63
2,7130,677.883,882.408,96.63
2,7131,677.883,880.006,96.63
2,7132,677.883,880.006,96.63
2,7133,677.883,880.006,96.63
2,7134,677.883,880.006,96.63
2,7135,677.883,880.006,96.63
2,7136,677.883,880.006,96.63
2,7137,677.883,880.006,96.63
2,7138,677.883,810.541,96.63
2,7139,677.883,810.541,96.63
2,7140,677.883,810.541,96.63
2,7141,677.883,801.704,96.63
2,7142,677.883,801.704,96.63
2,7143,677.883,801.704,96.63
2,7144,677.883,801.704,96.63
2,7145,677.883,801.704,96.63
2,7146,677.883,801.704,96.63
2,7147,677.883,801.704,96.63
2,7148,677.883,781.807,96.63
2,7149,677.883,781.807,96.63
2,7150,677.883,781.807,96.63
2,7151,677.883,781.807,96.63
2,7152,677.883,781.807,96.63
2,7153,677.883,781.807,96.63
2,7154,677.883,781.807,96.63
2,7155,677.883,781.807,96.63
2,7156,677.883,781.807,96.63
2,7157,677.883,781.807,96.63
2,7158,677.883,781.807,96.63
2,7159,677.883,781.807,96.63
2,7160,677.883,781.807,96.63
2,7161,677.883,781.807,96.63
2,7162,677.883,781.807,96.63
2,7163,677.883,781.807,96.63
2,7164,677.883,781.807,96.63
2,7165,677.883,781.807,96.63
2,7166,677.883,781.807,96.63
2,7167,677.883,781.807,96.63
2,7168,677.883,781.807,96.63
2,7169,677.883,781.807,96.63
2,7170,677.883,781.807,96.63
2,7171,677.883,781.807,96.63
2,7172,677.883,781.807,96.63
2,7173,677.883,781.807,96.63
2,7174,677.883,808.993,96.63
2,7175,677.883,808.993,96.63
2,7176,677.883,808.993,96.63
2,7177,677.883,768.564,96.63
2,7178,677.883,768.564,96.63
2,7179,677.883,768.564,96.63
2,7180,677.883,790.76,96.63
2,7181,677.883,790.76,96.63
2,7182,677.883,785.871,96.63
2,7183,677.883,785.871,96.63
2,7184,677.883,785.871,96.63
2,7185,677.883,785.871,96.63
2,7186,677.883,785.871,96.63
2,7187,677.883,785.871,96.63
2,7188,677.883,785.871,96.63
2,7189,677.883,785.871,96.63
2,7190,677.883,785.871,96.63
2,7191,677.883,785.871,96.63
2,7192,677.883,785.871,96.63
2,7193,677.883,785.871,96.63
2,7194,677.883,785.871,96.63
2,7195,677.883,785.871,96.63
2,7196,677.883,785.871,96.63
2,7197,677.883,785.871,96.63
2,7198,677.883,785.871,96.63
2,7199,677.883,785.871,96.63
2,7200,677.883,785.871,96.63
2,7201,677.883,781.552,95.6637
2,7202,677.883,781.552,95.6637
2,7203,677.883,781.552,95.6637
2,7204,677.883,788.284,95.6637
2,7205,677.883,788.284,95.6637
2,7206,677.883,788.284,95.6637
2,7207,677.883,788.284,95.6637
2,7208,677.883,788.284,95.6637
2,7209,677.883,788.284,95.6637
2,7210,677.883,788.284,95.6637
2,7211,677.883,788.284,95.6637
2,7212,677.883,788.284,95.6637
2,7213,677.883,771.123,95.6637
2,7214,677.883,771.123,95.6637
2,7215,677.883,771.123,95.6637
2,7216,677.883,771.123,95.6637
2,7217,677.883,771.123,95.6637
2,7218,677.883,771.123,95.6637
2,7219,677.883,771.123,95.6637
2,7220,677.883,771.123,95.6637
2,7221,677.883,771.123,95.6637
2,7222,677.883,771.123,95.6637
2,7223,677.883,771.123,95.6637
2,7224,677.883,771.123,95.6637
2,7225,677.883,771.123,95.6637
2,7226,677.883,771.123,95.6637
2,7227,677.883,771.123,95.6637
2,7228,677.883,769.332,95.6637
2,7229,677.883,769.332,95.6637
2,7230,677.883,769.332,95.6637
2,7231,677.883,769.332,95.6637
2,7232,677.883,769.332,95.6637
2,7233,677.883,769.332,95.6637
2,7234,677.883,769.332,95.6637
2,7235,677.883,769.332,95.6637
2,7236,677.883,769.332,95.6637
2,7237,677.883,769.332,95.6637
2,7238,677.883,769.332,95.6637
2,7239,677.883,769.332,95.6637
2,7240,677.883,769.332,95.6637
2,7241,677.883,769.332,95.6637
2,7242,677.883,769.332,95.6637
2,7243,677.883,769.332,95.6637
2,7244,677.883,769.332,95.6637
2,7245,677.883,769.332,95.6637
2,7246,677.883,769.332,95.6637
2,7247,677.883,769.332,95.6637
2,7248,677.883,769.332,95.6637
2,7249,677.883,769.332,95.6637
2,7250,677.883,769.332,95.6637
2,7251,677.883,769.332,95.6637
2,7252,677.883,769.332,95.6637
2,7253,677.883,769.332,95.6637
2,7254,677.883,769.332,95.6637
2,7255,677.883,769.332,95.6637
2,7256,677.883,769.332,95.6637
2,7257,677.883,769.332,95.6637
2,7258,677.883,769.332,95.6637
2,7259,677.883,769.332,95.6637
2,7260,677.883,769.332,95.6637
2,7261,677.883,769.332,95.6637
2,7262,677.883,769.332,95.6637
2,7263,677.883,769.332,95.6637
2,7264,677.883,769.332,95.6637
2,7265,677.883,769.332,95.6637
2,7266,677.883,769.332,95.6637
2,7267,677.883,769.332,95.6637
2,7268,677.883,769.332,95.6637
2,7269,677.883,769.332,95.6637
2,7270,677.883,769.332,95.6637
2,7271,677.883,769.332,95.6637
2,7272,677.883,769.332,95.6637
2,7273,677.883,769.332,95.6637
2,7274,677.883,769.332,95.6637
2,7275,677.883,769.332,95.6637
2,7276,677.883,769.332,95.6637
2,7277,677.883,769.332,95.6637
2,7278,677.883,769.332,95.6637
2,7279,677.883,769.332,95.6637
2,7280,677.883,769.332,95.6637
2,7281,677.883,769.332,94.7071
2,7282,677.883,769.332,94.7071
2,7283,677.883,769.332,94.7071
2,7284,677.883,752.597,94.7071
2,7285,677.883,752.597,94.7071
2,7286,677.883,746.764,94.7071
2,7287,677.883,745.759,94.7071
2,7288,677.883,745.759,94.7071
2,7289,677.883,745.759,94.7071
2,7290,677.883,745.759,94.7071
2,7291,677.883,745.759,94.7071
2,7292,677.883,745.759,94.7071
2,7293,677.883,745.759,94.7071
2,7294,677.883,745.759,94.7071
2,7295,677.883,745.759,94.7071
2,7296,677.883,745.759,94.7071
2,7297,677.883,745.759,94.7071
2,7298,677.883,745.759,94.7071
2,7299,677.883,745.759,94.7071
2,7300,677.883,745.759,94.7071
2,7301,677.883,743.761,94.7071
2,7302,677.883,743.761,94.7071
2,7303,677.883,743.761,94.7071
2,7304,677.883,743.761,94.7071
2,7305,677.883,743.761,94.7071
2,7306,677.883,743.761,94.7071
2,7307,677.883,743.761,94.7071
2,7308,677.883,743.761,94.7071
2,7309,677.883,743.761,94.7071
2,7310,677.883,743.761,94.7071
2,7311,677.883,743.761,94.7071
2,7312,677.883,743.761,94.7071
2,7313,677.883,743.761,94.7071
2,7314,677.883,743.761,94.7071
2,7315,677.883,743.761,94.7071
2,7316,677.883,743.761,94.7071
2,7317,677.883,743.761,94.7071
2,7318,677.883,743.761,94.7071
2,7319,677.883,743.761,94.7071
2,7320,677.883,743.761,94.7071
2,7321,677.883,743.761,94.7071
2,7322,677.883,743.761,94.7071
2,7323,677.883,743.761,94.7071
2,7324,677.883,743.761,94.7071
2,7325,677.883,743.761,94.7071
2,7326,677.883,743.761,94.7071
2,7327,677.883,743.761,94.7071
2,7328,677.883,743.761,94.7071
2,7329,677.883,743.761,94.7071
2,7330,677.883,743.761,94.7071
2,7331,677.883,743.761,94.7071
2,7332,677.883,743.761,94.7071
2,7333,677.883,743.761,94.7071
2,7334,677.883,743.761,94.7071
2,7335,677.883,743.761,94.7071
2,7336,677.883,743.761,94.7071
2,7337,677.883,743.761,94.7071
2,7338,677.883,743.761,94.7071
2,7339,677.883,743.761,94.7071
2,7340,677.883,743.761,94.7071
2,7341,677.883,743.761,94.7071
2,7342,677.883,743.761,94.7071
2,7343,677.883,760.922,94.7071
2,7344,677.883,760.922,94.7071
2,7345,677.883,760.922,94.7071
2,7346,677.883,760.922,94.7071
2,7347,677.883,760.922,94.7071
2,7348,677.883,760.922,94.7071
2,7349,677.883,766.225,94.7071
2,7350,677.883,766.225,94.7071
2,7351,677.883,766.225,94.7071
2,7352,677.883,766.225,94.7071
2,7353,677.883,766.225,94.7071
2,7354,677.883,766.225,94.7071
2,7355,677.883,766.225,94.7071
2,7356,677.883,766.225,94.7071
2,7357,677.883,766.225,94.7071
2,7358,677.883,760.922,94.7071
2,7359,677.883,760.922,94.7071
2,7360,677.883,760.922,94.7071
2,7361,677.883,760.922,93.76
2,7362,677.883,760.922,93.76
2,7363,677.883,760.922,93.76
2,7364,677.883,760.922,93.76
2,7365,677.883,760.922,93.76
2,7366,677.883,760.922,93.76
2,7367,677.883,760.922,93.76
2,7368,677.883,760.922,93.76
2,7369,677.883,760.922,93.76
2,7370,677.883,760.922,93.76
2,7371,677.883,760.922,93.76
2,7372,677.883,760.922,93.76
2,7373,677.883,741.628,93.76
2,7374,677.883,741.628,93.76
2,7375,677.883,741.628,93.76
2,7376,677.883,741.628,93.76
2,7377,677.883,741.628,93.76
2,7378,677.883,741.628,93.76
2,7379,677.883,741.628,93.76
2,7380,677.883,741.628,93.76
2,7381,677.883,741.628,93.76
2,7382,677.883,741.628,93.76
2,7383,677.883,741.628,93.76
2,7384,677.883,741.628,93.76
2,7385,677.883,743.761,93.76
2,7386,677.883,743.761,93.76
2,7387,677.883,743.761,93.76
2,7388,677.883,743.761,93.76
2,7389,677.883,743.761,93.76
2,7390,677.883,743.761,93.76
2,7391,677.883,743.761,93.76
2,7392,677.883,743.761,93.76
2,7393,677.883,743.761,93.76
2,7394,677.883,743.761,93.76
2,7395,677.883,743.761,93.76
2,7396,677.883,743.761,93.76
2,7397,677.883,743.761,93.76
2,7398,677.883,743.761,93.76
2,7399,677.883,743.761,93.76
2,7400,677.883,743.761,93.76
2,7401,677.883,743.761,93.76
2,7402,677.883,743.761,93.76
2,7403,677.883,743.761,93.76
2,7404,677.883,743.761,93.76
2,7405,677.883,743.761,93.76
2,7406,677.883,743.761,93.76
2,7407,677.883,743.761,93.76
2,7408,677.883,743.761,93.76
2,7409,677.883,743.761,93.76
2,7410,677.883,743.761,93.76
2,7411,677.883,743.761,93.76
2,7412,677.883,743.761,93.76
2,7413,677.883,743.761,93.76
2,7414,677.883,743.761,93.76
2,7415,677.883,743.761,93.76
2,7416,677.883,743.761,93.76
2,7417,677.883,743.761,93.76
2,7418,677.883,743.761,93.76
2,7419,677.883,743.761,93.76
2,7420,677.883,743.761,93.76
2,7421,677.883,743.761,93.76
2,7422,677.883,743.761,93.76
2,7423,677.883,743.761,93.76
2,7424,677.883,743.761,93.76
2,7425,677.883,743.761,93.76
2,7426,677.883,743.761,93.76
2,7427,677.883,743.761,93.76
2,7428,677.883,743.761,93.76
2,7429,677.883,743.761,93.76
2,7430,677.883,743.761,93.76
2,7431,677.883,743.761,93.76
2,7432,677.883,743.761,93.76
2,7433,677.883,743.761,93.76
2,7434,677.883,743.761,93.76
2,7435,677.883,743.761,93.76
2,7436,677.883,743.761,93.76
2,7437,677.883,743.761,93.76
2,7438,677.883,743.761,93.76
2,7439,677.883,743.761,93.76
2,7440,677.883,743.761,93.76
2,7441,677.883,743.761,92.8224
2,7442,677.883,743.761,92.8224
2,7443,677.883,743.761,92.8224
2,7444,677.883,743.761,92.8224
2,7445,677.883,743.761,92.8224
2,7446,677.883,743.761,92.8224
2,7447,677.883,743.761,92.8224
2,7448,677.883,743.761,92.8224
2,7449,677.883,743.761,92.8224
2,7450,677.883,743.761,92.8224
2,7451,677.883,743.761,92.8224
2,7452,677.883,743.761,92.8224
2,7453,677.883,743.761,92.8224
2,7454,677.883,743.761,92.8224
2,7455,677.883,743.761,92.8224
2,7456,677.883,743.761,92.8224
2,7457,677.883,743.761,92.8224
2,7458,677.883,743.761,92.8224
2,7459,677.883,743.761,92.8224
2,7460,677.883,743.761,92.8224
2,7461,677.883,743.761,92.8224
2,7462,677.883,743.761,92.8224
2,7463,677.883,743.761,92.8224
2,7464,677.883,743.761,92.8224
2,7465,677.883,743.761,92.8224
2,7466,677.883,743.761,92.8224
2,7467,677.883,743.761,92.8224
2,7468,677.883,743.761,92.8224
2,7469,677.883,743.761,92.8224
2,7470,677.883,743.761,92.8224
2,7471,677.883,743.761,92.8224
2,7472,677.883,743.761,92.8224
2,7473,677.883,743.761,92.8224
2,7474,677.883,743.761,92.8224
2,7475,677.883,743.761,92.8224
2,7476,677.883,743.761,92.8224
2,7477,677.883,743.761,92.8224
2,7478,677.883,743.761,92.8224
2,7479,677.883,743.761,92.8224
2,7480,677.883,743.761,92.8224
2,7481,677.883,743.761,92.8224
2,7482,677.883,743.761,92.8224
2,7483,677.883,743.761,92.8224
2,7484,677.883,760.922,92.8224
2,7485,677.883,760.922,92.8224
2,7486,677.883,760.922,92.8224
2,7487,677.883,760.922,92.8224
2,7488,677.883,760.922,92.8224
2,7489,677.883,760.922,92.8224
2,7490,677.883,754.857,92.8224
2,7491,677.883,754.857,92.8224
2,7492,677.883,754.857,92.8224
2,7493,677.883,754.857,92.8224
2,7494,677.883,754.857,92.8224
2,7495,677.883,754.857,92.8224
2,7496,677.883,754.857,92.8224
2,7497,677.883,754.857,92.8224
2,7498,677.883,754.857,92.8224
2,7499,677.883,754.857,92.8224
2,7500,677.883,754.857,92.8224
2,7501,677.883,754.857,92.8224
2,7502,677.883,754.857,92.8224
2,7503,677.883,754.857,92.8224
2,7504,677.883,754.857,92.8224
2,7505,677.883,754.857,92.8224
2,7506,677.883,754.857,92.8224
2,7507,677.883,754.857,92.8224
2,7508,677.883,754.857,92.8224
2,7509,677.883,754.857,92.8224
2,7510,677.883,754.857,92.8224
2,7511,677.883,754.857,92.8224
2,7512,677.883,754.857,92.8224
2,7513,677.883,754.857,92.8224
2,7514,677.883,754.857,92.8224
2,7515,677.883,754.857,92.8224
2,7516,677.883,754.857,92.8224
2,7517,677.883,754.857,92.8224
2,7518,677.883,754.857,92.8224
2,7519,677.883,754.857,92.8224
2,7520,677.883,784.163,92.8224
2,7521,677.883,892.9,91.8942
2,7522,677.883,796.951,91.8942
2,7523,677.883,796.951,91.8942
2,7524,677.883,796.951,91.8942
2,7525,677.883,796.951,91.8942
2,7526,677.883,796.951,91.8942
2,7527,677.883,796.951,91.8942
2,7528,677.883,796.951,91.8942
2,7529,677.883,796.951,91.8942
2,7530,677.883,796.951,91.8942
2,7531,677.883,796.951,91.8942
2,7532,677.883,796.951,91.8942
2,7533,677.883,796.951,91.8942
2,7534,677.883,814.217,91.8942
2,7535,677.883,814.217,91.8942
2,7536,677.883,814.217,91.8942
2,7537,677.883,814.217,91.8942
2,7538,677.883,796.951,91.8942
2,7539,677.883,796.951,91.8942
2,7540,677.883,796.951,91.8942
2,7541,677.883,796.951,91.8942
2,7542,677.883,796.951,91.8942
2,7543,677.883,796.951,91.8942
2,7544,677.883,796.951,91.8942
2,7545,677.883,796.951,91.8942
2,7546,677.883,796.951,91.8942
2,7547,677.883,796.951,91.8942
2,7548,677.883,796.951,91.8942
2,7549,677.883,796.951,91.8942
2,7550,677.883,796.951,91.8942
2,7551,677.883,796.951,91.8942
2,7552,677.883,796.951,91.8942
2,7553,677.883,796.951,91.8942
2,7554,677.883,770.934,91.8942
2,7555,677.883,770.934,91.8942
2,7556,677.883,770.934,91.8942
2,7557,677.883,770.934,91.8942
2,7558,677.883,770.934,91.8942
2,7559,677.883,770.934,91.8942
2,7560,677.883,770.934,91.8942
2,7561,677.883,770.934,91.8942
2,7562,677.883,770.934,91.8942
2,7563,677.883,770.934,91.8942
2,7564,677.883,770.934,91.8942
2,7565,677.883,770.934,91.8942
2,7566,677.883,770.934,91.8942
2,7567,677.883,770.934,91.8942
2,7568,677.883,770.934,91.8942
2,7569,677.883,770.934,91.8942
2,7570,677.883,770.934,91.8942
2,7571,677.883,770.934,91.8942
2,7572,677.883,770.934,91.8942
2,7573,677.883,770.934,91.8942
2,7574,677.883,770.934,91.8942
2,7575,677.883,770.934,91.8942
2,7576,677.883,770.934,91.8942
2,7577,677.883,770.934,91.8942
2,7578,677.883,770.934,91.8942
2,7579,677.883,770.934,91.8942
2,7580,677.883,770.934,91.8942
2,7581,677.883,770.934,91.8942
2,7582,677.883,770.934,91.8942
2,7583,677.883,770.934,91.8942
2,7584,677.883,770.934,91.8942
2,7585,677.883,770.934,91.8942
2,7586,677.883,770.934,91.8942
2,7587,677.883,770.934,91.8942
2,7588,677.883,770.934,91.8942
2,7589,677.883,770.934,91.8942
2,7590,677.883,770.934,91.8942
2,7591,677.883,770.934,91.8942
2,7592,677.883,770.934,91.8942
2,7593,677.883,770.934,91.8942
2,7594,677.883,770.934,91.8942
2,7595,677.883,790.228,91.8942
2,7596,677.883,790.228,91.8942
2,7597,677.883,790.228,91.8942
2,7598,677.883,772.639,91.8942
2,7599,677.883,772.639,91.8942
2,7600,677.883,772.639,91.8942
2,7601,677.883,772.639,90.9753
2,7602,677.883,772.639,90.9753
2,7603,677.883,772.639,90.9753
2,7604,677.883,772.639,90.9753
2,7605,677.883,772.639,90.9753
2,7606,677.883,770.934,90.9753
2,7607,677.883,770.934,90.9753
2,7608,677.883,770.934,90.9753
2,7609,677.883,770.934,90.9753
2,7610,677.883,770.934,90.9753
2,7611,677.883,770.934,90.9753
2,7612,677.883,770.934,90.9753
2,7613,677.883,770.934,90.9753
2,7614,677.883,770.934,90.9753
2,7615,677.883,770.934,90.9753
2,7616,677.883,770.934,90.9753
2,7617,677.883,770.934,90.9753
2,7618,677.883,770.934,90.9753
2,7619,677.883,770.934,90.9753
2,7620,677.883,770.934,90.9753
2,7621,677.883,770.934,90.9753
2,7622,677.883,770.934,90.9753
2,7623,677.883,770.934,90.9753
2,7624,677.883,770.934,90.9753
2,7625,677.883,784.163,90.9753
2,7626,677.883,784.163,90.9753
2,7627,677.883,784.163,90.9753
2,7628,677.883,784.163,90.9753
2,7629,677.883,784.163,90.9753
2,7630,677.883,784.163,90.9753
2,7631,677.883,784.163,90.9753
2,7632,677.883,784.163,90.9753
2,7633,677.883,784.163,90.9753
2,7634,677.883,784.163,90.9753
2,7635,677.883,784.163,90.9753
2,7636,677.883,784.163,90.9753
2,7637,677.883,784.163,90.9753
2,7638,677.883,784.163,90.9753
2,7639,677.883,784.163,90.9753
2,7640,677.883,784.163,90.9753
2,7641,677.883,784.163,90.9753
2,7642,677.883,784.163,90.9753
2,7643,677.883,784.163,90.9753
2,7644,677.883,784.163,90.9753
2,7645,677.883,784.163,90.9753
2,7646,677.883,784.163,90.9753
2,7647,677.883,784.163,90.9753
2,7648,677.883,784.163,90.9753
2,7649,677.883,784.163,90.9753
2,7650,677.883,784.163,90.9753
2,7651,677.883,784.163,90.9753
2,7652,677.883,790.228,90.9753
2,7653,677.883,790.228,90.9753
2,7654,677.883,790.228,90.9753
2,7655,677.883,785.443,90.9753
2,7656,677.883,785.443,90.9753
2,7657,677.883,783.739,90.9753
2,7658,677.883,783.739,90.9753
2,7659,677.883,783.739,90.9753
2,7660,677.883,783.739,90.9753
2,7661,677.883,767.245,90.9753
2,7662,677.883,767.245,90.9753
2,7663,677.883,767.245,90.9753
2,7664,677.883,773.88,90.9753
2,7665,677.883,773.88,90.9753
2,7666,677.883,773.88,90.9753
2,7667,677.883,754.441,90.9753
2,7668,677.883,754.441,90.9753
2,7669,677.883,754.441,90.9753
2,7670,677.883,754.441,90.9753
2,7671,677.883,754.441,90.9753
2,7672,677.883,767.67,90.9753
2,7673,677.883,767.67,90.9753
2,7674,677.883,767.67,90.9753
2,7675,677.883,767.67,90.9753
2,7676,677.883,767.67,90.9753
2,7677,677.883,767.67,90.9753
2,7678,677.883,767.67,90.9753
2,7679,677.883,767.67,90.9753
2,7680,677.883,767.67,90.9753
2,7681,677.883,767.67,90.0655
2,7682,677.883,767.67,90.0655
2,7683,677.883,767.67,90.0655
2,7684,677.883,767.67,90.0655
2,7685,677.883,767.67,90.0655
2,7686,677.883,767.67,90.0655
2,7687,677.883,767.67,90.0655
2,7688,677.883,767.67,90.0655
2,7689,677.883,767.67,90.0655
2,7690,677.883,767.67,90.0655
2,7691,677.883,767.67,90.0655
2,7692,677.883,767.67,90.0655
2,7693,677.883,767.67,90.0655
2,7694,677.883,767.67,90.0655
2,7695,677.883,767.67,90.0655
2,7696,677.883,767.67,90.0655
2,7697,677.883,756.649,90.0655
2,7698,677.883,747.71,90.0655
2,7699,677.883,745.552,90.0655
2,7700,677.883,745.552,90.0655
2,7701,677.883,745.552,90.0655
2,7702,677.883,748.556,90.0655
2,7703,677.883,748.556,90.0655
2,7704,677.883,748.556,90.0655
2,7705,677.883,748.556,90.0655
2,7706,677.883,777.752,90.0655
2,7707,677.883,777.752,90.0655
2,7708,677.883,777.752,90.0655
2,7709,677.883,777.752,90.0655
2,7710,677.883,780.29,90.0655
2,7711,677.883,780.29,90.0655
2,7712,677.883,780.29,90.0655
2,7713,677.883,780.29,90.0655
2,7714,677.883,780.29,90.0655
2,7715,677.883,780.29,90.0655
2,7716,677.883,780.29,90.0655
2,7717,677.883,778.158,90.0655
2,7718,677.883,778.158,90.0655
2,7719,677.883,778.158,90.0655
2,7720,677.883,778.158,90.0655
2,7721,677.883,778.158,90.0655
2,7722,677.883,778.158,90.0655
2,7723,677.883,778.158,90.0655
2,7724,677.883,778.158,90.0655
2,7725,677.883,778.158,90.0655
2,7726,677.883,778.158,90.0655
2,7727,677.883,778.158,90.0655
2,7728,677.883,735.319,90.0655
2,7729,677.883,735.319,90.0655
2,7730,677.883,735.319,90.0655
2,7731,677.883,735.319,90.0655
2,7732,677.883,735.319,90.0655
2,7733,677.883,731.37,90.0655
2,7734,677.883,731.37,90.0655
2,7735,677.883,731.37,90.0655
2,7736,677.883,731.37,90.0655
2,7737,677.883,731.37,90.0655
2,7738,677.883,731.37,90.0655
2,7739,677.883,731.37,90.0655
2,7740,677.883,731.37,90.0655
2,7741,677.883,731.37,90.0655
2,7742,677.883,731.37,90.0655
2,7743,677.883,731.37,90.0655
2,7744,677.883,731.37,90.0655
2,7745,677.883,731.37,90.0655
2,7746,677.883,731.37,90.0655
2,7747,677.883,731.37,90.0655
2,7748,677.883,731.37,90.0655
2,7749,677.883,731.37,90.0655
2,7750,677.883,731.37,90.0655
2,7751,677.883,731.37,90.0655
2,7752,677.883,731.37,90.0655
2,7753,677.883,731.37,90.0655
2,7754,677.883,731.37,90.0655
2,7755,677.883,731.37,90.0655
2,7756,677.883,731.37,90.0655
2,7757,677.883,731.37,90.0655
2,7758,677.883,731.37,90.0655
2,7759,677.883,731.37,90.0655
2,7760,677.883,764.586,90.0655
2,7761,677.883,764.586,89.1649
2,7762,677.883,764.586,89.1649
2,7763,677.883,764.586,89.1649
2,7764,677.883,764.586,89.1649
2,7765,677.883,764.586,89.1649
2,7766,677.883,764.586,89.1649
2,7767,677.883,764.586,89.1649
2,7768,677.883,764.586,89.1649
2,7769,677.883,764.586,89.1649
2,7770,677.883,764.586,89.1649
2,7771,677.883,764.586,89.1649
2,7772,677.883,764.586,89.1649
2,7773,677.883,764.586,89.1649
2,7774,677.883,764.586,89.1649
2,7775,677.883,764.586,89.1649
2,7776,677.883,764.586,89.1649
2,7777,677.883,764.586,89.1649
2,7778,677.883,764.586,89.1649
2,7779,677.883,731.37,89.1649
2,7780,677.883,731.37,89.1649
2,7781,677.883,731.37,89.1649
2,7782,677.883,731.37,89.1649
2,7783,677.883,731.37,89.1649
2,7784,677.883,731.37,89.1649
2,7785,677.883,731.37,89.1649
2,7786,677.883,731.37,89.1649
2,7787,677.883,731.296,89.1649
2,7788,677.883,731.296,89.1649
2,7789,677.883,731.296,89.1649
2,7790,677.883,731.296,89.1649
2,7791,677.883,731.296,89.1649
2,7792,677.883,731.296,89.1649
2,7793,677.883,731.296,89.1649
2,7794,677.883,731.296,89.1649
2,7795,677.883,731.296,89.1649
2,7796,677.883,731.296,89.1649
2,7797,677.883,731.296,89.1649
2,7798,677.883,731.296,89.1649
2,7799,677.883,731.296,89.1649
2,7800,677.883,731.296,89.1649
2,7801,677.883,731.296,89.1649
2,7802,677.883,731.296,89.1649
2,7803,677.883,731.296,89.1649
2,7804,677.883,731.296,89.1649
2,7805,677.883,731.296,89.1649
2,7806,677.883,731.296,89.1649
2,7807,677.883,731.296,89.1649
2,7808,677.883,731.296,89.1649
2,7809,677.883,731.296,89.1649
2,7810,677.883,731.296,89.1649
2,7811,677.883,731.296,89.1649
2,7812,677.883,731.296,89.1649
2,7813,677.883,731.296,89.1649
2,7814,677.883,731.296,89.1649
2,7815,677.883,731.296,89.1649
2,7816,677.883,731.296,89.1649
2,7817,677.883,731.296,89.1649
2,7818,677.883,742.373,89.1649
2,7819,677.883,742.373,89.1649
2,7820,677.883,742.373,89.1649
2,7821,677.883,742.373,89.1649
2,7822,677.883,742.373,89.1649
2,7823,677.883,742.373,89.1649
2,7824,677.883,742.373,89.1649
2,7825,677.883,742.373,89.1649
2,7826,677.883,742.373,89.1649
2,7827,677.883,742.373,89.1649
2,7828,677.883,742.373,89.1649
2,7829,677.883,742.373,89.1649
2,7830,677.883,742.373,89.1649
2,7831,677.883,742.373,89.1649
2,7832,677.883,742.373,89.1649
2,7833,677.883,731.302,89.1649
2,7834,677.883,731.302,89.1649
2,7835,677.883,731.302,89.1649
2,7836,677.883,731.302,89.1649
2,7837,677.883,731.302,89.1649
2,7838,677.883,731.302,89.1649
2,7839,677.883,742.483,89.1649
2,7840,677.883,742.483,89.1649
2,7841,677.883,742.483,88.2732
2,7842,677.883,742.483,88.2732
2,7843,677.883,742.483,88.2732
2,7844,677.883,742.483,88.2732
2,7845,677.883,742.483,88.2732
2,7846,677.883,740.325,88.2732
2,7847,677.883,740.325,88.2732
2,7848,677.883,740.325,88.2732
2,7849,677.883,740.325,88.2732
2,7850,677.883,740.325,88.2732
2,7851,677.883,740.325,88.2732
2,7852,677.883,740.325,88.2732
2,7853,677.883,740.325,88.2732
2,7854,677.883,740.325,88.2732
2,7855,677.883,740.325,88.2732
2,7856,677.883,740.325,88.2732
2,7857,677.883,740.325,88.2732
2,7858,677.883,740.325,88.2732
2,7859,677.883,740.325,88.2732
2,7860,677.883,740.325,88.2732
2,7861,677.883,740.325,88.2732
2,7862,677.883,740.325,88.2732
2,7863,677.883,740.325,88.2732
2,7864,677.883,740.325,88.2732
2,7865,677.883,740.325,88.2732
2,7866,677.883,740.325,88.2732
2,7867,677.883,740.325,88.2732
2,7868,677.883,740.325,88.2732
2,7869,677.883,740.325,88.2732
2,7870,677.883,740.325,88.2732
2,7871,677.883,740.325,88.2732
2,7872,677.883,740.325,88.2732
2,7873,677.883,740.325,88.2732
2,7874,677.883,753.129,88.2732
2,7875,677.883,753.129,88.2732
2,7876,677.883,753.129,88.2732
2,7877,677.883,753.129,88.2732
2,7878,677.883,753.129,88.2732
2,7879,677.883,753.129,88.2732
2,7880,677.883,753.129,88.2732
2,7881,677.883,753.129,88.2732
2,7882,677.883,753.129,88.2732
2,7883,677.883,753.554,88.2732
2,7884,677.883,753.554,88.2732
2,7885,677.883,753.554,88.2732
2,7886,677.883,753.554,88.2732
2,7887,677.883,753.554,88.2732
2,7888,677.883,753.554,88.2732
2,7889,677.883,753.554,88.2732
2,7890,677.883,753.554,88.2732
2,7891,677.883,753.554,88.2732
2,7892,677.883,746.939,88.2732
2,7893,677.883,746.939,88.2732
2,7894,677.883,746.939,88.2732
2,7895,677.883,746.939,88.2732
2,7896,677.883,746.939,88.2732
2,7897,677.883,734.736,88.2732
2,7898,677.883,734.736,88.2732
2,7899,677.883,734.736,88.2732
2,7900,677.883,734.736,88.2732
2,7901,677.883,734.736,88.2732
2,7902,677.883,734.736,88.2732
2,7903,677.883,734.736,88.2732
2,7904,677.883,734.736,88.2732
2,7905,677.883,734.736,88.2732
2,7906,677.883,734.736,88.2732
2,7907,677.883,734.736,88.2732
2,7908,677.883,734.736,88.2732
2,7909,677.883,734.736,88.2732
2,7910,677.883,734.736,88.2732
2,7911,677.883,734.736,88.2732
2,7912,677.883,734.736,88.2732
2,7913,677.883,734.736,88.2732
2,7914,677.883,734.736,88.2732
2,7915,677.883,732.578,88.2732
2,7916,677.883,732.578,88.2732
2,7917,677.883,732.219,88.2732
2,7918,677.883,732.219,88.2732
2,7919,677.883,732.219,88.2732
2,7920,677.883,732.219,88.2732
2,7921,677.883,732.219,87.3905
2,7922,677.883,732.219,87.3905
2,7923,677.883,732.219,87.3905
2,7924,677.883,732.219,87.3905
2,7925,677.883,732.219,87.3905
2,7926,677.883,732.219,87.3905
2,7927,677.883,732.219,87.3905
2,7928,677.883,732.219,87.3905
2,7929,677.883,732.219,87.3905
2,7930,677.883,732.219,87.3905
2,7931,677.883,732.219,87.3905
2,7932,677.883,732.219,87.3905
2,7933,677.883,732.219,87.3905
2,7934,677.883,732.219,87.3905
2,7935,677.883,732.219,87.3905
2,7936,677.883,732.219,87.3905
2,7937,677.883,732.219,87.3905
2,7938,677.883,732.219,87.3905
2,7939,677.883,732.219,87.3905
2,7940,677.883,732.219,87.3905
2,7941,677.883,754.415,87.3905
2,7942,677.883,754.415,87.3905
2,7943,677.883,754.415,87.3905
2,7944,677.883,754.415,87.3905
2,7945,677.883,754.415,87.3905
2,7946,677.883,754.415,87.3905
2,7947,677.883,754.415,87.3905
2,7948,677.883,754.415,87.3905
2,7949,677.883,754.415,87.3905
2,7950,677.883,754.415,87.3905
2,7951,677.883,754.415,87.3905
2,7952,677.883,745.869,87.3905
2,7953,677.883,745.869,87.3905
2,7954,677.883,745.869,87.3905
2,7955,677.883,745.869,87.3905
2,7956,677.883,745.869,87.3905
2,7957,677.883,745.869,87.3905
2,7958,677.883,745.869,87.3905
2,7959,677.883,745.869,87.3905
2,7960,677.883,745.869,87.3905
2,7961,677.883,745.869,87.3905
2,7962,677.883,745.869,87.3905
2,7963,677.883,745.869,87.3905
2,7964,677.883,745.869,87.3905
2,7965,677.883,745.869,87.3905
2,7966,677.883,745.869,87.3905
2,7967,677.883,745.869,87.3905
2,7968,677.883,745.869,87.3905
2,7969,677.883,745.869,87.3905
2,7970,677.883,745.869,87.3905
2,7971,677.883,745.869,87.3905
2,7972,677.883,745.869,87.3905
2,7973,677.883,745.869,87.3905
2,7974,677.883,745.869,87.3905
2,7975,677.883,745.869,87.3905
2,7976,677.883,745.869,87.3905
2,7977,677.883,745.869,87.3905
2,7978,677.883,745.869,87.3905
2,7979,677.883,745.869,87.3905
2,7980,677.883,745.869,87.3905
2,7981,677.883,745.869,87.3905
2,7982,677.883,745.869,87.3905
2,7983,677.883,745.869,87.3905
2,7984,677.883,745.869,87.3905
2,7985,677.883,745.869,87.3905
2,7986,677.883,745.869,87.3905
2,7987,677.883,745.869,87.3905
2,7988,677.883,745.869,87.3905
2,7989,677.883,745.869,87.3905
2,7990,677.883,745.869,87.3905
2,7991,677.883,745.869,87.3905
2,7992,677.883,745.869,87.3905
2,7993,677.883,745.869,87.3905
2,7994,677.883,745.869,87.3905
2,7995,677.883,745.869,87.3905
2,7996,677.883,745.869,87.3905
2,7997,677.883,745.869,87.3905
2,7998,677.883,789.428,87.3905
2,7999,677.883,789.428,87.3905
2,8000,677.883,789.428,87.3905
2,8001,677.883,789.428,86.5166
2,8002,677.883,789.428,86.5166
2,8003,677.883,803.492,86.5166
2,8004,677.883,803.492,86.5166
2,8005,677.883,803.492,86.5166
2,8006,677.883,804.693,86.5166
2,8007,677.883,804.693,86.5166
2,8008,677.883,804.693,86.5166
2,8009,677.883,804.693,86.5166
2,8010,677.883,804.693,86.5166
2,8011,677.883,804.693,86.5166
2,8012,677.883,804.693,86.5166
2,8013,677.883,804.693,86.5166
2,8014,677.883,804.693,86.5166
2,8015,677.883,804.693,86.5166
2,8016,677.883,804.693,86.5166
2,8017,677.883,804.693,86.5166
2,8018,677.883,804.693,86.5166
2,8019,677.883,804.693,86.5166
2,8020,677.883,804.693,86.5166
2,8021,677.883,804.693,86.5166
2,8022,677.883,795.826,86.5166
2,8023,677.883,795.9,86.5166
2,8024,677.883,795.9,86.5166
2,8025,677.883,795.9,86.5166
2,8026,677.883,795.9,86.5166
2,8027,677.883,795.9,86.5166
2,8028,677.883,795.9,86.5166
2,8029,677.883,795.9,86.5166
2,8030,677.883,795.9,86.5166
2,8031,677.883,795.9,86.5166
2,8032,677.883,777.357,86.5166
2,8033,677.883,777.357,86.5166
2,8034,677.883,777.357,86.5166
2,8035,677.883,777.357,86.5166
2,8036,677.883,777.283,86.5166
2,8037,677.883,777.283,86.5166
2,8038,677.883,777.283,86.5166
2,8039,677.883,777.283,86.5166
2,8040,677.883,777.283,86.5166
2,8041,677.883,777.283,86.5166
2,8042,677.883,777.283,86.5166
2,8043,677.883,777.283,86.5166
2,8044,677.883,777.283,86.5166
2,8045,677.883,777.283,86.5166
2,8046,677.883,736.38,86.5166
2,8047,677.883,736.38,86.5166
2,8048,677.883,736.38,86.5166
2,8049,677.883,736.38,86.5166
2,8050,677.883,736.38,86.5166
2,8051,677.883,736.38,86.5166
2,8052,677.883,736.38,86.5166
2,8053,677.883,736.38,86.5166
2,8054,677.883,736.38,86.5166
2,8055,677.883,736.38,86.5166
2,8056,677.883,736.38,86.5166
2,8057,677.883,736.38,86.5166
2,8058,677.883,736.38,86.5166
2,8059,677.883,736.38,86.5166
2,8060,677.883,1051.31,86.5166
2,8061,677.883,1051.31,86.5166
2,8062,677.883,1051.31,86.5166
2,8063,677.883,1051.31,86.5166
2,8064,677.883,1051.31,86.5166
2,8065,677.883,1051.31,86.5166
2,8066,677.883,1051.31,86.5166
2,8067,677.883,1051.31,86.5166
2,8068,677.883,1051.31,86.5166
2,8069,677.883,1051.31,86.5166
2,8070,677.883,1051.31,86.5166
2,8071,677.883,1051.31,86.5166
2,8072,677.883,1051.31,86.5166
2,8073,677.883,1051.31,86.5166
2,8074,677.883,1051.31,86.5166
2,8075,677.883,1051.31,86.5166
2,8076,677.883,1051.31,86.5166
2,8077,677.883,1023.46,86.5166
2,8078,677.883,1023.46,86.5166
2,8079,677.883,1023.46,86.5166
2,8080,677.883,1023.46,86.5166
3,1,677.883,801.649,13.5305
3,2,677.883,801.649,13.5035
3,3,677.883,777.154,13.4765
3,4,677.883,677.883,13.4495
3,5,677.883,702.448,13.4226
3,6,677.883,801.649,13.3958
3,7,677.883,716.508,13.369
3,8,677.883,791.402,13.3422
3,9,677.883,801.649,13.3156
3,10,677.883,684.221,13.2889
3,11,677.883,684.221,13.2623
3,12,677.883,677.883,13.2358
3,13,677.883,707.363,13.2094
3,14,677.883,677.883,13.1829
3,15,677.883,677.883,13.1566
3,16,677.883,677.883,13.1303
3,17,677.883,677.883,13.104
3,18,677.883,718.446,13.0778
3,19,677.883,695.427,13.0516
3,20,677.883,677.883,13.0255
3,21,677.883,677.883,12.9995
3,22,677.883,677.883,12.9735
3,23,677.883,677.883,12.9475
3,24,677.883,677.883,12.9216
3,25,677.883,777.343,12.8958
3,26,677.883,677.883,12.87
3,27,677.883,250517,12.8443
4,1,677.883,677.883,203.365
4,2,677.883,677.883,203.365
4,3,677.883,677.883,203.365
4,4,677.883,677.883,203.365
4,5,677.883,677.883,203.365
4,6,677.883,677.883,203.365
4,7,677.883,677.883,203.365
4,8,677.883,677.883,203.365
4,9,677.883,677.883,203.365
4,10,677.883,677.883,203.365
4,11,677.883,677.883,203.365
4,12,677.883,677.883,203.365
4,13,677.883,677.883,203.365
4,14,677.883,677.883,203.365
4,15,677.883,677.883,203.365
4,16,677.883,677.883,203.365
4,17,677.883,677.883,203.365
4,18,677.883,677.883,203.365
4,19,677.883,805.973,203.365
4,20,677.883,805.973,203.365
4,21,677.883,805.973,203.365
4,22,677.883,852.881,203.365
4,23,677.883,852.881,203.365
4,24,677.883,852.881,203.365
4,25,677.883,852.881,203.365
4,26,677.883,852.881,203.365
4,27,677.883,768.775,203.365
4,28,677.883,768.775,203.365
4,29,677.883,768.775,203.365
4,30,677.883,768.775,203.365
4,31,677.883,768.775,203.365
4,32,677.883,768.775,203.365
4,33,677.883,768.775,203.365
4,34,677.883,768.775,203.365
4,35,677.883,768.775,203.365
4,36,677.883,768.775,203.365
4,37,677.883,768.775,203.365
4,38,677.883,768.775,203.365
4,39,677.883,768.775,203.365
4,40,677.883,768.775,203.365
4,41,677.883,794.863,201.331
4,42,677.883,783.491,201.331
4,43,677.883,783.491,201.331
4,44,677.883,783.491,201.331
4,45,677.883,783.491,201.331
4,46,677.883,783.491,201.331
4,47,677.883,783.491,201.331
4,48,677.883,783.491,201.331
4,49,677.883,783.491,201.331
4,50,677.883,783.491,201.331
4,51,677.883,783.491,201.331
4,52,677.883,783.491,201.331
4,53,677.883,783.491,201.331
4,54,677.883,783.491,201.331
4,55,677.883,783.491,201.331
4,56,677.883,783.491,201.331
4,57,677.883,783.491,201.331
4,58,677.883,783.491,201.331
4,59,677.883,783.491,201.331
4,60,665.218,665.218,201.331
4,61,665.218,723.467,201.331
4,62,665.218,723.467,201.331
4,63,665.218,723.467,201.331
4,64,665.218,723.467,201.331
4,65,665.218,723.467,201.331
4,66,665.218,1013.5,201.331
4,67,665.218,1013.5,201.331
4,68,665.218,1013.5,201.331
4,69,665.218,1013.5,201.331
4,70,665.218,1013.5,201.331
4,71,665.218,1081.91,201.331
4,72,665.218,1081.91,201.331
4,73,665.218,1081.91,201.331
4,74,665.218,1081.91,201.331
4,75,665.218,1081.91,201.331
4,76,665.218,1081.91,201.331
4,77,665.218,1081.91,201.331
4,78,665.218,1081.91,201.331
4,79,665.218,1081.91,201.331
4,80,665.218,997.97,201.331
4,81,665.218,997.97,199.318
4,82,665.218,997.97,199.318
4,83,665.218,1008.48,199.318
4,84,665.218,1008.48,199.318
4,85,665.218,1008.48,199.318
4,86,665.218,1008.48,199.318
4,87,665.218,1008.48,199.318
4,88,665.218,1008.48,199.318
4,89,665.218,1008.48,199.318
4,90,665.218,969.194,199.318
4,91,665.218,969.194,199.318
4,92,665.218,969.194,199.318
4,93,665.218,969.194,199.318
4,94,665.218,969.194,199.318
4,95,665.218,969.194,199.318
4,96,665.218,969.194,199.318
4,97,665.218,969.194,199.318
4,98,665.218,969.194,199.318
4,99,665.218,969.194,199.318
4,100,665.218,969.194,199.318
4,101,665.218,969.194,199.318
4,102,665.218,969.194,199.318
4,103,665.218,969.194,199.318
4,104,665.218,969.194,199.318
4,105,665.218,969.194,199.318
4,106,665.218,969.194,199.318
4,107,665.218,969.194,199.318
4,108,665.218,969.194,199.318
4,109,665.218,969.194,199.318
4,110,665.218,969.194,199.318
4,111,665.218,969.194,199.318
4,112,665.218,969.194,199.318
4,113,665.218,969.194,199.318
4,114,665.218,969.194,199.318
4,115,665.218,969.194,199.318
4,116,665.218,969.194,199.318
4,117,665.218,969.194,199.318
4,118,665.218,969.194,199.318
4,119,665.218,969.194,199.318
4,120,665.218,969.194,199.318
4,121,665.218,969.194,197.325
4,122,665.218,969.194,197.325
4,123,665.218,969.194,197.325
4,124,665.218,969.194,197.325
4,125,665.218,969.194,197.325
4,126,665.218,969.194,197.325
4,127,665.218,969.194,197.325
4,128,665.218,969.194,197.325
4,129,665.218,969.194,197.325
4,130,665.218,969.194,197.325
4,131,665.218,969.194,197.325
4,132,665.218,969.194,197.325
4,133,665.218,969.194,197.325
4,134,665.218,969.194,197.325
4,135,665.218,969.194,197.325
4,136,665.218,969.194,197.325
4,137,665.218,969.194,197.325
4,138,665.218,969.194,197.325
4,139,665.218,969.194,197.325
4,140,665.218,969.194,197.325
4,141,665.218,969.194,197.325
4,142,665.218,969.194,197.325
4,143,665.218,969.194,197.325
4,144,665.218,969.194,197.325
4,145,665.218,969.194,197.325
4,146,665.218,969.194,197.325
4,147,665.218,969.194,197.325
4,148,665.218,969.194,197.325
4,149,665.218,969.194,197.325
4,150,665.218,969.194,197.325
4,151,665.218,969.194,197.325
4,152,665.218,969.194,197.325
4,153,665.218,969.194,197.325
4,154,665.218,969.194,197.325
4,155,665.218,969.194,197.325
4,156,665.218,969.194,197.325
4,157,665.218,969.194,197.325
4,158,665.218,969.194,197.325
4,159,665.218,969.194,197.325
4,160,665.218,969.194,197.325
4,161,665.218,969.194,195.351
4,162,665.218,969.194,195.351
4,163,665.218,969.194,195.351
4,164,665.218,969.194,195.351
4,165,665.218,969.194,195.351
4,166,665.218,969.194,195.351
4,167,665.218,969.194,195.351
4,168,665.218,969.194,195.351
4,169,665.218,969.194,195.351
4,170,665.218,969.194,195.351
4,171,665.218,969.194,195.351
4,172,665.218,969.194,195.351
4,173,665.218,969.194,195.351
4,174,665.218,969.194,195.351
4,175,665.218,969.194,195.351
4,176,665.218,969.194,195.351
4,177,665.218,969.194,195.351
4,178,665.218,969.194,195.351
4,179,665.218,969.194,195.351
4,180,665.218,969.194,195.351
4,181,665.218,969.194,195.351
4,182,665.218,969.194,195.351
4,183,665.218,969.194,195.351
4,184,665.218,969.194,195.351
4,185,665.218,1037.48,195.351
4,186,665.218,1037.48,195.351
4,187,665.218,1037.48,195.351
4,188,665.218,1037.48,195.351
4,189,665.218,1037.48,195.351
4,190,665.218,1037.48,195.351
4,191,665.218,1037.48,195.351
4,192,665.218,1037.48,195.351
4,193,665.218,1037.48,195.351
4,194,665.218,1037.48,195.351
4,195,665.218,1037.48,195.351
4,196,665.218,1037.48,195.351
4,197,665.218,1033.99,195.351
4,198,665.218,1033.99,195.351
4,199,665.218,1033.99,195.351
4,200,665.218,1001.99,195.351
4,201,665.218,1001.99,193.398
4,202,665.218,1001.99,193.398
4,203,665.218,1001.99,193.398
4,204,665.218,1001.99,193.398
4,205,665.218,1001.99,193.398
4,206,665.218,1001.99,193.398
4,207,665.218,1001.99,193.398
4,208,665.218,1001.99,193.398
4,209,665.218,1001.99,193.398
4,210,665.218,1001.99,193.398
4,211,665.218,1001.99,193.398
4,212,665.218,1001.99,193.398
4,213,665.218,1001.99,193.398
4,214,665.218,1001.99,193.398
4,215,665.218,1001.99,193.398
4,216,665.218,1001.99,193.398
4,217,665.218,1001.99,193.398
4,218,665.218,1001.99,193.398
4,219,665.218,1001.99,193.398
4,220,665.218,1001.99,193.398
4,221,665.218,726.815,193.398
4,222,665.218,726.815,193.398
4,223,665.218,726.815,193.398
4,224,665.218,726.815,193.398
4,225,665.218,726.815,193.398
4,226,665.218,726.815,193.398
4,227,665.218,726.815,193.398
4,228,665.218,726.815,193.398
4,229,665.218,726.815,193.398
4,230,665.218,726.815,193.398
4,231,665.218,726.815,193.398
4,232,665.218,726.815,193.398
4,233,665.218,726.815,193.398
4,234,665.218,726.815,193.398
4,235,665.218,726.815,193.398
4,236,665.218,726.815,193.398
4,237,665.218,726.815,193.398
4,238,665.218,726.815,193.398
4,239,665.218,726.815,193.398
4,240,665.218,726.815,193.398
4,241,665.218,726.815,191.464
4,242,665.218,726.815,191.464
4,243,665.218,726.815,191.464
4,244,665.218,726.815,191.464
4,245,665.218,726.815,191.464
4,246,665.218,726.815,191.464
4,247,665.218,726.815,191.464
4,248,665.218,726.815,191.464
4,249,665.218,726.815,191.464
4,250,665.218,726.815,191.464
4,251,665.218,726.815,191.464
4,252,665.218,726.815,191.464
4,253,665.218,726.815,191.464
4,254,665.218,726.815,191.464
4,255,665.218,726.815,191.464
4,256,665.218,726.815,191.464
4,257,665.218,726.815,191.464
4,258,665.218,726.815,191.464
4,259,665.218,726.815,191.464
4,260,665.218,726.815,191.464
4,261,665.218,726.815,191.464
4,262,665.218,726.815,191.464
4,263,665.218,726.815,191.464
4,264,665.218,726.815,191.464
4,265,665.218,726.815,191.464
4,266,665.218,726.815,191.464
4,267,665.218,726.815,191.464
4,268,665.218,726.815,191.464
4,269,665.218,726.815,191.464
4,270,665.218,726.815,191.464
4,271,665.218,726.815,191.464
4,272,665.218,726.815,191.464
4,273,665.218,726.815,191.464
4,274,665.218,726.815,191.464
4,275,665.218,726.815,191.464
4,276,665.218,726.815,191.464
4,277,665.218,726.815,191.464
4,278,665.218,726.815,191.464
4,279,665.218,726.815,191.464
4,280,665.218,726.815,191.464
4,281,665.218,726.815,189.549
4,282,665.218,726.815,189.549
4,283,665.218,726.815,189.549
4,284,665.218,726.815,189.549
4,285,665.218,726.815,189.549
4,286,665.218,726.815,189.549
4,287,665.218,726.815,189.549
4,288,665.218,726.815,189.549
4,289,665.218,726.815,189.549
4,290,665.218,726.815,189.549
4,291,665.218,726.815,189.549
4,292,665.218,726.815,189.549
4,293,665.218,726.815,189.549
4,294,665.218,726.815,189.549
4,295,665.218,726.815,189.549
4,296,665.218,726.815,189.549
4,297,665.218,726.815,189.549
4,298,665.218,726.815,189.549
4,299,665.218,726.815,189.549
4,300,665.218,726.815,189.549
4,301,665.218,726.815,189.549
4,302,665.218,726.815,189.549
4,303,665.218,726.815,189.549
4,304,665.218,726.815,189.549
4,305,665.218,726.815,189.549
4,306,665.218,726.815,189.549
4,307,665.218,726.815,189.549
4,308,665.218,726.815,189.549
4,309,665.218,726.815,189.549
4,310,665.218,726.815,189.549
4,311,665.218,726.815,189.549
4,312,665.218,726.815,189.549
4,313,665.218,726.815,189.549
4,314,665.218,726.815,189.549
4,315,665.218,758.445,189.549
4,316,665.218,758.445,189.549
4,317,665.218,758.445,189.549
4,318,665.218,758.445,189.549
4,319,665.218,758.445,189.549
4,320,665.218,751.672,189.549
4,321,665.218,748.515,187.654
4,322,665.218,748.515,187.654
4,323,665.218,748.515,187.654
4,324,665.218,748.515,187.654
4,325,665.218,752.765,187.654
4,326,665.218,774.853,187.654
4,327,665.218,774.853,187.654
4,328,665.218,774.853,187.654
4,329,665.218,774.853,187.654
4,330,665.218,774.853,187.654
4,331,665.218,774.853,187.654
4,332,665.218,774.853,187.654
4,333,665.218,774.853,187.654
4,334,665.218,774.853,187.654
4,335,665.218,774.853,187.654
4,336,665.218,774.853,187.654
4,337,665.218,774.853,187.654
4,338,665.218,774.853,187.654
4,339,665.218,774.853,187.654
4,340,665.218,774.853,187.654
4,341,665.218,774.853,187.654
4,342,665.218,752.765,187.654
4,343,665.218,752.765,187.654
4,344,665.218,752.765,187.654
4,345,665.218,752.765,187.654
4,346,665.218,752.765,187.654
4,347,665.218,752.765,187.654
4,348,665.218,752.765,187.654
4,349,665.218,752.765,187.654
4,350,665.218,752.765,187.654
4,351,665.218,752.765,187.654
4,352,665.218,752.765,187.654
4,353,665.218,752.765,187.654
4,354,665.218,752.765,187.654
4,355,665.218,752.765,187.654
4,356,665.218,752.765,187.654
4,357,665.218,752.765,187.654
4,358,665.218,752.765,187.654
4,359,665.218,752.765,187.654
4,360,665.218,752.765,187.654
4,361,665.218,752.765,185.777
4,362,665.218,752.765,185.777
4,363,665.218,752.765,185.777
4,364,665.218,752.765,185.777
4,365,665.218,752.765,185.777
4,366,665.218,752.765,185.777
4,367,665.218,746.274,185.777
4,368,665.218,726.814,185.777
4,369,665.218,726.814,185.777
4,370,665.218,726.814,185.777
4,371,665.218,726.814,185.777
4,372,665.218,726.814,185.777
4,373,665.218,726.814,185.777
4,374,665.218,726.814,185.777
4,375,665.218,726.814,185.777
4,376,665.218,726.814,185.777
4,377,665.218,726.814,185.777
4,378,665.218,726.814,185.777
4,379,665.218,726.814,185.777
4,380,665.218,726.814,185.777
4,381,665.218,726.814,185.777
4,382,665.218,726.814,185.777
4,383,665.218,726.814,185.777
4,384,665.218,726.814,185.777
4,385,665.218,726.814,185.777
4,386,665.218,726.814,185.777
4,387,665.218,726.814,185.777
4,388,665.218,726.814,185.777
4,389,665.218,726.814,185.777
4,390,665.218,726.814,185.777
4,391,665.218,726.814,185.777
4,392,665.218,726.814,185.777
4,393,665.218,726.814,185.777
4,394,665.218,726.814,185.777
4,395,665.218,726.814,185.777
4,396,665.218,726.814,185.777
4,397,665.218,726.814,185.777
4,398,665.218,726.814,185.777
4,399,665.218,745.767,185.777
4,400,665.218,745.767,185.777
4,401,665.218,745.767,183.919
4,402,665.218,747.825,183.919
4,403,665.218,747.825,183.919
4,404,665.218,747.825,183.919
4,405,665.218,747.825,183.919
4,406,665.218,747.825,183.919
4,407,665.218,747.825,183.919
4,408,665.218,747.825,183.919
4,409,665.218,747.825,183.919
4,410,665.218,747.825,183.919
4,411,665.218,747.825,183.919
4,412,665.218,747.825,183.919
4,413,665.218,747.825,183.919
4,414,665.218,747.825,183.919
4,415,665.218,747.825,183.919
4,416,665.218,747.825,183.919
4,417,665.218,747.825,183.919
4,418,665.218,747.825,183.919
4,419,665.218,747.825,183.919
4,420,665.218,747.825,183.919
4,421,665.218,747.825,183.919
4,422,665.218,747.825,183.919
4,423,665.218,747.825,183.919
4,424,665.218,747.825,183.919
4,425,665.218,747.825,183.919
4,426,665.218,747.825,183.919
4,427,665.218,747.825,183.919
4,428,665.218,747.825,183.919
4,429,665.218,747.825,183.919
4,430,665.218,747.825,183.919
4,431,665.218,747.825,183.919
4,432,665.218,747.825,183.919
4,433,665.218,747.825,183.919
4,434,665.218,747.825,183.919
4,435,665.218,747.825,183.919
4,436,665.218,747.825,183.919
4,437,665.218,747.825,183.919
4,438,665.218,747.825,183.919
4,439,665.218,747.825,183.919
4,440,665.218,747.825,183.919
4,441,665.218,747.825,182.08
4,442,665.218,747.825,182.08
4,443,665.218,747.825,182.08
4,444,665.218,745.767,182.08
4,445,665.218,745.767,182.08
4,446,665.218,745.767,182.08
4,447,665.218,745.767,182.08
4,448,665.218,745.767,182.08
4,449,665.218,745.767,182.08
4,450,665.218,745.767,182.08
4,451,665.218,745.767,182.08
4,452,665.218,745.767,182.08
4,453,665.218,745.767,182.08
4,454,665.218,745.767,182.08
4,455,665.218,745.767,182.08
4,456,665.218,745.767,182.08
4,457,665.218,745.767,182.08
4,458,665.218,745.767,182.08
4,459,665.218,745.767,182.08
4,460,665.218,745.767,182.08
4,461,665.218,745.767,182.08
4,462,665.218,745.767,182.08
4,463,665.218,745.767,182.08
4,464,665.218,745.767,182.08
4,465,665.218,745.767,182.08
4,466,665.218,745.767,182.08
4,467,665.218,745.767,182.08
4,468,665.218,745.767,182.08
4,469,665.218,745.767,182.08
4,470,665.218,747.825,182.08
4,471,665.218,747.825,182.08
4,472,665.218,747.825,182.08
4,473,665.218,747.825,182.08
4,474,665.218,747.825,182.08
4,475,665.218,747.825,182.08
4,476,665.218,747.825,182.08
4,477,665.218,747.825,182.08
4,478,665.218,747.825,182.08
4,479,665.218,747.825,182.08
4,480,665.218,747.825,182.08
4,481,665.218,747.825,180.259
4,482,665.218,747.825,180.259
4,483,665.218,747.825,180.259
4,484,665.218,747.825,180.259
4,485,665.218,747.825,180.259
4,486,665.218,747.825,180.259
4,487,665.218,747.825,180.259
4,488,665.218,747.825,180.259
4,489,665.218,747.825,180.259
4,490,665.218,747.825,180.259
4,491,665.218,747.825,180.259
4,492,665.218,747.825,180.259
4,493,665.218,747.825,180.259
4,494,665.218,747.825,180.259
4,495,665.218,747.825,180.259
4,496,665.218,747.825,180.259
4,497,665.218,747.825,180.259
4,498,665.218,747.825,180.259
4,499,665.218,747.825,180.259
4,500,665.218,747.825,180.259
4,501,665.218,747.825,180.259
4,502,665.218,726.12,180.259
4,503,665.218,726.12,180.259
4,504,665.218,726.12,180.259
4,505,665.218,726.12,180.259
4,506,665.218,726.12,180.259
4,507,665.218,726.12,180.259
4,508,665.218,730.969,180.259
4,509,665.218,730.969,180.259
4,510,665.218,730.969,180.259
4,511,665.218,730.969,180.259
4,512,665.218,730.969,180.259
4,513,665.218,730.969,180.259
4,514,665.218,730.969,180.259
4,515,665.218,730.969,180.259
4,516,665.218,730.969,180.259
4,517,665.218,730.969,180.259
4,518,665.218,730.969,180.259
4,519,665.218,730.969,180.259
4,520,665.218,730.969,180.259
4,521,665.218,730.969,178.457
4,522,665.218,730.969,178.457
4,523,665.218,730.969,178.457
4,524,665.218,730.969,178.457
4,525,665.218,730.969,178.457
4,526,665.218,730.969,178.457
4,527,665.218,1053.38,178.457
4,528,665.218,1053.38,178.457
4,529,665.218,1053.38,178.457
4,530,665.218,1053.38,178.457
4,531,665.218,1053.38,178.457
4,532,665.218,1053.38,178.457
4,533,665.218,1053.38,178.457
4,534,665.218,1053.38,178.457
4,535,665.218,1042.2,178.457
4,536,665.218,1042.2,178.457
4,537,665.218,1042.2,178.457
4,538,665.218,1103.21,178.457
4,539,665.218,1099.5,178.457
4,540,665.218,1021.23,178.457
4,541,665.218,1021.23,178.457
4,542,665.218,1021.23,178.457
4,543,665.218,1021.23,178.457
4,544,665.218,1021.23,178.457
4,545,665.218,1021.23,178.457
4,546,665.218,1021.23,178.457
4,547,665.218,1021.23,178.457
4,548,665.218,1021.23,178.457
4,549,665.218,1021.23,178.457
4,550,665.218,1021.23,178.457
4,551,665.218,1021.23,178.457
4,552,665.218,718.025,178.457
4,553,665.218,718.025,178.457
4,554,665.218,718.025,178.457
4,555,665.218,718.025,178.457
4,556,665.218,718.025,178.457
4,557,665.218,718.025,178.457
4,558,665.218,718.025,178.457
4,559,665.218,718.025,178.457
4,560,665.218,718.025,178.457
4,561,665.218,718.025,176.672
4,562,665.218,718.025,176.672
4,563,665.218,718.025,176.672
4,564,665.218,718.025,176.672
4,565,665.218,718.025,176.672
4,566,665.218,718.025,176.672
4,567,665.218,718.025,176.672
4,568,665.218,718.025,176.672
4,569,665.218,718.025,176.672
4,570,665.218,718.025,176.672
4,571,665.218,718.025,176.672
4,572,665.218,718.025,176.672
4,573,665.218,718.025,176.672
4,574,665.218,718.025,176.672
4,575,665.218,718.025,176.672
4,576,665.218,718.025,176.672
4,577,665.218,718.025,176.672
4,578,665.218,718.025,176.672
4,579,665.218,718.025,176.672
4,580,665.218,718.025,176.672
4,581,665.218,712.756,176.672
4,582,665.218,745.773,176.672
4,583,665.218,745.773,176.672
4,584,665.218,745.773,176.672
4,585,665.218,745.773,176.672
4,586,665.218,745.773,176.672
4,587,665.218,745.773,176.672
4,588,665.218,745.773,176.672
4,589,665.218,745.773,176.672
4,590,665.218,745.773,176.672
4,591,665.218,745.773,176.672
4,592,665.218,745.773,176.672
4,593,665.218,745.773,176.672
4,594,665.218,745.773,176.672
4,595,665.218,745.773,176.672
4,596,665.218,745.773,176.672
4,597,665.218,745.773,176.672
4,598,665.218,745.773,176.672
4,599,665.218,745.773,176.672
4,600,665.218,745.773,176.672
4,601,665.218,745.773,174.906
4,602,665.218,745.773,174.906
4,603,665.218,745.773,174.906
4,604,665.218,738.41,174.906
4,605,665.218,735.939,174.906
4,606,665.218,735.939,174.906
4,607,665.218,735.939,174.906
4,608,665.218,735.939,174.906
4,609,665.218,700.707,174.906
4,610,665.218,700.707,174.906
4,611,665.218,700.707,174.906
4,612,665.218,700.707,174.906
4,613,665.218,700.707,174.906
4,614,665.218,700.707,174.906
4,615,665.218,700.707,174.906
4,616,665.218,700.707,174.906
4,617,665.218,700.707,174.906
4,618,665.218,700.707,174.906
4,619,665.218,700.707,174.906
4,620,665.218,700.707,174.906
4,621,665.218,700.707,174.906
4,622,665.218,700.707,174.906
4,623,665.218,763.366,174.906
4,624,665.218,763.366,174.906
4,625,665.218,763.366,174.906
4,626,665.218,725.206,174.906
4,627,665.218,692.559,174.906
4,628,665.218,692.559,174.906
4,629,665.218,691.414,174.906
4,630,665.218,691.414,174.906
4,631,665.218,691.414,174.906
4,632,665.218,691.414,174.906
4,633,665.218,691.414,174.906
4,634,665.218,691.414,174.906
4,635,665.218,691.414,174.906
4,636,665.218,691.414,174.906
4,637,665.218,691.414,174.906
4,638,665.218,691.414,174.906
4,639,665.218,691.414,174.906
4,640,665.218,691.414,174.906
4,641,665.218,691.414,173.157
4,642,665.218,691.414,173.157
4,643,665.218,691.414,173.157
4,644,665.218,691.414,173.157
4,645,665.218,691.414,173.157
4,646,665.218,691.414,173.157
4,647,665.218,691.414,173.157
4,648,665.218,691.414,173.157
4,649,665.218,691.414,173.157
4,650,665.218,691.414,173.157
4,651,665.218,691.414,173.157
4,652,665.218,792.679,173.157
4,653,665.218,792.679,173.157
4,654,665.218,792.679,173.157
4,655,665.218,792.679,173.157
4,656,665.218,792.679,173.157
4,657,665.218,792.679,173.157
4,658,665.218,692.559,173.157
4,659,665.218,692.559,173.157
4,660,665.218,692.559,173.157
4,661,665.218,692.559,173.157
4,662,665.218,692.559,173.157
4,663,665.218,692.559,173.157
4,664,665.218,692.559,173.157
4,665,665.218,692.559,173.157
4,666,665.218,692.559,173.157
4,667,665.218,692.559,173.157
4,668,665.218,692.559,173.157
4,669,665.218,692.559,173.157
4,670,665.218,692.559,173.157
4,671,665.218,692.559,173.157
4,672,665.218,692.559,173.157
4,673,665.218,692.559,173.157
4,674,665.218,692.559,173.157
4,675,665.218,692.559,173.157
4,676,665.218,692.559,173.157
4,677,665.218,692.559,173.157
4,678,665.218,692.559,173.157
4,679,665.218,701.835,173.157
4,680,665.218,701.835,173.157
4,681,665.218,701.835,171.425
4,682,665.218,691.411,171.425
4,683,665.218,691.411,171.425
4,684,665.218,691.411,171.425
4,685,665.218,691.411,171.425
4,686,665.218,691.411,171.425
4,687,665.218,691.411,171.425
4,688,665.218,682.135,171.425
4,689,665.218,682.135,171.425
4,690,665.218,682.135,171.425
4,691,665.218,682.135,171.425
4,692,665.218,682.135,171.425
4,693,665.218,682.135,171.425
4,694,665.218,682.135,171.425
4,695,665.218,682.135,171.425
4,696,665.218,682.135,171.425
4,697,665.218,682.135,171.425
4,698,665.218,682.135,171.425
4,699,665.218,682.135,171.425
4,700,665.218,682.135,171.425
4,701,665.218,682.135,171.425
4,702,665.218,682.135,171.425
4,703,665.218,682.135,171.425
4,704,665.218,682.135,171.425
4,705,665.218,682.135,171.425
4,706,665.218,682.135,171.425
4,707,665.218,682.135,171.425
4,708,665.218,682.135,171.425
4,709,665.218,682.135,171.425
4,710,665.218,682.135,171.425
4,711,665.218,682.135,171.425
4,712,665.218,682.135,171.425
4,713,665.218,682.135,171.425
4,714,665.218,682.135,171.425
4,715,665.218,682.135,171.425
4,716,665.218,682.135,171.425
4,717,665.218,682.135,171.425
4,718,665.218,682.135,171.425
4,719,665.218,682.135,171.425
4,720,665.218,682.135,171.425
4,721,665.218,682.135,169.711
4,722,665.218,682.135,169.711
4,723,665.218,682.135,169.711
4,724,665.218,682.135,169.711
4,725,665.218,682.135,169.711
4,726,665.218,682.135,169.711
4,727,665.218,682.135,169.711
4,728,665.218,682.135,169.711
4,729,665.218,682.135,169.711
4,730,665.218,682.135,169.711
4,731,665.218,682.135,169.711
4,732,665.218,682.135,169.711
4,733,665.218,682.135,169.711
4,734,665.218,787.464,169.711
4,735,665.218,787.464,169.711
4,736,665.218,787.464,169.711
4,737,665.218,787.464,169.711
4,738,665.218,787.464,169.711
4,739,665.218,787.464,169.711
4,740,665.218,787.464,169.711
4,741,665.218,682.135,169.711
4,742,665.218,682.135,169.711
4,743,665.218,675.945,169.711
4,744,665.218,675.945,169.711
4,745,665.218,675.945,169.711
4,746,665.218,675.945,169.711
4,747,665.218,675.945,169.711
4,748,665.218,675.945,169.711
4,749,665.218,675.945,169.711
4,750,665.218,675.945,169.711
4,751,665.218,675.945,169.711
4,752,665.218,675.945,169.711
4,753,665.218,675.945,169.711
4,754,665.218,675.945,169.711
4,755,665.218,675.945,169.711
4,756,665.218,675.945,169.711
4,757,665.218,675.945,169.711
4,758,665.218,675.945,169.711
4,759,665.218,675.945,169.711
4,760,665.218,675.945,169.711
4,761,665.218,675.945,168.014
4,762,665.218,675.945,168.014
4,763,665.218,675.945,168.014
4,764,665.218,675.945,168.014
4,765,665.218,675.945,168.014
4,766,665.218,675.945,168.014
4,767,665.218,675.945,168.014
4,768,665.218,675.945,168.014
4,769,665.218,675.945,168.014
4,770,665.218,675.945,168.014
4,771,665.218,675.945,168.014
4,772,665.218,675.945,168.014
4,773,665.218,675.945,168.014
4,774,665.218,675.945,168.014
4,775,665.218,675.945,168.014
4,776,665.218,675.945,168.014
4,777,665.218,675.945,168.014
4,778,665.218,675.945,168.014
4,779,665.218,675.945,168.014
4,780,665.218,675.945,168.014
4,781,665.218,675.945,168.014
4,782,665.218,675.945,168.014
4,783,665.218,675.945,168.014
4,784,665.218,675.945,168.014
4,785,665.218,675.945,168.014
4,786,665.218,675.945,168.014
4,787,665.218,675.945,168.014
4,788,665.218,675.945,168.014
4,789,665.218,675.945,168.014
4,790,665.218,675.945,168.014
4,791,665.218,675.945,168.014
4,792,665.218,675.945,168.014
4,793,665.218,675.945,168.014
4,794,665.218,675.945,168.014
4,795,665.218,675.945,168.014
4,796,665.218,675.945,168.014
4,797,665.218,675.945,168.014
4,798,665.218,675.945,168.014
4,799,665.218,675.945,168.014
4,800,665.218,675.945,168.014
4,801,665.218,675.945,166.333
4,802,665.218,675.945,166.333
4,803,665.218,675.945,166.333
4,804,665.218,675.945,166.333
4,805,665.218,675.945,166.333
4,806,665.218,675.945,166.333
4,807,665.218,675.945,166.333
4,808,665.218,675.945,166.333
4,809,665.218,675.949,166.333
4,810,665.218,675.949,166.333
4,811,665.218,675.945,166.333
4,812,665.218,675.945,166.333
4,813,665.218,675.945,166.333
4,814,665.218,675.945,166.333
4,815,665.218,1049.95,166.333
4,816,665.218,1049.95,166.333
4,817,665.218,1049.95,166.333
4,818,665.218,1049.95,166.333
4,819,665.218,1066.56,166.333
4,820,665.218,1066.56,166.333
4,821,665.218,1066.56,166.333
4,822,665.218,1056.14,166.333
4,823,665.218,1056.14,166.333
4,824,665.218,1056.14,166.333
4,825,665.218,1056.14,166.333
4,826,665.218,1056.14,166.333
4,827,665.218,1056.14,166.333
4,828,665.218,1056.14,166.333
4,829,665.218,1056.14,166.333
4,830,665.218,1056.14,166.333
4,831,665.218,1056.14,166.333
4,832,665.218,1056.14,166.333
4,833,665.218,1056.14,166.333
4,834,665.218,1056.14,166.333
4,835,665.218,1056.14,166.333
4,836,665.218,1056.14,166.333
4,837,665.218,1056.14,166.333
4,838,665.218,1056.14,166.333
4,839,665.218,1056.14,166.333
4,840,665.218,1056.14,166.333
4,841,665.218,1056.14,164.67
4,842,665.218,1056.14,164.67
4,843,665.218,1056.14,164.67
4,844,665.218,1056.14,164.67
4,845,665.218,1056.14,164.67
4,846,665.218,1056.14,164.67
4,847,665.218,1056.14,164.67
4,848,665.218,1056.14,164.67
4,849,665.218,1056.14,164.67
4,850,665.218,1056.14,164.67
4,851,665.218,1056.14,164.67
4,852,665.218,1056.14,164.67
4,853,665.218,1056.14,164.67
4,854,665.218,1056.14,164.67
4,855,665.218,1056.14,164.67
4,856,665.218,1056.14,164.67
4,857,665.218,1026.8,164.67
4,858,665.218,1026.8,164.67
4,859,665.218,747.084,164.67
4,860,665.218,747.084,164.67
4,861,665.218,747.084,164.67
4,862,665.218,747.084,164.67
4,863,665.218,747.084,164.67
4,864,665.218,747.084,164.67
4,865,665.218,747.084,164.67
4,866,665.218,747.084,164.67
4,867,665.218,732.57,164.67
4,868,665.218,732.57,164.67
4,869,665.218,726.393,164.67
4,870,665.218,726.393,164.67
4,871,665.218,726.393,164.67
4,872,665.218,726.393,164.67
4,873,665.218,750.032,164.67
4,874,665.218,750.032,164.67
4,875,665.218,750.032,164.67
4,876,665.218,750.032,164.67
4,877,665.218,750.032,164.67
4,878,665.218,750.032,164.67
4,879,665.218,750.032,164.67
4,880,665.218,750.032,164.67
4,881,665.218,726.393,163.023
4,882,665.218,726.393,163.023
4,883,665.218,726.393,163.023
4,884,665.218,726.393,163.023
4,885,665.218,726.393,163.023
4,886,665.218,726.393,163.023
4,887,665.218,821.073,163.023
4,888,665.218,821.073,163.023
4,889,665.218,726.393,163.023
4,890,665.218,726.393,163.023
4,891,665.218,726.393,163.023
4,892,665.218,726.393,163.023
4,893,665.218,726.393,163.023
4,894,665.218,726.393,163.023
4,895,665.218,726.393,163.023
4,896,665.218,726.393,163.023
4,897,665.218,726.393,163.023
4,898,665.218,726.393,163.023
4,899,665.218,726.393,163.023
4,900,665.218,1537.02,163.023
4,901,665.218,1553.08,163.023
4,902,665.218,1553.08,163.023
4,903,665.218,1540.57,163.023
4,904,665.218,1540.57,163.023
4,905,665.218,1529.83,163.023
4,906,665.218,1529.83,163.023
4,907,665.218,1529.83,163.023
4,908,665.218,1529.83,163.023
4,909,665.218,1475.81,163.023
4,910,665.218,1475.81,163.023
4,911,665.218,1475.81,163.023
4,912,665.218,1475.81,163.023
4,913,665.218,1475.81,163.023
4,914,665.218,1475.81,163.023
4,915,665.218,1475.81,163.023
4,916,665.218,1475.81,163.023
4,917,665.218,1475.81,163.023
4,918,665.218,1475.81,163.023
4,919,665.218,1475.81,163.023
4,920,665.218,1475.81,163.023
4,921,665.218,1475.81,161.393
4,922,665.218,1475.81,161.393
4,923,665.218,1640.77,161.393
4,924,665.218,1640.77,161.393
4,925,665.218,1640.77,161.393
4,926,665.218,1640.77,161.393
4,927,665.218,1579.76,161.393
4,928,665.218,1579.76,161.393
4,929,665.218,1579.76,161.393
4,930,665.218,1579.76,161.393
4,931,665.218,1579.76,161.393
4,932,665.218,1579.76,161.393
4,933,665.218,1579.76,161.393
4,934,665.218,1579.76,161.393
4,935,665.218,1579.76,161.393
4,936,665.218,1579.76,161.393
4,937,665.218,1579.76,161.393
4,938,665.218,1579.76,161.393
4,939,665.218,1579.76,161.393
4,940,665.218,1577.93,161.393
4,941,665.218,1580.75,161.393
4,942,665.218,1580.75,161.393
4,943,665.218,1580.75,161.393
4,944,665.218,1580.75,161.393
4,945,665.218,1580.75,161.393
4,946,665.218,1580.75,161.393
4,947,665.218,1577.93,161.393
4,948,665.218,1577.93,161.393
4,949,665.218,1563.57,161.393
4,950,665.218,1561.92,161.393
4,951,665.218,1318.41,161.393
4,952,665.218,1318.41,161.393
4,953,665.218,1318.41,161.393
4,954,665.218,1318.41,161.393
4,955,665.218,1295.64,161.393
4,956,665.218,702.504,161.393
4,957,665.218,702.504,161.393
4,958,665.218,702.504,161.393
4,959,665.218,702.504,161.393
4,960,665.218,702.504,161.393
