phase,iteration,best_cost,current_cost,temperature
1,1,1.95601e+06,1.95601e+06,0
1,2,1.95601e+06,1.95602e+06,0
1,3,1.95601e+06,1.95602e+06,0
1,4,1.95601e+06,1.95602e+06,0
1,5,1.95601e+06,1.95602e+06,0
1,6,1.95601e+06,1.95602e+06,0
1,7,1.95601e+06,1.95602e+06,0
1,8,1.95601e+06,1.95602e+06,0
1,9,1.95601e+06,1.95602e+06,0
1,10,1.95601e+06,1.95602e+06,0
1,11,1.95601e+06,1.95601e+06,0
1,12,1.95601e+06,1.95601e+06,0
1,13,1.95601e+06,1.95602e+06,0
1,14,1.95601e+06,1.95601e+06,0
1,15,1.95601e+06,1.95601e+06,0
1,16,1.95601e+06,1.95601e+06,0
1,17,1.95601e+06,1.95601e+06,0
1,18,1.95601e+06,1.95602e+06,0
1,19,1.95601e+06,1.95602e+06,0
1,20,1.95601e+06,1.95602e+06,0
2,1,1.95601e+06,1.95601e+06,1000
2,2,1.95601e+06,1.95601e+06,1000
2,3,1.95601e+06,1.95601e+06,1000
2,4,1.95601e+06,1.95601e+06,1000
2,5,1.95601e+06,1.95601e+06,1000
2,6,1.95601e+06,1.95601e+06,1000
2,7,1.95601e+06,1.95601e+06,1000
2,8,1.95601e+06,1.95601e+06,1000
2,9,1.95601e+06,1.95601e+06,1000
2,10,1.95601e+06,1.95601e+06,1000
2,11,1.95601e+06,1.95601e+06,1000
2,12,1.95601e+06,1.95601e+06,1000
2,13,1.95601e+06,1.95676e+06,1000
2,14,1.95601e+06,1.95676e+06,1000
2,15,1.95601e+06,1.95676e+06,1000
2,16,1.95601e+06,1.95676e+06,1000
2,17,1.95601e+06,1.95676e+06,1000
2,18,1.95601e+06,1.95676e+06,1000
2,19,1.95601e+06,1.95676e+06,1000
2,20,1.95601e+06,1.95676e+06,1000
2,21,1.95601e+06,1.95676e+06,1000
2,22,1.95601e+06,1.95676e+06,1000
2,23,1.95601e+06,1.95639e+06,1000
2,24,1.95601e+06,1.95639e+06,1000
2,25,1.95601e+06,1.95639e+06,1000
2,26,1.95601e+06,1.95639e+06,1000
2,27,1.95601e+06,1.95639e+06,1000
2,28,1.95601e+06,1.95639e+06,1000
2,29,1.95601e+06,1.95639e+06,1000
2,30,1.95601e+06,1.95639e+06,1000
2,31,1.95601e+06,1.95639e+06,1000
2,32,1.95601e+06,1.95639e+06,1000
2,33,1.95601e+06,1.95601e+06,1000
2,34,1.95601e+06,1.95601e+06,1000
2,35,1.95601e+06,1.95601e+06,1000
2,36,1.95601e+06,1.95601e+06,1000
2,37,1.95601e+06,1.95601e+06,1000
2,38,1.95601e+06,1.95601e+06,1000
2,39,1.95601e+06,1.95601e+06,1000
2,40,1.95601e+06,1.95601e+06,1000
2,41,1.95601e+06,1.95601e+06,1000
2,42,1.95601e+06,1.95601e+06,1000
2,43,1.95601e+06,1.95601e+06,1000
2,44,1.95601e+06,1.95601e+06,1000
2,45,1.95601e+06,1.95601e+06,1000
2,46,1.95601e+06,1.95601e+06,1000
2,47,1.95601e+06,1.95601e+06,1000
2,48,1.95601e+06,1.95601e+06,1000
2,49,1.95601e+06,1.95601e+06,1000
2,50,1.95601e+06,1.95601e+06,1000
2,51,1.95601e+06,1.95601e+06,1000
2,52,1.95601e+06,1.95601e+06,1000
2,53,1.95601e+06,1.95601e+06,1000
2,54,1.95601e+06,1.95601e+06,1000
2,55,1.95601e+06,1.95601e+06,1000
2,56,1.95601e+06,1.95601e+06,1000
2,57,1.95601e+06,1.95601e+06,1000
2,58,1.95601e+06,1.95601e+06,1000
2,59,1.95601e+06,1.95601e+06,1000
2,60,1.95601e+06,1.95601e+06,1000
2,61,1.95601e+06,1.95601e+06,1000
2,62,1.95601e+06,1.95601e+06,1000
2,63,1.95601e+06,1.95601e+06,1000
2,64,1.95601e+06,1.95601e+06,1000
2,65,1.95601e+06,1.95601e+06,1000
2,66,1.95601e+06,1.95601e+06,1000
2,67,1.95601e+06,1.95601e+06,1000
2,68,1.95601e+06,1.95601e+06,1000
2,69,1.95601e+06,1.95601e+06,1000
2,70,1.95601e+06,1.95601e+06,1000
2,71,1.95601e+06,1.95601e+06,1000
2,72,1.95601e+06,1.95601e+06,1000
2,73,1.95601e+06,1.95601e+06,1000
2,74,1.95601e+06,1.95601e+06,1000
2,75,1.95601e+06,1.95601e+06,1000
2,76,1.95601e+06,1.95601e+06,1000
2,77,1.95601e+06,1.95601e+06,1000
2,78,1.95601e+06,1.95601e+06,1000
2,79,1.95601e+06,1.95601e+06,1000
2,80,1.95601e+06,1.95601e+06,1000
2,81,1.95601e+06,1.95601e+06,990
2,82,1.95601e+06,1.95601e+06,990
2,83,1.95601e+06,1.95601e+06,990
2,84,1.95601e+06,1.95601e+06,990
2,85,1.95601e+06,1.95601e+06,990
2,86,1.95601e+06,1.95601e+06,990
2,87,1.95601e+06,1.95601e+06,990
2,88,1.95601e+06,1.95601e+06,990
2,89,1.95601e+06,1.95601e+06,990
2,90,1.95601e+06,1.95601e+06,990
2,91,1.95601e+06,1.95601e+06,990
2,92,1.95601e+06,1.95613e+06,990
2,93,1.95601e+06,1.95654e+06,990
2,94,1.95601e+06,1.95654e+06,990
2,95,1.95601e+06,1.95652e+06,990
2,96,1.95601e+06,1.95652e+06,990
2,97,1.95601e+06,1.95652e+06,990
2,98,1.95601e+06,1.95652e+06,990
2,99,1.95601e+06,1.95648e+06,990
2,100,1.95601e+06,1.95648e+06,990
2,101,1.95601e+06,1.95645e+06,990
2,102,1.95601e+06,1.95645e+06,990
2,103,1.95601e+06,1.95645e+06,990
2,104,1.95601e+06,1.95645e+06,990
2,105,1.95601e+06,1.95645e+06,990
2,106,1.95601e+06,1.95645e+06,990
2,107,1.95601e+06,1.95645e+06,990
2,108,1.95601e+06,1.95645e+06,990
2,109,1.95601e+06,1.95645e+06,990
2,110,1.95601e+06,1.95637e+06,990
2,111,1.95601e+06,1.95637e+06,990
2,112,1.95601e+06,1.95637e+06,990
2,113,1.95601e+06,1.95637e+06,990
2,114,1.95601e+06,1.9571e+06,990
2,115,1.95601e+06,1.9571e+06,990
2,116,1.95601e+06,1.9571e+06,990
2,117,1.95601e+06,1.9571e+06,990
2,118,1.95601e+06,1.95712e+06,990
2,119,1.95601e+06,1.9571e+06,990
2,120,1.95601e+06,1.9571e+06,990
2,121,1.95601e+06,1.9571e+06,990
2,122,1.95601e+06,1.9571e+06,990
2,123,1.95601e+06,1.9571e+06,990
2,124,1.95601e+06,1.95689e+06,990
2,125,1.95601e+06,1.95689e+06,990
2,126,1.95601e+06,1.95689e+06,990
2,127,1.95601e+06,1.95689e+06,990
2,128,1.95601e+06,1.95689e+06,990
2,129,1.95601e+06,1.95684e+06,990
2,130,1.95601e+06,1.95649e+06,990
2,131,1.95601e+06,1.95649e+06,990
2,132,1.95601e+06,1.95649e+06,990
2,133,1.95601e+06,1.95649e+06,990
2,134,1.95601e+06,1.95649e+06,990
2,135,1.95601e+06,1.95649e+06,990
2,136,1.95601e+06,1.95646e+06,990
2,137,1.95601e+06,1.95646e+06,990
2,138,1.95601e+06,1.95618e+06,990
2,139,1.95601e+06,1.95618e+06,990
2,140,1.95601e+06,1.95618e+06,990
2,141,1.95601e+06,1.95618e+06,990
2,142,1.95601e+06,1.95618e+06,990
2,143,1.95601e+06,1.95618e+06,990
2,144,1.95601e+06,1.95618e+06,990
2,145,1.95601e+06,1.95618e+06,990
2,146,1.95601e+06,1.95618e+06,990
2,147,1.95601e+06,1.95618e+06,990
2,148,1.95601e+06,1.95618e+06,990
2,149,1.95601e+06,1.95618e+06,990
2,150,1.95601e+06,1.95618e+06,990
2,151,1.95601e+06,1.95618e+06,990
2,152,1.95601e+06,1.95618e+06,990
2,153,1.95601e+06,1.95618e+06,990
2,154,1.95601e+06,1.95618e+06,990
2,155,1.95601e+06,1.95618e+06,990
2,156,1.95601e+06,1.95618e+06,990
2,157,1.95601e+06,1.95618e+06,990
2,158,1.95601e+06,1.95618e+06,990
2,159,1.95601e+06,1.95617e+06,990
2,160,1.95601e+06,1.95656e+06,990
2,161,1.95601e+06,1.95722e+06,980.1
2,162,1.95601e+06,1.95722e+06,980.1
2,163,1.95601e+06,1.95722e+06,980.1
2,164,1.95601e+06,1.95692e+06,980.1
2,165,1.95601e+06,1.95661e+06,980.1
2,166,1.95601e+06,1.95661e+06,980.1
2,167,1.95601e+06,1.95661e+06,980.1
2,168,1.95601e+06,1.95661e+06,980.1
2,169,1.95601e+06,1.95661e+06,980.1
2,170,1.95601e+06,1.95661e+06,980.1
2,171,1.95601e+06,1.95661e+06,980.1
2,172,1.95601e+06,1.95661e+06,980.1
2,173,1.95601e+06,1.95661e+06,980.1
2,174,1.95601e+06,1.95661e+06,980.1
2,175,1.95601e+06,1.95661e+06,980.1
2,176,1.95601e+06,1.95661e+06,980.1
2,177,1.95601e+06,1.95661e+06,980.1
2,178,1.95601e+06,1.95661e+06,980.1
2,179,1.95601e+06,1.95661e+06,980.1
2,180,1.95601e+06,1.95661e+06,980.1
2,181,1.95601e+06,1.95661e+06,980.1
2,182,1.95601e+06,1.95661e+06,980.1
2,183,1.95601e+06,1.95661e+06,980.1
2,184,1.95601e+06,1.95661e+06,980.1
2,185,1.95601e+06,1.95661e+06,980.1
2,186,1.95601e+06,1.95661e+06,980.1
2,187,1.95601e+06,1.95661e+06,980.1
2,188,1.95601e+06,1.95661e+06,980.1
2,189,1.95601e+06,1.95661e+06,980.1
2,190,1.95601e+06,1.95733e+06,980.1
2,191,1.95601e+06,1.95724e+06,980.1
2,192,1.95601e+06,1.95724e+06,980.1
2,193,1.95601e+06,1.95724e+06,980.1
2,194,1.95601e+06,1.95724e+06,980.1
2,195,1.95601e+06,1.95724e+06,980.1
2,196,1.95601e+06,1.95724e+06,980.1
2,197,1.95601e+06,1.95687e+06,980.1
2,198,1.95601e+06,1.95687e+06,980.1
2,199,1.95601e+06,1.95687e+06,980.1
2,200,1.95601e+06,1.95687e+06,980.1
2,201,1.95601e+06,1.95687e+06,980.1
2,202,1.95601e+06,1.95687e+06,980.1
2,203,1.95601e+06,1.95687e+06,980.1
2,204,1.95601e+06,1.95687e+06,980.1
2,205,1.95601e+06,1.95687e+06,980.1
2,206,1.95601e+06,1.95687e+06,980.1
2,207,1.95601e+06,1.95681e+06,980.1
2,208,1.95601e+06,1.95681e+06,980.1
2,209,1.95601e+06,1.95681e+06,980.1
2,210,1.95601e+06,1.95681e+06,980.1
2,211,1.95601e+06,1.95681e+06,980.1
2,212,1.95601e+06,1.95681e+06,980.1
2,213,1.95601e+06,1.95681e+06,980.1
2,214,1.95601e+06,1.95681e+06,980.1
2,215,1.95601e+06,1.95681e+06,980.1
2,216,1.95601e+06,1.95681e+06,980.1
2,217,1.95601e+06,1.95681e+06,980.1
2,218,1.95601e+06,1.95681e+06,980.1
2,219,1.95601e+06,1.95681e+06,980.1
2,220,1.95601e+06,1.95681e+06,980.1
2,221,1.95601e+06,1.95681e+06,980.1
2,222,1.95601e+06,1.95681e+06,980.1
2,223,1.95601e+06,1.95681e+06,980.1
2,224,1.95601e+06,1.95681e+06,980.1
2,225,1.95601e+06,1.95681e+06,980.1
2,226,1.95601e+06,1.95681e+06,980.1
2,227,1.95601e+06,1.95681e+06,980.1
2,228,1.95601e+06,1.95681e+06,980.1
2,229,1.95601e+06,1.95681e+06,980.1
2,230,1.95601e+06,1.95645e+06,980.1
2,231,1.95601e+06,1.95645e+06,980.1
2,232,1.95601e+06,1.95645e+06,980.1
2,233,1.95601e+06,1.95645e+06,980.1
2,234,1.95601e+06,1.95645e+06,980.1
2,235,1.95601e+06,1.95645e+06,980.1
2,236,1.95601e+06,1.95645e+06,980.1
2,237,1.95601e+06,1.95645e+06,980.1
2,238,1.95601e+06,1.9561e+06,980.1
2,239,1.95601e+06,1.9561e+06,980.1
2,240,1.95601e+06,1.9561e+06,980.1
2,241,1.95601e+06,1.9561e+06,970.299
2,242,1.95601e+06,1.95702e+06,970.299
2,243,1.95601e+06,1.95702e+06,970.299
2,244,1.95601e+06,1.9561e+06,970.299
2,245,1.95601e+06,1.9561e+06,970.299
2,246,1.95601e+06,1.95703e+06,970.299
2,247,1.95601e+06,1.95703e+06,970.299
2,248,1.95601e+06,1.95703e+06,970.299
2,249,1.95601e+06,1.95703e+06,970.299
2,250,1.95601e+06,1.95703e+06,970.299
2,251,1.95601e+06,1.95703e+06,970.299
2,252,1.95601e+06,1.95703e+06,970.299
2,253,1.95601e+06,1.95703e+06,970.299
2,254,1.95601e+06,1.95703e+06,970.299
2,255,1.95601e+06,1.95703e+06,970.299
2,256,1.95601e+06,1.95703e+06,970.299
2,257,1.95601e+06,1.95703e+06,970.299
2,258,1.95601e+06,1.95703e+06,970.299
2,259,1.95601e+06,1.95703e+06,970.299
2,260,1.95601e+06,1.95703e+06,970.299
2,261,1.95601e+06,1.95703e+06,970.299
2,262,1.95601e+06,1.95703e+06,970.299
2,263,1.95601e+06,1.95703e+06,970.299
2,264,1.95601e+06,1.95703e+06,970.299
2,265,1.95601e+06,1.95703e+06,970.299
2,266,1.95601e+06,1.95703e+06,970.299
2,267,1.95601e+06,1.95703e+06,970.299
2,268,1.95601e+06,1.95703e+06,970.299
2,269,1.95601e+06,1.95703e+06,970.299
2,270,1.95601e+06,1.95703e+06,970.299
2,271,1.95601e+06,1.95703e+06,970.299
2,272,1.95601e+06,1.95703e+06,970.299
2,273,1.95601e+06,1.95703e+06,970.299
2,274,1.95601e+06,1.95701e+06,970.299
2,275,1.95601e+06,1.95701e+06,970.299
2,276,1.95601e+06,1.95701e+06,970.299
2,277,1.95601e+06,1.95701e+06,970.299
2,278,1.95601e+06,1.95701e+06,970.299
2,279,1.95601e+06,1.95701e+06,970.299
2,280,1.95601e+06,1.95608e+06,970.299
2,281,1.95601e+06,1.95608e+06,970.299
2,282,1.95601e+06,1.95608e+06,970.299
2,283,1.95601e+06,1.95608e+06,970.299
2,284,1.95601e+06,1.95608e+06,970.299
2,285,1.95601e+06,1.95608e+06,970.299
2,286,1.95601e+06,1.95608e+06,970.299
2,287,1.95601e+06,1.95608e+06,970.299
2,288,1.95601e+06,1.95608e+06,970.299
2,289,1.95601e+06,1.95608e+06,970.299
2,290,1.95601e+06,1.95608e+06,970.299
2,291,1.95601e+06,1.95608e+06,970.299
2,292,1.95601e+06,1.95701e+06,970.299
2,293,1.95601e+06,1.95701e+06,970.299
2,294,1.95601e+06,1.95701e+06,970.299
2,295,1.95601e+06,1.95701e+06,970.299
2,296,1.95601e+06,1.95701e+06,970.299
2,297,1.95601e+06,1.95701e+06,970.299
2,298,1.95601e+06,1.95608e+06,970.299
2,299,1.95601e+06,1.95608e+06,970.299
2,300,1.95601e+06,1.95608e+06,970.299
2,301,1.95601e+06,1.95608e+06,970.299
2,302,1.95601e+06,1.95608e+06,970.299
2,303,1.95601e+06,1.95608e+06,970.299
2,304,1.95601e+06,1.95608e+06,970.299
2,305,1.95601e+06,1.95608e+06,970.299
2,306,1.95601e+06,1.95608e+06,970.299
2,307,1.95601e+06,1.95608e+06,970.299
2,308,1.95601e+06,1.95608e+06,970.299
2,309,1.95601e+06,1.95608e+06,970.299
2,310,1.95601e+06,1.95608e+06,970.299
2,311,1.95601e+06,1.95608e+06,970.299
2,312,1.95601e+06,1.95608e+06,970.299
2,313,1.95601e+06,1.95608e+06,970.299
2,314,1.95601e+06,1.95608e+06,970.299
2,315,1.95601e+06,1.95608e+06,970.299
2,316,1.95601e+06,1.95608e+06,970.299
2,317,1.95601e+06,1.95608e+06,970.299
2,318,1.95601e+06,1.95608e+06,970.299
2,319,1.95601e+06,1.95608e+06,970.299
2,320,1.95601e+06,1.95608e+06,970.299
2,321,1.95601e+06,1.95608e+06,960.596
2,322,1.95601e+06,1.95608e+06,960.596
2,323,1.95601e+06,1.95608e+06,960.596
2,324,1.95601e+06,1.95608e+06,960.596
2,325,1.95601e+06,1.95608e+06,960.596
2,326,1.95601e+06,1.95608e+06,960.596
2,327,1.95601e+06,1.95608e+06,960.596
2,328,1.95601e+06,1.95608e+06,960.596
2,329,1.95601e+06,1.95608e+06,960.596
2,330,1.95601e+06,1.95608e+06,960.596
2,331,1.95601e+06,1.95608e+06,960.596
2,332,1.95601e+06,1.95608e+06,960.596
2,333,1.95601e+06,1.95608e+06,960.596
2,334,1.95601e+06,1.95608e+06,960.596
2,335,1.95601e+06,1.95608e+06,960.596
2,336,1.95601e+06,1.95608e+06,960.596
2,337,1.95601e+06,1.95608e+06,960.596
2,338,1.95601e+06,1.95683e+06,960.596
2,339,1.95601e+06,1.95647e+06,960.596
2,340,1.95601e+06,1.95647e+06,960.596
2,341,1.95601e+06,1.95647e+06,960.596
2,342,1.95601e+06,1.95647e+06,960.596
2,343,1.95601e+06,1.95647e+06,960.596
2,344,1.95601e+06,1.95647e+06,960.596
2,345,1.95601e+06,1.95647e+06,960.596
2,346,1.95601e+06,1.95647e+06,960.596
2,347,1.95601e+06,1.95647e+06,960.596
2,348,1.95601e+06,1.95647e+06,960.596
2,349,1.95601e+06,1.95647e+06,960.596
2,350,1.95601e+06,1.95691e+06,960.596
2,351,1.95601e+06,1.95691e+06,960.596
2,352,1.95601e+06,1.95691e+06,960.596
2,353,1.95601e+06,1.95691e+06,960.596
2,354,1.95601e+06,1.95691e+06,960.596
2,355,1.95601e+06,1.95691e+06,960.596
2,356,1.95601e+06,1.95691e+06,960.596
2,357,1.95601e+06,1.95691e+06,960.596
2,358,1.95601e+06,1.95691e+06,960.596
2,359,1.95601e+06,1.95688e+06,960.596
2,360,1.95601e+06,1.95688e+06,960.596
2,361,1.95601e+06,1.95688e+06,960.596
2,362,1.95601e+06,1.95688e+06,960.596
2,363,1.95601e+06,1.95688e+06,960.596
2,364,1.95601e+06,1.95688e+06,960.596
2,365,1.95601e+06,1.95688e+06,960.596
2,366,1.95601e+06,1.95688e+06,960.596
2,367,1.95601e+06,1.95688e+06,960.596
2,368,1.95601e+06,1.95688e+06,960.596
2,369,1.95601e+06,1.95688e+06,960.596
2,370,1.95601e+06,1.95688e+06,960.596
2,371,1.95601e+06,1.95688e+06,960.596
2,372,1.95601e+06,1.95688e+06,960.596
2,373,1.95601e+06,1.95688e+06,960.596
2,374,1.95601e+06,1.95688e+06,960.596
2,375,1.95601e+06,1.95688e+06,960.596
2,376,1.95601e+06,1.95688e+06,960.596
2,377,1.95601e+06,1.95688e+06,960.596
2,378,1.95601e+06,1.95688e+06,960.596
2,379,1.95601e+06,1.95688e+06,960.596
2,380,1.95601e+06,1.95688e+06,960.596
2,381,1.95601e+06,1.95651e+06,960.596
2,382,1.95601e+06,1.95651e+06,960.596
2,383,1.95601e+06,1.95645e+06,960.596
2,384,1.95601e+06,1.95645e+06,960.596
2,385,1.95601e+06,1.95645e+06,960.596
2,386,1.95601e+06,1.95701e+06,960.596
2,387,1.95601e+06,1.95701e+06,960.596
2,388,1.95601e+06,1.95701e+06,960.596
2,389,1.95601e+06,1.95701e+06,960.596
2,390,1.95601e+06,1.95701e+06,960.596
2,391,1.95601e+06,1.95701e+06,960.596
2,392,1.95601e+06,1.95701e+06,960.596
2,393,1.95601e+06,1.95701e+06,960.596
2,394,1.95601e+06,1.95701e+06,960.596
2,395,1.95601e+06,1.95701e+06,960.596
2,396,1.95601e+06,1.95701e+06,960.596
2,397,1.95601e+06,1.95701e+06,960.596
2,398,1.95601e+06,1.95701e+06,960.596
2,399,1.95601e+06,1.95701e+06,960.596
2,400,1.95601e+06,1.95701e+06,960.596
2,401,1.95601e+06,1.95701e+06,950.99
2,402,1.95601e+06,1.95701e+06,950.99
2,403,1.95601e+06,1.95701e+06,950.99
2,404,1.95601e+06,1.95701e+06,950.99
2,405,1.95601e+06,1.95701e+06,950.99
2,406,1.95601e+06,1.95701e+06,950.99
2,407,1.95601e+06,1.95701e+06,950.99
2,408,1.95601e+06,1.95701e+06,950.99
2,409,1.95601e+06,1.95701e+06,950.99
2,410,1.95601e+06,1.95651e+06,950.99
2,411,1.95601e+06,1.95651e+06,950.99
2,412,1.95601e+06,1.95651e+06,950.99
2,413,1.95601e+06,1.95651e+06,950.99
2,414,1.95601e+06,1.95651e+06,950.99
2,415,1.95601e+06,1.95651e+06,950.99
2,416,1.95601e+06,1.95651e+06,950.99
2,417,1.95601e+06,1.95661e+06,950.99
2,418,1.95601e+06,1.95661e+06,950.99
2,419,1.95601e+06,1.95661e+06,950.99
2,420,1.95601e+06,1.95661e+06,950.99
2,421,1.95601e+06,1.95661e+06,950.99
2,422,1.95601e+06,1.95661e+06,950.99
2,423,1.95601e+06,1.95657e+06,950.99
2,424,1.95601e+06,1.95657e+06,950.99
2,425,1.95601e+06,1.95657e+06,950.99
2,426,1.95601e+06,1.95657e+06,950.99
2,427,1.95601e+06,1.95657e+06,950.99
2,428,1.95601e+06,1.95657e+06,950.99
2,429,1.95601e+06,1.95657e+06,950.99
2,430,1.95601e+06,1.95657e+06,950.99
2,431,1.95601e+06,1.95657e+06,950.99
2,432,1.95601e+06,1.95657e+06,950.99
2,433,1.95601e+06,1.95657e+06,950.99
2,434,1.95601e+06,1.95657e+06,950.99
2,435,1.95601e+06,1.95657e+06,950.99
2,436,1.95601e+06,1.95657e+06,950.99
2,437,1.95601e+06,1.95657e+06,950.99
2,438,1.95601e+06,1.95623e+06,950.99
2,439,1.95601e+06,1.95621e+06,950.99
2,440,1.95601e+06,1.95621e+06,950.99
2,441,1.95601e+06,1.95621e+06,950.99
2,442,1.95601e+06,1.95621e+06,950.99
2,443,1.95601e+06,1.95621e+06,950.99
2,444,1.95601e+06,1.95615e+06,950.99
2,445,1.95601e+06,1.95615e+06,950.99
2,446,1.95601e+06,1.95615e+06,950.99
2,447,1.95601e+06,1.95615e+06,950.99
2,448,1.95601e+06,1.95615e+06,950.99
2,449,1.95601e+06,1.95615e+06,950.99
2,450,1.95601e+06,1.95615e+06,950.99
2,451,1.95601e+06,1.95615e+06,950.99
2,452,1.95601e+06,1.95615e+06,950.99
2,453,1.95601e+06,1.95615e+06,950.99
2,454,1.95601e+06,1.95615e+06,950.99
2,455,1.95601e+06,1.95615e+06,950.99
2,456,1.95601e+06,1.95615e+06,950.99
2,457,1.95601e+06,1.95615e+06,950.99
2,458,1.95601e+06,1.95615e+06,950.99
2,459,1.95601e+06,1.95615e+06,950.99
2,460,1.95601e+06,1.95615e+06,950.99
2,461,1.95601e+06,1.95708e+06,950.99
2,462,1.95601e+06,1.95708e+06,950.99
2,463,1.95601e+06,1.95708e+06,950.99
2,464,1.95601e+06,1.95708e+06,950.99
2,465,1.95601e+06,1.95708e+06,950.99
2,466,1.95601e+06,1.95616e+06,950.99
2,467,1.95601e+06,1.95616e+06,950.99
2,468,1.95601e+06,1.95616e+06,950.99
2,469,1.95601e+06,1.95616e+06,950.99
2,470,1.95601e+06,1.95616e+06,950.99
2,471,1.95601e+06,1.95616e+06,950.99
2,472,1.95601e+06,1.95616e+06,950.99
2,473,1.95601e+06,1.95616e+06,950.99
2,474,1.95601e+06,1.95616e+06,950.99
2,475,1.95601e+06,1.95616e+06,950.99
2,476,1.95601e+06,1.95616e+06,950.99
2,477,1.95601e+06,1.95616e+06,950.99
2,478,1.95601e+06,1.95616e+06,950.99
2,479,1.95601e+06,1.95616e+06,950.99
2,480,1.95601e+06,1.95616e+06,950.99
2,481,1.95601e+06,1.95616e+06,941.48
2,482,1.95601e+06,1.95615e+06,941.48
2,483,1.95601e+06,1.95615e+06,941.48
2,484,1.95601e+06,1.95615e+06,941.48
2,485,1.95601e+06,1.95615e+06,941.48
2,486,1.95601e+06,1.95615e+06,941.48
2,487,1.95601e+06,1.95615e+06,941.48
2,488,1.95601e+06,1.95615e+06,941.48
2,489,1.95601e+06,1.95615e+06,941.48
2,490,1.95601e+06,1.95615e+06,941.48
2,491,1.95601e+06,1.95615e+06,941.48
2,492,1.95601e+06,1.95615e+06,941.48
2,493,1.95601e+06,1.95615e+06,941.48
2,494,1.95601e+06,1.95615e+06,941.48
2,495,1.95601e+06,1.95615e+06,941.48
2,496,1.95601e+06,1.95615e+06,941.48
2,497,1.95601e+06,1.95615e+06,941.48
2,498,1.95601e+06,1.95615e+06,941.48
2,499,1.95601e+06,1.95655e+06,941.48
2,500,1.95601e+06,1.95652e+06,941.48
2,501,1.95601e+06,1.95652e+06,941.48
2,502,1.95601e+06,1.95652e+06,941.48
2,503,1.95601e+06,1.95653e+06,941.48
2,504,1.95601e+06,1.95653e+06,941.48
2,505,1.95601e+06,1.95653e+06,941.48
2,506,1.95601e+06,1.95653e+06,941.48
2,507,1.95601e+06,1.95653e+06,941.48
2,508,1.95601e+06,1.95653e+06,941.48
2,509,1.95601e+06,1.95653e+06,941.48
2,510,1.95601e+06,1.95653e+06,941.48
2,511,1.95601e+06,1.95653e+06,941.48
2,512,1.95601e+06,1.95653e+06,941.48
2,513,1.95601e+06,1.95653e+06,941.48
2,514,1.95601e+06,1.95653e+06,941.48
2,515,1.95601e+06,1.95653e+06,941.48
2,516,1.95601e+06,1.95652e+06,941.48
2,517,1.95601e+06,1.95652e+06,941.48
2,518,1.95601e+06,1.95652e+06,941.48
2,519,1.95601e+06,1.95652e+06,941.48
2,520,1.95601e+06,1.95652e+06,941.48
2,521,1.95601e+06,1.95652e+06,941.48
2,522,1.95601e+06,1.95652e+06,941.48
2,523,1.95601e+06,1.95652e+06,941.48
2,524,1.95601e+06,1.95652e+06,941.48
2,525,1.95601e+06,1.95652e+06,941.48
2,526,1.95601e+06,1.95652e+06,941.48
2,527,1.95601e+06,1.95652e+06,941.48
2,528,1.95601e+06,1.95652e+06,941.48
2,529,1.95601e+06,1.95652e+06,941.48
2,530,1.95601e+06,1.95652e+06,941.48
2,531,1.95601e+06,1.95652e+06,941.48
2,532,1.95601e+06,1.95652e+06,941.48
2,533,1.95601e+06,1.95652e+06,941.48
2,534,1.95601e+06,1.95652e+06,941.48
2,535,1.95601e+06,1.95652e+06,941.48
2,536,1.95601e+06,1.95638e+06,941.48
2,537,1.95601e+06,1.95638e+06,941.48
2,538,1.95601e+06,1.95638e+06,941.48
2,539,1.95601e+06,1.95638e+06,941.48
2,540,1.95601e+06,1.95638e+06,941.48
2,541,1.95601e+06,1.95638e+06,941.48
2,542,1.95601e+06,1.95706e+06,941.48
2,543,1.95601e+06,1.95706e+06,941.48
2,544,1.95601e+06,1.95706e+06,941.48
2,545,1.95601e+06,1.95706e+06,941.48
2,546,1.95601e+06,1.95706e+06,941.48
2,547,1.95601e+06,1.95714e+06,941.48
2,548,1.95601e+06,1.95714e+06,941.48
2,549,1.95601e+06,1.95714e+06,941.48
2,550,1.95601e+06,1.95711e+06,941.48
2,551,1.95601e+06,1.95711e+06,941.48
2,552,1.95601e+06,1.95674e+06,941.48
2,553,1.95601e+06,1.95669e+06,941.48
2,554,1.95601e+06,1.95669e+06,941.48
2,555,1.95601e+06,1.95648e+06,941.48
2,556,1.95601e+06,1.95648e+06,941.48
2,557,1.95601e+06,1.95611e+06,941.48
2,558,1.95601e+06,1.95611e+06,941.48
2,559,1.95601e+06,1.95611e+06,941.48
2,560,1.95601e+06,1.95611e+06,941.48
2,561,1.95601e+06,1.95611e+06,932.065
2,562,1.95601e+06,1.95611e+06,932.065
2,563,1.95601e+06,1.95611e+06,932.065
2,564,1.95601e+06,1.95611e+06,932.065
2,565,1.95601e+06,1.95611e+06,932.065
2,566,1.95601e+06,1.95705e+06,932.065
2,567,1.95601e+06,1.95705e+06,932.065
2,568,1.95601e+06,1.95693e+06,932.065
2,569,1.95601e+06,1.95693e+06,932.065
2,570,1.95601e+06,1.95693e+06,932.065
2,571,1.95601e+06,1.95693e+06,932.065
2,572,1.95601e+06,1.95693e+06,932.065
2,573,1.95601e+06,1.95693e+06,932.065
2,574,1.95601e+06,1.95693e+06,932.065
2,575,1.95601e+06,1.95693e+06,932.065
2,576,1.95601e+06,1.95702e+06,932.065
2,577,1.95601e+06,1.95702e+06,932.065
2,578,1.95601e+06,1.95702e+06,932.065
2,579,1.95601e+06,1.95701e+06,932.065
2,580,1.95601e+06,1.95701e+06,932.065
2,581,1.95601e+06,1.95701e+06,932.065
2,582,1.95601e+06,1.95701e+06,932.065
2,583,1.95601e+06,1.95701e+06,932.065
2,584,1.95601e+06,1.95701e+06,932.065
2,585,1.95601e+06,1.95609e+06,932.065
2,586,1.95601e+06,1.95609e+06,932.065
2,587,1.956e+06,1.956e+06,932.065
2,588,1.956e+06,1.956e+06,932.065
2,589,1.956e+06,1.956e+06,932.065
2,590,1.956e+06,1.956e+06,932.065
2,591,1.956e+06,1.956e+06,932.065
2,592,1.956e+06,1.956e+06,932.065
2,593,1.956e+06,1.956e+06,932.065
2,594,1.956e+06,1.956e+06,932.065
2,595,1.956e+06,1.956e+06,932.065
2,596,1.956e+06,1.956e+06,932.065
2,597,1.956e+06,1.956e+06,932.065
2,598,1.956e+06,1.956e+06,932.065
2,599,1.956e+06,1.956e+06,932.065
2,600,1.956e+06,1.956e+06,932.065
2,601,1.956e+06,1.956e+06,932.065
2,602,1.956e+06,1.956e+06,932.065
2,603,1.956e+06,1.956e+06,932.065
2,604,1.956e+06,1.956e+06,932.065
2,605,1.956e+06,1.956e+06,932.065
2,606,1.956e+06,1.956e+06,932.065
2,607,1.956e+06,1.956e+06,932.065
2,608,1.956e+06,1.956e+06,932.065
2,609,1.956e+06,1.956e+06,932.065
2,610,1.956e+06,1.956e+06,932.065
2,611,1.956e+06,1.956e+06,932.065
2,612,1.956e+06,1.956e+06,932.065
2,613,1.956e+06,1.956e+06,932.065
2,614,1.956e+06,1.956e+06,932.065
2,615,1.956e+06,1.956e+06,932.065
2,616,1.956e+06,1.956e+06,932.065
2,617,1.956e+06,1.956e+06,932.065
2,618,1.956e+06,1.956e+06,932.065
2,619,1.956e+06,1.956e+06,932.065
2,620,1.956e+06,1.956e+06,932.065
2,621,1.956e+06,1.956e+06,932.065
2,622,1.956e+06,1.956e+06,932.065
2,623,1.956e+06,1.956e+06,932.065
2,624,1.956e+06,1.956e+06,932.065
2,625,1.956e+06,1.956e+06,932.065
2,626,1.956e+06,1.956e+06,932.065
2,627,1.956e+06,1.956e+06,932.065
2,628,1.956e+06,1.956e+06,932.065
2,629,1.956e+06,1.956e+06,932.065
2,630,1.956e+06,1.956e+06,932.065
2,631,1.956e+06,1.956e+06,932.065
2,632,1.956e+06,1.956e+06,932.065
2,633,1.956e+06,1.956e+06,932.065
2,634,1.956e+06,1.956e+06,932.065
2,635,1.956e+06,1.956e+06,932.065
2,636,1.956e+06,1.956e+06,932.065
2,637,1.956e+06,1.956e+06,932.065
2,638,1.956e+06,1.956e+06,932.065
2,639,1.956e+06,1.956e+06,932.065
2,640,1.956e+06,1.956e+06,932.065
2,641,1.956e+06,1.9561e+06,922.745
2,642,1.956e+06,1.9561e+06,922.745
2,643,1.956e+06,1.9561e+06,922.745
2,644,1.956e+06,1.9561e+06,922.745
2,645,1.956e+06,1.9561e+06,922.745
2,646,1.956e+06,1.95711e+06,922.745
2,647,1.956e+06,1.95711e+06,922.745
2,648,1.956e+06,1.95711e+06,922.745
2,649,1.956e+06,1.95711e+06,922.745
2,650,1.956e+06,1.95711e+06,922.745
2,651,1.956e+06,1.95711e+06,922.745
2,652,1.956e+06,1.95711e+06,922.745
2,653,1.956e+06,1.95701e+06,922.745
2,654,1.956e+06,1.95701e+06,922.745
2,655,1.956e+06,1.95701e+06,922.745
2,656,1.956e+06,1.95701e+06,922.745
2,657,1.956e+06,1.95701e+06,922.745
2,658,1.956e+06,1.95701e+06,922.745
2,659,1.956e+06,1.95701e+06,922.745
2,660,1.956e+06,1.95695e+06,922.745
2,661,1.956e+06,1.95695e+06,922.745
2,662,1.956e+06,1.956e+06,922.745
2,663,1.956e+06,1.956e+06,922.745
2,664,1.956e+06,1.956e+06,922.745
2,665,1.956e+06,1.956e+06,922.745
2,666,1.956e+06,1.956e+06,922.745
2,667,1.956e+06,1.956e+06,922.745
2,668,1.956e+06,1.956e+06,922.745
2,669,1.956e+06,1.956e+06,922.745
2,670,1.956e+06,1.956e+06,922.745
2,671,1.956e+06,1.956e+06,922.745
2,672,1.956e+06,1.956e+06,922.745
2,673,1.956e+06,1.956e+06,922.745
2,674,1.956e+06,1.956e+06,922.745
2,675,1.956e+06,1.956e+06,922.745
2,676,1.956e+06,1.956e+06,922.745
2,677,1.956e+06,1.956e+06,922.745
2,678,1.956e+06,1.956e+06,922.745
2,679,1.956e+06,1.956e+06,922.745
2,680,1.956e+06,1.956e+06,922.745
2,681,1.956e+06,1.956e+06,922.745
2,682,1.956e+06,1.956e+06,922.745
2,683,1.956e+06,1.956e+06,922.745
2,684,1.956e+06,1.956e+06,922.745
2,685,1.956e+06,1.956e+06,922.745
2,686,1.956e+06,1.956e+06,922.745
2,687,1.956e+06,1.956e+06,922.745
2,688,1.956e+06,1.956e+06,922.745
2,689,1.956e+06,1.956e+06,922.745
2,690,1.956e+06,1.956e+06,922.745
2,691,1.956e+06,1.956e+06,922.745
2,692,1.956e+06,1.956e+06,922.745
2,693,1.956e+06,1.956e+06,922.745
2,694,1.956e+06,1.956e+06,922.745
2,695,1.956e+06,1.956e+06,922.745
2,696,1.956e+06,1.956e+06,922.745
2,697,1.956e+06,1.956e+06,922.745
2,698,1.956e+06,1.956e+06,922.745
2,699,1.956e+06,1.956e+06,922.745
2,700,1.956e+06,1.956e+06,922.745
2,701,1.956e+06,1.956e+06,922.745
2,702,1.956e+06,1.956e+06,922.745
2,703,1.956e+06,1.956e+06,922.745
2,704,1.956e+06,1.956e+06,922.745
2,705,1.956e+06,1.956e+06,922.745
2,706,1.956e+06,1.956e+06,922.745
2,707,1.956e+06,1.956e+06,922.745
2,708,1.956e+06,1.956e+06,922.745
2,709,1.956e+06,1.956e+06,922.745
2,710,1.956e+06,1.956e+06,922.745
2,711,1.956e+06,1.956e+06,922.745
2,712,1.956e+06,1.956e+06,922.745
2,713,1.956e+06,1.956e+06,922.745
2,714,1.956e+06,1.956e+06,922.745
2,715,1.956e+06,1.956e+06,922.745
2,716,1.956e+06,1.956e+06,922.745
2,717,1.956e+06,1.956e+06,922.745
2,718,1.956e+06,1.956e+06,922.745
2,719,1.956e+06,1.95693e+06,922.745
2,720,1.956e+06,1.95693e+06,922.745
2,721,1.956e+06,1.95693e+06,913.517
2,722,1.956e+06,1.95693e+06,913.517
2,723,1.956e+06,1.95693e+06,913.517
2,724,1.956e+06,1.95693e+06,913.517
2,725,1.956e+06,1.95693e+06,913.517
2,726,1.956e+06,1.95693e+06,913.517
2,727,1.956e+06,1.95693e+06,913.517
2,728,1.956e+06,1.95693e+06,913.517
2,729,1.956e+06,1.95693e+06,913.517
2,730,1.956e+06,1.95693e+06,913.517
2,731,1.956e+06,1.95693e+06,913.517
2,732,1.956e+06,1.95601e+06,913.517
2,733,1.956e+06,1.95601e+06,913.517
2,734,1.956e+06,1.95601e+06,913.517
2,735,1.956e+06,1.95601e+06,913.517
2,736,1.956e+06,1.95601e+06,913.517
2,737,1.956e+06,1.95601e+06,913.517
2,738,1.956e+06,1.95601e+06,913.517
2,739,1.956e+06,1.95601e+06,913.517
2,740,1.956e+06,1.95601e+06,913.517
2,741,1.956e+06,1.95601e+06,913.517
2,742,1.956e+06,1.95601e+06,913.517
2,743,1.956e+06,1.95601e+06,913.517
2,744,1.956e+06,1.95601e+06,913.517
2,745,1.956e+06,1.95601e+06,913.517
2,746,1.956e+06,1.95601e+06,913.517
2,747,1.956e+06,1.95601e+06,913.517
2,748,1.956e+06,1.95601e+06,913.517
2,749,1.956e+06,1.95693e+06,913.517
2,750,1.956e+06,1.95609e+06,913.517
2,751,1.956e+06,1.95609e+06,913.517
2,752,1.956e+06,1.95609e+06,913.517
2,753,1.956e+06,1.95609e+06,913.517
2,754,1.956e+06,1.95609e+06,913.517
2,755,1.956e+06,1.95609e+06,913.517
2,756,1.956e+06,1.95609e+06,913.517
2,757,1.956e+06,1.95609e+06,913.517
2,758,1.956e+06,1.95609e+06,913.517
2,759,1.956e+06,1.95609e+06,913.517
2,760,1.956e+06,1.95609e+06,913.517
2,761,1.956e+06,1.95609e+06,913.517
2,762,1.956e+06,1.95609e+06,913.517
2,763,1.956e+06,1.95609e+06,913.517
2,764,1.956e+06,1.95609e+06,913.517
2,765,1.956e+06,1.95609e+06,913.517
2,766,1.956e+06,1.956e+06,913.517
2,767,1.956e+06,1.956e+06,913.517
2,768,1.956e+06,1.956e+06,913.517
2,769,1.956e+06,1.956e+06,913.517
2,770,1.956e+06,1.956e+06,913.517
2,771,1.956e+06,1.956e+06,913.517
2,772,1.956e+06,1.956e+06,913.517
2,773,1.956e+06,1.956e+06,913.517
2,774,1.956e+06,1.956e+06,913.517
2,775,1.956e+06,1.956e+06,913.517
2,776,1.956e+06,1.956e+06,913.517
2,777,1.956e+06,1.956e+06,913.517
2,778,1.956e+06,1.956e+06,913.517
2,779,1.956e+06,1.956e+06,913.517
2,780,1.956e+06,1.956e+06,913.517
2,781,1.956e+06,1.956e+06,913.517
2,782,1.956e+06,1.956e+06,913.517
2,783,1.956e+06,1.956e+06,913.517
2,784,1.956e+06,1.956e+06,913.517
2,785,1.956e+06,1.956e+06,913.517
2,786,1.956e+06,1.956e+06,913.517
2,787,1.956e+06,1.956e+06,913.517
2,788,1.956e+06,1.956e+06,913.517
2,789,1.956e+06,1.956e+06,913.517
2,790,1.956e+06,1.956e+06,913.517
2,791,1.956e+06,1.956e+06,913.517
2,792,1.956e+06,1.956e+06,913.517
2,793,1.956e+06,1.956e+06,913.517
2,794,1.956e+06,1.956e+06,913.517
2,795,1.956e+06,1.956e+06,913.517
2,796,1.956e+06,1.956e+06,913.517
2,797,1.956e+06,1.95693e+06,913.517
2,798,1.956e+06,1.95702e+06,913.517
2,799,1.956e+06,1.95702e+06,913.517
2,800,1.956e+06,1.95702e+06,913.517
2,801,1.956e+06,1.95702e+06,904.382
2,802,1.956e+06,1.95609e+06,904.382
2,803,1.956e+06,1.95609e+06,904.382
2,804,1.956e+06,1.95609e+06,904.382
2,805,1.956e+06,1.95609e+06,904.382
2,806,1.956e+06,1.95609e+06,904.382
2,807,1.956e+06,1.95609e+06,904.382
2,808,1.956e+06,1.95609e+06,904.382
2,809,1.956e+06,1.956e+06,904.382
2,810,1.956e+06,1.956e+06,904.382
2,811,1.956e+06,1.956e+06,904.382
2,812,1.956e+06,1.956e+06,904.382
2,813,1.956e+06,1.956e+06,904.382
2,814,1.956e+06,1.956e+06,904.382
2,815,1.956e+06,1.956e+06,904.382
2,816,1.956e+06,1.956e+06,904.382
2,817,1.956e+06,1.956e+06,904.382
2,818,1.956e+06,1.956e+06,904.382
2,819,1.956e+06,1.956e+06,904.382
2,820,1.956e+06,1.956e+06,904.382
2,821,1.956e+06,1.956e+06,904.382
2,822,1.956e+06,1.956e+06,904.382
2,823,1.956e+06,1.956e+06,904.382
2,824,1.956e+06,1.956e+06,904.382
2,825,1.956e+06,1.956e+06,904.382
2,826,1.956e+06,1.956e+06,904.382
2,827,1.956e+06,1.956e+06,904.382
2,828,1.956e+06,1.956e+06,904.382
2,829,1.956e+06,1.956e+06,904.382
2,830,1.956e+06,1.956e+06,904.382
2,831,1.956e+06,1.956e+06,904.382
2,832,1.956e+06,1.956e+06,904.382
2,833,1.956e+06,1.956e+06,904.382
2,834,1.956e+06,1.956e+06,904.382
2,835,1.956e+06,1.956e+06,904.382
2,836,1.956e+06,1.956e+06,904.382
2,837,1.956e+06,1.956e+06,904.382
2,838,1.956e+06,1.956e+06,904.382
2,839,1.956e+06,1.956e+06,904.382
2,840,1.956e+06,1.956e+06,904.382
2,841,1.956e+06,1.956e+06,904.382
2,842,1.956e+06,1.956e+06,904.382
2,843,1.956e+06,1.956e+06,904.382
2,844,1.956e+06,1.956e+06,904.382
2,845,1.956e+06,1.956e+06,904.382
2,846,1.956e+06,1.956e+06,904.382
2,847,1.956e+06,1.956e+06,904.382
2,848,1.956e+06,1.956e+06,904.382
2,849,1.956e+06,1.956e+06,904.382
2,850,1.956e+06,1.956e+06,904.382
2,851,1.956e+06,1.956e+06,904.382
2,852,1.956e+06,1.956e+06,904.382
2,853,1.956e+06,1.956e+06,904.382
2,854,1.956e+06,1.956e+06,904.382
2,855,1.956e+06,1.956e+06,904.382
2,856,1.956e+06,1.956e+06,904.382
2,857,1.956e+06,1.956e+06,904.382
2,858,1.956e+06,1.956e+06,904.382
2,859,1.956e+06,1.956e+06,904.382
2,860,1.956e+06,1.956e+06,904.382
2,861,1.956e+06,1.956e+06,904.382
2,862,1.956e+06,1.956e+06,904.382
2,863,1.956e+06,1.956e+06,904.382
2,864,1.956e+06,1.956e+06,904.382
2,865,1.956e+06,1.956e+06,904.382
2,866,1.956e+06,1.956e+06,904.382
2,867,1.956e+06,1.956e+06,904.382
2,868,1.956e+06,1.956e+06,904.382
2,869,1.956e+06,1.956e+06,904.382
2,870,1.956e+06,1.956e+06,904.382
2,871,1.956e+06,1.956e+06,904.382
2,872,1.956e+06,1.956e+06,904.382
2,873,1.956e+06,1.956e+06,904.382
2,874,1.956e+06,1.956e+06,904.382
2,875,1.956e+06,1.956e+06,904.382
2,876,1.956e+06,1.956e+06,904.382
2,877,1.956e+06,1.956e+06,904.382
2,878,1.956e+06,1.956e+06,904.382
2,879,1.956e+06,1.956e+06,904.382
2,880,1.956e+06,1.956e+06,904.382
2,881,1.956e+06,1.956e+06,895.338
2,882,1.956e+06,1.956e+06,895.338
2,883,1.956e+06,1.956e+06,895.338
2,884,1.956e+06,1.956e+06,895.338
2,885,1.956e+06,1.956e+06,895.338
2,886,1.956e+06,1.956e+06,895.338
2,887,1.956e+06,1.956e+06,895.338
2,888,1.956e+06,1.956e+06,895.338
2,889,1.956e+06,1.956e+06,895.338
2,890,1.956e+06,1.956e+06,895.338
2,891,1.956e+06,1.956e+06,895.338
2,892,1.956e+06,1.956e+06,895.338
2,893,1.956e+06,1.956e+06,895.338
2,894,1.956e+06,1.956e+06,895.338
2,895,1.956e+06,1.956e+06,895.338
2,896,1.956e+06,1.956e+06,895.338
2,897,1.956e+06,1.956e+06,895.338
2,898,1.956e+06,1.956e+06,895.338
2,899,1.956e+06,1.956e+06,895.338
2,900,1.956e+06,1.956e+06,895.338
2,901,1.956e+06,1.956e+06,895.338
2,902,1.956e+06,1.956e+06,895.338
2,903,1.956e+06,1.956e+06,895.338
2,904,1.956e+06,1.956e+06,895.338
2,905,1.956e+06,1.956e+06,895.338
2,906,1.956e+06,1.956e+06,895.338
2,907,1.956e+06,1.956e+06,895.338
2,908,1.956e+06,1.956e+06,895.338
2,909,1.956e+06,1.956e+06,895.338
2,910,1.956e+06,1.956e+06,895.338
2,911,1.956e+06,1.956e+06,895.338
2,912,1.956e+06,1.956e+06,895.338
2,913,1.956e+06,1.956e+06,895.338
2,914,1.956e+06,1.956e+06,895.338
2,915,1.956e+06,1.956e+06,895.338
2,916,1.956e+06,1.956e+06,895.338
2,917,1.956e+06,1.956e+06,895.338
2,918,1.956e+06,1.956e+06,895.338
2,919,1.956e+06,1.956e+06,895.338
2,920,1.956e+06,1.956e+06,895.338
2,921,1.956e+06,1.956e+06,895.338
2,922,1.956e+06,1.956e+06,895.338
2,923,1.956e+06,1.956e+06,895.338
2,924,1.956e+06,1.956e+06,895.338
2,925,1.956e+06,1.956e+06,895.338
2,926,1.956e+06,1.956e+06,895.338
2,927,1.956e+06,1.956e+06,895.338
2,928,1.956e+06,1.956e+06,895.338
2,929,1.956e+06,1.956e+06,895.338
2,930,1.956e+06,1.956e+06,895.338
2,931,1.956e+06,1.956e+06,895.338
2,932,1.956e+06,1.956e+06,895.338
2,933,1.956e+06,1.956e+06,895.338
2,934,1.956e+06,1.956e+06,895.338
2,935,1.956e+06,1.956e+06,895.338
2,936,1.956e+06,1.956e+06,895.338
2,937,1.956e+06,1.956e+06,895.338
2,938,1.956e+06,1.956e+06,895.338
2,939,1.956e+06,1.956e+06,895.338
2,940,1.956e+06,1.956e+06,895.338
2,941,1.956e+06,1.956e+06,895.338
2,942,1.956e+06,1.956e+06,895.338
2,943,1.956e+06,1.956e+06,895.338
2,944,1.956e+06,1.956e+06,895.338
2,945,1.956e+06,1.956e+06,895.338
2,946,1.956e+06,1.956e+06,895.338
2,947,1.956e+06,1.956e+06,895.338
2,948,1.956e+06,1.956e+06,895.338
2,949,1.956e+06,1.956e+06,895.338
2,950,1.956e+06,1.956e+06,895.338
2,951,1.956e+06,1.956e+06,895.338
2,952,1.956e+06,1.956e+06,895.338
2,953,1.956e+06,1.956e+06,895.338
2,954,1.956e+06,1.956e+06,895.338
2,955,1.956e+06,1.956e+06,895.338
2,956,1.956e+06,1.956e+06,895.338
2,957,1.956e+06,1.956e+06,895.338
2,958,1.956e+06,1.956e+06,895.338
2,959,1.956e+06,1.956e+06,895.338
2,960,1.956e+06,1.956e+06,895.338
2,961,1.956e+06,1.956e+06,886.385
2,962,1.956e+06,1.956e+06,886.385
2,963,1.956e+06,1.956e+06,886.385
2,964,1.956e+06,1.956e+06,886.385
2,965,1.956e+06,1.956e+06,886.385
2,966,1.956e+06,1.956e+06,886.385
2,967,1.956e+06,1.956e+06,886.385
2,968,1.956e+06,1.956e+06,886.385
2,969,1.956e+06,1.956e+06,886.385
2,970,1.956e+06,1.956e+06,886.385
2,971,1.956e+06,1.956e+06,886.385
2,972,1.956e+06,1.956e+06,886.385
2,973,1.956e+06,1.956e+06,886.385
2,974,1.956e+06,1.956e+06,886.385
2,975,1.956e+06,1.956e+06,886.385
2,976,1.956e+06,1.956e+06,886.385
2,977,1.956e+06,1.956e+06,886.385
2,978,1.956e+06,1.956e+06,886.385
2,979,1.956e+06,1.956e+06,886.385
2,980,1.956e+06,1.956e+06,886.385
2,981,1.956e+06,1.956e+06,886.385
2,982,1.956e+06,1.956e+06,886.385
2,983,1.956e+06,1.956e+06,886.385
2,984,1.956e+06,1.956e+06,886.385
2,985,1.956e+06,1.956e+06,886.385
2,986,1.956e+06,1.956e+06,886.385
2,987,1.956e+06,1.95693e+06,886.385
2,988,1.956e+06,1.95693e+06,886.385
2,989,1.956e+06,1.95693e+06,886.385
2,990,1.956e+06,1.956e+06,886.385
2,991,1.956e+06,1.956e+06,886.385
2,992,1.956e+06,1.956e+06,886.385
2,993,1.956e+06,1.956e+06,886.385
2,994,1.956e+06,1.956e+06,886.385
2,995,1.956e+06,1.956e+06,886.385
2,996,1.956e+06,1.956e+06,886.385
2,997,1.956e+06,1.956e+06,886.385
2,998,1.956e+06,1.956e+06,886.385
2,999,1.956e+06,1.956e+06,886.385
2,1000,1.956e+06,1.956e+06,886.385
2,1001,1.956e+06,1.956e+06,886.385
2,1002,1.956e+06,1.956e+06,886.385
2,1003,1.956e+06,1.956e+06,886.385
2,1004,1.956e+06,1.956e+06,886.385
2,1005,1.956e+06,1.956e+06,886.385
2,1006,1.956e+06,1.956e+06,886.385
2,1007,1.956e+06,1.956e+06,886.385
2,1008,1.956e+06,1.956e+06,886.385
2,1009,1.956e+06,1.956e+06,886.385
2,1010,1.956e+06,1.956e+06,886.385
2,1011,1.956e+06,1.956e+06,886.385
2,1012,1.956e+06,1.956e+06,886.385
2,1013,1.956e+06,1.956e+06,886.385
2,1014,1.956e+06,1.956e+06,886.385
2,1015,1.956e+06,1.956e+06,886.385
2,1016,1.956e+06,1.956e+06,886.385
2,1017,1.956e+06,1.956e+06,886.385
2,1018,1.956e+06,1.956e+06,886.385
2,1019,1.956e+06,1.956e+06,886.385
2,1020,1.956e+06,1.956e+06,886.385
2,1021,1.956e+06,1.956e+06,886.385
2,1022,1.956e+06,1.956e+06,886.385
2,1023,1.956e+06,1.956e+06,886.385
2,1024,1.956e+06,1.956e+06,886.385
2,1025,1.956e+06,1.956e+06,886.385
2,1026,1.956e+06,1.956e+06,886.385
2,1027,1.956e+06,1.956e+06,886.385
2,1028,1.956e+06,1.956e+06,886.385
2,1029,1.956e+06,1.956e+06,886.385
2,1030,1.956e+06,1.956e+06,886.385
2,1031,1.956e+06,1.956e+06,886.385
2,1032,1.956e+06,1.956e+06,886.385
2,1033,1.956e+06,1.956e+06,886.385
2,1034,1.956e+06,1.956e+06,886.385
2,1035,1.956e+06,1.956e+06,886.385
2,1036,1.956e+06,1.956e+06,886.385
2,1037,1.956e+06,1.956e+06,886.385
2,1038,1.956e+06,1.956e+06,886.385
2,1039,1.956e+06,1.956e+06,886.385
2,1040,1.956e+06,1.956e+06,886.385
2,1041,1.956e+06,1.956e+06,877.521
2,1042,1.956e+06,1.956e+06,877.521
2,1043,1.956e+06,1.956e+06,877.521
2,1044,1.956e+06,1.956e+06,877.521
2,1045,1.956e+06,1.956e+06,877.521
2,1046,1.956e+06,1.956e+06,877.521
2,1047,1.956e+06,1.956e+06,877.521
2,1048,1.956e+06,1.956e+06,877.521
2,1049,1.956e+06,1.956e+06,877.521
2,1050,1.956e+06,1.956e+06,877.521
2,1051,1.956e+06,1.956e+06,877.521
2,1052,1.956e+06,1.956e+06,877.521
2,1053,1.956e+06,1.956e+06,877.521
2,1054,1.956e+06,1.956e+06,877.521
2,1055,1.956e+06,1.956e+06,877.521
2,1056,1.956e+06,1.956e+06,877.521
2,1057,1.956e+06,1.956e+06,877.521
2,1058,1.956e+06,1.956e+06,877.521
2,1059,1.956e+06,1.956e+06,877.521
2,1060,1.956e+06,1.956e+06,877.521
2,1061,1.956e+06,1.956e+06,877.521
2,1062,1.956e+06,1.956e+06,877.521
2,1063,1.956e+06,1.956e+06,877.521
2,1064,1.956e+06,1.956e+06,877.521
2,1065,1.956e+06,1.95701e+06,877.521
2,1066,1.956e+06,1.956e+06,877.521
2,1067,1.956e+06,1.956e+06,877.521
2,1068,1.956e+06,1.956e+06,877.521
2,1069,1.956e+06,1.956e+06,877.521
2,1070,1.956e+06,1.956e+06,877.521
2,1071,1.956e+06,1.95702e+06,877.521
2,1072,1.956e+06,1.95712e+06,877.521
2,1073,1.956e+06,1.95712e+06,877.521
2,1074,1.956e+06,1.95712e+06,877.521
2,1075,1.956e+06,1.95712e+06,877.521
2,1076,1.956e+06,1.95712e+06,877.521
2,1077,1.956e+06,1.95712e+06,877.521
2,1078,1.956e+06,1.95712e+06,877.521
2,1079,1.956e+06,1.95711e+06,877.521
2,1080,1.956e+06,1.95705e+06,877.521
2,1081,1.956e+06,1.95705e+06,877.521
2,1082,1.956e+06,1.95705e+06,877.521
2,1083,1.956e+06,1.95705e+06,877.521
2,1084,1.956e+06,1.95705e+06,877.521
2,1085,1.956e+06,1.95705e+06,877.521
2,1086,1.956e+06,1.95705e+06,877.521
2,1087,1.956e+06,1.95703e+06,877.521
2,1088,1.956e+06,1.95703e+06,877.521
2,1089,1.956e+06,1.95703e+06,877.521
2,1090,1.956e+06,1.95693e+06,877.521
2,1091,1.956e+06,1.95693e+06,877.521
2,1092,1.956e+06,1.95693e+06,877.521
2,1093,1.956e+06,1.95693e+06,877.521
2,1094,1.956e+06,1.95693e+06,877.521
2,1095,1.956e+06,1.95693e+06,877.521
2,1096,1.956e+06,1.95693e+06,877.521
2,1097,1.956e+06,1.95693e+06,877.521
2,1098,1.956e+06,1.95601e+06,877.521
2,1099,1.956e+06,1.95601e+06,877.521
2,1100,1.956e+06,1.95601e+06,877.521
2,1101,1.956e+06,1.95601e+06,877.521
2,1102,1.956e+06,1.95601e+06,877.521
2,1103,1.956e+06,1.95601e+06,877.521
2,1104,1.956e+06,1.95601e+06,877.521
2,1105,1.956e+06,1.95601e+06,877.521
2,1106,1.956e+06,1.95601e+06,877.521
2,1107,1.956e+06,1.95601e+06,877.521
2,1108,1.956e+06,1.95601e+06,877.521
2,1109,1.956e+06,1.95601e+06,877.521
2,1110,1.956e+06,1.95601e+06,877.521
2,1111,1.956e+06,1.95601e+06,877.521
2,1112,1.956e+06,1.95601e+06,877.521
2,1113,1.956e+06,1.95601e+06,877.521
2,1114,1.956e+06,1.95601e+06,877.521
2,1115,1.956e+06,1.95601e+06,877.521
2,1116,1.956e+06,1.95601e+06,877.521
2,1117,1.956e+06,1.95601e+06,877.521
2,1118,1.956e+06,1.95601e+06,877.521
2,1119,1.956e+06,1.95601e+06,877.521
2,1120,1.956e+06,1.95601e+06,877.521
2,1121,1.956e+06,1.95601e+06,868.746
2,1122,1.956e+06,1.95601e+06,868.746
2,1123,1.956e+06,1.95601e+06,868.746
2,1124,1.956e+06,1.95601e+06,868.746
2,1125,1.956e+06,1.95601e+06,868.746
2,1126,1.956e+06,1.95601e+06,868.746
2,1127,1.956e+06,1.95601e+06,868.746
2,1128,1.956e+06,1.95601e+06,868.746
2,1129,1.956e+06,1.95601e+06,868.746
2,1130,1.956e+06,1.95601e+06,868.746
2,1131,1.956e+06,1.95601e+06,868.746
2,1132,1.956e+06,1.95601e+06,868.746
2,1133,1.956e+06,1.95601e+06,868.746
2,1134,1.956e+06,1.95601e+06,868.746
2,1135,1.956e+06,1.95601e+06,868.746
2,1136,1.956e+06,1.95601e+06,868.746
2,1137,1.956e+06,1.95601e+06,868.746
2,1138,1.956e+06,1.95601e+06,868.746
2,1139,1.956e+06,1.95601e+06,868.746
2,1140,1.956e+06,1.95601e+06,868.746
2,1141,1.956e+06,1.95601e+06,868.746
2,1142,1.956e+06,1.95601e+06,868.746
2,1143,1.956e+06,1.95601e+06,868.746
2,1144,1.956e+06,1.95601e+06,868.746
2,1145,1.956e+06,1.95601e+06,868.746
2,1146,1.956e+06,1.95601e+06,868.746
2,1147,1.956e+06,1.95601e+06,868.746
2,1148,1.956e+06,1.95601e+06,868.746
2,1149,1.956e+06,1.95601e+06,868.746
2,1150,1.956e+06,1.95601e+06,868.746
2,1151,1.956e+06,1.95601e+06,868.746
2,1152,1.956e+06,1.95601e+06,868.746
2,1153,1.956e+06,1.95601e+06,868.746
2,1154,1.956e+06,1.95702e+06,868.746
2,1155,1.956e+06,1.95693e+06,868.746
2,1156,1.956e+06,1.95693e+06,868.746
2,1157,1.956e+06,1.95693e+06,868.746
2,1158,1.956e+06,1.95693e+06,868.746
2,1159,1.956e+06,1.95693e+06,868.746
2,1160,1.956e+06,1.95693e+06,868.746
2,1161,1.956e+06,1.95693e+06,868.746
2,1162,1.956e+06,1.95693e+06,868.746
2,1163,1.956e+06,1.95693e+06,868.746
2,1164,1.956e+06,1.95693e+06,868.746
2,1165,1.956e+06,1.95693e+06,868.746
2,1166,1.956e+06,1.95693e+06,868.746
2,1167,1.956e+06,1.95693e+06,868.746
2,1168,1.956e+06,1.95693e+06,868.746
2,1169,1.956e+06,1.95693e+06,868.746
2,1170,1.956e+06,1.95601e+06,868.746
2,1171,1.956e+06,1.95601e+06,868.746
2,1172,1.956e+06,1.95601e+06,868.746
2,1173,1.956e+06,1.95601e+06,868.746
2,1174,1.956e+06,1.95601e+06,868.746
2,1175,1.956e+06,1.95601e+06,868.746
2,1176,1.956e+06,1.95601e+06,868.746
2,1177,1.956e+06,1.95601e+06,868.746
2,1178,1.956e+06,1.95601e+06,868.746
2,1179,1.956e+06,1.95601e+06,868.746
2,1180,1.956e+06,1.95601e+06,868.746
2,1181,1.956e+06,1.95601e+06,868.746
2,1182,1.956e+06,1.956e+06,868.746
2,1183,1.956e+06,1.956e+06,868.746
2,1184,1.956e+06,1.956e+06,868.746
2,1185,1.956e+06,1.956e+06,868.746
2,1186,1.956e+06,1.956e+06,868.746
2,1187,1.956e+06,1.956e+06,868.746
2,1188,1.956e+06,1.956e+06,868.746
2,1189,1.956e+06,1.956e+06,868.746
2,1190,1.956e+06,1.956e+06,868.746
2,1191,1.956e+06,1.956e+06,868.746
2,1192,1.956e+06,1.956e+06,868.746
2,1193,1.956e+06,1.956e+06,868.746
2,1194,1.956e+06,1.956e+06,868.746
2,1195,1.956e+06,1.956e+06,868.746
2,1196,1.956e+06,1.956e+06,868.746
2,1197,1.956e+06,1.956e+06,868.746
2,1198,1.956e+06,1.956e+06,868.746
2,1199,1.956e+06,1.956e+06,868.746
2,1200,1.956e+06,1.956e+06,868.746
2,1201,1.956e+06,1.956e+06,860.058
2,1202,1.956e+06,1.956e+06,860.058
2,1203,1.956e+06,1.956e+06,860.058
2,1204,1.956e+06,1.956e+06,860.058
2,1205,1.956e+06,1.956e+06,860.058
2,1206,1.956e+06,1.956e+06,860.058
2,1207,1.956e+06,1.95693e+06,860.058
2,1208,1.956e+06,1.95693e+06,860.058
2,1209,1.956e+06,1.95693e+06,860.058
2,1210,1.956e+06,1.95693e+06,860.058
2,1211,1.956e+06,1.95693e+06,860.058
2,1212,1.956e+06,1.95693e+06,860.058
2,1213,1.956e+06,1.95693e+06,860.058
2,1214,1.956e+06,1.95693e+06,860.058
2,1215,1.956e+06,1.95693e+06,860.058
2,1216,1.956e+06,1.95693e+06,860.058
2,1217,1.956e+06,1.95693e+06,860.058
2,1218,1.956e+06,1.95693e+06,860.058
2,1219,1.956e+06,1.95693e+06,860.058
2,1220,1.956e+06,1.95693e+06,860.058
2,1221,1.956e+06,1.95693e+06,860.058
2,1222,1.956e+06,1.95693e+06,860.058
2,1223,1.956e+06,1.95693e+06,860.058
2,1224,1.956e+06,1.95693e+06,860.058
2,1225,1.956e+06,1.95693e+06,860.058
2,1226,1.956e+06,1.95693e+06,860.058
2,1227,1.956e+06,1.95693e+06,860.058
2,1228,1.956e+06,1.95601e+06,860.058
2,1229,1.956e+06,1.95601e+06,860.058
2,1230,1.956e+06,1.95601e+06,860.058
2,1231,1.956e+06,1.95601e+06,860.058
2,1232,1.956e+06,1.95601e+06,860.058
2,1233,1.956e+06,1.95601e+06,860.058
2,1234,1.956e+06,1.95601e+06,860.058
2,1235,1.956e+06,1.956e+06,860.058
2,1236,1.956e+06,1.956e+06,860.058
2,1237,1.956e+06,1.956e+06,860.058
2,1238,1.956e+06,1.956e+06,860.058
2,1239,1.956e+06,1.956e+06,860.058
2,1240,1.956e+06,1.956e+06,860.058
2,1241,1.956e+06,1.956e+06,860.058
2,1242,1.956e+06,1.956e+06,860.058
2,1243,1.956e+06,1.95702e+06,860.058
2,1244,1.956e+06,1.95693e+06,860.058
2,1245,1.956e+06,1.95693e+06,860.058
2,1246,1.956e+06,1.95693e+06,860.058
2,1247,1.956e+06,1.95693e+06,860.058
2,1248,1.956e+06,1.95693e+06,860.058
2,1249,1.956e+06,1.95693e+06,860.058
2,1250,1.956e+06,1.95693e+06,860.058
2,1251,1.956e+06,1.95693e+06,860.058
2,1252,1.956e+06,1.95701e+06,860.058
2,1253,1.956e+06,1.95701e+06,860.058
2,1254,1.956e+06,1.95701e+06,860.058
2,1255,1.956e+06,1.95701e+06,860.058
2,1256,1.956e+06,1.95701e+06,860.058
2,1257,1.956e+06,1.95609e+06,860.058
2,1258,1.956e+06,1.95609e+06,860.058
2,1259,1.956e+06,1.95609e+06,860.058
2,1260,1.956e+06,1.95609e+06,860.058
2,1261,1.956e+06,1.95609e+06,860.058
2,1262,1.956e+06,1.95609e+06,860.058
2,1263,1.956e+06,1.95609e+06,860.058
2,1264,1.956e+06,1.95609e+06,860.058
2,1265,1.956e+06,1.95609e+06,860.058
2,1266,1.956e+06,1.95609e+06,860.058
2,1267,1.956e+06,1.95609e+06,860.058
2,1268,1.956e+06,1.95609e+06,860.058
2,1269,1.956e+06,1.95609e+06,860.058
2,1270,1.956e+06,1.95609e+06,860.058
2,1271,1.956e+06,1.95609e+06,860.058
2,1272,1.956e+06,1.95609e+06,860.058
2,1273,1.956e+06,1.95609e+06,860.058
2,1274,1.956e+06,1.95609e+06,860.058
2,1275,1.956e+06,1.95609e+06,860.058
2,1276,1.956e+06,1.95609e+06,860.058
2,1277,1.956e+06,1.95609e+06,860.058
2,1278,1.956e+06,1.95601e+06,860.058
2,1279,1.956e+06,1.95601e+06,860.058
2,1280,1.956e+06,1.95601e+06,860.058
2,1281,1.956e+06,1.95601e+06,851.458
2,1282,1.956e+06,1.95601e+06,851.458
2,1283,1.956e+06,1.95601e+06,851.458
2,1284,1.956e+06,1.9561e+06,851.458
2,1285,1.956e+06,1.9561e+06,851.458
2,1286,1.956e+06,1.9561e+06,851.458
2,1287,1.956e+06,1.95609e+06,851.458
2,1288,1.956e+06,1.95702e+06,851.458
2,1289,1.956e+06,1.95702e+06,851.458
2,1290,1.956e+06,1.95702e+06,851.458
2,1291,1.956e+06,1.95702e+06,851.458
2,1292,1.956e+06,1.95702e+06,851.458
2,1293,1.956e+06,1.95702e+06,851.458
2,1294,1.956e+06,1.95702e+06,851.458
2,1295,1.956e+06,1.95702e+06,851.458
2,1296,1.956e+06,1.95702e+06,851.458
2,1297,1.956e+06,1.95702e+06,851.458
2,1298,1.956e+06,1.95702e+06,851.458
2,1299,1.956e+06,1.95695e+06,851.458
2,1300,1.956e+06,1.95695e+06,851.458
2,1301,1.956e+06,1.95695e+06,851.458
2,1302,1.956e+06,1.95695e+06,851.458
2,1303,1.956e+06,1.95695e+06,851.458
2,1304,1.956e+06,1.95695e+06,851.458
2,1305,1.956e+06,1.95695e+06,851.458
2,1306,1.956e+06,1.95695e+06,851.458
2,1307,1.956e+06,1.95695e+06,851.458
2,1308,1.956e+06,1.95693e+06,851.458
2,1309,1.956e+06,1.95693e+06,851.458
2,1310,1.956e+06,1.95693e+06,851.458
2,1311,1.956e+06,1.95693e+06,851.458
2,1312,1.956e+06,1.95693e+06,851.458
2,1313,1.956e+06,1.95693e+06,851.458
2,1314,1.956e+06,1.95693e+06,851.458
2,1315,1.956e+06,1.95601e+06,851.458
2,1316,1.956e+06,1.95601e+06,851.458
2,1317,1.956e+06,1.95601e+06,851.458
2,1318,1.956e+06,1.95601e+06,851.458
2,1319,1.956e+06,1.95601e+06,851.458
2,1320,1.956e+06,1.95601e+06,851.458
2,1321,1.956e+06,1.95601e+06,851.458
2,1322,1.956e+06,1.95601e+06,851.458
2,1323,1.956e+06,1.95601e+06,851.458
2,1324,1.956e+06,1.95601e+06,851.458
2,1325,1.956e+06,1.95601e+06,851.458
2,1326,1.956e+06,1.95601e+06,851.458
2,1327,1.956e+06,1.95601e+06,851.458
2,1328,1.956e+06,1.95601e+06,851.458
2,1329,1.956e+06,1.95601e+06,851.458
2,1330,1.956e+06,1.95601e+06,851.458
2,1331,1.956e+06,1.95601e+06,851.458
2,1332,1.956e+06,1.95601e+06,851.458
2,1333,1.956e+06,1.95601e+06,851.458
2,1334,1.956e+06,1.95601e+06,851.458
2,1335,1.956e+06,1.95601e+06,851.458
2,1336,1.956e+06,1.95601e+06,851.458
2,1337,1.956e+06,1.95601e+06,851.458
2,1338,1.956e+06,1.95601e+06,851.458
2,1339,1.956e+06,1.95601e+06,851.458
2,1340,1.956e+06,1.95601e+06,851.458
2,1341,1.956e+06,1.956e+06,851.458
2,1342,1.956e+06,1.956e+06,851.458
2,1343,1.956e+06,1.956e+06,851.458
2,1344,1.956e+06,1.956e+06,851.458
2,1345,1.956e+06,1.956e+06,851.458
2,1346,1.956e+06,1.956e+06,851.458
2,1347,1.956e+06,1.956e+06,851.458
2,1348,1.956e+06,1.956e+06,851.458
2,1349,1.956e+06,1.956e+06,851.458
2,1350,1.956e+06,1.956e+06,851.458
2,1351,1.956e+06,1.956e+06,851.458
2,1352,1.956e+06,1.956e+06,851.458
2,1353,1.956e+06,1.956e+06,851.458
2,1354,1.956e+06,1.956e+06,851.458
2,1355,1.956e+06,1.956e+06,851.458
2,1356,1.956e+06,1.956e+06,851.458
2,1357,1.956e+06,1.956e+06,851.458
2,1358,1.956e+06,1.956e+06,851.458
2,1359,1.956e+06,1.956e+06,851.458
2,1360,1.956e+06,1.956e+06,851.458
2,1361,1.956e+06,1.956e+06,842.943
2,1362,1.956e+06,1.956e+06,842.943
2,1363,1.956e+06,1.956e+06,842.943
2,1364,1.956e+06,1.956e+06,842.943
2,1365,1.956e+06,1.956e+06,842.943
2,1366,1.956e+06,1.956e+06,842.943
2,1367,1.956e+06,1.956e+06,842.943
2,1368,1.956e+06,1.956e+06,842.943
2,1369,1.956e+06,1.956e+06,842.943
2,1370,1.956e+06,1.956e+06,842.943
2,1371,1.956e+06,1.956e+06,842.943
2,1372,1.956e+06,1.956e+06,842.943
2,1373,1.956e+06,1.956e+06,842.943
2,1374,1.956e+06,1.956e+06,842.943
2,1375,1.956e+06,1.956e+06,842.943
2,1376,1.956e+06,1.956e+06,842.943
2,1377,1.956e+06,1.956e+06,842.943
2,1378,1.956e+06,1.956e+06,842.943
2,1379,1.956e+06,1.956e+06,842.943
2,1380,1.956e+06,1.956e+06,842.943
2,1381,1.956e+06,1.956e+06,842.943
2,1382,1.956e+06,1.956e+06,842.943
2,1383,1.956e+06,1.956e+06,842.943
2,1384,1.956e+06,1.956e+06,842.943
2,1385,1.956e+06,1.956e+06,842.943
2,1386,1.956e+06,1.956e+06,842.943
2,1387,1.956e+06,1.956e+06,842.943
2,1388,1.956e+06,1.956e+06,842.943
2,1389,1.956e+06,1.956e+06,842.943
2,1390,1.956e+06,1.956e+06,842.943
2,1391,1.956e+06,1.956e+06,842.943
2,1392,1.956e+06,1.956e+06,842.943
2,1393,1.956e+06,1.956e+06,842.943
2,1394,1.956e+06,1.956e+06,842.943
2,1395,1.956e+06,1.956e+06,842.943
2,1396,1.956e+06,1.956e+06,842.943
2,1397,1.956e+06,1.956e+06,842.943
2,1398,1.956e+06,1.956e+06,842.943
2,1399,1.956e+06,1.956e+06,842.943
2,1400,1.956e+06,1.956e+06,842.943
2,1401,1.956e+06,1.956e+06,842.943
2,1402,1.956e+06,1.956e+06,842.943
2,1403,1.956e+06,1.956e+06,842.943
2,1404,1.956e+06,1.956e+06,842.943
2,1405,1.956e+06,1.956e+06,842.943
2,1406,1.956e+06,1.956e+06,842.943
2,1407,1.956e+06,1.956e+06,842.943
2,1408,1.956e+06,1.956e+06,842.943
2,1409,1.956e+06,1.956e+06,842.943
2,1410,1.956e+06,1.956e+06,842.943
2,1411,1.956e+06,1.956e+06,842.943
2,1412,1.956e+06,1.956e+06,842.943
2,1413,1.956e+06,1.956e+06,842.943
2,1414,1.956e+06,1.956e+06,842.943
2,1415,1.956e+06,1.956e+06,842.943
2,1416,1.956e+06,1.956e+06,842.943
2,1417,1.956e+06,1.956e+06,842.943
2,1418,1.956e+06,1.956e+06,842.943
2,1419,1.956e+06,1.956e+06,842.943
2,1420,1.956e+06,1.956e+06,842.943
2,1421,1.956e+06,1.956e+06,842.943
2,1422,1.956e+06,1.956e+06,842.943
2,1423,1.956e+06,1.956e+06,842.943
2,1424,1.956e+06,1.956e+06,842.943
2,1425,1.956e+06,1.956e+06,842.943
2,1426,1.956e+06,1.956e+06,842.943
2,1427,1.956e+06,1.956e+06,842.943
2,1428,1.956e+06,1.956e+06,842.943
2,1429,1.956e+06,1.956e+06,842.943
2,1430,1.956e+06,1.956e+06,842.943
2,1431,1.956e+06,1.956e+06,842.943
2,1432,1.956e+06,1.956e+06,842.943
2,1433,1.956e+06,1.956e+06,842.943
2,1434,1.956e+06,1.956e+06,842.943
2,1435,1.956e+06,1.956e+06,842.943
2,1436,1.956e+06,1.956e+06,842.943
2,1437,1.956e+06,1.956e+06,842.943
2,1438,1.956e+06,1.95607e+06,842.943
2,1439,1.956e+06,1.95607e+06,842.943
2,1440,1.956e+06,1.95607e+06,842.943
2,1441,1.956e+06,1.95607e+06,834.514
2,1442,1.956e+06,1.9561e+06,834.514
2,1443,1.956e+06,1.9561e+06,834.514
2,1444,1.956e+06,1.9561e+06,834.514
2,1445,1.956e+06,1.9561e+06,834.514
2,1446,1.956e+06,1.9561e+06,834.514
2,1447,1.956e+06,1.9561e+06,834.514
2,1448,1.956e+06,1.9561e+06,834.514
2,1449,1.956e+06,1.95607e+06,834.514
2,1450,1.956e+06,1.95607e+06,834.514
2,1451,1.956e+06,1.95607e+06,834.514
2,1452,1.956e+06,1.95607e+06,834.514
2,1453,1.956e+06,1.95607e+06,834.514
2,1454,1.956e+06,1.956e+06,834.514
2,1455,1.956e+06,1.956e+06,834.514
2,1456,1.956e+06,1.956e+06,834.514
2,1457,1.956e+06,1.95701e+06,834.514
2,1458,1.956e+06,1.95701e+06,834.514
2,1459,1.956e+06,1.95701e+06,834.514
2,1460,1.956e+06,1.95701e+06,834.514
2,1461,1.956e+06,1.95701e+06,834.514
2,1462,1.956e+06,1.95702e+06,834.514
2,1463,1.956e+06,1.95702e+06,834.514
2,1464,1.956e+06,1.95702e+06,834.514
2,1465,1.956e+06,1.95702e+06,834.514
2,1466,1.956e+06,1.95702e+06,834.514
2,1467,1.956e+06,1.95702e+06,834.514
2,1468,1.956e+06,1.95702e+06,834.514
2,1469,1.956e+06,1.95702e+06,834.514
2,1470,1.956e+06,1.95702e+06,834.514
2,1471,1.956e+06,1.95702e+06,834.514
2,1472,1.956e+06,1.95702e+06,834.514
2,1473,1.956e+06,1.95695e+06,834.514
2,1474,1.956e+06,1.95695e+06,834.514
2,1475,1.956e+06,1.95695e+06,834.514
2,1476,1.956e+06,1.956e+06,834.514
2,1477,1.956e+06,1.956e+06,834.514
2,1478,1.956e+06,1.956e+06,834.514
2,1479,1.956e+06,1.956e+06,834.514
2,1480,1.956e+06,1.956e+06,834.514
2,1481,1.956e+06,1.956e+06,834.514
2,1482,1.956e+06,1.956e+06,834.514
2,1483,1.956e+06,1.956e+06,834.514
2,1484,1.956e+06,1.956e+06,834.514
2,1485,1.956e+06,1.956e+06,834.514
2,1486,1.956e+06,1.956e+06,834.514
2,1487,1.956e+06,1.956e+06,834.514
2,1488,1.956e+06,1.956e+06,834.514
2,1489,1.956e+06,1.956e+06,834.514
2,1490,1.956e+06,1.956e+06,834.514
2,1491,1.956e+06,1.956e+06,834.514
2,1492,1.956e+06,1.956e+06,834.514
2,1493,1.956e+06,1.956e+06,834.514
2,1494,1.956e+06,1.956e+06,834.514
2,1495,1.956e+06,1.956e+06,834.514
2,1496,1.956e+06,1.956e+06,834.514
2,1497,1.956e+06,1.956e+06,834.514
2,1498,1.956e+06,1.956e+06,834.514
2,1499,1.956e+06,1.956e+06,834.514
2,1500,1.956e+06,1.956e+06,834.514
2,1501,1.956e+06,1.956e+06,834.514
2,1502,1.956e+06,1.956e+06,834.514
2,1503,1.956e+06,1.956e+06,834.514
2,1504,1.956e+06,1.956e+06,834.514
2,1505,1.956e+06,1.956e+06,834.514
2,1506,1.956e+06,1.956e+06,834.514
2,1507,1.956e+06,1.956e+06,834.514
2,1508,1.956e+06,1.956e+06,834.514
2,1509,1.956e+06,1.956e+06,834.514
2,1510,1.956e+06,1.956e+06,834.514
2,1511,1.956e+06,1.956e+06,834.514
2,1512,1.956e+06,1.956e+06,834.514
2,1513,1.956e+06,1.956e+06,834.514
2,1514,1.956e+06,1.956e+06,834.514
2,1515,1.956e+06,1.956e+06,834.514
2,1516,1.956e+06,1.956e+06,834.514
2,1517,1.956e+06,1.956e+06,834.514
2,1518,1.956e+06,1.956e+06,834.514
2,1519,1.956e+06,1.956e+06,834.514
2,1520,1.956e+06,1.956e+06,834.514
2,1521,1.956e+06,1.956e+06,826.169
2,1522,1.956e+06,1.956e+06,826.169
2,1523,1.956e+06,1.956e+06,826.169
2,1524,1.956e+06,1.956e+06,826.169
2,1525,1.956e+06,1.956e+06,826.169
2,1526,1.956e+06,1.956e+06,826.169
2,1527,1.956e+06,1.956e+06,826.169
2,1528,1.956e+06,1.956e+06,826.169
2,1529,1.956e+06,1.956e+06,826.169
2,1530,1.956e+06,1.956e+06,826.169
2,1531,1.956e+06,1.956e+06,826.169
2,1532,1.956e+06,1.956e+06,826.169
2,1533,1.956e+06,1.956e+06,826.169
2,1534,1.956e+06,1.956e+06,826.169
2,1535,1.956e+06,1.956e+06,826.169
2,1536,1.956e+06,1.956e+06,826.169
2,1537,1.956e+06,1.956e+06,826.169
2,1538,1.956e+06,1.956e+06,826.169
2,1539,1.956e+06,1.95702e+06,826.169
2,1540,1.956e+06,1.95695e+06,826.169
2,1541,1.956e+06,1.95695e+06,826.169
2,1542,1.956e+06,1.95695e+06,826.169
2,1543,1.956e+06,1.95695e+06,826.169
2,1544,1.956e+06,1.95695e+06,826.169
2,1545,1.956e+06,1.95695e+06,826.169
2,1546,1.956e+06,1.95695e+06,826.169
2,1547,1.956e+06,1.95695e+06,826.169
2,1548,1.956e+06,1.95695e+06,826.169
2,1549,1.956e+06,1.95695e+06,826.169
2,1550,1.956e+06,1.95695e+06,826.169
2,1551,1.956e+06,1.95695e+06,826.169
2,1552,1.956e+06,1.95695e+06,826.169
2,1553,1.956e+06,1.95695e+06,826.169
2,1554,1.956e+06,1.95695e+06,826.169
2,1555,1.956e+06,1.95695e+06,826.169
2,1556,1.956e+06,1.95695e+06,826.169
2,1557,1.956e+06,1.95695e+06,826.169
2,1558,1.956e+06,1.95695e+06,826.169
2,1559,1.956e+06,1.95695e+06,826.169
2,1560,1.956e+06,1.95695e+06,826.169
2,1561,1.956e+06,1.95695e+06,826.169
2,1562,1.956e+06,1.95695e+06,826.169
2,1563,1.956e+06,1.95695e+06,826.169
2,1564,1.956e+06,1.95695e+06,826.169
2,1565,1.956e+06,1.95695e+06,826.169
2,1566,1.956e+06,1.95695e+06,826.169
2,1567,1.956e+06,1.95695e+06,826.169
2,1568,1.956e+06,1.95695e+06,826.169
2,1569,1.956e+06,1.95695e+06,826.169
2,1570,1.956e+06,1.956e+06,826.169
2,1571,1.956e+06,1.956e+06,826.169
2,1572,1.956e+06,1.956e+06,826.169
2,1573,1.956e+06,1.956e+06,826.169
2,1574,1.956e+06,1.956e+06,826.169
2,1575,1.956e+06,1.95693e+06,826.169
2,1576,1.956e+06,1.95601e+06,826.169
2,1577,1.956e+06,1.95601e+06,826.169
2,1578,1.956e+06,1.95601e+06,826.169
2,1579,1.956e+06,1.95601e+06,826.169
2,1580,1.956e+06,1.95601e+06,826.169
2,1581,1.956e+06,1.95601e+06,826.169
2,1582,1.956e+06,1.95601e+06,826.169
2,1583,1.956e+06,1.95601e+06,826.169
2,1584,1.956e+06,1.95601e+06,826.169
2,1585,1.956e+06,1.95601e+06,826.169
2,1586,1.956e+06,1.95601e+06,826.169
2,1587,1.956e+06,1.95601e+06,826.169
2,1588,1.956e+06,1.95601e+06,826.169
2,1589,1.956e+06,1.95601e+06,826.169
2,1590,1.956e+06,1.95601e+06,826.169
2,1591,1.956e+06,1.95609e+06,826.169
2,1592,1.956e+06,1.95609e+06,826.169
2,1593,1.956e+06,1.95609e+06,826.169
2,1594,1.956e+06,1.95609e+06,826.169
2,1595,1.956e+06,1.95609e+06,826.169
2,1596,1.956e+06,1.95609e+06,826.169
2,1597,1.956e+06,1.95609e+06,826.169
2,1598,1.956e+06,1.95609e+06,826.169
2,1599,1.956e+06,1.95609e+06,826.169
2,1600,1.956e+06,1.95601e+06,826.169
2,1601,1.956e+06,1.95601e+06,817.907
2,1602,1.956e+06,1.95601e+06,817.907
2,1603,1.956e+06,1.95601e+06,817.907
2,1604,1.956e+06,1.95601e+06,817.907
2,1605,1.956e+06,1.95601e+06,817.907
2,1606,1.956e+06,1.95601e+06,817.907
2,1607,1.956e+06,1.95601e+06,817.907
2,1608,1.956e+06,1.95601e+06,817.907
2,1609,1.956e+06,1.95601e+06,817.907
2,1610,1.956e+06,1.95601e+06,817.907
2,1611,1.956e+06,1.95601e+06,817.907
2,1612,1.956e+06,1.95601e+06,817.907
2,1613,1.956e+06,1.95601e+06,817.907
2,1614,1.956e+06,1.95601e+06,817.907
2,1615,1.956e+06,1.95601e+06,817.907
2,1616,1.956e+06,1.95601e+06,817.907
2,1617,1.956e+06,1.95601e+06,817.907
2,1618,1.956e+06,1.95601e+06,817.907
2,1619,1.956e+06,1.95601e+06,817.907
2,1620,1.956e+06,1.95601e+06,817.907
2,1621,1.956e+06,1.95601e+06,817.907
2,1622,1.956e+06,1.95601e+06,817.907
2,1623,1.956e+06,1.95601e+06,817.907
2,1624,1.956e+06,1.95601e+06,817.907
2,1625,1.956e+06,1.95601e+06,817.907
2,1626,1.956e+06,1.95601e+06,817.907
2,1627,1.956e+06,1.95601e+06,817.907
2,1628,1.956e+06,1.95601e+06,817.907
2,1629,1.956e+06,1.95601e+06,817.907
2,1630,1.956e+06,1.95601e+06,817.907
2,1631,1.956e+06,1.95601e+06,817.907
2,1632,1.956e+06,1.95601e+06,817.907
2,1633,1.956e+06,1.95601e+06,817.907
2,1634,1.956e+06,1.95601e+06,817.907
2,1635,1.956e+06,1.95601e+06,817.907
2,1636,1.956e+06,1.95601e+06,817.907
2,1637,1.956e+06,1.95601e+06,817.907
2,1638,1.956e+06,1.95601e+06,817.907
2,1639,1.956e+06,1.95601e+06,817.907
2,1640,1.956e+06,1.95601e+06,817.907
2,1641,1.956e+06,1.95601e+06,817.907
2,1642,1.956e+06,1.95601e+06,817.907
2,1643,1.956e+06,1.95601e+06,817.907
2,1644,1.956e+06,1.95601e+06,817.907
2,1645,1.956e+06,1.95601e+06,817.907
2,1646,1.956e+06,1.9561e+06,817.907
2,1647,1.956e+06,1.9561e+06,817.907
2,1648,1.956e+06,1.9561e+06,817.907
2,1649,1.956e+06,1.9561e+06,817.907
2,1650,1.956e+06,1.9561e+06,817.907
2,1651,1.956e+06,1.9561e+06,817.907
2,1652,1.956e+06,1.9561e+06,817.907
2,1653,1.956e+06,1.9561e+06,817.907
2,1654,1.956e+06,1.9561e+06,817.907
2,1655,1.956e+06,1.9561e+06,817.907
2,1656,1.956e+06,1.9561e+06,817.907
2,1657,1.956e+06,1.9561e+06,817.907
2,1658,1.956e+06,1.9561e+06,817.907
2,1659,1.956e+06,1.9561e+06,817.907
2,1660,1.956e+06,1.9561e+06,817.907
2,1661,1.956e+06,1.9561e+06,817.907
2,1662,1.956e+06,1.9561e+06,817.907
2,1663,1.956e+06,1.9561e+06,817.907
2,1664,1.956e+06,1.95609e+06,817.907
2,1665,1.956e+06,1.95601e+06,817.907
2,1666,1.956e+06,1.95601e+06,817.907
2,1667,1.956e+06,1.95601e+06,817.907
2,1668,1.956e+06,1.95609e+06,817.907
2,1669,1.956e+06,1.95609e+06,817.907
2,1670,1.956e+06,1.95609e+06,817.907
2,1671,1.956e+06,1.95609e+06,817.907
2,1672,1.956e+06,1.95609e+06,817.907
2,1673,1.956e+06,1.95609e+06,817.907
2,1674,1.956e+06,1.95609e+06,817.907
2,1675,1.956e+06,1.95609e+06,817.907
2,1676,1.956e+06,1.95609e+06,817.907
2,1677,1.956e+06,1.95609e+06,817.907
2,1678,1.956e+06,1.95609e+06,817.907
2,1679,1.956e+06,1.95609e+06,817.907
2,1680,1.956e+06,1.95609e+06,817.907
2,1681,1.956e+06,1.95609e+06,809.728
2,1682,1.956e+06,1.95609e+06,809.728
2,1683,1.956e+06,1.95609e+06,809.728
2,1684,1.956e+06,1.95601e+06,809.728
2,1685,1.956e+06,1.95601e+06,809.728
2,1686,1.956e+06,1.95601e+06,809.728
2,1687,1.956e+06,1.95609e+06,809.728
2,1688,1.956e+06,1.95609e+06,809.728
2,1689,1.956e+06,1.95609e+06,809.728
2,1690,1.956e+06,1.95609e+06,809.728
2,1691,1.956e+06,1.95609e+06,809.728
2,1692,1.956e+06,1.95609e+06,809.728
2,1693,1.956e+06,1.95609e+06,809.728
2,1694,1.956e+06,1.95609e+06,809.728
2,1695,1.956e+06,1.95609e+06,809.728
2,1696,1.956e+06,1.95609e+06,809.728
2,1697,1.956e+06,1.95609e+06,809.728
2,1698,1.956e+06,1.95609e+06,809.728
2,1699,1.956e+06,1.95609e+06,809.728
2,1700,1.956e+06,1.95609e+06,809.728
2,1701,1.956e+06,1.95609e+06,809.728
2,1702,1.956e+06,1.95609e+06,809.728
2,1703,1.956e+06,1.95609e+06,809.728
2,1704,1.956e+06,1.95609e+06,809.728
2,1705,1.956e+06,1.95609e+06,809.728
2,1706,1.956e+06,1.95609e+06,809.728
2,1707,1.956e+06,1.95609e+06,809.728
2,1708,1.956e+06,1.95609e+06,809.728
2,1709,1.956e+06,1.956e+06,809.728
2,1710,1.956e+06,1.956e+06,809.728
2,1711,1.956e+06,1.956e+06,809.728
2,1712,1.956e+06,1.956e+06,809.728
2,1713,1.956e+06,1.956e+06,809.728
2,1714,1.956e+06,1.956e+06,809.728
2,1715,1.956e+06,1.956e+06,809.728
2,1716,1.956e+06,1.956e+06,809.728
2,1717,1.956e+06,1.956e+06,809.728
2,1718,1.956e+06,1.956e+06,809.728
2,1719,1.956e+06,1.956e+06,809.728
2,1720,1.956e+06,1.956e+06,809.728
2,1721,1.956e+06,1.956e+06,809.728
2,1722,1.956e+06,1.956e+06,809.728
2,1723,1.956e+06,1.956e+06,809.728
2,1724,1.956e+06,1.956e+06,809.728
2,1725,1.956e+06,1.956e+06,809.728
2,1726,1.956e+06,1.956e+06,809.728
2,1727,1.956e+06,1.956e+06,809.728
2,1728,1.956e+06,1.956e+06,809.728
2,1729,1.956e+06,1.956e+06,809.728
2,1730,1.956e+06,1.956e+06,809.728
2,1731,1.956e+06,1.956e+06,809.728
2,1732,1.956e+06,1.956e+06,809.728
2,1733,1.956e+06,1.956e+06,809.728
2,1734,1.956e+06,1.95702e+06,809.728
2,1735,1.956e+06,1.95693e+06,809.728
2,1736,1.956e+06,1.95693e+06,809.728
2,1737,1.956e+06,1.95693e+06,809.728
2,1738,1.956e+06,1.95693e+06,809.728
2,1739,1.956e+06,1.95693e+06,809.728
2,1740,1.956e+06,1.95693e+06,809.728
2,1741,1.956e+06,1.95701e+06,809.728
2,1742,1.956e+06,1.95701e+06,809.728
2,1743,1.956e+06,1.95701e+06,809.728
2,1744,1.956e+06,1.95701e+06,809.728
2,1745,1.956e+06,1.95701e+06,809.728
2,1746,1.956e+06,1.95693e+06,809.728
2,1747,1.956e+06,1.95693e+06,809.728
2,1748,1.956e+06,1.95702e+06,809.728
2,1749,1.956e+06,1.95702e+06,809.728
2,1750,1.956e+06,1.95702e+06,809.728
2,1751,1.956e+06,1.95702e+06,809.728
2,1752,1.956e+06,1.95693e+06,809.728
2,1753,1.956e+06,1.95693e+06,809.728
2,1754,1.956e+06,1.95693e+06,809.728
2,1755,1.956e+06,1.95693e+06,809.728
2,1756,1.956e+06,1.956e+06,809.728
2,1757,1.956e+06,1.956e+06,809.728
2,1758,1.956e+06,1.956e+06,809.728
2,1759,1.956e+06,1.956e+06,809.728
2,1760,1.956e+06,1.956e+06,809.728
2,1761,1.956e+06,1.956e+06,801.631
2,1762,1.956e+06,1.956e+06,801.631
2,1763,1.956e+06,1.956e+06,801.631
2,1764,1.956e+06,1.956e+06,801.631
2,1765,1.956e+06,1.956e+06,801.631
2,1766,1.956e+06,1.956e+06,801.631
2,1767,1.956e+06,1.956e+06,801.631
2,1768,1.956e+06,1.956e+06,801.631
2,1769,1.956e+06,1.956e+06,801.631
2,1770,1.956e+06,1.95702e+06,801.631
2,1771,1.956e+06,1.95702e+06,801.631
2,1772,1.956e+06,1.95702e+06,801.631
2,1773,1.956e+06,1.95702e+06,801.631
2,1774,1.956e+06,1.95702e+06,801.631
2,1775,1.956e+06,1.95695e+06,801.631
2,1776,1.956e+06,1.95695e+06,801.631
2,1777,1.956e+06,1.95695e+06,801.631
2,1778,1.956e+06,1.95693e+06,801.631
2,1779,1.956e+06,1.95693e+06,801.631
2,1780,1.956e+06,1.95702e+06,801.631
2,1781,1.956e+06,1.95693e+06,801.631
2,1782,1.956e+06,1.95693e+06,801.631
2,1783,1.956e+06,1.95693e+06,801.631
2,1784,1.956e+06,1.95693e+06,801.631
2,1785,1.956e+06,1.95693e+06,801.631
2,1786,1.956e+06,1.95693e+06,801.631
2,1787,1.956e+06,1.95701e+06,801.631
2,1788,1.956e+06,1.95701e+06,801.631
2,1789,1.956e+06,1.95701e+06,801.631
2,1790,1.956e+06,1.95701e+06,801.631
2,1791,1.956e+06,1.95711e+06,801.631
2,1792,1.956e+06,1.95711e+06,801.631
2,1793,1.956e+06,1.95701e+06,801.631
2,1794,1.956e+06,1.95701e+06,801.631
2,1795,1.956e+06,1.95701e+06,801.631
2,1796,1.956e+06,1.95701e+06,801.631
2,1797,1.956e+06,1.95701e+06,801.631
2,1798,1.956e+06,1.95701e+06,801.631
2,1799,1.956e+06,1.95701e+06,801.631
2,1800,1.956e+06,1.95701e+06,801.631
2,1801,1.956e+06,1.95701e+06,801.631
2,1802,1.956e+06,1.95701e+06,801.631
2,1803,1.956e+06,1.95693e+06,801.631
2,1804,1.956e+06,1.95693e+06,801.631
2,1805,1.956e+06,1.95693e+06,801.631
2,1806,1.956e+06,1.95601e+06,801.631
2,1807,1.956e+06,1.95601e+06,801.631
2,1808,1.956e+06,1.95601e+06,801.631
2,1809,1.956e+06,1.95601e+06,801.631
2,1810,1.956e+06,1.95601e+06,801.631
2,1811,1.956e+06,1.95601e+06,801.631
2,1812,1.956e+06,1.95601e+06,801.631
2,1813,1.956e+06,1.95601e+06,801.631
2,1814,1.956e+06,1.95601e+06,801.631
2,1815,1.956e+06,1.95601e+06,801.631
2,1816,1.956e+06,1.95601e+06,801.631
2,1817,1.956e+06,1.95601e+06,801.631
2,1818,1.956e+06,1.95601e+06,801.631
2,1819,1.956e+06,1.95601e+06,801.631
2,1820,1.956e+06,1.95601e+06,801.631
2,1821,1.956e+06,1.95601e+06,801.631
2,1822,1.956e+06,1.95601e+06,801.631
2,1823,1.956e+06,1.95601e+06,801.631
2,1824,1.956e+06,1.95601e+06,801.631
2,1825,1.956e+06,1.95601e+06,801.631
2,1826,1.956e+06,1.95601e+06,801.631
2,1827,1.956e+06,1.95601e+06,801.631
2,1828,1.956e+06,1.95601e+06,801.631
2,1829,1.956e+06,1.95601e+06,801.631
2,1830,1.956e+06,1.95601e+06,801.631
2,1831,1.956e+06,1.95601e+06,801.631
2,1832,1.956e+06,1.95601e+06,801.631
2,1833,1.956e+06,1.95601e+06,801.631
2,1834,1.956e+06,1.95601e+06,801.631
2,1835,1.956e+06,1.95601e+06,801.631
2,1836,1.956e+06,1.95601e+06,801.631
2,1837,1.956e+06,1.95601e+06,801.631
2,1838,1.956e+06,1.95601e+06,801.631
2,1839,1.956e+06,1.95601e+06,801.631
2,1840,1.956e+06,1.95601e+06,801.631
2,1841,1.956e+06,1.95601e+06,793.614
2,1842,1.956e+06,1.95601e+06,793.614
2,1843,1.956e+06,1.95601e+06,793.614
2,1844,1.956e+06,1.95601e+06,793.614
2,1845,1.956e+06,1.95601e+06,793.614
2,1846,1.956e+06,1.95601e+06,793.614
2,1847,1.956e+06,1.95601e+06,793.614
2,1848,1.956e+06,1.95601e+06,793.614
2,1849,1.956e+06,1.95601e+06,793.614
2,1850,1.956e+06,1.95601e+06,793.614
2,1851,1.956e+06,1.95601e+06,793.614
2,1852,1.956e+06,1.95601e+06,793.614
2,1853,1.956e+06,1.95601e+06,793.614
2,1854,1.956e+06,1.95601e+06,793.614
2,1855,1.956e+06,1.95601e+06,793.614
2,1856,1.956e+06,1.95601e+06,793.614
2,1857,1.956e+06,1.95601e+06,793.614
2,1858,1.956e+06,1.95601e+06,793.614
2,1859,1.956e+06,1.95601e+06,793.614
2,1860,1.956e+06,1.95601e+06,793.614
2,1861,1.956e+06,1.95601e+06,793.614
2,1862,1.956e+06,1.95601e+06,793.614
2,1863,1.956e+06,1.95601e+06,793.614
2,1864,1.956e+06,1.95601e+06,793.614
2,1865,1.956e+06,1.95601e+06,793.614
2,1866,1.956e+06,1.95601e+06,793.614
2,1867,1.956e+06,1.95601e+06,793.614
2,1868,1.956e+06,1.95601e+06,793.614
2,1869,1.956e+06,1.95601e+06,793.614
2,1870,1.956e+06,1.95601e+06,793.614
2,1871,1.956e+06,1.95601e+06,793.614
2,1872,1.956e+06,1.95601e+06,793.614
2,1873,1.956e+06,1.95601e+06,793.614
2,1874,1.956e+06,1.95601e+06,793.614
2,1875,1.956e+06,1.95601e+06,793.614
2,1876,1.956e+06,1.95601e+06,793.614
2,1877,1.956e+06,1.95601e+06,793.614
2,1878,1.956e+06,1.95601e+06,793.614
2,1879,1.956e+06,1.95601e+06,793.614
2,1880,1.956e+06,1.95601e+06,793.614
2,1881,1.956e+06,1.95601e+06,793.614
2,1882,1.956e+06,1.95601e+06,793.614
2,1883,1.956e+06,1.95601e+06,793.614
2,1884,1.956e+06,1.95601e+06,793.614
2,1885,1.956e+06,1.95601e+06,793.614
2,1886,1.956e+06,1.95601e+06,793.614
2,1887,1.956e+06,1.95652e+06,793.614
2,1888,1.956e+06,1.95652e+06,793.614
2,1889,1.956e+06,1.95652e+06,793.614
2,1890,1.956e+06,1.95651e+06,793.614
2,1891,1.956e+06,1.95651e+06,793.614
2,1892,1.956e+06,1.95651e+06,793.614
2,1893,1.956e+06,1.95651e+06,793.614
2,1894,1.956e+06,1.95651e+06,793.614
2,1895,1.956e+06,1.95651e+06,793.614
2,1896,1.956e+06,1.95651e+06,793.614
2,1897,1.956e+06,1.95651e+06,793.614
2,1898,1.956e+06,1.95701e+06,793.614
2,1899,1.956e+06,1.95701e+06,793.614
2,1900,1.956e+06,1.95701e+06,793.614
2,1901,1.956e+06,1.95701e+06,793.614
2,1902,1.956e+06,1.95609e+06,793.614
2,1903,1.956e+06,1.95609e+06,793.614
2,1904,1.956e+06,1.95609e+06,793.614
2,1905,1.956e+06,1.95609e+06,793.614
2,1906,1.956e+06,1.95609e+06,793.614
2,1907,1.956e+06,1.95609e+06,793.614
2,1908,1.956e+06,1.95601e+06,793.614
2,1909,1.956e+06,1.95601e+06,793.614
2,1910,1.956e+06,1.95601e+06,793.614
2,1911,1.956e+06,1.95601e+06,793.614
2,1912,1.956e+06,1.95601e+06,793.614
2,1913,1.956e+06,1.95601e+06,793.614
2,1914,1.956e+06,1.95601e+06,793.614
2,1915,1.956e+06,1.95601e+06,793.614
2,1916,1.956e+06,1.95609e+06,793.614
2,1917,1.956e+06,1.95601e+06,793.614
2,1918,1.956e+06,1.95601e+06,793.614
2,1919,1.956e+06,1.95601e+06,793.614
2,1920,1.956e+06,1.95601e+06,793.614
2,1921,1.956e+06,1.95601e+06,785.678
2,1922,1.956e+06,1.95601e+06,785.678
2,1923,1.956e+06,1.95601e+06,785.678
2,1924,1.956e+06,1.95601e+06,785.678
2,1925,1.956e+06,1.95601e+06,785.678
2,1926,1.956e+06,1.95601e+06,785.678
2,1927,1.956e+06,1.95601e+06,785.678
2,1928,1.956e+06,1.95601e+06,785.678
2,1929,1.956e+06,1.95601e+06,785.678
2,1930,1.956e+06,1.95601e+06,785.678
2,1931,1.956e+06,1.95601e+06,785.678
2,1932,1.956e+06,1.95601e+06,785.678
2,1933,1.956e+06,1.95601e+06,785.678
2,1934,1.956e+06,1.95601e+06,785.678
2,1935,1.956e+06,1.95601e+06,785.678
2,1936,1.956e+06,1.95601e+06,785.678
2,1937,1.956e+06,1.95601e+06,785.678
2,1938,1.956e+06,1.95601e+06,785.678
2,1939,1.956e+06,1.95601e+06,785.678
2,1940,1.956e+06,1.95601e+06,785.678
2,1941,1.956e+06,1.95601e+06,785.678
2,1942,1.956e+06,1.95601e+06,785.678
2,1943,1.956e+06,1.95601e+06,785.678
2,1944,1.956e+06,1.95601e+06,785.678
2,1945,1.956e+06,1.95601e+06,785.678
2,1946,1.956e+06,1.95601e+06,785.678
2,1947,1.956e+06,1.95601e+06,785.678
2,1948,1.956e+06,1.95601e+06,785.678
2,1949,1.956e+06,1.95601e+06,785.678
2,1950,1.956e+06,1.95611e+06,785.678
2,1951,1.956e+06,1.95611e+06,785.678
2,1952,1.956e+06,1.95611e+06,785.678
2,1953,1.956e+06,1.9561e+06,785.678
2,1954,1.956e+06,1.9561e+06,785.678
2,1955,1.956e+06,1.9561e+06,785.678
2,1956,1.956e+06,1.9561e+06,785.678
2,1957,1.956e+06,1.9561e+06,785.678
2,1958,1.956e+06,1.95609e+06,785.678
2,1959,1.956e+06,1.95609e+06,785.678
2,1960,1.956e+06,1.95609e+06,785.678
2,1961,1.956e+06,1.95609e+06,785.678
2,1962,1.956e+06,1.95609e+06,785.678
2,1963,1.956e+06,1.95609e+06,785.678
2,1964,1.956e+06,1.95609e+06,785.678
2,1965,1.956e+06,1.95609e+06,785.678
2,1966,1.956e+06,1.95609e+06,785.678
2,1967,1.956e+06,1.95609e+06,785.678
2,1968,1.956e+06,1.95609e+06,785.678
2,1969,1.956e+06,1.95693e+06,785.678
2,1970,1.956e+06,1.95693e+06,785.678
2,1971,1.956e+06,1.95693e+06,785.678
2,1972,1.956e+06,1.95693e+06,785.678
2,1973,1.956e+06,1.95693e+06,785.678
2,1974,1.956e+06,1.95693e+06,785.678
2,1975,1.956e+06,1.95693e+06,785.678
2,1976,1.956e+06,1.95693e+06,785.678
2,1977,1.956e+06,1.95693e+06,785.678
2,1978,1.956e+06,1.957e+06,785.678
2,1979,1.956e+06,1.957e+06,785.678
2,1980,1.956e+06,1.957e+06,785.678
2,1981,1.956e+06,1.957e+06,785.678
2,1982,1.956e+06,1.957e+06,785.678
2,1983,1.956e+06,1.957e+06,785.678
2,1984,1.956e+06,1.957e+06,785.678
2,1985,1.956e+06,1.957e+06,785.678
2,1986,1.956e+06,1.957e+06,785.678
2,1987,1.956e+06,1.95693e+06,785.678
2,1988,1.956e+06,1.95693e+06,785.678
2,1989,1.956e+06,1.95693e+06,785.678
2,1990,1.956e+06,1.95693e+06,785.678
2,1991,1.956e+06,1.95693e+06,785.678
2,1992,1.956e+06,1.95693e+06,785.678
2,1993,1.956e+06,1.95693e+06,785.678
2,1994,1.956e+06,1.95693e+06,785.678
2,1995,1.956e+06,1.95693e+06,785.678
2,1996,1.956e+06,1.95693e+06,785.678
2,1997,1.956e+06,1.95601e+06,785.678
2,1998,1.956e+06,1.95601e+06,785.678
2,1999,1.956e+06,1.95601e+06,785.678
2,2000,1.956e+06,1.95601e+06,785.678
2,2001,1.956e+06,1.95601e+06,777.821
2,2002,1.956e+06,1.95601e+06,777.821
2,2003,1.956e+06,1.95601e+06,777.821
2,2004,1.956e+06,1.95601e+06,777.821
2,2005,1.956e+06,1.95601e+06,777.821
2,2006,1.956e+06,1.95601e+06,777.821
2,2007,1.956e+06,1.95601e+06,777.821
2,2008,1.956e+06,1.95601e+06,777.821
2,2009,1.956e+06,1.95601e+06,777.821
2,2010,1.956e+06,1.95601e+06,777.821
2,2011,1.956e+06,1.95601e+06,777.821
2,2012,1.956e+06,1.95601e+06,777.821
2,2013,1.956e+06,1.95601e+06,777.821
2,2014,1.956e+06,1.95601e+06,777.821
2,2015,1.956e+06,1.95693e+06,777.821
2,2016,1.956e+06,1.95693e+06,777.821
2,2017,1.956e+06,1.95601e+06,777.821
2,2018,1.956e+06,1.95601e+06,777.821
2,2019,1.956e+06,1.95601e+06,777.821
2,2020,1.956e+06,1.95601e+06,777.821
2,2021,1.956e+06,1.95601e+06,777.821
2,2022,1.956e+06,1.956e+06,777.821
2,2023,1.956e+06,1.956e+06,777.821
2,2024,1.956e+06,1.956e+06,777.821
2,2025,1.956e+06,1.956e+06,777.821
2,2026,1.956e+06,1.956e+06,777.821
2,2027,1.956e+06,1.956e+06,777.821
2,2028,1.956e+06,1.956e+06,777.821
2,2029,1.956e+06,1.9561e+06,777.821
2,2030,1.956e+06,1.9561e+06,777.821
2,2031,1.956e+06,1.9561e+06,777.821
2,2032,1.956e+06,1.9561e+06,777.821
2,2033,1.956e+06,1.9561e+06,777.821
2,2034,1.956e+06,1.9561e+06,777.821
2,2035,1.956e+06,1.9561e+06,777.821
2,2036,1.956e+06,1.956e+06,777.821
2,2037,1.956e+06,1.956e+06,777.821
2,2038,1.956e+06,1.956e+06,777.821
2,2039,1.956e+06,1.956e+06,777.821
2,2040,1.956e+06,1.956e+06,777.821
2,2041,1.956e+06,1.956e+06,777.821
2,2042,1.956e+06,1.956e+06,777.821
2,2043,1.956e+06,1.956e+06,777.821
2,2044,1.956e+06,1.956e+06,777.821
2,2045,1.956e+06,1.956e+06,777.821
2,2046,1.956e+06,1.956e+06,777.821
2,2047,1.956e+06,1.956e+06,777.821
2,2048,1.956e+06,1.956e+06,777.821
2,2049,1.956e+06,1.956e+06,777.821
2,2050,1.956e+06,1.956e+06,777.821
2,2051,1.956e+06,1.956e+06,777.821
2,2052,1.956e+06,1.956e+06,777.821
2,2053,1.956e+06,1.956e+06,777.821
2,2054,1.956e+06,1.956e+06,777.821
2,2055,1.956e+06,1.956e+06,777.821
2,2056,1.956e+06,1.956e+06,777.821
2,2057,1.956e+06,1.956e+06,777.821
2,2058,1.956e+06,1.956e+06,777.821
2,2059,1.956e+06,1.956e+06,777.821
2,2060,1.956e+06,1.956e+06,777.821
2,2061,1.956e+06,1.956e+06,777.821
2,2062,1.956e+06,1.956e+06,777.821
2,2063,1.956e+06,1.956e+06,777.821
2,2064,1.956e+06,1.956e+06,777.821
2,2065,1.956e+06,1.956e+06,777.821
2,2066,1.956e+06,1.956e+06,777.821
2,2067,1.956e+06,1.956e+06,777.821
2,2068,1.956e+06,1.956e+06,777.821
2,2069,1.956e+06,1.956e+06,777.821
2,2070,1.956e+06,1.956e+06,777.821
2,2071,1.956e+06,1.956e+06,777.821
2,2072,1.956e+06,1.956e+06,777.821
2,2073,1.956e+06,1.956e+06,777.821
2,2074,1.956e+06,1.956e+06,777.821
2,2075,1.956e+06,1.956e+06,777.821
2,2076,1.956e+06,1.956e+06,777.821
2,2077,1.956e+06,1.956e+06,777.821
2,2078,1.956e+06,1.956e+06,777.821
2,2079,1.956e+06,1.956e+06,777.821
2,2080,1.956e+06,1.956e+06,777.821
2,2081,1.956e+06,1.956e+06,770.043
2,2082,1.956e+06,1.956e+06,770.043
2,2083,1.956e+06,1.956e+06,770.043
2,2084,1.956e+06,1.956e+06,770.043
2,2085,1.956e+06,1.956e+06,770.043
2,2086,1.956e+06,1.956e+06,770.043
2,2087,1.956e+06,1.956e+06,770.043
2,2088,1.956e+06,1.956e+06,770.043
2,2089,1.956e+06,1.956e+06,770.043
2,2090,1.956e+06,1.956e+06,770.043
2,2091,1.956e+06,1.956e+06,770.043
2,2092,1.956e+06,1.956e+06,770.043
2,2093,1.956e+06,1.956e+06,770.043
2,2094,1.956e+06,1.956e+06,770.043
2,2095,1.956e+06,1.956e+06,770.043
2,2096,1.956e+06,1.956e+06,770.043
2,2097,1.956e+06,1.956e+06,770.043
2,2098,1.956e+06,1.956e+06,770.043
2,2099,1.956e+06,1.956e+06,770.043
2,2100,1.956e+06,1.956e+06,770.043
2,2101,1.956e+06,1.956e+06,770.043
2,2102,1.956e+06,1.956e+06,770.043
2,2103,1.956e+06,1.956e+06,770.043
2,2104,1.956e+06,1.956e+06,770.043
2,2105,1.956e+06,1.956e+06,770.043
2,2106,1.956e+06,1.956e+06,770.043
2,2107,1.956e+06,1.956e+06,770.043
2,2108,1.956e+06,1.956e+06,770.043
2,2109,1.956e+06,1.956e+06,770.043
2,2110,1.956e+06,1.956e+06,770.043
2,2111,1.956e+06,1.956e+06,770.043
2,2112,1.956e+06,1.956e+06,770.043
2,2113,1.956e+06,1.956e+06,770.043
2,2114,1.956e+06,1.956e+06,770.043
2,2115,1.956e+06,1.956e+06,770.043
2,2116,1.956e+06,1.956e+06,770.043
2,2117,1.956e+06,1.956e+06,770.043
2,2118,1.956e+06,1.956e+06,770.043
2,2119,1.956e+06,1.956e+06,770.043
2,2120,1.956e+06,1.956e+06,770.043
2,2121,1.956e+06,1.956e+06,770.043
2,2122,1.956e+06,1.956e+06,770.043
2,2123,1.956e+06,1.95702e+06,770.043
2,2124,1.956e+06,1.95609e+06,770.043
2,2125,1.956e+06,1.95601e+06,770.043
2,2126,1.956e+06,1.95601e+06,770.043
2,2127,1.956e+06,1.95601e+06,770.043
2,2128,1.956e+06,1.95601e+06,770.043
2,2129,1.956e+06,1.95601e+06,770.043
2,2130,1.956e+06,1.95601e+06,770.043
2,2131,1.956e+06,1.95601e+06,770.043
2,2132,1.956e+06,1.95601e+06,770.043
2,2133,1.956e+06,1.95601e+06,770.043
2,2134,1.956e+06,1.95601e+06,770.043
2,2135,1.956e+06,1.95601e+06,770.043
2,2136,1.956e+06,1.95601e+06,770.043
2,2137,1.956e+06,1.95601e+06,770.043
2,2138,1.956e+06,1.95601e+06,770.043
2,2139,1.956e+06,1.95601e+06,770.043
2,2140,1.956e+06,1.95601e+06,770.043
2,2141,1.956e+06,1.95601e+06,770.043
2,2142,1.956e+06,1.95601e+06,770.043
2,2143,1.956e+06,1.95601e+06,770.043
2,2144,1.956e+06,1.95601e+06,770.043
2,2145,1.956e+06,1.95601e+06,770.043
2,2146,1.956e+06,1.95601e+06,770.043
2,2147,1.956e+06,1.95601e+06,770.043
2,2148,1.956e+06,1.95601e+06,770.043
2,2149,1.956e+06,1.95601e+06,770.043
2,2150,1.956e+06,1.95601e+06,770.043
2,2151,1.956e+06,1.95601e+06,770.043
2,2152,1.956e+06,1.95601e+06,770.043
2,2153,1.956e+06,1.95601e+06,770.043
2,2154,1.956e+06,1.95601e+06,770.043
2,2155,1.956e+06,1.95601e+06,770.043
2,2156,1.956e+06,1.95601e+06,770.043
2,2157,1.956e+06,1.95601e+06,770.043
2,2158,1.956e+06,1.95601e+06,770.043
2,2159,1.956e+06,1.95601e+06,770.043
2,2160,1.956e+06,1.95601e+06,770.043
2,2161,1.956e+06,1.95601e+06,762.343
2,2162,1.956e+06,1.95601e+06,762.343
2,2163,1.956e+06,1.95601e+06,762.343
2,2164,1.956e+06,1.95601e+06,762.343
2,2165,1.956e+06,1.95601e+06,762.343
2,2166,1.956e+06,1.95601e+06,762.343
2,2167,1.956e+06,1.95601e+06,762.343
2,2168,1.956e+06,1.95601e+06,762.343
2,2169,1.956e+06,1.95601e+06,762.343
2,2170,1.956e+06,1.95601e+06,762.343
2,2171,1.956e+06,1.95601e+06,762.343
2,2172,1.956e+06,1.95601e+06,762.343
2,2173,1.956e+06,1.95601e+06,762.343
2,2174,1.956e+06,1.95601e+06,762.343
2,2175,1.956e+06,1.95601e+06,762.343
2,2176,1.956e+06,1.95601e+06,762.343
2,2177,1.956e+06,1.95601e+06,762.343
2,2178,1.956e+06,1.95601e+06,762.343
2,2179,1.956e+06,1.95601e+06,762.343
2,2180,1.956e+06,1.95601e+06,762.343
2,2181,1.956e+06,1.95601e+06,762.343
2,2182,1.956e+06,1.95601e+06,762.343
2,2183,1.956e+06,1.95601e+06,762.343
2,2184,1.956e+06,1.95601e+06,762.343
2,2185,1.956e+06,1.95601e+06,762.343
2,2186,1.956e+06,1.95601e+06,762.343
2,2187,1.956e+06,1.95601e+06,762.343
2,2188,1.956e+06,1.95601e+06,762.343
2,2189,1.956e+06,1.95601e+06,762.343
2,2190,1.956e+06,1.95601e+06,762.343
2,2191,1.956e+06,1.95601e+06,762.343
2,2192,1.956e+06,1.95601e+06,762.343
2,2193,1.956e+06,1.95601e+06,762.343
2,2194,1.956e+06,1.95601e+06,762.343
2,2195,1.956e+06,1.95601e+06,762.343
2,2196,1.956e+06,1.95601e+06,762.343
2,2197,1.956e+06,1.95601e+06,762.343
2,2198,1.956e+06,1.95601e+06,762.343
2,2199,1.956e+06,1.95601e+06,762.343
2,2200,1.956e+06,1.95601e+06,762.343
2,2201,1.956e+06,1.95609e+06,762.343
2,2202,1.956e+06,1.95609e+06,762.343
2,2203,1.956e+06,1.95609e+06,762.343
2,2204,1.956e+06,1.95609e+06,762.343
2,2205,1.956e+06,1.95619e+06,762.343
2,2206,1.956e+06,1.95619e+06,762.343
2,2207,1.956e+06,1.95611e+06,762.343
2,2208,1.956e+06,1.95611e+06,762.343
2,2209,1.956e+06,1.95611e+06,762.343
2,2210,1.956e+06,1.95611e+06,762.343
2,2211,1.956e+06,1.95611e+06,762.343
2,2212,1.956e+06,1.95611e+06,762.343
2,2213,1.956e+06,1.95611e+06,762.343
2,2214,1.956e+06,1.95611e+06,762.343
2,2215,1.956e+06,1.95601e+06,762.343
2,2216,1.956e+06,1.95601e+06,762.343
2,2217,1.956e+06,1.95601e+06,762.343
2,2218,1.956e+06,1.9561e+06,762.343
2,2219,1.956e+06,1.9561e+06,762.343
2,2220,1.956e+06,1.9561e+06,762.343
2,2221,1.956e+06,1.9561e+06,762.343
2,2222,1.956e+06,1.95609e+06,762.343
2,2223,1.956e+06,1.95609e+06,762.343
2,2224,1.956e+06,1.95609e+06,762.343
2,2225,1.956e+06,1.95609e+06,762.343
2,2226,1.956e+06,1.95609e+06,762.343
2,2227,1.956e+06,1.9561e+06,762.343
2,2228,1.956e+06,1.9561e+06,762.343
2,2229,1.956e+06,1.9561e+06,762.343
2,2230,1.956e+06,1.9561e+06,762.343
2,2231,1.956e+06,1.95601e+06,762.343
2,2232,1.956e+06,1.95601e+06,762.343
2,2233,1.956e+06,1.95601e+06,762.343
2,2234,1.956e+06,1.95601e+06,762.343
2,2235,1.956e+06,1.95601e+06,762.343
2,2236,1.956e+06,1.95601e+06,762.343
2,2237,1.956e+06,1.95601e+06,762.343
2,2238,1.956e+06,1.95601e+06,762.343
2,2239,1.956e+06,1.95601e+06,762.343
2,2240,1.956e+06,1.95601e+06,762.343
2,2241,1.956e+06,1.95601e+06,754.719
2,2242,1.956e+06,1.95601e+06,754.719
2,2243,1.956e+06,1.95601e+06,754.719
2,2244,1.956e+06,1.95601e+06,754.719
2,2245,1.956e+06,1.95601e+06,754.719
2,2246,1.956e+06,1.95601e+06,754.719
2,2247,1.956e+06,1.95601e+06,754.719
2,2248,1.956e+06,1.95609e+06,754.719
2,2249,1.956e+06,1.95609e+06,754.719
2,2250,1.956e+06,1.95609e+06,754.719
2,2251,1.956e+06,1.95609e+06,754.719
2,2252,1.956e+06,1.95609e+06,754.719
2,2253,1.956e+06,1.95609e+06,754.719
2,2254,1.956e+06,1.95609e+06,754.719
2,2255,1.956e+06,1.95602e+06,754.719
2,2256,1.956e+06,1.95602e+06,754.719
2,2257,1.956e+06,1.95602e+06,754.719
2,2258,1.956e+06,1.95602e+06,754.719
2,2259,1.956e+06,1.95602e+06,754.719
2,2260,1.956e+06,1.95602e+06,754.719
2,2261,1.956e+06,1.95602e+06,754.719
2,2262,1.956e+06,1.95602e+06,754.719
2,2263,1.956e+06,1.95601e+06,754.719
2,2264,1.956e+06,1.95601e+06,754.719
2,2265,1.956e+06,1.95601e+06,754.719
2,2266,1.956e+06,1.95601e+06,754.719
2,2267,1.956e+06,1.95601e+06,754.719
2,2268,1.956e+06,1.95601e+06,754.719
2,2269,1.956e+06,1.956e+06,754.719
2,2270,1.956e+06,1.956e+06,754.719
2,2271,1.956e+06,1.956e+06,754.719
2,2272,1.956e+06,1.956e+06,754.719
2,2273,1.956e+06,1.956e+06,754.719
2,2274,1.956e+06,1.956e+06,754.719
2,2275,1.956e+06,1.956e+06,754.719
2,2276,1.956e+06,1.956e+06,754.719
2,2277,1.956e+06,1.956e+06,754.719
2,2278,1.956e+06,1.956e+06,754.719
2,2279,1.956e+06,1.956e+06,754.719
2,2280,1.956e+06,1.95693e+06,754.719
2,2281,1.956e+06,1.95601e+06,754.719
2,2282,1.956e+06,1.95601e+06,754.719
2,2283,1.956e+06,1.95601e+06,754.719
2,2284,1.956e+06,1.95601e+06,754.719
2,2285,1.956e+06,1.95601e+06,754.719
2,2286,1.956e+06,1.95601e+06,754.719
2,2287,1.956e+06,1.95601e+06,754.719
2,2288,1.956e+06,1.95601e+06,754.719
2,2289,1.956e+06,1.95601e+06,754.719
2,2290,1.956e+06,1.95601e+06,754.719
2,2291,1.956e+06,1.95601e+06,754.719
2,2292,1.956e+06,1.95601e+06,754.719
2,2293,1.956e+06,1.95601e+06,754.719
2,2294,1.956e+06,1.95601e+06,754.719
2,2295,1.956e+06,1.95601e+06,754.719
2,2296,1.956e+06,1.95601e+06,754.719
2,2297,1.956e+06,1.95601e+06,754.719
2,2298,1.956e+06,1.956e+06,754.719
2,2299,1.956e+06,1.956e+06,754.719
2,2300,1.956e+06,1.956e+06,754.719
2,2301,1.956e+06,1.956e+06,754.719
2,2302,1.956e+06,1.956e+06,754.719
2,2303,1.956e+06,1.956e+06,754.719
2,2304,1.956e+06,1.956e+06,754.719
2,2305,1.956e+06,1.956e+06,754.719
2,2306,1.956e+06,1.956e+06,754.719
2,2307,1.956e+06,1.956e+06,754.719
2,2308,1.956e+06,1.956e+06,754.719
2,2309,1.956e+06,1.956e+06,754.719
2,2310,1.956e+06,1.956e+06,754.719
2,2311,1.956e+06,1.956e+06,754.719
2,2312,1.956e+06,1.956e+06,754.719
2,2313,1.956e+06,1.956e+06,754.719
2,2314,1.956e+06,1.956e+06,754.719
2,2315,1.956e+06,1.95693e+06,754.719
2,2316,1.956e+06,1.95693e+06,754.719
2,2317,1.956e+06,1.95693e+06,754.719
2,2318,1.956e+06,1.95693e+06,754.719
2,2319,1.956e+06,1.95693e+06,754.719
2,2320,1.956e+06,1.95693e+06,754.719
2,2321,1.956e+06,1.95693e+06,747.172
2,2322,1.956e+06,1.95693e+06,747.172
2,2323,1.956e+06,1.95701e+06,747.172
2,2324,1.956e+06,1.95702e+06,747.172
2,2325,1.956e+06,1.95702e+06,747.172
2,2326,1.956e+06,1.95702e+06,747.172
2,2327,1.956e+06,1.95702e+06,747.172
2,2328,1.956e+06,1.95702e+06,747.172
2,2329,1.956e+06,1.95702e+06,747.172
2,2330,1.956e+06,1.95702e+06,747.172
2,2331,1.956e+06,1.95702e+06,747.172
2,2332,1.956e+06,1.95702e+06,747.172
2,2333,1.956e+06,1.95702e+06,747.172
2,2334,1.956e+06,1.95702e+06,747.172
2,2335,1.956e+06,1.95702e+06,747.172
2,2336,1.956e+06,1.95701e+06,747.172
2,2337,1.956e+06,1.95701e+06,747.172
2,2338,1.956e+06,1.95701e+06,747.172
2,2339,1.956e+06,1.95701e+06,747.172
2,2340,1.956e+06,1.95701e+06,747.172
2,2341,1.956e+06,1.95701e+06,747.172
2,2342,1.956e+06,1.95701e+06,747.172
2,2343,1.956e+06,1.95701e+06,747.172
2,2344,1.956e+06,1.95609e+06,747.172
2,2345,1.956e+06,1.95609e+06,747.172
2,2346,1.956e+06,1.95609e+06,747.172
2,2347,1.956e+06,1.95609e+06,747.172
2,2348,1.956e+06,1.95609e+06,747.172
2,2349,1.956e+06,1.95609e+06,747.172
2,2350,1.956e+06,1.956e+06,747.172
2,2351,1.956e+06,1.956e+06,747.172
2,2352,1.956e+06,1.956e+06,747.172
2,2353,1.956e+06,1.956e+06,747.172
2,2354,1.956e+06,1.956e+06,747.172
2,2355,1.956e+06,1.956e+06,747.172
2,2356,1.956e+06,1.956e+06,747.172
2,2357,1.956e+06,1.956e+06,747.172
2,2358,1.956e+06,1.95693e+06,747.172
2,2359,1.956e+06,1.95693e+06,747.172
2,2360,1.956e+06,1.95693e+06,747.172
2,2361,1.956e+06,1.95693e+06,747.172
2,2362,1.956e+06,1.95693e+06,747.172
2,2363,1.956e+06,1.95693e+06,747.172
2,2364,1.956e+06,1.95693e+06,747.172
2,2365,1.956e+06,1.95693e+06,747.172
2,2366,1.956e+06,1.95693e+06,747.172
2,2367,1.956e+06,1.95693e+06,747.172
2,2368,1.956e+06,1.95693e+06,747.172
2,2369,1.956e+06,1.95693e+06,747.172
2,2370,1.956e+06,1.95693e+06,747.172
2,2371,1.956e+06,1.95693e+06,747.172
2,2372,1.956e+06,1.95693e+06,747.172
2,2373,1.956e+06,1.95601e+06,747.172
2,2374,1.956e+06,1.95601e+06,747.172
2,2375,1.956e+06,1.95601e+06,747.172
2,2376,1.956e+06,1.95601e+06,747.172
2,2377,1.956e+06,1.95601e+06,747.172
2,2378,1.956e+06,1.95601e+06,747.172
2,2379,1.956e+06,1.95601e+06,747.172
2,2380,1.956e+06,1.95601e+06,747.172
2,2381,1.956e+06,1.95601e+06,747.172
2,2382,1.956e+06,1.95601e+06,747.172
2,2383,1.956e+06,1.95601e+06,747.172
2,2384,1.956e+06,1.95601e+06,747.172
2,2385,1.956e+06,1.95601e+06,747.172
2,2386,1.956e+06,1.95601e+06,747.172
2,2387,1.956e+06,1.95601e+06,747.172
2,2388,1.956e+06,1.95601e+06,747.172
2,2389,1.956e+06,1.95601e+06,747.172
2,2390,1.956e+06,1.95601e+06,747.172
2,2391,1.956e+06,1.95601e+06,747.172
2,2392,1.956e+06,1.95601e+06,747.172
2,2393,1.956e+06,1.95601e+06,747.172
2,2394,1.956e+06,1.95601e+06,747.172
2,2395,1.956e+06,1.95601e+06,747.172
2,2396,1.956e+06,1.95601e+06,747.172
2,2397,1.956e+06,1.95601e+06,747.172
2,2398,1.956e+06,1.95601e+06,747.172
2,2399,1.956e+06,1.95601e+06,747.172
2,2400,1.956e+06,1.95601e+06,747.172
2,2401,1.956e+06,1.95601e+06,739.7
2,2402,1.956e+06,1.95601e+06,739.7
2,2403,1.956e+06,1.95601e+06,739.7
2,2404,1.956e+06,1.95601e+06,739.7
2,2405,1.956e+06,1.95601e+06,739.7
2,2406,1.956e+06,1.95601e+06,739.7
2,2407,1.956e+06,1.95601e+06,739.7
2,2408,1.956e+06,1.95601e+06,739.7
2,2409,1.956e+06,1.95601e+06,739.7
2,2410,1.956e+06,1.95601e+06,739.7
2,2411,1.956e+06,1.95601e+06,739.7
2,2412,1.956e+06,1.95601e+06,739.7
2,2413,1.956e+06,1.95601e+06,739.7
2,2414,1.956e+06,1.95601e+06,739.7
2,2415,1.956e+06,1.95601e+06,739.7
2,2416,1.956e+06,1.956e+06,739.7
2,2417,1.956e+06,1.956e+06,739.7
2,2418,1.956e+06,1.956e+06,739.7
2,2419,1.956e+06,1.956e+06,739.7
2,2420,1.956e+06,1.956e+06,739.7
2,2421,1.956e+06,1.956e+06,739.7
2,2422,1.956e+06,1.956e+06,739.7
2,2423,1.956e+06,1.956e+06,739.7
2,2424,1.956e+06,1.956e+06,739.7
2,2425,1.956e+06,1.956e+06,739.7
2,2426,1.956e+06,1.956e+06,739.7
2,2427,1.956e+06,1.956e+06,739.7
2,2428,1.956e+06,1.956e+06,739.7
2,2429,1.956e+06,1.956e+06,739.7
2,2430,1.956e+06,1.956e+06,739.7
2,2431,1.956e+06,1.956e+06,739.7
2,2432,1.956e+06,1.956e+06,739.7
2,2433,1.956e+06,1.956e+06,739.7
2,2434,1.956e+06,1.956e+06,739.7
2,2435,1.956e+06,1.956e+06,739.7
2,2436,1.956e+06,1.956e+06,739.7
2,2437,1.956e+06,1.956e+06,739.7
2,2438,1.956e+06,1.956e+06,739.7
2,2439,1.956e+06,1.956e+06,739.7
2,2440,1.956e+06,1.956e+06,739.7
2,2441,1.956e+06,1.956e+06,739.7
2,2442,1.956e+06,1.956e+06,739.7
2,2443,1.956e+06,1.956e+06,739.7
2,2444,1.956e+06,1.956e+06,739.7
2,2445,1.956e+06,1.956e+06,739.7
2,2446,1.956e+06,1.956e+06,739.7
2,2447,1.956e+06,1.956e+06,739.7
2,2448,1.956e+06,1.956e+06,739.7
2,2449,1.956e+06,1.956e+06,739.7
2,2450,1.956e+06,1.956e+06,739.7
2,2451,1.956e+06,1.956e+06,739.7
2,2452,1.956e+06,1.956e+06,739.7
2,2453,1.956e+06,1.956e+06,739.7
2,2454,1.956e+06,1.956e+06,739.7
2,2455,1.956e+06,1.956e+06,739.7
2,2456,1.956e+06,1.956e+06,739.7
2,2457,1.956e+06,1.956e+06,739.7
2,2458,1.956e+06,1.956e+06,739.7
2,2459,1.956e+06,1.956e+06,739.7
2,2460,1.956e+06,1.956e+06,739.7
2,2461,1.956e+06,1.956e+06,739.7
2,2462,1.956e+06,1.956e+06,739.7
2,2463,1.956e+06,1.956e+06,739.7
2,2464,1.956e+06,1.956e+06,739.7
2,2465,1.956e+06,1.956e+06,739.7
2,2466,1.956e+06,1.956e+06,739.7
2,2467,1.956e+06,1.956e+06,739.7
2,2468,1.956e+06,1.956e+06,739.7
2,2469,1.956e+06,1.956e+06,739.7
2,2470,1.956e+06,1.956e+06,739.7
2,2471,1.956e+06,1.956e+06,739.7
2,2472,1.956e+06,1.956e+06,739.7
2,2473,1.956e+06,1.956e+06,739.7
2,2474,1.956e+06,1.956e+06,739.7
2,2475,1.956e+06,1.956e+06,739.7
2,2476,1.956e+06,1.956e+06,739.7
2,2477,1.956e+06,1.956e+06,739.7
2,2478,1.956e+06,1.956e+06,739.7
2,2479,1.956e+06,1.956e+06,739.7
2,2480,1.956e+06,1.956e+06,739.7
2,2481,1.956e+06,1.956e+06,732.303
2,2482,1.956e+06,1.956e+06,732.303
2,2483,1.956e+06,1.956e+06,732.303
2,2484,1.956e+06,1.956e+06,732.303
2,2485,1.956e+06,1.956e+06,732.303
2,2486,1.956e+06,1.956e+06,732.303
2,2487,1.956e+06,1.956e+06,732.303
2,2488,1.956e+06,1.956e+06,732.303
2,2489,1.956e+06,1.956e+06,732.303
2,2490,1.956e+06,1.956e+06,732.303
2,2491,1.956e+06,1.956e+06,732.303
2,2492,1.956e+06,1.956e+06,732.303
2,2493,1.956e+06,1.956e+06,732.303
2,2494,1.956e+06,1.956e+06,732.303
2,2495,1.956e+06,1.956e+06,732.303
2,2496,1.956e+06,1.956e+06,732.303
2,2497,1.956e+06,1.956e+06,732.303
2,2498,1.956e+06,1.956e+06,732.303
2,2499,1.956e+06,1.956e+06,732.303
2,2500,1.956e+06,1.956e+06,732.303
2,2501,1.956e+06,1.956e+06,732.303
2,2502,1.956e+06,1.956e+06,732.303
2,2503,1.956e+06,1.956e+06,732.303
2,2504,1.956e+06,1.956e+06,732.303
2,2505,1.956e+06,1.95701e+06,732.303
2,2506,1.956e+06,1.95701e+06,732.303
2,2507,1.956e+06,1.95701e+06,732.303
2,2508,1.956e+06,1.95701e+06,732.303
2,2509,1.956e+06,1.95701e+06,732.303
2,2510,1.956e+06,1.95695e+06,732.303
2,2511,1.956e+06,1.95695e+06,732.303
2,2512,1.956e+06,1.95695e+06,732.303
2,2513,1.956e+06,1.95695e+06,732.303
2,2514,1.956e+06,1.95695e+06,732.303
2,2515,1.956e+06,1.95695e+06,732.303
2,2516,1.956e+06,1.95695e+06,732.303
2,2517,1.956e+06,1.95695e+06,732.303
2,2518,1.956e+06,1.95695e+06,732.303
2,2519,1.956e+06,1.95693e+06,732.303
2,2520,1.956e+06,1.95693e+06,732.303
2,2521,1.956e+06,1.95693e+06,732.303
2,2522,1.956e+06,1.95693e+06,732.303
2,2523,1.956e+06,1.95693e+06,732.303
2,2524,1.956e+06,1.95693e+06,732.303
2,2525,1.956e+06,1.95701e+06,732.303
2,2526,1.956e+06,1.95701e+06,732.303
2,2527,1.956e+06,1.95701e+06,732.303
2,2528,1.956e+06,1.95701e+06,732.303
2,2529,1.956e+06,1.95701e+06,732.303
2,2530,1.956e+06,1.95701e+06,732.303
2,2531,1.956e+06,1.95695e+06,732.303
2,2532,1.956e+06,1.95695e+06,732.303
2,2533,1.956e+06,1.95695e+06,732.303
2,2534,1.956e+06,1.95695e+06,732.303
2,2535,1.956e+06,1.95693e+06,732.303
2,2536,1.956e+06,1.95693e+06,732.303
2,2537,1.956e+06,1.95693e+06,732.303
2,2538,1.956e+06,1.95693e+06,732.303
2,2539,1.956e+06,1.95693e+06,732.303
2,2540,1.956e+06,1.95693e+06,732.303
2,2541,1.956e+06,1.956e+06,732.303
2,2542,1.956e+06,1.956e+06,732.303
2,2543,1.956e+06,1.956e+06,732.303
2,2544,1.956e+06,1.956e+06,732.303
2,2545,1.956e+06,1.956e+06,732.303
2,2546,1.956e+06,1.956e+06,732.303
2,2547,1.956e+06,1.956e+06,732.303
2,2548,1.956e+06,1.956e+06,732.303
2,2549,1.956e+06,1.956e+06,732.303
2,2550,1.956e+06,1.956e+06,732.303
2,2551,1.956e+06,1.956e+06,732.303
2,2552,1.956e+06,1.956e+06,732.303
2,2553,1.956e+06,1.956e+06,732.303
2,2554,1.956e+06,1.956e+06,732.303
2,2555,1.956e+06,1.956e+06,732.303
2,2556,1.956e+06,1.956e+06,732.303
2,2557,1.956e+06,1.956e+06,732.303
2,2558,1.956e+06,1.956e+06,732.303
2,2559,1.956e+06,1.956e+06,732.303
2,2560,1.956e+06,1.956e+06,732.303
2,2561,1.956e+06,1.956e+06,724.98
2,2562,1.956e+06,1.956e+06,724.98
2,2563,1.956e+06,1.956e+06,724.98
2,2564,1.956e+06,1.956e+06,724.98
2,2565,1.956e+06,1.956e+06,724.98
2,2566,1.956e+06,1.956e+06,724.98
2,2567,1.956e+06,1.956e+06,724.98
2,2568,1.956e+06,1.956e+06,724.98
2,2569,1.956e+06,1.956e+06,724.98
2,2570,1.956e+06,1.956e+06,724.98
2,2571,1.956e+06,1.956e+06,724.98
2,2572,1.956e+06,1.956e+06,724.98
2,2573,1.956e+06,1.956e+06,724.98
2,2574,1.956e+06,1.956e+06,724.98
2,2575,1.956e+06,1.956e+06,724.98
2,2576,1.956e+06,1.956e+06,724.98
2,2577,1.956e+06,1.956e+06,724.98
2,2578,1.956e+06,1.956e+06,724.98
2,2579,1.956e+06,1.956e+06,724.98
2,2580,1.956e+06,1.956e+06,724.98
2,2581,1.956e+06,1.956e+06,724.98
2,2582,1.956e+06,1.956e+06,724.98
2,2583,1.956e+06,1.956e+06,724.98
2,2584,1.956e+06,1.956e+06,724.98
2,2585,1.956e+06,1.956e+06,724.98
2,2586,1.956e+06,1.956e+06,724.98
2,2587,1.956e+06,1.956e+06,724.98
2,2588,1.956e+06,1.956e+06,724.98
2,2589,1.956e+06,1.956e+06,724.98
2,2590,1.956e+06,1.956e+06,724.98
2,2591,1.956e+06,1.956e+06,724.98
2,2592,1.956e+06,1.956e+06,724.98
2,2593,1.956e+06,1.956e+06,724.98
2,2594,1.956e+06,1.956e+06,724.98
2,2595,1.956e+06,1.956e+06,724.98
2,2596,1.956e+06,1.956e+06,724.98
2,2597,1.956e+06,1.956e+06,724.98
2,2598,1.956e+06,1.956e+06,724.98
2,2599,1.956e+06,1.956e+06,724.98
2,2600,1.956e+06,1.956e+06,724.98
2,2601,1.956e+06,1.956e+06,724.98
2,2602,1.956e+06,1.956e+06,724.98
2,2603,1.956e+06,1.956e+06,724.98
2,2604,1.956e+06,1.956e+06,724.98
2,2605,1.956e+06,1.956e+06,724.98
2,2606,1.956e+06,1.956e+06,724.98
2,2607,1.956e+06,1.956e+06,724.98
2,2608,1.956e+06,1.956e+06,724.98
2,2609,1.956e+06,1.956e+06,724.98
2,2610,1.956e+06,1.956e+06,724.98
2,2611,1.956e+06,1.956e+06,724.98
2,2612,1.956e+06,1.956e+06,724.98
2,2613,1.956e+06,1.956e+06,724.98
2,2614,1.956e+06,1.956e+06,724.98
2,2615,1.956e+06,1.956e+06,724.98
2,2616,1.956e+06,1.956e+06,724.98
2,2617,1.956e+06,1.95693e+06,724.98
2,2618,1.956e+06,1.95693e+06,724.98
2,2619,1.956e+06,1.95693e+06,724.98
2,2620,1.956e+06,1.95693e+06,724.98
2,2621,1.956e+06,1.95693e+06,724.98
2,2622,1.956e+06,1.95693e+06,724.98
2,2623,1.956e+06,1.95693e+06,724.98
2,2624,1.956e+06,1.95693e+06,724.98
2,2625,1.956e+06,1.95693e+06,724.98
2,2626,1.956e+06,1.95693e+06,724.98
2,2627,1.956e+06,1.95601e+06,724.98
2,2628,1.956e+06,1.95601e+06,724.98
2,2629,1.956e+06,1.95601e+06,724.98
2,2630,1.956e+06,1.95601e+06,724.98
2,2631,1.956e+06,1.95601e+06,724.98
2,2632,1.956e+06,1.95601e+06,724.98
2,2633,1.956e+06,1.95601e+06,724.98
2,2634,1.956e+06,1.95601e+06,724.98
2,2635,1.956e+06,1.95601e+06,724.98
2,2636,1.956e+06,1.95601e+06,724.98
2,2637,1.956e+06,1.95601e+06,724.98
2,2638,1.956e+06,1.95601e+06,724.98
2,2639,1.956e+06,1.95601e+06,724.98
2,2640,1.956e+06,1.95601e+06,724.98
2,2641,1.956e+06,1.95601e+06,717.731
2,2642,1.956e+06,1.95601e+06,717.731
2,2643,1.956e+06,1.95601e+06,717.731
2,2644,1.956e+06,1.95601e+06,717.731
2,2645,1.956e+06,1.95601e+06,717.731
2,2646,1.956e+06,1.95601e+06,717.731
2,2647,1.956e+06,1.95601e+06,717.731
2,2648,1.956e+06,1.95601e+06,717.731
2,2649,1.956e+06,1.95601e+06,717.731
2,2650,1.956e+06,1.95601e+06,717.731
2,2651,1.956e+06,1.95601e+06,717.731
2,2652,1.956e+06,1.95601e+06,717.731
2,2653,1.956e+06,1.95601e+06,717.731
2,2654,1.956e+06,1.95601e+06,717.731
2,2655,1.956e+06,1.95601e+06,717.731
2,2656,1.956e+06,1.95601e+06,717.731
2,2657,1.956e+06,1.95601e+06,717.731
2,2658,1.956e+06,1.95601e+06,717.731
2,2659,1.956e+06,1.95601e+06,717.731
2,2660,1.956e+06,1.95601e+06,717.731
2,2661,1.956e+06,1.95601e+06,717.731
2,2662,1.956e+06,1.95601e+06,717.731
2,2663,1.956e+06,1.95601e+06,717.731
2,2664,1.956e+06,1.95601e+06,717.731
2,2665,1.956e+06,1.95601e+06,717.731
2,2666,1.956e+06,1.95601e+06,717.731
2,2667,1.956e+06,1.95601e+06,717.731
2,2668,1.956e+06,1.95601e+06,717.731
2,2669,1.956e+06,1.95601e+06,717.731
2,2670,1.956e+06,1.95601e+06,717.731
2,2671,1.956e+06,1.95601e+06,717.731
2,2672,1.956e+06,1.95601e+06,717.731
2,2673,1.956e+06,1.95601e+06,717.731
2,2674,1.956e+06,1.95601e+06,717.731
2,2675,1.956e+06,1.95601e+06,717.731
2,2676,1.956e+06,1.95601e+06,717.731
2,2677,1.956e+06,1.95652e+06,717.731
2,2678,1.956e+06,1.95609e+06,717.731
2,2679,1.956e+06,1.95609e+06,717.731
2,2680,1.956e+06,1.95609e+06,717.731
2,2681,1.956e+06,1.95609e+06,717.731
2,2682,1.956e+06,1.95609e+06,717.731
2,2683,1.956e+06,1.95609e+06,717.731
2,2684,1.956e+06,1.95609e+06,717.731
2,2685,1.956e+06,1.95609e+06,717.731
2,2686,1.956e+06,1.95609e+06,717.731
2,2687,1.956e+06,1.95601e+06,717.731
2,2688,1.956e+06,1.95601e+06,717.731
2,2689,1.956e+06,1.95609e+06,717.731
2,2690,1.956e+06,1.95609e+06,717.731
2,2691,1.956e+06,1.95609e+06,717.731
2,2692,1.956e+06,1.95609e+06,717.731
2,2693,1.956e+06,1.95601e+06,717.731
2,2694,1.956e+06,1.95601e+06,717.731
2,2695,1.956e+06,1.95601e+06,717.731
2,2696,1.956e+06,1.95601e+06,717.731
2,2697,1.956e+06,1.95601e+06,717.731
2,2698,1.956e+06,1.95601e+06,717.731
2,2699,1.956e+06,1.95601e+06,717.731
2,2700,1.956e+06,1.95601e+06,717.731
2,2701,1.956e+06,1.95601e+06,717.731
2,2702,1.956e+06,1.95601e+06,717.731
2,2703,1.956e+06,1.95601e+06,717.731
2,2704,1.956e+06,1.95601e+06,717.731
2,2705,1.956e+06,1.95601e+06,717.731
2,2706,1.956e+06,1.95601e+06,717.731
2,2707,1.956e+06,1.95601e+06,717.731
2,2708,1.956e+06,1.95601e+06,717.731
2,2709,1.956e+06,1.95601e+06,717.731
2,2710,1.956e+06,1.95601e+06,717.731
2,2711,1.956e+06,1.95601e+06,717.731
2,2712,1.956e+06,1.95601e+06,717.731
2,2713,1.956e+06,1.95601e+06,717.731
2,2714,1.956e+06,1.95601e+06,717.731
2,2715,1.956e+06,1.95601e+06,717.731
2,2716,1.956e+06,1.95601e+06,717.731
2,2717,1.956e+06,1.95601e+06,717.731
2,2718,1.956e+06,1.95601e+06,717.731
2,2719,1.956e+06,1.95601e+06,717.731
2,2720,1.956e+06,1.95601e+06,717.731
2,2721,1.956e+06,1.95601e+06,710.553
2,2722,1.956e+06,1.95601e+06,710.553
2,2723,1.956e+06,1.95601e+06,710.553
2,2724,1.956e+06,1.95601e+06,710.553
2,2725,1.956e+06,1.95601e+06,710.553
2,2726,1.956e+06,1.95608e+06,710.553
2,2727,1.956e+06,1.95608e+06,710.553
2,2728,1.956e+06,1.95601e+06,710.553
2,2729,1.956e+06,1.95601e+06,710.553
2,2730,1.956e+06,1.95601e+06,710.553
2,2731,1.956e+06,1.95601e+06,710.553
2,2732,1.956e+06,1.95601e+06,710.553
2,2733,1.956e+06,1.95601e+06,710.553
2,2734,1.956e+06,1.95601e+06,710.553
2,2735,1.956e+06,1.95601e+06,710.553
2,2736,1.956e+06,1.95601e+06,710.553
2,2737,1.956e+06,1.95601e+06,710.553
2,2738,1.956e+06,1.95601e+06,710.553
2,2739,1.956e+06,1.95601e+06,710.553
2,2740,1.956e+06,1.95601e+06,710.553
2,2741,1.956e+06,1.95601e+06,710.553
2,2742,1.956e+06,1.95601e+06,710.553
2,2743,1.956e+06,1.95601e+06,710.553
2,2744,1.956e+06,1.95601e+06,710.553
2,2745,1.956e+06,1.95601e+06,710.553
2,2746,1.956e+06,1.95601e+06,710.553
2,2747,1.956e+06,1.95601e+06,710.553
2,2748,1.956e+06,1.95601e+06,710.553
2,2749,1.956e+06,1.95601e+06,710.553
2,2750,1.956e+06,1.95601e+06,710.553
2,2751,1.956e+06,1.95601e+06,710.553
2,2752,1.956e+06,1.95601e+06,710.553
2,2753,1.956e+06,1.95601e+06,710.553
2,2754,1.956e+06,1.95601e+06,710.553
2,2755,1.956e+06,1.95601e+06,710.553
2,2756,1.956e+06,1.95601e+06,710.553
2,2757,1.956e+06,1.95601e+06,710.553
2,2758,1.956e+06,1.95601e+06,710.553
2,2759,1.956e+06,1.9561e+06,710.553
2,2760,1.956e+06,1.9561e+06,710.553
2,2761,1.956e+06,1.95609e+06,710.553
2,2762,1.956e+06,1.95609e+06,710.553
2,2763,1.956e+06,1.95609e+06,710.553
2,2764,1.956e+06,1.95609e+06,710.553
2,2765,1.956e+06,1.95609e+06,710.553
2,2766,1.956e+06,1.95609e+06,710.553
2,2767,1.956e+06,1.95609e+06,710.553
2,2768,1.956e+06,1.95609e+06,710.553
2,2769,1.956e+06,1.95609e+06,710.553
2,2770,1.956e+06,1.95609e+06,710.553
2,2771,1.956e+06,1.95609e+06,710.553
2,2772,1.956e+06,1.95609e+06,710.553
2,2773,1.956e+06,1.95609e+06,710.553
2,2774,1.956e+06,1.95609e+06,710.553
2,2775,1.956e+06,1.95609e+06,710.553
2,2776,1.956e+06,1.95609e+06,710.553
2,2777,1.956e+06,1.95609e+06,710.553
2,2778,1.956e+06,1.95609e+06,710.553
2,2779,1.956e+06,1.95609e+06,710.553
2,2780,1.956e+06,1.95609e+06,710.553
2,2781,1.956e+06,1.95609e+06,710.553
2,2782,1.956e+06,1.95609e+06,710.553
2,2783,1.956e+06,1.95609e+06,710.553
2,2784,1.956e+06,1.95609e+06,710.553
2,2785,1.956e+06,1.95609e+06,710.553
2,2786,1.956e+06,1.95609e+06,710.553
2,2787,1.956e+06,1.95609e+06,710.553
2,2788,1.956e+06,1.95609e+06,710.553
2,2789,1.956e+06,1.95609e+06,710.553
2,2790,1.956e+06,1.95609e+06,710.553
2,2791,1.956e+06,1.95609e+06,710.553
2,2792,1.956e+06,1.95609e+06,710.553
2,2793,1.956e+06,1.95609e+06,710.553
2,2794,1.956e+06,1.95609e+06,710.553
2,2795,1.956e+06,1.95609e+06,710.553
2,2796,1.956e+06,1.95609e+06,710.553
2,2797,1.956e+06,1.95609e+06,710.553
2,2798,1.956e+06,1.95609e+06,710.553
2,2799,1.956e+06,1.95609e+06,710.553
2,2800,1.956e+06,1.95609e+06,710.553
2,2801,1.956e+06,1.95609e+06,703.448
2,2802,1.956e+06,1.95609e+06,703.448
2,2803,1.956e+06,1.95609e+06,703.448
2,2804,1.956e+06,1.95609e+06,703.448
2,2805,1.956e+06,1.95609e+06,703.448
2,2806,1.956e+06,1.95609e+06,703.448
2,2807,1.956e+06,1.95609e+06,703.448
2,2808,1.956e+06,1.95609e+06,703.448
2,2809,1.956e+06,1.95609e+06,703.448
2,2810,1.956e+06,1.95609e+06,703.448
2,2811,1.956e+06,1.95609e+06,703.448
2,2812,1.956e+06,1.95609e+06,703.448
2,2813,1.956e+06,1.95609e+06,703.448
2,2814,1.956e+06,1.95609e+06,703.448
2,2815,1.956e+06,1.95609e+06,703.448
2,2816,1.956e+06,1.95609e+06,703.448
2,2817,1.956e+06,1.95609e+06,703.448
2,2818,1.956e+06,1.95609e+06,703.448
2,2819,1.956e+06,1.95609e+06,703.448
2,2820,1.956e+06,1.95609e+06,703.448
2,2821,1.956e+06,1.95609e+06,703.448
2,2822,1.956e+06,1.95609e+06,703.448
2,2823,1.956e+06,1.95601e+06,703.448
2,2824,1.956e+06,1.95601e+06,703.448
2,2825,1.956e+06,1.95601e+06,703.448
2,2826,1.956e+06,1.95601e+06,703.448
2,2827,1.956e+06,1.95601e+06,703.448
2,2828,1.956e+06,1.95601e+06,703.448
2,2829,1.956e+06,1.95601e+06,703.448
2,2830,1.956e+06,1.95601e+06,703.448
2,2831,1.956e+06,1.95601e+06,703.448
2,2832,1.956e+06,1.95601e+06,703.448
2,2833,1.956e+06,1.95601e+06,703.448
2,2834,1.956e+06,1.95601e+06,703.448
2,2835,1.956e+06,1.95601e+06,703.448
2,2836,1.956e+06,1.95601e+06,703.448
2,2837,1.956e+06,1.95601e+06,703.448
2,2838,1.956e+06,1.95694e+06,703.448
2,2839,1.956e+06,1.95694e+06,703.448
2,2840,1.956e+06,1.95694e+06,703.448
2,2841,1.956e+06,1.95694e+06,703.448
2,2842,1.956e+06,1.95694e+06,703.448
2,2843,1.956e+06,1.95609e+06,703.448
2,2844,1.956e+06,1.95609e+06,703.448
2,2845,1.956e+06,1.95601e+06,703.448
2,2846,1.956e+06,1.95601e+06,703.448
2,2847,1.956e+06,1.95601e+06,703.448
2,2848,1.956e+06,1.95601e+06,703.448
2,2849,1.956e+06,1.95601e+06,703.448
2,2850,1.956e+06,1.95601e+06,703.448
2,2851,1.956e+06,1.95601e+06,703.448
2,2852,1.956e+06,1.95601e+06,703.448
2,2853,1.956e+06,1.95601e+06,703.448
2,2854,1.956e+06,1.95601e+06,703.448
2,2855,1.956e+06,1.95601e+06,703.448
2,2856,1.956e+06,1.95601e+06,703.448
2,2857,1.956e+06,1.95601e+06,703.448
2,2858,1.956e+06,1.95601e+06,703.448
2,2859,1.956e+06,1.95702e+06,703.448
2,2860,1.956e+06,1.95702e+06,703.448
2,2861,1.956e+06,1.95702e+06,703.448
2,2862,1.956e+06,1.95641e+06,703.448
2,2863,1.956e+06,1.95641e+06,703.448
2,2864,1.956e+06,1.95641e+06,703.448
2,2865,1.956e+06,1.95641e+06,703.448
2,2866,1.956e+06,1.95641e+06,703.448
2,2867,1.956e+06,1.95641e+06,703.448
2,2868,1.956e+06,1.95641e+06,703.448
2,2869,1.956e+06,1.95641e+06,703.448
2,2870,1.956e+06,1.95641e+06,703.448
2,2871,1.956e+06,1.95641e+06,703.448
2,2872,1.956e+06,1.95641e+06,703.448
2,2873,1.956e+06,1.95641e+06,703.448
2,2874,1.956e+06,1.95641e+06,703.448
2,2875,1.956e+06,1.95641e+06,703.448
2,2876,1.956e+06,1.95641e+06,703.448
2,2877,1.956e+06,1.9561e+06,703.448
2,2878,1.956e+06,1.9561e+06,703.448
2,2879,1.956e+06,1.95609e+06,703.448
2,2880,1.956e+06,1.95609e+06,703.448
2,2881,1.956e+06,1.95609e+06,696.413
2,2882,1.956e+06,1.95609e+06,696.413
2,2883,1.956e+06,1.95609e+06,696.413
2,2884,1.956e+06,1.95609e+06,696.413
2,2885,1.956e+06,1.95609e+06,696.413
2,2886,1.956e+06,1.95609e+06,696.413
2,2887,1.956e+06,1.95609e+06,696.413
2,2888,1.956e+06,1.95609e+06,696.413
2,2889,1.956e+06,1.95609e+06,696.413
2,2890,1.956e+06,1.95609e+06,696.413
2,2891,1.956e+06,1.95609e+06,696.413
2,2892,1.956e+06,1.95601e+06,696.413
2,2893,1.956e+06,1.95601e+06,696.413
2,2894,1.956e+06,1.95601e+06,696.413
2,2895,1.956e+06,1.95601e+06,696.413
2,2896,1.956e+06,1.95601e+06,696.413
2,2897,1.956e+06,1.95601e+06,696.413
2,2898,1.956e+06,1.95601e+06,696.413
2,2899,1.956e+06,1.95601e+06,696.413
2,2900,1.956e+06,1.95601e+06,696.413
2,2901,1.956e+06,1.95601e+06,696.413
2,2902,1.956e+06,1.95601e+06,696.413
2,2903,1.956e+06,1.95601e+06,696.413
2,2904,1.956e+06,1.95694e+06,696.413
2,2905,1.956e+06,1.95694e+06,696.413
2,2906,1.956e+06,1.95694e+06,696.413
2,2907,1.956e+06,1.95601e+06,696.413
2,2908,1.956e+06,1.95601e+06,696.413
2,2909,1.956e+06,1.95601e+06,696.413
2,2910,1.956e+06,1.95601e+06,696.413
2,2911,1.956e+06,1.95694e+06,696.413
2,2912,1.956e+06,1.95694e+06,696.413
2,2913,1.956e+06,1.95694e+06,696.413
2,2914,1.956e+06,1.9561e+06,696.413
2,2915,1.956e+06,1.9561e+06,696.413
2,2916,1.956e+06,1.9561e+06,696.413
2,2917,1.956e+06,1.9561e+06,696.413
2,2918,1.956e+06,1.9561e+06,696.413
2,2919,1.956e+06,1.9561e+06,696.413
2,2920,1.956e+06,1.9561e+06,696.413
2,2921,1.956e+06,1.9561e+06,696.413
2,2922,1.956e+06,1.9561e+06,696.413
2,2923,1.956e+06,1.9561e+06,696.413
2,2924,1.956e+06,1.9561e+06,696.413
2,2925,1.956e+06,1.9561e+06,696.413
2,2926,1.956e+06,1.9561e+06,696.413
2,2927,1.956e+06,1.9561e+06,696.413
2,2928,1.956e+06,1.9561e+06,696.413
2,2929,1.956e+06,1.9561e+06,696.413
2,2930,1.956e+06,1.9561e+06,696.413
2,2931,1.956e+06,1.9561e+06,696.413
2,2932,1.956e+06,1.9561e+06,696.413
2,2933,1.956e+06,1.9561e+06,696.413
2,2934,1.956e+06,1.9561e+06,696.413
2,2935,1.956e+06,1.9561e+06,696.413
2,2936,1.956e+06,1.9561e+06,696.413
2,2937,1.956e+06,1.9561e+06,696.413
2,2938,1.956e+06,1.9561e+06,696.413
2,2939,1.956e+06,1.9561e+06,696.413
2,2940,1.956e+06,1.9561e+06,696.413
2,2941,1.956e+06,1.95602e+06,696.413
2,2942,1.956e+06,1.95611e+06,696.413
2,2943,1.956e+06,1.95611e+06,696.413
2,2944,1.956e+06,1.95611e+06,696.413
2,2945,1.956e+06,1.95611e+06,696.413
2,2946,1.956e+06,1.95611e+06,696.413
2,2947,1.956e+06,1.95611e+06,696.413
2,2948,1.956e+06,1.95611e+06,696.413
2,2949,1.956e+06,1.95611e+06,696.413
2,2950,1.956e+06,1.95611e+06,696.413
2,2951,1.956e+06,1.95611e+06,696.413
2,2952,1.956e+06,1.95611e+06,696.413
2,2953,1.956e+06,1.95611e+06,696.413
2,2954,1.956e+06,1.95611e+06,696.413
2,2955,1.956e+06,1.95611e+06,696.413
2,2956,1.956e+06,1.9561e+06,696.413
2,2957,1.956e+06,1.9561e+06,696.413
2,2958,1.956e+06,1.9561e+06,696.413
2,2959,1.956e+06,1.9561e+06,696.413
2,2960,1.956e+06,1.95601e+06,696.413
2,2961,1.956e+06,1.95601e+06,689.449
2,2962,1.956e+06,1.95601e+06,689.449
2,2963,1.956e+06,1.95601e+06,689.449
2,2964,1.956e+06,1.95601e+06,689.449
2,2965,1.956e+06,1.95601e+06,689.449
2,2966,1.956e+06,1.95601e+06,689.449
2,2967,1.956e+06,1.95601e+06,689.449
2,2968,1.956e+06,1.95601e+06,689.449
2,2969,1.956e+06,1.95601e+06,689.449
2,2970,1.956e+06,1.95601e+06,689.449
2,2971,1.956e+06,1.95601e+06,689.449
2,2972,1.956e+06,1.95601e+06,689.449
2,2973,1.956e+06,1.95601e+06,689.449
2,2974,1.956e+06,1.95601e+06,689.449
2,2975,1.956e+06,1.95601e+06,689.449
2,2976,1.956e+06,1.95601e+06,689.449
2,2977,1.956e+06,1.95601e+06,689.449
2,2978,1.956e+06,1.95601e+06,689.449
2,2979,1.956e+06,1.95601e+06,689.449
2,2980,1.956e+06,1.95601e+06,689.449
2,2981,1.956e+06,1.95601e+06,689.449
2,2982,1.956e+06,1.95601e+06,689.449
2,2983,1.956e+06,1.95601e+06,689.449
2,2984,1.956e+06,1.95601e+06,689.449
2,2985,1.956e+06,1.95601e+06,689.449
2,2986,1.956e+06,1.95601e+06,689.449
2,2987,1.956e+06,1.95601e+06,689.449
2,2988,1.956e+06,1.95601e+06,689.449
2,2989,1.956e+06,1.95601e+06,689.449
2,2990,1.956e+06,1.95601e+06,689.449
2,2991,1.956e+06,1.95601e+06,689.449
2,2992,1.956e+06,1.95601e+06,689.449
2,2993,1.956e+06,1.95601e+06,689.449
2,2994,1.956e+06,1.95601e+06,689.449
2,2995,1.956e+06,1.95601e+06,689.449
2,2996,1.956e+06,1.95601e+06,689.449
2,2997,1.956e+06,1.95601e+06,689.449
2,2998,1.956e+06,1.95601e+06,689.449
2,2999,1.956e+06,1.95601e+06,689.449
2,3000,1.956e+06,1.95601e+06,689.449
2,3001,1.956e+06,1.95601e+06,689.449
2,3002,1.956e+06,1.95601e+06,689.449
2,3003,1.956e+06,1.95601e+06,689.449
2,3004,1.956e+06,1.95601e+06,689.449
2,3005,1.956e+06,1.95601e+06,689.449
2,3006,1.956e+06,1.956e+06,689.449
2,3007,1.956e+06,1.956e+06,689.449
2,3008,1.956e+06,1.956e+06,689.449
2,3009,1.956e+06,1.956e+06,689.449
2,3010,1.956e+06,1.956e+06,689.449
2,3011,1.956e+06,1.956e+06,689.449
2,3012,1.956e+06,1.956e+06,689.449
2,3013,1.956e+06,1.956e+06,689.449
2,3014,1.956e+06,1.956e+06,689.449
2,3015,1.956e+06,1.956e+06,689.449
2,3016,1.956e+06,1.956e+06,689.449
2,3017,1.956e+06,1.956e+06,689.449
2,3018,1.956e+06,1.956e+06,689.449
2,3019,1.956e+06,1.956e+06,689.449
2,3020,1.956e+06,1.956e+06,689.449
2,3021,1.956e+06,1.956e+06,689.449
2,3022,1.956e+06,1.956e+06,689.449
2,3023,1.956e+06,1.956e+06,689.449
2,3024,1.956e+06,1.956e+06,689.449
2,3025,1.956e+06,1.956e+06,689.449
2,3026,1.956e+06,1.956e+06,689.449
2,3027,1.956e+06,1.956e+06,689.449
2,3028,1.956e+06,1.956e+06,689.449
2,3029,1.956e+06,1.956e+06,689.449
2,3030,1.956e+06,1.956e+06,689.449
2,3031,1.956e+06,1.956e+06,689.449
2,3032,1.956e+06,1.956e+06,689.449
2,3033,1.956e+06,1.956e+06,689.449
2,3034,1.956e+06,1.95693e+06,689.449
2,3035,1.956e+06,1.95693e+06,689.449
2,3036,1.956e+06,1.95693e+06,689.449
2,3037,1.956e+06,1.95601e+06,689.449
2,3038,1.956e+06,1.95601e+06,689.449
2,3039,1.956e+06,1.95601e+06,689.449
2,3040,1.956e+06,1.95601e+06,689.449
2,3041,1.956e+06,1.95601e+06,682.555
2,3042,1.956e+06,1.95601e+06,682.555
2,3043,1.956e+06,1.956e+06,682.555
2,3044,1.956e+06,1.956e+06,682.555
2,3045,1.956e+06,1.956e+06,682.555
2,3046,1.956e+06,1.956e+06,682.555
2,3047,1.956e+06,1.956e+06,682.555
2,3048,1.956e+06,1.956e+06,682.555
2,3049,1.956e+06,1.956e+06,682.555
2,3050,1.956e+06,1.956e+06,682.555
2,3051,1.956e+06,1.956e+06,682.555
2,3052,1.956e+06,1.956e+06,682.555
2,3053,1.956e+06,1.956e+06,682.555
2,3054,1.956e+06,1.956e+06,682.555
2,3055,1.956e+06,1.956e+06,682.555
2,3056,1.956e+06,1.956e+06,682.555
2,3057,1.956e+06,1.956e+06,682.555
2,3058,1.956e+06,1.956e+06,682.555
2,3059,1.956e+06,1.956e+06,682.555
2,3060,1.956e+06,1.956e+06,682.555
2,3061,1.956e+06,1.956e+06,682.555
2,3062,1.956e+06,1.956e+06,682.555
2,3063,1.956e+06,1.956e+06,682.555
2,3064,1.956e+06,1.956e+06,682.555
2,3065,1.956e+06,1.956e+06,682.555
2,3066,1.956e+06,1.956e+06,682.555
2,3067,1.956e+06,1.956e+06,682.555
2,3068,1.956e+06,1.956e+06,682.555
2,3069,1.956e+06,1.956e+06,682.555
2,3070,1.956e+06,1.956e+06,682.555
2,3071,1.956e+06,1.956e+06,682.555
2,3072,1.956e+06,1.956e+06,682.555
2,3073,1.956e+06,1.956e+06,682.555
2,3074,1.956e+06,1.956e+06,682.555
2,3075,1.956e+06,1.956e+06,682.555
2,3076,1.956e+06,1.956e+06,682.555
2,3077,1.956e+06,1.956e+06,682.555
2,3078,1.956e+06,1.956e+06,682.555
2,3079,1.956e+06,1.956e+06,682.555
2,3080,1.956e+06,1.956e+06,682.555
2,3081,1.956e+06,1.956e+06,682.555
2,3082,1.956e+06,1.956e+06,682.555
2,3083,1.956e+06,1.956e+06,682.555
2,3084,1.956e+06,1.956e+06,682.555
2,3085,1.956e+06,1.956e+06,682.555
2,3086,1.956e+06,1.956e+06,682.555
2,3087,1.956e+06,1.956e+06,682.555
2,3088,1.956e+06,1.956e+06,682.555
2,3089,1.956e+06,1.956e+06,682.555
2,3090,1.956e+06,1.956e+06,682.555
2,3091,1.956e+06,1.956e+06,682.555
2,3092,1.956e+06,1.956e+06,682.555
2,3093,1.956e+06,1.956e+06,682.555
2,3094,1.956e+06,1.956e+06,682.555
2,3095,1.956e+06,1.956e+06,682.555
2,3096,1.956e+06,1.956e+06,682.555
2,3097,1.956e+06,1.956e+06,682.555
2,3098,1.956e+06,1.956e+06,682.555
2,3099,1.956e+06,1.956e+06,682.555
2,3100,1.956e+06,1.956e+06,682.555
2,3101,1.956e+06,1.956e+06,682.555
2,3102,1.956e+06,1.956e+06,682.555
2,3103,1.956e+06,1.956e+06,682.555
2,3104,1.956e+06,1.956e+06,682.555
2,3105,1.956e+06,1.956e+06,682.555
2,3106,1.956e+06,1.956e+06,682.555
2,3107,1.956e+06,1.956e+06,682.555
2,3108,1.956e+06,1.956e+06,682.555
2,3109,1.956e+06,1.956e+06,682.555
2,3110,1.956e+06,1.956e+06,682.555
2,3111,1.956e+06,1.956e+06,682.555
2,3112,1.956e+06,1.95701e+06,682.555
2,3113,1.956e+06,1.95695e+06,682.555
2,3114,1.956e+06,1.95695e+06,682.555
2,3115,1.956e+06,1.95695e+06,682.555
2,3116,1.956e+06,1.95695e+06,682.555
2,3117,1.956e+06,1.95695e+06,682.555
2,3118,1.956e+06,1.95695e+06,682.555
2,3119,1.956e+06,1.95695e+06,682.555
2,3120,1.956e+06,1.95693e+06,682.555
2,3121,1.956e+06,1.95693e+06,675.729
2,3122,1.956e+06,1.95693e+06,675.729
2,3123,1.956e+06,1.95693e+06,675.729
2,3124,1.956e+06,1.95693e+06,675.729
2,3125,1.956e+06,1.95693e+06,675.729
2,3126,1.956e+06,1.95701e+06,675.729
2,3127,1.956e+06,1.956e+06,675.729
2,3128,1.956e+06,1.956e+06,675.729
2,3129,1.956e+06,1.956e+06,675.729
2,3130,1.956e+06,1.956e+06,675.729
2,3131,1.956e+06,1.956e+06,675.729
2,3132,1.956e+06,1.956e+06,675.729
2,3133,1.956e+06,1.956e+06,675.729
2,3134,1.956e+06,1.956e+06,675.729
2,3135,1.956e+06,1.956e+06,675.729
2,3136,1.956e+06,1.956e+06,675.729
2,3137,1.956e+06,1.956e+06,675.729
2,3138,1.956e+06,1.956e+06,675.729
2,3139,1.956e+06,1.956e+06,675.729
2,3140,1.956e+06,1.956e+06,675.729
2,3141,1.956e+06,1.956e+06,675.729
2,3142,1.956e+06,1.956e+06,675.729
2,3143,1.956e+06,1.956e+06,675.729
2,3144,1.956e+06,1.956e+06,675.729
2,3145,1.956e+06,1.956e+06,675.729
2,3146,1.956e+06,1.956e+06,675.729
2,3147,1.956e+06,1.956e+06,675.729
2,3148,1.956e+06,1.956e+06,675.729
2,3149,1.956e+06,1.956e+06,675.729
2,3150,1.956e+06,1.956e+06,675.729
2,3151,1.956e+06,1.956e+06,675.729
2,3152,1.956e+06,1.956e+06,675.729
2,3153,1.956e+06,1.956e+06,675.729
2,3154,1.956e+06,1.956e+06,675.729
2,3155,1.956e+06,1.956e+06,675.729
2,3156,1.956e+06,1.956e+06,675.729
2,3157,1.956e+06,1.956e+06,675.729
2,3158,1.956e+06,1.956e+06,675.729
2,3159,1.956e+06,1.956e+06,675.729
2,3160,1.956e+06,1.956e+06,675.729
2,3161,1.956e+06,1.956e+06,675.729
2,3162,1.956e+06,1.956e+06,675.729
2,3163,1.956e+06,1.956e+06,675.729
2,3164,1.956e+06,1.956e+06,675.729
2,3165,1.956e+06,1.956e+06,675.729
2,3166,1.956e+06,1.956e+06,675.729
2,3167,1.956e+06,1.956e+06,675.729
2,3168,1.956e+06,1.956e+06,675.729
2,3169,1.956e+06,1.956e+06,675.729
2,3170,1.956e+06,1.956e+06,675.729
2,3171,1.956e+06,1.956e+06,675.729
2,3172,1.956e+06,1.956e+06,675.729
2,3173,1.956e+06,1.956e+06,675.729
2,3174,1.956e+06,1.956e+06,675.729
2,3175,1.956e+06,1.956e+06,675.729
2,3176,1.956e+06,1.956e+06,675.729
2,3177,1.956e+06,1.956e+06,675.729
2,3178,1.956e+06,1.956e+06,675.729
2,3179,1.956e+06,1.956e+06,675.729
2,3180,1.956e+06,1.956e+06,675.729
2,3181,1.956e+06,1.956e+06,675.729
2,3182,1.956e+06,1.956e+06,675.729
2,3183,1.956e+06,1.956e+06,675.729
2,3184,1.956e+06,1.956e+06,675.729
2,3185,1.956e+06,1.956e+06,675.729
2,3186,1.956e+06,1.956e+06,675.729
2,3187,1.956e+06,1.956e+06,675.729
2,3188,1.956e+06,1.956e+06,675.729
2,3189,1.956e+06,1.956e+06,675.729
2,3190,1.956e+06,1.956e+06,675.729
2,3191,1.956e+06,1.956e+06,675.729
2,3192,1.956e+06,1.956e+06,675.729
2,3193,1.956e+06,1.956e+06,675.729
2,3194,1.956e+06,1.956e+06,675.729
2,3195,1.956e+06,1.956e+06,675.729
2,3196,1.956e+06,1.956e+06,675.729
2,3197,1.956e+06,1.956e+06,675.729
2,3198,1.956e+06,1.956e+06,675.729
2,3199,1.956e+06,1.956e+06,675.729
2,3200,1.956e+06,1.956e+06,675.729
2,3201,1.956e+06,1.956e+06,668.972
2,3202,1.956e+06,1.956e+06,668.972
2,3203,1.956e+06,1.956e+06,668.972
2,3204,1.956e+06,1.956e+06,668.972
2,3205,1.956e+06,1.956e+06,668.972
2,3206,1.956e+06,1.956e+06,668.972
2,3207,1.956e+06,1.956e+06,668.972
2,3208,1.956e+06,1.956e+06,668.972
2,3209,1.956e+06,1.956e+06,668.972
2,3210,1.956e+06,1.956e+06,668.972
2,3211,1.956e+06,1.956e+06,668.972
2,3212,1.956e+06,1.956e+06,668.972
2,3213,1.956e+06,1.956e+06,668.972
2,3214,1.956e+06,1.956e+06,668.972
2,3215,1.956e+06,1.956e+06,668.972
2,3216,1.956e+06,1.956e+06,668.972
2,3217,1.956e+06,1.956e+06,668.972
2,3218,1.956e+06,1.956e+06,668.972
2,3219,1.956e+06,1.956e+06,668.972
2,3220,1.956e+06,1.956e+06,668.972
2,3221,1.956e+06,1.956e+06,668.972
2,3222,1.956e+06,1.956e+06,668.972
2,3223,1.956e+06,1.956e+06,668.972
2,3224,1.956e+06,1.956e+06,668.972
2,3225,1.956e+06,1.956e+06,668.972
2,3226,1.956e+06,1.956e+06,668.972
2,3227,1.956e+06,1.956e+06,668.972
2,3228,1.956e+06,1.956e+06,668.972
2,3229,1.956e+06,1.956e+06,668.972
2,3230,1.956e+06,1.956e+06,668.972
2,3231,1.956e+06,1.956e+06,668.972
2,3232,1.956e+06,1.956e+06,668.972
2,3233,1.956e+06,1.956e+06,668.972
2,3234,1.956e+06,1.956e+06,668.972
2,3235,1.956e+06,1.956e+06,668.972
2,3236,1.956e+06,1.95702e+06,668.972
2,3237,1.956e+06,1.95702e+06,668.972
2,3238,1.956e+06,1.95702e+06,668.972
2,3239,1.956e+06,1.95702e+06,668.972
2,3240,1.956e+06,1.95609e+06,668.972
2,3241,1.956e+06,1.956e+06,668.972
2,3242,1.956e+06,1.956e+06,668.972
2,3243,1.956e+06,1.956e+06,668.972
2,3244,1.956e+06,1.956e+06,668.972
2,3245,1.956e+06,1.956e+06,668.972
2,3246,1.956e+06,1.956e+06,668.972
2,3247,1.956e+06,1.956e+06,668.972
2,3248,1.956e+06,1.956e+06,668.972
2,3249,1.956e+06,1.95702e+06,668.972
2,3250,1.956e+06,1.95695e+06,668.972
2,3251,1.956e+06,1.95695e+06,668.972
2,3252,1.956e+06,1.95695e+06,668.972
2,3253,1.956e+06,1.95695e+06,668.972
2,3254,1.956e+06,1.95695e+06,668.972
2,3255,1.956e+06,1.95695e+06,668.972
2,3256,1.956e+06,1.95695e+06,668.972
2,3257,1.956e+06,1.95695e+06,668.972
2,3258,1.956e+06,1.95695e+06,668.972
2,3259,1.956e+06,1.95695e+06,668.972
2,3260,1.956e+06,1.95695e+06,668.972
2,3261,1.956e+06,1.95695e+06,668.972
2,3262,1.956e+06,1.956e+06,668.972
2,3263,1.956e+06,1.956e+06,668.972
2,3264,1.956e+06,1.956e+06,668.972
2,3265,1.956e+06,1.956e+06,668.972
2,3266,1.956e+06,1.956e+06,668.972
2,3267,1.956e+06,1.956e+06,668.972
2,3268,1.956e+06,1.956e+06,668.972
2,3269,1.956e+06,1.956e+06,668.972
2,3270,1.956e+06,1.956e+06,668.972
2,3271,1.956e+06,1.956e+06,668.972
2,3272,1.956e+06,1.956e+06,668.972
2,3273,1.956e+06,1.956e+06,668.972
2,3274,1.956e+06,1.956e+06,668.972
2,3275,1.956e+06,1.956e+06,668.972
2,3276,1.956e+06,1.956e+06,668.972
2,3277,1.956e+06,1.956e+06,668.972
2,3278,1.956e+06,1.956e+06,668.972
2,3279,1.956e+06,1.956e+06,668.972
2,3280,1.956e+06,1.956e+06,668.972
2,3281,1.956e+06,1.956e+06,662.282
2,3282,1.956e+06,1.956e+06,662.282
2,3283,1.956e+06,1.956e+06,662.282
2,3284,1.956e+06,1.956e+06,662.282
2,3285,1.956e+06,1.956e+06,662.282
2,3286,1.956e+06,1.956e+06,662.282
2,3287,1.956e+06,1.956e+06,662.282
2,3288,1.956e+06,1.956e+06,662.282
2,3289,1.956e+06,1.956e+06,662.282
2,3290,1.956e+06,1.956e+06,662.282
2,3291,1.956e+06,1.956e+06,662.282
2,3292,1.956e+06,1.956e+06,662.282
2,3293,1.956e+06,1.956e+06,662.282
2,3294,1.956e+06,1.956e+06,662.282
2,3295,1.956e+06,1.956e+06,662.282
2,3296,1.956e+06,1.956e+06,662.282
2,3297,1.956e+06,1.956e+06,662.282
2,3298,1.956e+06,1.956e+06,662.282
2,3299,1.956e+06,1.956e+06,662.282
2,3300,1.956e+06,1.956e+06,662.282
2,3301,1.956e+06,1.956e+06,662.282
2,3302,1.956e+06,1.95603e+06,662.282
2,3303,1.956e+06,1.95603e+06,662.282
2,3304,1.956e+06,1.95603e+06,662.282
2,3305,1.956e+06,1.956e+06,662.282
2,3306,1.956e+06,1.956e+06,662.282
2,3307,1.956e+06,1.956e+06,662.282
2,3308,1.956e+06,1.956e+06,662.282
2,3309,1.956e+06,1.956e+06,662.282
2,3310,1.956e+06,1.956e+06,662.282
2,3311,1.956e+06,1.956e+06,662.282
2,3312,1.956e+06,1.956e+06,662.282
2,3313,1.956e+06,1.956e+06,662.282
2,3314,1.956e+06,1.956e+06,662.282
2,3315,1.956e+06,1.956e+06,662.282
2,3316,1.956e+06,1.956e+06,662.282
2,3317,1.956e+06,1.956e+06,662.282
2,3318,1.956e+06,1.956e+06,662.282
2,3319,1.956e+06,1.956e+06,662.282
2,3320,1.956e+06,1.956e+06,662.282
2,3321,1.956e+06,1.956e+06,662.282
2,3322,1.956e+06,1.956e+06,662.282
2,3323,1.956e+06,1.956e+06,662.282
2,3324,1.956e+06,1.956e+06,662.282
2,3325,1.956e+06,1.956e+06,662.282
2,3326,1.956e+06,1.956e+06,662.282
2,3327,1.956e+06,1.956e+06,662.282
2,3328,1.956e+06,1.956e+06,662.282
2,3329,1.956e+06,1.956e+06,662.282
2,3330,1.956e+06,1.956e+06,662.282
2,3331,1.956e+06,1.956e+06,662.282
2,3332,1.956e+06,1.956e+06,662.282
2,3333,1.956e+06,1.956e+06,662.282
2,3334,1.956e+06,1.956e+06,662.282
2,3335,1.956e+06,1.956e+06,662.282
2,3336,1.956e+06,1.956e+06,662.282
2,3337,1.956e+06,1.956e+06,662.282
2,3338,1.956e+06,1.956e+06,662.282
2,3339,1.956e+06,1.956e+06,662.282
2,3340,1.956e+06,1.956e+06,662.282
2,3341,1.956e+06,1.956e+06,662.282
2,3342,1.956e+06,1.956e+06,662.282
2,3343,1.956e+06,1.956e+06,662.282
2,3344,1.956e+06,1.956e+06,662.282
2,3345,1.956e+06,1.956e+06,662.282
2,3346,1.956e+06,1.956e+06,662.282
2,3347,1.956e+06,1.956e+06,662.282
2,3348,1.956e+06,1.956e+06,662.282
2,3349,1.956e+06,1.956e+06,662.282
2,3350,1.956e+06,1.956e+06,662.282
2,3351,1.956e+06,1.956e+06,662.282
2,3352,1.956e+06,1.956e+06,662.282
2,3353,1.956e+06,1.956e+06,662.282
2,3354,1.956e+06,1.956e+06,662.282
2,3355,1.956e+06,1.956e+06,662.282
2,3356,1.956e+06,1.956e+06,662.282
2,3357,1.956e+06,1.956e+06,662.282
2,3358,1.956e+06,1.956e+06,662.282
2,3359,1.956e+06,1.956e+06,662.282
2,3360,1.956e+06,1.956e+06,662.282
2,3361,1.956e+06,1.956e+06,655.659
2,3362,1.956e+06,1.956e+06,655.659
2,3363,1.956e+06,1.956e+06,655.659
2,3364,1.956e+06,1.956e+06,655.659
2,3365,1.956e+06,1.956e+06,655.659
2,3366,1.956e+06,1.956e+06,655.659
2,3367,1.956e+06,1.956e+06,655.659
2,3368,1.956e+06,1.956e+06,655.659
2,3369,1.956e+06,1.956e+06,655.659
2,3370,1.956e+06,1.956e+06,655.659
2,3371,1.956e+06,1.956e+06,655.659
2,3372,1.956e+06,1.956e+06,655.659
2,3373,1.956e+06,1.956e+06,655.659
2,3374,1.956e+06,1.956e+06,655.659
2,3375,1.956e+06,1.956e+06,655.659
2,3376,1.956e+06,1.956e+06,655.659
2,3377,1.956e+06,1.956e+06,655.659
2,3378,1.956e+06,1.956e+06,655.659
2,3379,1.956e+06,1.956e+06,655.659
2,3380,1.956e+06,1.956e+06,655.659
2,3381,1.956e+06,1.956e+06,655.659
2,3382,1.956e+06,1.956e+06,655.659
2,3383,1.956e+06,1.956e+06,655.659
2,3384,1.956e+06,1.956e+06,655.659
2,3385,1.956e+06,1.956e+06,655.659
2,3386,1.956e+06,1.956e+06,655.659
2,3387,1.956e+06,1.956e+06,655.659
2,3388,1.956e+06,1.956e+06,655.659
2,3389,1.956e+06,1.956e+06,655.659
2,3390,1.956e+06,1.956e+06,655.659
2,3391,1.956e+06,1.956e+06,655.659
2,3392,1.956e+06,1.956e+06,655.659
2,3393,1.956e+06,1.956e+06,655.659
2,3394,1.956e+06,1.956e+06,655.659
2,3395,1.956e+06,1.956e+06,655.659
2,3396,1.956e+06,1.956e+06,655.659
2,3397,1.956e+06,1.956e+06,655.659
2,3398,1.956e+06,1.956e+06,655.659
2,3399,1.956e+06,1.956e+06,655.659
2,3400,1.956e+06,1.956e+06,655.659
2,3401,1.956e+06,1.956e+06,655.659
2,3402,1.956e+06,1.956e+06,655.659
2,3403,1.956e+06,1.956e+06,655.659
2,3404,1.956e+06,1.956e+06,655.659
2,3405,1.956e+06,1.956e+06,655.659
2,3406,1.956e+06,1.956e+06,655.659
2,3407,1.956e+06,1.956e+06,655.659
2,3408,1.956e+06,1.956e+06,655.659
2,3409,1.956e+06,1.956e+06,655.659
2,3410,1.956e+06,1.956e+06,655.659
2,3411,1.956e+06,1.956e+06,655.659
2,3412,1.956e+06,1.956e+06,655.659
2,3413,1.956e+06,1.956e+06,655.659
2,3414,1.956e+06,1.956e+06,655.659
2,3415,1.956e+06,1.956e+06,655.659
2,3416,1.956e+06,1.956e+06,655.659
2,3417,1.956e+06,1.956e+06,655.659
2,3418,1.956e+06,1.956e+06,655.659
2,3419,1.956e+06,1.956e+06,655.659
2,3420,1.956e+06,1.956e+06,655.659
2,3421,1.956e+06,1.956e+06,655.659
2,3422,1.956e+06,1.956e+06,655.659
2,3423,1.956e+06,1.956e+06,655.659
2,3424,1.956e+06,1.956e+06,655.659
2,3425,1.956e+06,1.956e+06,655.659
2,3426,1.956e+06,1.956e+06,655.659
2,3427,1.956e+06,1.956e+06,655.659
2,3428,1.956e+06,1.956e+06,655.659
2,3429,1.956e+06,1.956e+06,655.659
2,3430,1.956e+06,1.956e+06,655.659
2,3431,1.956e+06,1.956e+06,655.659
2,3432,1.956e+06,1.956e+06,655.659
2,3433,1.956e+06,1.956e+06,655.659
2,3434,1.956e+06,1.956e+06,655.659
2,3435,1.956e+06,1.956e+06,655.659
2,3436,1.956e+06,1.956e+06,655.659
2,3437,1.956e+06,1.956e+06,655.659
2,3438,1.956e+06,1.956e+06,655.659
2,3439,1.956e+06,1.956e+06,655.659
2,3440,1.956e+06,1.956e+06,655.659
2,3441,1.956e+06,1.956e+06,649.103
2,3442,1.956e+06,1.95607e+06,649.103
2,3443,1.956e+06,1.95607e+06,649.103
2,3444,1.956e+06,1.95607e+06,649.103
2,3445,1.956e+06,1.95607e+06,649.103
2,3446,1.956e+06,1.95607e+06,649.103
2,3447,1.956e+06,1.95607e+06,649.103
2,3448,1.956e+06,1.95607e+06,649.103
2,3449,1.956e+06,1.95607e+06,649.103
2,3450,1.956e+06,1.95607e+06,649.103
2,3451,1.956e+06,1.95607e+06,649.103
2,3452,1.956e+06,1.95607e+06,649.103
2,3453,1.956e+06,1.956e+06,649.103
2,3454,1.956e+06,1.956e+06,649.103
2,3455,1.956e+06,1.956e+06,649.103
2,3456,1.956e+06,1.956e+06,649.103
2,3457,1.956e+06,1.956e+06,649.103
2,3458,1.956e+06,1.956e+06,649.103
2,3459,1.956e+06,1.956e+06,649.103
2,3460,1.956e+06,1.956e+06,649.103
2,3461,1.956e+06,1.956e+06,649.103
2,3462,1.956e+06,1.956e+06,649.103
2,3463,1.956e+06,1.956e+06,649.103
2,3464,1.956e+06,1.956e+06,649.103
2,3465,1.956e+06,1.956e+06,649.103
2,3466,1.956e+06,1.956e+06,649.103
2,3467,1.956e+06,1.956e+06,649.103
2,3468,1.956e+06,1.956e+06,649.103
2,3469,1.956e+06,1.956e+06,649.103
2,3470,1.956e+06,1.956e+06,649.103
2,3471,1.956e+06,1.956e+06,649.103
2,3472,1.956e+06,1.956e+06,649.103
2,3473,1.956e+06,1.956e+06,649.103
2,3474,1.956e+06,1.956e+06,649.103
2,3475,1.956e+06,1.956e+06,649.103
2,3476,1.956e+06,1.956e+06,649.103
2,3477,1.956e+06,1.956e+06,649.103
2,3478,1.956e+06,1.956e+06,649.103
2,3479,1.956e+06,1.956e+06,649.103
2,3480,1.956e+06,1.956e+06,649.103
2,3481,1.956e+06,1.956e+06,649.103
2,3482,1.956e+06,1.956e+06,649.103
2,3483,1.956e+06,1.956e+06,649.103
2,3484,1.956e+06,1.956e+06,649.103
2,3485,1.956e+06,1.956e+06,649.103
2,3486,1.956e+06,1.95607e+06,649.103
2,3487,1.956e+06,1.95607e+06,649.103
2,3488,1.956e+06,1.95607e+06,649.103
2,3489,1.956e+06,1.95607e+06,649.103
2,3490,1.956e+06,1.95607e+06,649.103
2,3491,1.956e+06,1.95607e+06,649.103
2,3492,1.956e+06,1.95607e+06,649.103
2,3493,1.956e+06,1.95607e+06,649.103
2,3494,1.956e+06,1.95607e+06,649.103
2,3495,1.956e+06,1.95607e+06,649.103
2,3496,1.956e+06,1.956e+06,649.103
2,3497,1.956e+06,1.956e+06,649.103
2,3498,1.956e+06,1.956e+06,649.103
2,3499,1.956e+06,1.956e+06,649.103
2,3500,1.956e+06,1.956e+06,649.103
2,3501,1.956e+06,1.956e+06,649.103
2,3502,1.956e+06,1.956e+06,649.103
2,3503,1.956e+06,1.956e+06,649.103
2,3504,1.956e+06,1.956e+06,649.103
2,3505,1.956e+06,1.956e+06,649.103
2,3506,1.956e+06,1.956e+06,649.103
2,3507,1.956e+06,1.956e+06,649.103
2,3508,1.956e+06,1.956e+06,649.103
2,3509,1.956e+06,1.956e+06,649.103
2,3510,1.956e+06,1.956e+06,649.103
2,3511,1.956e+06,1.956e+06,649.103
2,3512,1.956e+06,1.956e+06,649.103
2,3513,1.956e+06,1.956e+06,649.103
2,3514,1.956e+06,1.956e+06,649.103
2,3515,1.956e+06,1.956e+06,649.103
2,3516,1.956e+06,1.956e+06,649.103
2,3517,1.956e+06,1.956e+06,649.103
2,3518,1.956e+06,1.956e+06,649.103
2,3519,1.956e+06,1.956e+06,649.103
2,3520,1.956e+06,1.956e+06,649.103
2,3521,1.956e+06,1.956e+06,642.612
2,3522,1.956e+06,1.956e+06,642.612
2,3523,1.956e+06,1.956e+06,642.612
2,3524,1.956e+06,1.956e+06,642.612
2,3525,1.956e+06,1.956e+06,642.612
2,3526,1.956e+06,1.956e+06,642.612
2,3527,1.956e+06,1.956e+06,642.612
2,3528,1.956e+06,1.956e+06,642.612
2,3529,1.956e+06,1.956e+06,642.612
2,3530,1.956e+06,1.956e+06,642.612
2,3531,1.956e+06,1.956e+06,642.612
2,3532,1.956e+06,1.956e+06,642.612
2,3533,1.956e+06,1.956e+06,642.612
2,3534,1.956e+06,1.956e+06,642.612
2,3535,1.956e+06,1.956e+06,642.612
2,3536,1.956e+06,1.956e+06,642.612
2,3537,1.956e+06,1.956e+06,642.612
2,3538,1.956e+06,1.956e+06,642.612
2,3539,1.956e+06,1.95702e+06,642.612
2,3540,1.956e+06,1.95702e+06,642.612
2,3541,1.956e+06,1.95702e+06,642.612
2,3542,1.956e+06,1.95702e+06,642.612
2,3543,1.956e+06,1.95702e+06,642.612
2,3544,1.956e+06,1.95702e+06,642.612
2,3545,1.956e+06,1.95702e+06,642.612
2,3546,1.956e+06,1.95702e+06,642.612
2,3547,1.956e+06,1.95695e+06,642.612
2,3548,1.956e+06,1.95695e+06,642.612
2,3549,1.956e+06,1.95695e+06,642.612
2,3550,1.956e+06,1.95695e+06,642.612
2,3551,1.956e+06,1.95695e+06,642.612
2,3552,1.956e+06,1.95695e+06,642.612
2,3553,1.956e+06,1.95695e+06,642.612
2,3554,1.956e+06,1.95695e+06,642.612
2,3555,1.956e+06,1.95695e+06,642.612
2,3556,1.956e+06,1.95695e+06,642.612
2,3557,1.956e+06,1.95695e+06,642.612
2,3558,1.956e+06,1.95695e+06,642.612
2,3559,1.956e+06,1.956e+06,642.612
2,3560,1.956e+06,1.956e+06,642.612
2,3561,1.956e+06,1.956e+06,642.612
2,3562,1.956e+06,1.956e+06,642.612
2,3563,1.956e+06,1.956e+06,642.612
2,3564,1.956e+06,1.956e+06,642.612
2,3565,1.956e+06,1.95607e+06,642.612
2,3566,1.956e+06,1.95607e+06,642.612
2,3567,1.956e+06,1.95607e+06,642.612
2,3568,1.956e+06,1.95607e+06,642.612
2,3569,1.956e+06,1.95607e+06,642.612
2,3570,1.956e+06,1.95607e+06,642.612
2,3571,1.956e+06,1.95607e+06,642.612
2,3572,1.956e+06,1.95607e+06,642.612
2,3573,1.956e+06,1.95607e+06,642.612
2,3574,1.956e+06,1.95607e+06,642.612
2,3575,1.956e+06,1.95607e+06,642.612
2,3576,1.956e+06,1.95607e+06,642.612
2,3577,1.956e+06,1.95607e+06,642.612
2,3578,1.956e+06,1.95607e+06,642.612
2,3579,1.956e+06,1.95607e+06,642.612
2,3580,1.956e+06,1.95607e+06,642.612
2,3581,1.956e+06,1.95607e+06,642.612
2,3582,1.956e+06,1.95607e+06,642.612
2,3583,1.956e+06,1.95607e+06,642.612
2,3584,1.956e+06,1.95607e+06,642.612
2,3585,1.956e+06,1.95607e+06,642.612
2,3586,1.956e+06,1.95607e+06,642.612
2,3587,1.956e+06,1.95607e+06,642.612
2,3588,1.956e+06,1.95607e+06,642.612
2,3589,1.956e+06,1.95607e+06,642.612
2,3590,1.956e+06,1.95607e+06,642.612
2,3591,1.956e+06,1.95607e+06,642.612
2,3592,1.956e+06,1.95607e+06,642.612
2,3593,1.956e+06,1.95607e+06,642.612
2,3594,1.956e+06,1.95607e+06,642.612
2,3595,1.956e+06,1.95607e+06,642.612
2,3596,1.956e+06,1.956e+06,642.612
2,3597,1.956e+06,1.956e+06,642.612
2,3598,1.956e+06,1.956e+06,642.612
2,3599,1.956e+06,1.956e+06,642.612
2,3600,1.956e+06,1.956e+06,642.612
2,3601,1.956e+06,1.956e+06,636.185
2,3602,1.956e+06,1.956e+06,636.185
2,3603,1.956e+06,1.956e+06,636.185
2,3604,1.956e+06,1.956e+06,636.185
2,3605,1.956e+06,1.956e+06,636.185
2,3606,1.956e+06,1.956e+06,636.185
2,3607,1.956e+06,1.956e+06,636.185
2,3608,1.956e+06,1.956e+06,636.185
2,3609,1.956e+06,1.956e+06,636.185
2,3610,1.956e+06,1.956e+06,636.185
2,3611,1.956e+06,1.956e+06,636.185
2,3612,1.956e+06,1.956e+06,636.185
2,3613,1.956e+06,1.956e+06,636.185
2,3614,1.956e+06,1.956e+06,636.185
2,3615,1.956e+06,1.956e+06,636.185
2,3616,1.956e+06,1.95701e+06,636.185
2,3617,1.956e+06,1.95701e+06,636.185
2,3618,1.956e+06,1.95701e+06,636.185
2,3619,1.956e+06,1.95701e+06,636.185
2,3620,1.956e+06,1.95701e+06,636.185
2,3621,1.956e+06,1.95701e+06,636.185
2,3622,1.956e+06,1.95701e+06,636.185
2,3623,1.956e+06,1.95701e+06,636.185
2,3624,1.956e+06,1.95701e+06,636.185
2,3625,1.956e+06,1.95701e+06,636.185
2,3626,1.956e+06,1.95695e+06,636.185
2,3627,1.956e+06,1.95695e+06,636.185
2,3628,1.956e+06,1.95695e+06,636.185
2,3629,1.956e+06,1.956e+06,636.185
2,3630,1.956e+06,1.956e+06,636.185
2,3631,1.956e+06,1.956e+06,636.185
2,3632,1.956e+06,1.956e+06,636.185
2,3633,1.956e+06,1.956e+06,636.185
2,3634,1.956e+06,1.956e+06,636.185
2,3635,1.956e+06,1.956e+06,636.185
2,3636,1.956e+06,1.956e+06,636.185
2,3637,1.956e+06,1.956e+06,636.185
2,3638,1.956e+06,1.956e+06,636.185
2,3639,1.956e+06,1.956e+06,636.185
2,3640,1.956e+06,1.956e+06,636.185
2,3641,1.956e+06,1.956e+06,636.185
2,3642,1.956e+06,1.956e+06,636.185
2,3643,1.956e+06,1.956e+06,636.185
2,3644,1.956e+06,1.956e+06,636.185
2,3645,1.956e+06,1.956e+06,636.185
2,3646,1.956e+06,1.956e+06,636.185
2,3647,1.956e+06,1.956e+06,636.185
2,3648,1.956e+06,1.956e+06,636.185
2,3649,1.956e+06,1.956e+06,636.185
2,3650,1.956e+06,1.956e+06,636.185
2,3651,1.956e+06,1.956e+06,636.185
2,3652,1.956e+06,1.956e+06,636.185
2,3653,1.956e+06,1.956e+06,636.185
2,3654,1.956e+06,1.956e+06,636.185
2,3655,1.956e+06,1.956e+06,636.185
2,3656,1.956e+06,1.956e+06,636.185
2,3657,1.956e+06,1.956e+06,636.185
2,3658,1.956e+06,1.956e+06,636.185
2,3659,1.956e+06,1.956e+06,636.185
2,3660,1.956e+06,1.956e+06,636.185
2,3661,1.956e+06,1.956e+06,636.185
2,3662,1.956e+06,1.956e+06,636.185
2,3663,1.956e+06,1.956e+06,636.185
2,3664,1.956e+06,1.956e+06,636.185
2,3665,1.956e+06,1.956e+06,636.185
2,3666,1.956e+06,1.956e+06,636.185
2,3667,1.956e+06,1.956e+06,636.185
2,3668,1.956e+06,1.956e+06,636.185
2,3669,1.956e+06,1.95607e+06,636.185
2,3670,1.956e+06,1.95607e+06,636.185
2,3671,1.956e+06,1.95607e+06,636.185
2,3672,1.956e+06,1.95607e+06,636.185
2,3673,1.956e+06,1.95607e+06,636.185
2,3674,1.956e+06,1.95607e+06,636.185
2,3675,1.956e+06,1.95607e+06,636.185
2,3676,1.956e+06,1.95607e+06,636.185
2,3677,1.956e+06,1.95607e+06,636.185
2,3678,1.956e+06,1.95607e+06,636.185
2,3679,1.956e+06,1.95607e+06,636.185
2,3680,1.956e+06,1.95607e+06,636.185
2,3681,1.956e+06,1.95607e+06,629.824
2,3682,1.956e+06,1.95607e+06,629.824
2,3683,1.956e+06,1.95607e+06,629.824
2,3684,1.956e+06,1.95607e+06,629.824
2,3685,1.956e+06,1.95607e+06,629.824
2,3686,1.956e+06,1.95607e+06,629.824
2,3687,1.956e+06,1.956e+06,629.824
2,3688,1.956e+06,1.956e+06,629.824
2,3689,1.956e+06,1.956e+06,629.824
2,3690,1.956e+06,1.956e+06,629.824
2,3691,1.956e+06,1.956e+06,629.824
2,3692,1.956e+06,1.956e+06,629.824
2,3693,1.956e+06,1.956e+06,629.824
2,3694,1.956e+06,1.956e+06,629.824
2,3695,1.956e+06,1.956e+06,629.824
2,3696,1.956e+06,1.956e+06,629.824
2,3697,1.956e+06,1.956e+06,629.824
2,3698,1.956e+06,1.956e+06,629.824
2,3699,1.956e+06,1.956e+06,629.824
2,3700,1.956e+06,1.956e+06,629.824
2,3701,1.956e+06,1.956e+06,629.824
2,3702,1.956e+06,1.956e+06,629.824
2,3703,1.956e+06,1.956e+06,629.824
2,3704,1.956e+06,1.956e+06,629.824
2,3705,1.956e+06,1.956e+06,629.824
2,3706,1.956e+06,1.956e+06,629.824
2,3707,1.956e+06,1.956e+06,629.824
2,3708,1.956e+06,1.956e+06,629.824
2,3709,1.956e+06,1.956e+06,629.824
2,3710,1.956e+06,1.956e+06,629.824
2,3711,1.956e+06,1.956e+06,629.824
2,3712,1.956e+06,1.956e+06,629.824
2,3713,1.956e+06,1.956e+06,629.824
2,3714,1.956e+06,1.956e+06,629.824
2,3715,1.956e+06,1.956e+06,629.824
2,3716,1.956e+06,1.956e+06,629.824
2,3717,1.956e+06,1.956e+06,629.824
2,3718,1.956e+06,1.956e+06,629.824
2,3719,1.956e+06,1.956e+06,629.824
2,3720,1.956e+06,1.956e+06,629.824
2,3721,1.956e+06,1.956e+06,629.824
2,3722,1.956e+06,1.956e+06,629.824
2,3723,1.956e+06,1.956e+06,629.824
2,3724,1.956e+06,1.956e+06,629.824
2,3725,1.956e+06,1.956e+06,629.824
2,3726,1.956e+06,1.956e+06,629.824
2,3727,1.956e+06,1.956e+06,629.824
2,3728,1.956e+06,1.956e+06,629.824
2,3729,1.956e+06,1.956e+06,629.824
2,3730,1.956e+06,1.956e+06,629.824
2,3731,1.956e+06,1.956e+06,629.824
2,3732,1.956e+06,1.956e+06,629.824
2,3733,1.956e+06,1.956e+06,629.824
2,3734,1.956e+06,1.956e+06,629.824
2,3735,1.956e+06,1.956e+06,629.824
2,3736,1.956e+06,1.956e+06,629.824
2,3737,1.956e+06,1.956e+06,629.824
2,3738,1.956e+06,1.956e+06,629.824
2,3739,1.956e+06,1.956e+06,629.824
2,3740,1.956e+06,1.956e+06,629.824
2,3741,1.956e+06,1.956e+06,629.824
2,3742,1.956e+06,1.956e+06,629.824
2,3743,1.956e+06,1.956e+06,629.824
2,3744,1.956e+06,1.956e+06,629.824
2,3745,1.956e+06,1.956e+06,629.824
2,3746,1.956e+06,1.956e+06,629.824
2,3747,1.956e+06,1.956e+06,629.824
2,3748,1.956e+06,1.956e+06,629.824
2,3749,1.956e+06,1.956e+06,629.824
2,3750,1.956e+06,1.956e+06,629.824
2,3751,1.956e+06,1.956e+06,629.824
2,3752,1.956e+06,1.956e+06,629.824
2,3753,1.956e+06,1.956e+06,629.824
2,3754,1.956e+06,1.956e+06,629.824
2,3755,1.956e+06,1.956e+06,629.824
2,3756,1.956e+06,1.956e+06,629.824
2,3757,1.956e+06,1.956e+06,629.824
2,3758,1.956e+06,1.956e+06,629.824
2,3759,1.956e+06,1.956e+06,629.824
2,3760,1.956e+06,1.956e+06,629.824
2,3761,1.956e+06,1.956e+06,623.525
2,3762,1.956e+06,1.956e+06,623.525
2,3763,1.956e+06,1.956e+06,623.525
2,3764,1.956e+06,1.956e+06,623.525
2,3765,1.956e+06,1.956e+06,623.525
2,3766,1.956e+06,1.956e+06,623.525
2,3767,1.956e+06,1.956e+06,623.525
2,3768,1.956e+06,1.956e+06,623.525
2,3769,1.956e+06,1.956e+06,623.525
2,3770,1.956e+06,1.956e+06,623.525
2,3771,1.956e+06,1.956e+06,623.525
2,3772,1.956e+06,1.956e+06,623.525
2,3773,1.956e+06,1.956e+06,623.525
2,3774,1.956e+06,1.956e+06,623.525
2,3775,1.956e+06,1.956e+06,623.525
2,3776,1.956e+06,1.956e+06,623.525
2,3777,1.956e+06,1.956e+06,623.525
2,3778,1.956e+06,1.956e+06,623.525
2,3779,1.956e+06,1.956e+06,623.525
2,3780,1.956e+06,1.956e+06,623.525
2,3781,1.956e+06,1.956e+06,623.525
2,3782,1.956e+06,1.956e+06,623.525
2,3783,1.956e+06,1.956e+06,623.525
2,3784,1.956e+06,1.956e+06,623.525
2,3785,1.956e+06,1.956e+06,623.525
2,3786,1.956e+06,1.956e+06,623.525
2,3787,1.956e+06,1.956e+06,623.525
2,3788,1.956e+06,1.956e+06,623.525
2,3789,1.956e+06,1.956e+06,623.525
2,3790,1.956e+06,1.956e+06,623.525
2,3791,1.956e+06,1.956e+06,623.525
2,3792,1.956e+06,1.956e+06,623.525
2,3793,1.956e+06,1.956e+06,623.525
2,3794,1.956e+06,1.956e+06,623.525
2,3795,1.956e+06,1.956e+06,623.525
2,3796,1.956e+06,1.956e+06,623.525
2,3797,1.956e+06,1.956e+06,623.525
2,3798,1.956e+06,1.956e+06,623.525
2,3799,1.956e+06,1.956e+06,623.525
2,3800,1.956e+06,1.956e+06,623.525
2,3801,1.956e+06,1.956e+06,623.525
2,3802,1.956e+06,1.956e+06,623.525
2,3803,1.956e+06,1.956e+06,623.525
2,3804,1.956e+06,1.956e+06,623.525
2,3805,1.956e+06,1.956e+06,623.525
2,3806,1.956e+06,1.956e+06,623.525
2,3807,1.956e+06,1.956e+06,623.525
2,3808,1.956e+06,1.956e+06,623.525
2,3809,1.956e+06,1.956e+06,623.525
2,3810,1.956e+06,1.956e+06,623.525
2,3811,1.956e+06,1.956e+06,623.525
2,3812,1.956e+06,1.956e+06,623.525
2,3813,1.956e+06,1.956e+06,623.525
2,3814,1.956e+06,1.956e+06,623.525
2,3815,1.956e+06,1.956e+06,623.525
2,3816,1.956e+06,1.956e+06,623.525
2,3817,1.956e+06,1.956e+06,623.525
2,3818,1.956e+06,1.956e+06,623.525
2,3819,1.956e+06,1.956e+06,623.525
2,3820,1.956e+06,1.956e+06,623.525
2,3821,1.956e+06,1.956e+06,623.525
2,3822,1.956e+06,1.956e+06,623.525
2,3823,1.956e+06,1.956e+06,623.525
2,3824,1.956e+06,1.956e+06,623.525
2,3825,1.956e+06,1.956e+06,623.525
2,3826,1.956e+06,1.956e+06,623.525
2,3827,1.956e+06,1.956e+06,623.525
2,3828,1.956e+06,1.956e+06,623.525
2,3829,1.956e+06,1.956e+06,623.525
2,3830,1.956e+06,1.956e+06,623.525
2,3831,1.956e+06,1.956e+06,623.525
2,3832,1.956e+06,1.956e+06,623.525
2,3833,1.956e+06,1.956e+06,623.525
2,3834,1.956e+06,1.956e+06,623.525
2,3835,1.956e+06,1.956e+06,623.525
2,3836,1.956e+06,1.956e+06,623.525
2,3837,1.956e+06,1.956e+06,623.525
2,3838,1.956e+06,1.956e+06,623.525
2,3839,1.956e+06,1.956e+06,623.525
2,3840,1.956e+06,1.956e+06,623.525
2,3841,1.956e+06,1.956e+06,617.29
2,3842,1.956e+06,1.956e+06,617.29
2,3843,1.956e+06,1.956e+06,617.29
2,3844,1.956e+06,1.956e+06,617.29
2,3845,1.956e+06,1.956e+06,617.29
2,3846,1.956e+06,1.956e+06,617.29
2,3847,1.956e+06,1.956e+06,617.29
2,3848,1.956e+06,1.956e+06,617.29
2,3849,1.956e+06,1.956e+06,617.29
2,3850,1.956e+06,1.956e+06,617.29
2,3851,1.956e+06,1.956e+06,617.29
2,3852,1.956e+06,1.956e+06,617.29
2,3853,1.956e+06,1.956e+06,617.29
2,3854,1.956e+06,1.956e+06,617.29
2,3855,1.956e+06,1.956e+06,617.29
2,3856,1.956e+06,1.956e+06,617.29
2,3857,1.956e+06,1.956e+06,617.29
2,3858,1.956e+06,1.956e+06,617.29
2,3859,1.956e+06,1.956e+06,617.29
2,3860,1.956e+06,1.956e+06,617.29
2,3861,1.956e+06,1.956e+06,617.29
2,3862,1.956e+06,1.956e+06,617.29
2,3863,1.956e+06,1.956e+06,617.29
2,3864,1.956e+06,1.956e+06,617.29
2,3865,1.956e+06,1.956e+06,617.29
2,3866,1.956e+06,1.956e+06,617.29
2,3867,1.956e+06,1.956e+06,617.29
2,3868,1.956e+06,1.956e+06,617.29
2,3869,1.956e+06,1.956e+06,617.29
2,3870,1.956e+06,1.956e+06,617.29
2,3871,1.956e+06,1.956e+06,617.29
2,3872,1.956e+06,1.956e+06,617.29
2,3873,1.956e+06,1.956e+06,617.29
2,3874,1.956e+06,1.956e+06,617.29
2,3875,1.956e+06,1.956e+06,617.29
2,3876,1.956e+06,1.956e+06,617.29
2,3877,1.956e+06,1.956e+06,617.29
2,3878,1.956e+06,1.956e+06,617.29
2,3879,1.956e+06,1.956e+06,617.29
2,3880,1.956e+06,1.956e+06,617.29
2,3881,1.956e+06,1.956e+06,617.29
2,3882,1.956e+06,1.956e+06,617.29
2,3883,1.956e+06,1.956e+06,617.29
2,3884,1.956e+06,1.956e+06,617.29
2,3885,1.956e+06,1.956e+06,617.29
2,3886,1.956e+06,1.956e+06,617.29
2,3887,1.956e+06,1.956e+06,617.29
2,3888,1.956e+06,1.956e+06,617.29
2,3889,1.956e+06,1.956e+06,617.29
2,3890,1.956e+06,1.956e+06,617.29
2,3891,1.956e+06,1.956e+06,617.29
2,3892,1.956e+06,1.956e+06,617.29
2,3893,1.956e+06,1.95693e+06,617.29
2,3894,1.956e+06,1.95693e+06,617.29
2,3895,1.956e+06,1.95693e+06,617.29
2,3896,1.956e+06,1.95693e+06,617.29
2,3897,1.956e+06,1.95693e+06,617.29
2,3898,1.956e+06,1.95693e+06,617.29
2,3899,1.956e+06,1.95601e+06,617.29
2,3900,1.956e+06,1.95601e+06,617.29
2,3901,1.956e+06,1.95601e+06,617.29
2,3902,1.956e+06,1.95601e+06,617.29
2,3903,1.956e+06,1.95601e+06,617.29
2,3904,1.956e+06,1.95601e+06,617.29
2,3905,1.956e+06,1.95601e+06,617.29
2,3906,1.956e+06,1.95601e+06,617.29
2,3907,1.956e+06,1.95601e+06,617.29
2,3908,1.956e+06,1.956e+06,617.29
2,3909,1.956e+06,1.956e+06,617.29
2,3910,1.956e+06,1.956e+06,617.29
2,3911,1.956e+06,1.956e+06,617.29
2,3912,1.956e+06,1.956e+06,617.29
2,3913,1.956e+06,1.956e+06,617.29
2,3914,1.956e+06,1.956e+06,617.29
2,3915,1.956e+06,1.956e+06,617.29
2,3916,1.956e+06,1.956e+06,617.29
2,3917,1.956e+06,1.956e+06,617.29
2,3918,1.956e+06,1.956e+06,617.29
2,3919,1.956e+06,1.956e+06,617.29
2,3920,1.956e+06,1.956e+06,617.29
2,3921,1.956e+06,1.956e+06,611.117
2,3922,1.956e+06,1.956e+06,611.117
2,3923,1.956e+06,1.956e+06,611.117
2,3924,1.956e+06,1.956e+06,611.117
2,3925,1.956e+06,1.956e+06,611.117
2,3926,1.956e+06,1.956e+06,611.117
2,3927,1.956e+06,1.956e+06,611.117
2,3928,1.956e+06,1.956e+06,611.117
2,3929,1.956e+06,1.956e+06,611.117
2,3930,1.956e+06,1.956e+06,611.117
2,3931,1.956e+06,1.956e+06,611.117
2,3932,1.956e+06,1.956e+06,611.117
2,3933,1.956e+06,1.956e+06,611.117
2,3934,1.956e+06,1.956e+06,611.117
2,3935,1.956e+06,1.956e+06,611.117
2,3936,1.956e+06,1.95693e+06,611.117
2,3937,1.956e+06,1.95693e+06,611.117
2,3938,1.956e+06,1.95693e+06,611.117
2,3939,1.956e+06,1.95693e+06,611.117
2,3940,1.956e+06,1.95693e+06,611.117
2,3941,1.956e+06,1.95693e+06,611.117
2,3942,1.956e+06,1.95693e+06,611.117
2,3943,1.956e+06,1.95693e+06,611.117
2,3944,1.956e+06,1.95693e+06,611.117
2,3945,1.956e+06,1.957e+06,611.117
2,3946,1.956e+06,1.957e+06,611.117
2,3947,1.956e+06,1.957e+06,611.117
2,3948,1.956e+06,1.957e+06,611.117
2,3949,1.956e+06,1.957e+06,611.117
2,3950,1.956e+06,1.957e+06,611.117
2,3951,1.956e+06,1.95699e+06,611.117
2,3952,1.956e+06,1.95699e+06,611.117
2,3953,1.956e+06,1.957e+06,611.117
2,3954,1.956e+06,1.957e+06,611.117
2,3955,1.956e+06,1.957e+06,611.117
2,3956,1.956e+06,1.957e+06,611.117
2,3957,1.956e+06,1.957e+06,611.117
2,3958,1.956e+06,1.957e+06,611.117
2,3959,1.956e+06,1.957e+06,611.117
2,3960,1.956e+06,1.957e+06,611.117
2,3961,1.956e+06,1.95693e+06,611.117
2,3962,1.956e+06,1.95693e+06,611.117
2,3963,1.956e+06,1.95693e+06,611.117
2,3964,1.956e+06,1.95693e+06,611.117
2,3965,1.956e+06,1.95693e+06,611.117
2,3966,1.956e+06,1.95693e+06,611.117
2,3967,1.956e+06,1.95693e+06,611.117
2,3968,1.956e+06,1.95693e+06,611.117
2,3969,1.956e+06,1.95693e+06,611.117
2,3970,1.956e+06,1.95693e+06,611.117
2,3971,1.956e+06,1.95693e+06,611.117
2,3972,1.956e+06,1.95693e+06,611.117
2,3973,1.956e+06,1.95693e+06,611.117
2,3974,1.956e+06,1.95693e+06,611.117
2,3975,1.956e+06,1.95693e+06,611.117
2,3976,1.956e+06,1.95693e+06,611.117
2,3977,1.956e+06,1.95693e+06,611.117
2,3978,1.956e+06,1.95693e+06,611.117
2,3979,1.956e+06,1.95693e+06,611.117
2,3980,1.956e+06,1.95693e+06,611.117
2,3981,1.956e+06,1.95693e+06,611.117
2,3982,1.956e+06,1.95693e+06,611.117
2,3983,1.956e+06,1.95693e+06,611.117
2,3984,1.956e+06,1.95693e+06,611.117
2,3985,1.956e+06,1.95693e+06,611.117
2,3986,1.956e+06,1.95693e+06,611.117
2,3987,1.956e+06,1.95693e+06,611.117
2,3988,1.956e+06,1.95693e+06,611.117
2,3989,1.956e+06,1.95693e+06,611.117
2,3990,1.956e+06,1.95601e+06,611.117
2,3991,1.956e+06,1.95601e+06,611.117
2,3992,1.956e+06,1.95601e+06,611.117
2,3993,1.956e+06,1.95601e+06,611.117
2,3994,1.956e+06,1.95601e+06,611.117
2,3995,1.956e+06,1.95601e+06,611.117
2,3996,1.956e+06,1.95601e+06,611.117
2,3997,1.956e+06,1.95601e+06,611.117
2,3998,1.956e+06,1.95601e+06,611.117
2,3999,1.956e+06,1.95601e+06,611.117
2,4000,1.956e+06,1.95601e+06,611.117
2,4001,1.956e+06,1.95601e+06,605.006
2,4002,1.956e+06,1.95601e+06,605.006
2,4003,1.956e+06,1.956e+06,605.006
2,4004,1.956e+06,1.956e+06,605.006
2,4005,1.956e+06,1.95693e+06,605.006
2,4006,1.956e+06,1.956e+06,605.006
2,4007,1.956e+06,1.956e+06,605.006
2,4008,1.956e+06,1.956e+06,605.006
2,4009,1.956e+06,1.956e+06,605.006
2,4010,1.956e+06,1.956e+06,605.006
2,4011,1.956e+06,1.956e+06,605.006
2,4012,1.956e+06,1.956e+06,605.006
2,4013,1.956e+06,1.956e+06,605.006
2,4014,1.956e+06,1.956e+06,605.006
2,4015,1.956e+06,1.956e+06,605.006
2,4016,1.956e+06,1.956e+06,605.006
2,4017,1.956e+06,1.956e+06,605.006
2,4018,1.956e+06,1.956e+06,605.006
2,4019,1.956e+06,1.956e+06,605.006
2,4020,1.956e+06,1.956e+06,605.006
2,4021,1.956e+06,1.956e+06,605.006
2,4022,1.956e+06,1.956e+06,605.006
2,4023,1.956e+06,1.956e+06,605.006
2,4024,1.956e+06,1.956e+06,605.006
2,4025,1.956e+06,1.956e+06,605.006
2,4026,1.956e+06,1.956e+06,605.006
2,4027,1.956e+06,1.956e+06,605.006
2,4028,1.956e+06,1.956e+06,605.006
2,4029,1.956e+06,1.956e+06,605.006
2,4030,1.956e+06,1.956e+06,605.006
2,4031,1.956e+06,1.956e+06,605.006
2,4032,1.956e+06,1.956e+06,605.006
2,4033,1.956e+06,1.956e+06,605.006
2,4034,1.956e+06,1.956e+06,605.006
2,4035,1.956e+06,1.956e+06,605.006
2,4036,1.956e+06,1.956e+06,605.006
2,4037,1.956e+06,1.956e+06,605.006
2,4038,1.956e+06,1.956e+06,605.006
2,4039,1.956e+06,1.956e+06,605.006
2,4040,1.956e+06,1.956e+06,605.006
2,4041,1.956e+06,1.956e+06,605.006
2,4042,1.956e+06,1.95701e+06,605.006
2,4043,1.956e+06,1.95695e+06,605.006
2,4044,1.956e+06,1.95695e+06,605.006
2,4045,1.956e+06,1.95695e+06,605.006
2,4046,1.956e+06,1.95695e+06,605.006
2,4047,1.956e+06,1.95695e+06,605.006
2,4048,1.956e+06,1.95695e+06,605.006
2,4049,1.956e+06,1.95695e+06,605.006
2,4050,1.956e+06,1.95695e+06,605.006
2,4051,1.956e+06,1.95693e+06,605.006
2,4052,1.956e+06,1.95693e+06,605.006
2,4053,1.956e+06,1.95601e+06,605.006
2,4054,1.956e+06,1.95601e+06,605.006
2,4055,1.956e+06,1.95601e+06,605.006
2,4056,1.956e+06,1.95601e+06,605.006
2,4057,1.956e+06,1.95601e+06,605.006
2,4058,1.956e+06,1.95601e+06,605.006
2,4059,1.956e+06,1.95601e+06,605.006
2,4060,1.956e+06,1.95601e+06,605.006
2,4061,1.956e+06,1.95601e+06,605.006
2,4062,1.956e+06,1.95601e+06,605.006
2,4063,1.956e+06,1.95601e+06,605.006
2,4064,1.956e+06,1.95601e+06,605.006
2,4065,1.956e+06,1.95601e+06,605.006
2,4066,1.956e+06,1.95601e+06,605.006
2,4067,1.956e+06,1.95601e+06,605.006
2,4068,1.956e+06,1.95601e+06,605.006
2,4069,1.956e+06,1.95601e+06,605.006
2,4070,1.956e+06,1.95601e+06,605.006
2,4071,1.956e+06,1.95601e+06,605.006
2,4072,1.956e+06,1.95601e+06,605.006
2,4073,1.956e+06,1.95601e+06,605.006
2,4074,1.956e+06,1.95601e+06,605.006
2,4075,1.956e+06,1.95601e+06,605.006
2,4076,1.956e+06,1.95601e+06,605.006
2,4077,1.956e+06,1.95601e+06,605.006
2,4078,1.956e+06,1.95601e+06,605.006
2,4079,1.956e+06,1.95601e+06,605.006
2,4080,1.956e+06,1.95601e+06,605.006
2,4081,1.956e+06,1.95601e+06,598.956
2,4082,1.956e+06,1.95601e+06,598.956
2,4083,1.956e+06,1.95601e+06,598.956
2,4084,1.956e+06,1.95601e+06,598.956
2,4085,1.956e+06,1.95601e+06,598.956
2,4086,1.956e+06,1.95601e+06,598.956
2,4087,1.956e+06,1.95601e+06,598.956
2,4088,1.956e+06,1.95601e+06,598.956
2,4089,1.956e+06,1.95601e+06,598.956
2,4090,1.956e+06,1.95601e+06,598.956
2,4091,1.956e+06,1.95601e+06,598.956
2,4092,1.956e+06,1.95601e+06,598.956
2,4093,1.956e+06,1.95601e+06,598.956
2,4094,1.956e+06,1.95601e+06,598.956
2,4095,1.956e+06,1.95601e+06,598.956
2,4096,1.956e+06,1.95601e+06,598.956
2,4097,1.956e+06,1.95601e+06,598.956
2,4098,1.956e+06,1.95601e+06,598.956
2,4099,1.956e+06,1.95601e+06,598.956
2,4100,1.956e+06,1.95601e+06,598.956
2,4101,1.956e+06,1.95601e+06,598.956
2,4102,1.956e+06,1.95601e+06,598.956
2,4103,1.956e+06,1.95601e+06,598.956
2,4104,1.956e+06,1.95601e+06,598.956
2,4105,1.956e+06,1.95601e+06,598.956
2,4106,1.956e+06,1.95601e+06,598.956
2,4107,1.956e+06,1.95601e+06,598.956
2,4108,1.956e+06,1.95601e+06,598.956
2,4109,1.956e+06,1.95601e+06,598.956
2,4110,1.956e+06,1.95601e+06,598.956
2,4111,1.956e+06,1.95609e+06,598.956
2,4112,1.956e+06,1.95609e+06,598.956
2,4113,1.956e+06,1.95609e+06,598.956
2,4114,1.956e+06,1.95601e+06,598.956
2,4115,1.956e+06,1.95601e+06,598.956
2,4116,1.956e+06,1.95601e+06,598.956
2,4117,1.956e+06,1.95601e+06,598.956
2,4118,1.956e+06,1.95601e+06,598.956
2,4119,1.956e+06,1.95601e+06,598.956
2,4120,1.956e+06,1.95601e+06,598.956
2,4121,1.956e+06,1.95601e+06,598.956
2,4122,1.956e+06,1.95601e+06,598.956
2,4123,1.956e+06,1.95601e+06,598.956
2,4124,1.956e+06,1.95601e+06,598.956
2,4125,1.956e+06,1.95601e+06,598.956
2,4126,1.956e+06,1.95601e+06,598.956
2,4127,1.956e+06,1.95601e+06,598.956
2,4128,1.956e+06,1.95601e+06,598.956
2,4129,1.956e+06,1.95601e+06,598.956
2,4130,1.956e+06,1.95601e+06,598.956
2,4131,1.956e+06,1.95601e+06,598.956
2,4132,1.956e+06,1.95601e+06,598.956
2,4133,1.956e+06,1.95601e+06,598.956
2,4134,1.956e+06,1.95601e+06,598.956
2,4135,1.956e+06,1.95601e+06,598.956
2,4136,1.956e+06,1.95601e+06,598.956
2,4137,1.956e+06,1.95601e+06,598.956
2,4138,1.956e+06,1.95601e+06,598.956
2,4139,1.956e+06,1.95601e+06,598.956
2,4140,1.956e+06,1.95601e+06,598.956
2,4141,1.956e+06,1.95601e+06,598.956
2,4142,1.956e+06,1.95601e+06,598.956
2,4143,1.956e+06,1.95601e+06,598.956
2,4144,1.956e+06,1.95601e+06,598.956
2,4145,1.956e+06,1.95601e+06,598.956
2,4146,1.956e+06,1.95601e+06,598.956
2,4147,1.956e+06,1.95601e+06,598.956
2,4148,1.956e+06,1.95601e+06,598.956
2,4149,1.956e+06,1.95601e+06,598.956
2,4150,1.956e+06,1.95601e+06,598.956
2,4151,1.956e+06,1.95601e+06,598.956
2,4152,1.956e+06,1.95601e+06,598.956
2,4153,1.956e+06,1.95601e+06,598.956
2,4154,1.956e+06,1.95601e+06,598.956
2,4155,1.956e+06,1.95601e+06,598.956
2,4156,1.956e+06,1.95601e+06,598.956
2,4157,1.956e+06,1.95601e+06,598.956
2,4158,1.956e+06,1.95601e+06,598.956
2,4159,1.956e+06,1.95601e+06,598.956
2,4160,1.956e+06,1.95601e+06,598.956
2,4161,1.956e+06,1.95601e+06,592.966
2,4162,1.956e+06,1.95601e+06,592.966
2,4163,1.956e+06,1.95601e+06,592.966
2,4164,1.956e+06,1.95601e+06,592.966
2,4165,1.956e+06,1.95601e+06,592.966
2,4166,1.956e+06,1.95601e+06,592.966
2,4167,1.956e+06,1.9561e+06,592.966
2,4168,1.956e+06,1.9561e+06,592.966
2,4169,1.956e+06,1.9561e+06,592.966
2,4170,1.956e+06,1.9561e+06,592.966
2,4171,1.956e+06,1.9561e+06,592.966
2,4172,1.956e+06,1.9561e+06,592.966
2,4173,1.956e+06,1.9561e+06,592.966
2,4174,1.956e+06,1.9561e+06,592.966
2,4175,1.956e+06,1.9561e+06,592.966
2,4176,1.956e+06,1.9561e+06,592.966
2,4177,1.956e+06,1.9561e+06,592.966
2,4178,1.956e+06,1.9561e+06,592.966
2,4179,1.956e+06,1.9561e+06,592.966
2,4180,1.956e+06,1.9561e+06,592.966
2,4181,1.956e+06,1.95602e+06,592.966
2,4182,1.956e+06,1.95602e+06,592.966
2,4183,1.956e+06,1.95602e+06,592.966
2,4184,1.956e+06,1.95601e+06,592.966
2,4185,1.956e+06,1.95601e+06,592.966
2,4186,1.956e+06,1.95601e+06,592.966
2,4187,1.956e+06,1.95601e+06,592.966
2,4188,1.956e+06,1.95601e+06,592.966
2,4189,1.956e+06,1.95601e+06,592.966
2,4190,1.956e+06,1.95601e+06,592.966
2,4191,1.956e+06,1.95601e+06,592.966
2,4192,1.956e+06,1.95601e+06,592.966
2,4193,1.956e+06,1.95601e+06,592.966
2,4194,1.956e+06,1.95601e+06,592.966
2,4195,1.956e+06,1.95601e+06,592.966
2,4196,1.956e+06,1.95601e+06,592.966
2,4197,1.956e+06,1.95601e+06,592.966
2,4198,1.956e+06,1.95601e+06,592.966
2,4199,1.956e+06,1.95601e+06,592.966
2,4200,1.956e+06,1.95601e+06,592.966
2,4201,1.956e+06,1.95601e+06,592.966
2,4202,1.956e+06,1.95601e+06,592.966
2,4203,1.956e+06,1.95609e+06,592.966
2,4204,1.956e+06,1.95609e+06,592.966
2,4205,1.956e+06,1.95609e+06,592.966
2,4206,1.956e+06,1.95609e+06,592.966
2,4207,1.956e+06,1.95609e+06,592.966
2,4208,1.956e+06,1.95609e+06,592.966
2,4209,1.956e+06,1.95609e+06,592.966
2,4210,1.956e+06,1.95609e+06,592.966
2,4211,1.956e+06,1.95609e+06,592.966
2,4212,1.956e+06,1.95609e+06,592.966
2,4213,1.956e+06,1.95601e+06,592.966
2,4214,1.956e+06,1.95601e+06,592.966
2,4215,1.956e+06,1.95601e+06,592.966
2,4216,1.956e+06,1.95601e+06,592.966
2,4217,1.956e+06,1.95601e+06,592.966
2,4218,1.956e+06,1.95601e+06,592.966
2,4219,1.956e+06,1.95601e+06,592.966
2,4220,1.956e+06,1.95601e+06,592.966
2,4221,1.956e+06,1.95601e+06,592.966
2,4222,1.956e+06,1.95601e+06,592.966
2,4223,1.956e+06,1.95601e+06,592.966
2,4224,1.956e+06,1.95601e+06,592.966
2,4225,1.956e+06,1.95609e+06,592.966
2,4226,1.956e+06,1.95609e+06,592.966
2,4227,1.956e+06,1.95609e+06,592.966
2,4228,1.956e+06,1.95609e+06,592.966
2,4229,1.956e+06,1.95609e+06,592.966
2,4230,1.956e+06,1.95609e+06,592.966
2,4231,1.956e+06,1.95609e+06,592.966
2,4232,1.956e+06,1.95601e+06,592.966
2,4233,1.956e+06,1.95601e+06,592.966
2,4234,1.956e+06,1.95601e+06,592.966
2,4235,1.956e+06,1.95601e+06,592.966
2,4236,1.956e+06,1.95601e+06,592.966
2,4237,1.956e+06,1.95601e+06,592.966
2,4238,1.956e+06,1.95601e+06,592.966
2,4239,1.956e+06,1.95601e+06,592.966
2,4240,1.956e+06,1.95601e+06,592.966
2,4241,1.956e+06,1.95693e+06,587.037
2,4242,1.956e+06,1.95601e+06,587.037
2,4243,1.956e+06,1.95601e+06,587.037
2,4244,1.956e+06,1.95601e+06,587.037
2,4245,1.956e+06,1.956e+06,587.037
2,4246,1.956e+06,1.956e+06,587.037
2,4247,1.956e+06,1.956e+06,587.037
2,4248,1.956e+06,1.956e+06,587.037
2,4249,1.956e+06,1.956e+06,587.037
2,4250,1.956e+06,1.956e+06,587.037
2,4251,1.956e+06,1.956e+06,587.037
2,4252,1.956e+06,1.956e+06,587.037
2,4253,1.956e+06,1.956e+06,587.037
2,4254,1.956e+06,1.956e+06,587.037
2,4255,1.956e+06,1.956e+06,587.037
2,4256,1.956e+06,1.956e+06,587.037
2,4257,1.956e+06,1.956e+06,587.037
2,4258,1.956e+06,1.956e+06,587.037
2,4259,1.956e+06,1.956e+06,587.037
2,4260,1.956e+06,1.956e+06,587.037
2,4261,1.956e+06,1.956e+06,587.037
2,4262,1.956e+06,1.956e+06,587.037
2,4263,1.956e+06,1.956e+06,587.037
2,4264,1.956e+06,1.956e+06,587.037
2,4265,1.956e+06,1.95693e+06,587.037
2,4266,1.956e+06,1.95693e+06,587.037
2,4267,1.956e+06,1.95693e+06,587.037
2,4268,1.956e+06,1.95693e+06,587.037
2,4269,1.956e+06,1.95693e+06,587.037
2,4270,1.956e+06,1.95693e+06,587.037
2,4271,1.956e+06,1.95693e+06,587.037
2,4272,1.956e+06,1.95693e+06,587.037
2,4273,1.956e+06,1.95693e+06,587.037
2,4274,1.956e+06,1.95693e+06,587.037
2,4275,1.956e+06,1.95693e+06,587.037
2,4276,1.956e+06,1.95693e+06,587.037
2,4277,1.956e+06,1.95693e+06,587.037
2,4278,1.956e+06,1.95693e+06,587.037
2,4279,1.956e+06,1.95601e+06,587.037
2,4280,1.956e+06,1.95601e+06,587.037
2,4281,1.956e+06,1.95609e+06,587.037
2,4282,1.956e+06,1.95609e+06,587.037
2,4283,1.956e+06,1.956e+06,587.037
2,4284,1.956e+06,1.956e+06,587.037
2,4285,1.956e+06,1.956e+06,587.037
2,4286,1.956e+06,1.956e+06,587.037
2,4287,1.956e+06,1.956e+06,587.037
2,4288,1.956e+06,1.956e+06,587.037
2,4289,1.956e+06,1.956e+06,587.037
2,4290,1.956e+06,1.956e+06,587.037
2,4291,1.956e+06,1.956e+06,587.037
2,4292,1.956e+06,1.956e+06,587.037
2,4293,1.956e+06,1.956e+06,587.037
2,4294,1.956e+06,1.956e+06,587.037
2,4295,1.956e+06,1.956e+06,587.037
2,4296,1.956e+06,1.956e+06,587.037
2,4297,1.956e+06,1.956e+06,587.037
2,4298,1.956e+06,1.956e+06,587.037
2,4299,1.956e+06,1.956e+06,587.037
2,4300,1.956e+06,1.956e+06,587.037
2,4301,1.956e+06,1.956e+06,587.037
2,4302,1.956e+06,1.956e+06,587.037
2,4303,1.956e+06,1.956e+06,587.037
2,4304,1.956e+06,1.956e+06,587.037
2,4305,1.956e+06,1.956e+06,587.037
2,4306,1.956e+06,1.956e+06,587.037
2,4307,1.956e+06,1.956e+06,587.037
2,4308,1.956e+06,1.956e+06,587.037
2,4309,1.956e+06,1.956e+06,587.037
2,4310,1.956e+06,1.956e+06,587.037
2,4311,1.956e+06,1.956e+06,587.037
2,4312,1.956e+06,1.956e+06,587.037
2,4313,1.956e+06,1.956e+06,587.037
2,4314,1.956e+06,1.956e+06,587.037
2,4315,1.956e+06,1.956e+06,587.037
2,4316,1.956e+06,1.956e+06,587.037
2,4317,1.956e+06,1.956e+06,587.037
2,4318,1.956e+06,1.956e+06,587.037
2,4319,1.956e+06,1.956e+06,587.037
2,4320,1.956e+06,1.956e+06,587.037
2,4321,1.956e+06,1.956e+06,581.166
2,4322,1.956e+06,1.956e+06,581.166
2,4323,1.956e+06,1.956e+06,581.166
2,4324,1.956e+06,1.956e+06,581.166
2,4325,1.956e+06,1.956e+06,581.166
2,4326,1.956e+06,1.95693e+06,581.166
2,4327,1.956e+06,1.95693e+06,581.166
2,4328,1.956e+06,1.95693e+06,581.166
2,4329,1.956e+06,1.95693e+06,581.166
2,4330,1.956e+06,1.95693e+06,581.166
2,4331,1.956e+06,1.95693e+06,581.166
2,4332,1.956e+06,1.95693e+06,581.166
2,4333,1.956e+06,1.95693e+06,581.166
2,4334,1.956e+06,1.95693e+06,581.166
2,4335,1.956e+06,1.95693e+06,581.166
2,4336,1.956e+06,1.95693e+06,581.166
2,4337,1.956e+06,1.95693e+06,581.166
2,4338,1.956e+06,1.95693e+06,581.166
2,4339,1.956e+06,1.95693e+06,581.166
2,4340,1.956e+06,1.95693e+06,581.166
2,4341,1.956e+06,1.95696e+06,581.166
2,4342,1.956e+06,1.95696e+06,581.166
2,4343,1.956e+06,1.95696e+06,581.166
2,4344,1.956e+06,1.95696e+06,581.166
2,4345,1.956e+06,1.95696e+06,581.166
2,4346,1.956e+06,1.95693e+06,581.166
2,4347,1.956e+06,1.95693e+06,581.166
2,4348,1.956e+06,1.95794e+06,581.166
2,4349,1.956e+06,1.95794e+06,581.166
2,4350,1.956e+06,1.95701e+06,581.166
2,4351,1.956e+06,1.95701e+06,581.166
2,4352,1.956e+06,1.95701e+06,581.166
2,4353,1.956e+06,1.95609e+06,581.166
2,4354,1.956e+06,1.95609e+06,581.166
2,4355,1.956e+06,1.95609e+06,581.166
2,4356,1.956e+06,1.95609e+06,581.166
2,4357,1.956e+06,1.95609e+06,581.166
2,4358,1.956e+06,1.95609e+06,581.166
2,4359,1.956e+06,1.95609e+06,581.166
2,4360,1.956e+06,1.95609e+06,581.166
2,4361,1.956e+06,1.95609e+06,581.166
2,4362,1.956e+06,1.95609e+06,581.166
2,4363,1.956e+06,1.95609e+06,581.166
2,4364,1.956e+06,1.95609e+06,581.166
2,4365,1.956e+06,1.956e+06,581.166
2,4366,1.956e+06,1.956e+06,581.166
2,4367,1.956e+06,1.956e+06,581.166
2,4368,1.956e+06,1.956e+06,581.166
2,4369,1.956e+06,1.956e+06,581.166
2,4370,1.956e+06,1.956e+06,581.166
2,4371,1.956e+06,1.956e+06,581.166
2,4372,1.956e+06,1.956e+06,581.166
2,4373,1.956e+06,1.956e+06,581.166
2,4374,1.956e+06,1.956e+06,581.166
2,4375,1.956e+06,1.956e+06,581.166
2,4376,1.956e+06,1.956e+06,581.166
2,4377,1.956e+06,1.956e+06,581.166
2,4378,1.956e+06,1.956e+06,581.166
2,4379,1.956e+06,1.956e+06,581.166
2,4380,1.956e+06,1.956e+06,581.166
2,4381,1.956e+06,1.956e+06,581.166
2,4382,1.956e+06,1.956e+06,581.166
2,4383,1.956e+06,1.956e+06,581.166
2,4384,1.956e+06,1.956e+06,581.166
2,4385,1.956e+06,1.956e+06,581.166
2,4386,1.956e+06,1.956e+06,581.166
2,4387,1.956e+06,1.956e+06,581.166
2,4388,1.956e+06,1.956e+06,581.166
2,4389,1.956e+06,1.956e+06,581.166
2,4390,1.956e+06,1.956e+06,581.166
2,4391,1.956e+06,1.956e+06,581.166
2,4392,1.956e+06,1.956e+06,581.166
2,4393,1.956e+06,1.956e+06,581.166
2,4394,1.956e+06,1.956e+06,581.166
2,4395,1.956e+06,1.956e+06,581.166
2,4396,1.956e+06,1.956e+06,581.166
2,4397,1.956e+06,1.956e+06,581.166
2,4398,1.956e+06,1.956e+06,581.166
2,4399,1.956e+06,1.956e+06,581.166
2,4400,1.956e+06,1.956e+06,581.166
2,4401,1.956e+06,1.956e+06,575.355
2,4402,1.956e+06,1.956e+06,575.355
2,4403,1.956e+06,1.956e+06,575.355
2,4404,1.956e+06,1.956e+06,575.355
2,4405,1.956e+06,1.956e+06,575.355
2,4406,1.956e+06,1.956e+06,575.355
2,4407,1.956e+06,1.956e+06,575.355
2,4408,1.956e+06,1.956e+06,575.355
2,4409,1.956e+06,1.956e+06,575.355
2,4410,1.956e+06,1.956e+06,575.355
2,4411,1.956e+06,1.956e+06,575.355
2,4412,1.956e+06,1.956e+06,575.355
2,4413,1.956e+06,1.956e+06,575.355
2,4414,1.956e+06,1.956e+06,575.355
2,4415,1.956e+06,1.956e+06,575.355
2,4416,1.956e+06,1.956e+06,575.355
2,4417,1.956e+06,1.956e+06,575.355
2,4418,1.956e+06,1.95693e+06,575.355
2,4419,1.956e+06,1.95693e+06,575.355
2,4420,1.956e+06,1.95693e+06,575.355
2,4421,1.956e+06,1.95693e+06,575.355
2,4422,1.956e+06,1.95693e+06,575.355
2,4423,1.956e+06,1.95693e+06,575.355
2,4424,1.956e+06,1.95693e+06,575.355
2,4425,1.956e+06,1.95693e+06,575.355
2,4426,1.956e+06,1.956e+06,575.355
2,4427,1.956e+06,1.956e+06,575.355
2,4428,1.956e+06,1.956e+06,575.355
2,4429,1.956e+06,1.956e+06,575.355
2,4430,1.956e+06,1.956e+06,575.355
2,4431,1.956e+06,1.956e+06,575.355
2,4432,1.956e+06,1.956e+06,575.355
2,4433,1.956e+06,1.956e+06,575.355
2,4434,1.956e+06,1.956e+06,575.355
2,4435,1.956e+06,1.956e+06,575.355
2,4436,1.956e+06,1.956e+06,575.355
2,4437,1.956e+06,1.956e+06,575.355
2,4438,1.956e+06,1.956e+06,575.355
2,4439,1.956e+06,1.956e+06,575.355
2,4440,1.956e+06,1.95702e+06,575.355
2,4441,1.956e+06,1.95702e+06,575.355
2,4442,1.956e+06,1.95702e+06,575.355
2,4443,1.956e+06,1.95702e+06,575.355
2,4444,1.956e+06,1.95693e+06,575.355
2,4445,1.956e+06,1.95693e+06,575.355
2,4446,1.956e+06,1.95693e+06,575.355
2,4447,1.956e+06,1.95693e+06,575.355
2,4448,1.956e+06,1.95693e+06,575.355
2,4449,1.956e+06,1.95693e+06,575.355
2,4450,1.956e+06,1.956e+06,575.355
2,4451,1.956e+06,1.956e+06,575.355
2,4452,1.956e+06,1.956e+06,575.355
2,4453,1.956e+06,1.956e+06,575.355
2,4454,1.956e+06,1.956e+06,575.355
2,4455,1.956e+06,1.956e+06,575.355
2,4456,1.956e+06,1.956e+06,575.355
2,4457,1.956e+06,1.956e+06,575.355
2,4458,1.956e+06,1.956e+06,575.355
2,4459,1.956e+06,1.956e+06,575.355
2,4460,1.956e+06,1.956e+06,575.355
2,4461,1.956e+06,1.956e+06,575.355
2,4462,1.956e+06,1.956e+06,575.355
2,4463,1.956e+06,1.956e+06,575.355
2,4464,1.956e+06,1.956e+06,575.355
2,4465,1.956e+06,1.95702e+06,575.355
2,4466,1.956e+06,1.95702e+06,575.355
2,4467,1.956e+06,1.95702e+06,575.355
2,4468,1.956e+06,1.95695e+06,575.355
2,4469,1.956e+06,1.95695e+06,575.355
2,4470,1.956e+06,1.95695e+06,575.355
2,4471,1.956e+06,1.95695e+06,575.355
2,4472,1.956e+06,1.95695e+06,575.355
2,4473,1.956e+06,1.95695e+06,575.355
2,4474,1.956e+06,1.95693e+06,575.355
2,4475,1.956e+06,1.95693e+06,575.355
2,4476,1.956e+06,1.95693e+06,575.355
2,4477,1.956e+06,1.95693e+06,575.355
2,4478,1.956e+06,1.95693e+06,575.355
2,4479,1.956e+06,1.95693e+06,575.355
2,4480,1.956e+06,1.95693e+06,575.355
2,4481,1.956e+06,1.95693e+06,569.601
2,4482,1.956e+06,1.95693e+06,569.601
2,4483,1.956e+06,1.95693e+06,569.601
2,4484,1.956e+06,1.95693e+06,569.601
2,4485,1.956e+06,1.95693e+06,569.601
2,4486,1.956e+06,1.95693e+06,569.601
2,4487,1.956e+06,1.95693e+06,569.601
2,4488,1.956e+06,1.95693e+06,569.601
2,4489,1.956e+06,1.95693e+06,569.601
2,4490,1.956e+06,1.95693e+06,569.601
2,4491,1.956e+06,1.95693e+06,569.601
2,4492,1.956e+06,1.95693e+06,569.601
2,4493,1.956e+06,1.95693e+06,569.601
2,4494,1.956e+06,1.95693e+06,569.601
2,4495,1.956e+06,1.95693e+06,569.601
2,4496,1.956e+06,1.95693e+06,569.601
2,4497,1.956e+06,1.95693e+06,569.601
2,4498,1.956e+06,1.95693e+06,569.601
2,4499,1.956e+06,1.95693e+06,569.601
2,4500,1.956e+06,1.95693e+06,569.601
2,4501,1.956e+06,1.95703e+06,569.601
2,4502,1.956e+06,1.95703e+06,569.601
2,4503,1.956e+06,1.95703e+06,569.601
2,4504,1.956e+06,1.95703e+06,569.601
2,4505,1.956e+06,1.95703e+06,569.601
2,4506,1.956e+06,1.95703e+06,569.601
2,4507,1.956e+06,1.95703e+06,569.601
2,4508,1.956e+06,1.95611e+06,569.601
2,4509,1.956e+06,1.9561e+06,569.601
2,4510,1.956e+06,1.9561e+06,569.601
2,4511,1.956e+06,1.9561e+06,569.601
2,4512,1.956e+06,1.9561e+06,569.601
2,4513,1.956e+06,1.9561e+06,569.601
2,4514,1.956e+06,1.9561e+06,569.601
2,4515,1.956e+06,1.9561e+06,569.601
2,4516,1.956e+06,1.9561e+06,569.601
2,4517,1.956e+06,1.9561e+06,569.601
2,4518,1.956e+06,1.9561e+06,569.601
2,4519,1.956e+06,1.9561e+06,569.601
2,4520,1.956e+06,1.9561e+06,569.601
2,4521,1.956e+06,1.9561e+06,569.601
2,4522,1.956e+06,1.9561e+06,569.601
2,4523,1.956e+06,1.9561e+06,569.601
2,4524,1.956e+06,1.9561e+06,569.601
2,4525,1.956e+06,1.9561e+06,569.601
2,4526,1.956e+06,1.9561e+06,569.601
2,4527,1.956e+06,1.9561e+06,569.601
2,4528,1.956e+06,1.9561e+06,569.601
2,4529,1.956e+06,1.9561e+06,569.601
2,4530,1.956e+06,1.9561e+06,569.601
2,4531,1.956e+06,1.9561e+06,569.601
2,4532,1.956e+06,1.9561e+06,569.601
2,4533,1.956e+06,1.9561e+06,569.601
2,4534,1.956e+06,1.9561e+06,569.601
2,4535,1.956e+06,1.9561e+06,569.601
2,4536,1.956e+06,1.9561e+06,569.601
2,4537,1.956e+06,1.9561e+06,569.601
2,4538,1.956e+06,1.9561e+06,569.601
2,4539,1.956e+06,1.9561e+06,569.601
2,4540,1.956e+06,1.9561e+06,569.601
2,4541,1.956e+06,1.9561e+06,569.601
2,4542,1.956e+06,1.9561e+06,569.601
2,4543,1.956e+06,1.9561e+06,569.601
2,4544,1.956e+06,1.9561e+06,569.601
2,4545,1.956e+06,1.9561e+06,569.601
2,4546,1.956e+06,1.9561e+06,569.601
2,4547,1.956e+06,1.95601e+06,569.601
2,4548,1.956e+06,1.95601e+06,569.601
2,4549,1.956e+06,1.95601e+06,569.601
2,4550,1.956e+06,1.95601e+06,569.601
2,4551,1.956e+06,1.95601e+06,569.601
2,4552,1.956e+06,1.95601e+06,569.601
2,4553,1.956e+06,1.95601e+06,569.601
2,4554,1.956e+06,1.95601e+06,569.601
2,4555,1.956e+06,1.95601e+06,569.601
2,4556,1.956e+06,1.95601e+06,569.601
2,4557,1.956e+06,1.95601e+06,569.601
2,4558,1.956e+06,1.95601e+06,569.601
2,4559,1.956e+06,1.95652e+06,569.601
2,4560,1.956e+06,1.95652e+06,569.601
2,4561,1.956e+06,1.95652e+06,563.905
2,4562,1.956e+06,1.95652e+06,563.905
2,4563,1.956e+06,1.95652e+06,563.905
2,4564,1.956e+06,1.95652e+06,563.905
2,4565,1.956e+06,1.95652e+06,563.905
2,4566,1.956e+06,1.95652e+06,563.905
2,4567,1.956e+06,1.95652e+06,563.905
2,4568,1.956e+06,1.95652e+06,563.905
2,4569,1.956e+06,1.95652e+06,563.905
2,4570,1.956e+06,1.95652e+06,563.905
2,4571,1.956e+06,1.95652e+06,563.905
2,4572,1.956e+06,1.95652e+06,563.905
2,4573,1.956e+06,1.95651e+06,563.905
2,4574,1.956e+06,1.95651e+06,563.905
2,4575,1.956e+06,1.956e+06,563.905
2,4576,1.956e+06,1.956e+06,563.905
2,4577,1.956e+06,1.956e+06,563.905
2,4578,1.956e+06,1.956e+06,563.905
2,4579,1.956e+06,1.956e+06,563.905
2,4580,1.956e+06,1.956e+06,563.905
2,4581,1.956e+06,1.956e+06,563.905
2,4582,1.956e+06,1.956e+06,563.905
2,4583,1.956e+06,1.956e+06,563.905
2,4584,1.956e+06,1.956e+06,563.905
2,4585,1.956e+06,1.956e+06,563.905
2,4586,1.956e+06,1.956e+06,563.905
2,4587,1.956e+06,1.956e+06,563.905
2,4588,1.956e+06,1.956e+06,563.905
2,4589,1.956e+06,1.956e+06,563.905
2,4590,1.956e+06,1.956e+06,563.905
2,4591,1.956e+06,1.956e+06,563.905
2,4592,1.956e+06,1.956e+06,563.905
2,4593,1.956e+06,1.956e+06,563.905
2,4594,1.956e+06,1.956e+06,563.905
2,4595,1.956e+06,1.956e+06,563.905
2,4596,1.956e+06,1.956e+06,563.905
2,4597,1.956e+06,1.956e+06,563.905
2,4598,1.956e+06,1.956e+06,563.905
2,4599,1.956e+06,1.956e+06,563.905
2,4600,1.956e+06,1.956e+06,563.905
2,4601,1.956e+06,1.956e+06,563.905
2,4602,1.956e+06,1.956e+06,563.905
2,4603,1.956e+06,1.956e+06,563.905
2,4604,1.956e+06,1.956e+06,563.905
2,4605,1.956e+06,1.956e+06,563.905
2,4606,1.956e+06,1.956e+06,563.905
2,4607,1.956e+06,1.956e+06,563.905
2,4608,1.956e+06,1.956e+06,563.905
2,4609,1.956e+06,1.956e+06,563.905
2,4610,1.956e+06,1.956e+06,563.905
2,4611,1.956e+06,1.956e+06,563.905
2,4612,1.956e+06,1.956e+06,563.905
2,4613,1.956e+06,1.956e+06,563.905
2,4614,1.956e+06,1.956e+06,563.905
2,4615,1.956e+06,1.956e+06,563.905
2,4616,1.956e+06,1.956e+06,563.905
2,4617,1.956e+06,1.956e+06,563.905
2,4618,1.956e+06,1.956e+06,563.905
2,4619,1.956e+06,1.956e+06,563.905
2,4620,1.956e+06,1.956e+06,563.905
2,4621,1.956e+06,1.956e+06,563.905
2,4622,1.956e+06,1.956e+06,563.905
2,4623,1.956e+06,1.956e+06,563.905
2,4624,1.956e+06,1.956e+06,563.905
2,4625,1.956e+06,1.956e+06,563.905
2,4626,1.956e+06,1.956e+06,563.905
2,4627,1.956e+06,1.956e+06,563.905
2,4628,1.956e+06,1.956e+06,563.905
2,4629,1.956e+06,1.956e+06,563.905
2,4630,1.956e+06,1.956e+06,563.905
2,4631,1.956e+06,1.956e+06,563.905
2,4632,1.956e+06,1.956e+06,563.905
2,4633,1.956e+06,1.956e+06,563.905
2,4634,1.956e+06,1.956e+06,563.905
2,4635,1.956e+06,1.956e+06,563.905
2,4636,1.956e+06,1.956e+06,563.905
2,4637,1.956e+06,1.956e+06,563.905
2,4638,1.956e+06,1.956e+06,563.905
2,4639,1.956e+06,1.956e+06,563.905
2,4640,1.956e+06,1.956e+06,563.905
2,4641,1.956e+06,1.956e+06,558.266
2,4642,1.956e+06,1.956e+06,558.266
2,4643,1.956e+06,1.956e+06,558.266
2,4644,1.956e+06,1.956e+06,558.266
2,4645,1.956e+06,1.956e+06,558.266
2,4646,1.956e+06,1.956e+06,558.266
2,4647,1.956e+06,1.956e+06,558.266
2,4648,1.956e+06,1.956e+06,558.266
2,4649,1.956e+06,1.956e+06,558.266
2,4650,1.956e+06,1.956e+06,558.266
2,4651,1.956e+06,1.956e+06,558.266
2,4652,1.956e+06,1.956e+06,558.266
2,4653,1.956e+06,1.956e+06,558.266
2,4654,1.956e+06,1.956e+06,558.266
2,4655,1.956e+06,1.956e+06,558.266
2,4656,1.956e+06,1.956e+06,558.266
2,4657,1.956e+06,1.956e+06,558.266
2,4658,1.956e+06,1.956e+06,558.266
2,4659,1.956e+06,1.956e+06,558.266
2,4660,1.956e+06,1.956e+06,558.266
2,4661,1.956e+06,1.95692e+06,558.266
2,4662,1.956e+06,1.956e+06,558.266
2,4663,1.956e+06,1.956e+06,558.266
2,4664,1.956e+06,1.956e+06,558.266
2,4665,1.956e+06,1.956e+06,558.266
2,4666,1.956e+06,1.956e+06,558.266
2,4667,1.956e+06,1.956e+06,558.266
2,4668,1.956e+06,1.956e+06,558.266
2,4669,1.956e+06,1.956e+06,558.266
2,4670,1.956e+06,1.956e+06,558.266
2,4671,1.956e+06,1.956e+06,558.266
2,4672,1.956e+06,1.956e+06,558.266
2,4673,1.956e+06,1.956e+06,558.266
2,4674,1.956e+06,1.956e+06,558.266
2,4675,1.956e+06,1.956e+06,558.266
2,4676,1.956e+06,1.956e+06,558.266
2,4677,1.956e+06,1.956e+06,558.266
2,4678,1.956e+06,1.956e+06,558.266
2,4679,1.956e+06,1.956e+06,558.266
2,4680,1.956e+06,1.956e+06,558.266
2,4681,1.956e+06,1.956e+06,558.266
2,4682,1.956e+06,1.956e+06,558.266
2,4683,1.956e+06,1.956e+06,558.266
2,4684,1.956e+06,1.956e+06,558.266
2,4685,1.956e+06,1.956e+06,558.266
2,4686,1.956e+06,1.956e+06,558.266
2,4687,1.956e+06,1.956e+06,558.266
2,4688,1.956e+06,1.956e+06,558.266
2,4689,1.956e+06,1.956e+06,558.266
2,4690,1.956e+06,1.956e+06,558.266
2,4691,1.956e+06,1.956e+06,558.266
2,4692,1.956e+06,1.956e+06,558.266
2,4693,1.956e+06,1.956e+06,558.266
2,4694,1.956e+06,1.956e+06,558.266
2,4695,1.956e+06,1.956e+06,558.266
2,4696,1.956e+06,1.956e+06,558.266
2,4697,1.956e+06,1.956e+06,558.266
2,4698,1.956e+06,1.956e+06,558.266
2,4699,1.956e+06,1.956e+06,558.266
2,4700,1.956e+06,1.956e+06,558.266
2,4701,1.956e+06,1.956e+06,558.266
2,4702,1.956e+06,1.956e+06,558.266
2,4703,1.956e+06,1.956e+06,558.266
2,4704,1.956e+06,1.956e+06,558.266
2,4705,1.956e+06,1.956e+06,558.266
2,4706,1.956e+06,1.956e+06,558.266
2,4707,1.956e+06,1.956e+06,558.266
2,4708,1.956e+06,1.956e+06,558.266
2,4709,1.956e+06,1.956e+06,558.266
2,4710,1.956e+06,1.956e+06,558.266
2,4711,1.956e+06,1.956e+06,558.266
2,4712,1.956e+06,1.956e+06,558.266
2,4713,1.956e+06,1.956e+06,558.266
2,4714,1.956e+06,1.956e+06,558.266
2,4715,1.956e+06,1.956e+06,558.266
2,4716,1.956e+06,1.956e+06,558.266
2,4717,1.956e+06,1.956e+06,558.266
2,4718,1.956e+06,1.956e+06,558.266
2,4719,1.956e+06,1.956e+06,558.266
2,4720,1.956e+06,1.956e+06,558.266
2,4721,1.956e+06,1.956e+06,552.683
2,4722,1.956e+06,1.956e+06,552.683
2,4723,1.956e+06,1.956e+06,552.683
2,4724,1.956e+06,1.956e+06,552.683
2,4725,1.956e+06,1.956e+06,552.683
2,4726,1.956e+06,1.956e+06,552.683
2,4727,1.956e+06,1.956e+06,552.683
2,4728,1.956e+06,1.956e+06,552.683
2,4729,1.956e+06,1.956e+06,552.683
2,4730,1.956e+06,1.956e+06,552.683
2,4731,1.956e+06,1.956e+06,552.683
2,4732,1.956e+06,1.956e+06,552.683
2,4733,1.956e+06,1.956e+06,552.683
2,4734,1.956e+06,1.956e+06,552.683
2,4735,1.956e+06,1.956e+06,552.683
2,4736,1.956e+06,1.956e+06,552.683
2,4737,1.956e+06,1.956e+06,552.683
2,4738,1.956e+06,1.956e+06,552.683
2,4739,1.956e+06,1.956e+06,552.683
2,4740,1.956e+06,1.956e+06,552.683
2,4741,1.956e+06,1.956e+06,552.683
2,4742,1.956e+06,1.956e+06,552.683
2,4743,1.956e+06,1.956e+06,552.683
2,4744,1.956e+06,1.956e+06,552.683
2,4745,1.956e+06,1.956e+06,552.683
2,4746,1.956e+06,1.956e+06,552.683
2,4747,1.956e+06,1.956e+06,552.683
2,4748,1.956e+06,1.956e+06,552.683
2,4749,1.956e+06,1.956e+06,552.683
2,4750,1.956e+06,1.956e+06,552.683
2,4751,1.956e+06,1.956e+06,552.683
2,4752,1.956e+06,1.956e+06,552.683
2,4753,1.956e+06,1.956e+06,552.683
2,4754,1.956e+06,1.956e+06,552.683
2,4755,1.956e+06,1.956e+06,552.683
2,4756,1.956e+06,1.956e+06,552.683
2,4757,1.956e+06,1.956e+06,552.683
2,4758,1.956e+06,1.956e+06,552.683
2,4759,1.956e+06,1.956e+06,552.683
2,4760,1.956e+06,1.956e+06,552.683
2,4761,1.956e+06,1.956e+06,552.683
2,4762,1.956e+06,1.956e+06,552.683
2,4763,1.956e+06,1.956e+06,552.683
2,4764,1.956e+06,1.956e+06,552.683
2,4765,1.956e+06,1.956e+06,552.683
2,4766,1.956e+06,1.956e+06,552.683
2,4767,1.956e+06,1.956e+06,552.683
2,4768,1.956e+06,1.956e+06,552.683
2,4769,1.956e+06,1.956e+06,552.683
2,4770,1.956e+06,1.956e+06,552.683
2,4771,1.956e+06,1.956e+06,552.683
2,4772,1.956e+06,1.956e+06,552.683
2,4773,1.956e+06,1.956e+06,552.683
2,4774,1.956e+06,1.956e+06,552.683
2,4775,1.956e+06,1.956e+06,552.683
2,4776,1.956e+06,1.956e+06,552.683
2,4777,1.956e+06,1.956e+06,552.683
2,4778,1.956e+06,1.956e+06,552.683
2,4779,1.956e+06,1.956e+06,552.683
2,4780,1.956e+06,1.956e+06,552.683
2,4781,1.956e+06,1.956e+06,552.683
2,4782,1.956e+06,1.956e+06,552.683
2,4783,1.956e+06,1.956e+06,552.683
2,4784,1.956e+06,1.956e+06,552.683
2,4785,1.956e+06,1.956e+06,552.683
2,4786,1.956e+06,1.956e+06,552.683
2,4787,1.956e+06,1.956e+06,552.683
2,4788,1.956e+06,1.956e+06,552.683
2,4789,1.956e+06,1.956e+06,552.683
2,4790,1.956e+06,1.956e+06,552.683
2,4791,1.956e+06,1.956e+06,552.683
2,4792,1.956e+06,1.956e+06,552.683
2,4793,1.956e+06,1.956e+06,552.683
2,4794,1.956e+06,1.956e+06,552.683
2,4795,1.956e+06,1.956e+06,552.683
2,4796,1.956e+06,1.956e+06,552.683
2,4797,1.956e+06,1.956e+06,552.683
2,4798,1.956e+06,1.956e+06,552.683
2,4799,1.956e+06,1.956e+06,552.683
2,4800,1.956e+06,1.956e+06,552.683
2,4801,1.956e+06,1.95607e+06,547.157
2,4802,1.956e+06,1.95607e+06,547.157
2,4803,1.956e+06,1.95607e+06,547.157
2,4804,1.956e+06,1.95607e+06,547.157
2,4805,1.956e+06,1.95607e+06,547.157
2,4806,1.956e+06,1.95607e+06,547.157
2,4807,1.956e+06,1.95607e+06,547.157
2,4808,1.956e+06,1.956e+06,547.157
2,4809,1.956e+06,1.956e+06,547.157
2,4810,1.956e+06,1.956e+06,547.157
2,4811,1.956e+06,1.956e+06,547.157
2,4812,1.956e+06,1.956e+06,547.157
2,4813,1.956e+06,1.956e+06,547.157
2,4814,1.956e+06,1.956e+06,547.157
2,4815,1.956e+06,1.956e+06,547.157
2,4816,1.956e+06,1.956e+06,547.157
2,4817,1.956e+06,1.956e+06,547.157
2,4818,1.956e+06,1.956e+06,547.157
2,4819,1.956e+06,1.956e+06,547.157
2,4820,1.956e+06,1.95793e+06,547.157
2,4821,1.956e+06,1.95793e+06,547.157
2,4822,1.956e+06,1.95793e+06,547.157
2,4823,1.956e+06,1.95793e+06,547.157
2,4824,1.956e+06,1.95693e+06,547.157
2,4825,1.956e+06,1.95693e+06,547.157
2,4826,1.956e+06,1.95693e+06,547.157
2,4827,1.956e+06,1.95693e+06,547.157
2,4828,1.956e+06,1.95693e+06,547.157
2,4829,1.956e+06,1.95693e+06,547.157
2,4830,1.956e+06,1.95693e+06,547.157
2,4831,1.956e+06,1.95693e+06,547.157
2,4832,1.956e+06,1.95693e+06,547.157
2,4833,1.956e+06,1.95693e+06,547.157
2,4834,1.956e+06,1.95693e+06,547.157
2,4835,1.956e+06,1.95601e+06,547.157
2,4836,1.956e+06,1.95601e+06,547.157
2,4837,1.956e+06,1.956e+06,547.157
2,4838,1.956e+06,1.956e+06,547.157
2,4839,1.956e+06,1.956e+06,547.157
2,4840,1.956e+06,1.956e+06,547.157
2,4841,1.956e+06,1.956e+06,547.157
2,4842,1.956e+06,1.956e+06,547.157
2,4843,1.956e+06,1.956e+06,547.157
2,4844,1.956e+06,1.956e+06,547.157
2,4845,1.956e+06,1.956e+06,547.157
2,4846,1.956e+06,1.956e+06,547.157
2,4847,1.956e+06,1.956e+06,547.157
2,4848,1.956e+06,1.956e+06,547.157
2,4849,1.956e+06,1.956e+06,547.157
2,4850,1.956e+06,1.956e+06,547.157
2,4851,1.956e+06,1.956e+06,547.157
2,4852,1.956e+06,1.956e+06,547.157
2,4853,1.956e+06,1.956e+06,547.157
2,4854,1.956e+06,1.956e+06,547.157
2,4855,1.956e+06,1.956e+06,547.157
2,4856,1.956e+06,1.956e+06,547.157
2,4857,1.956e+06,1.956e+06,547.157
2,4858,1.956e+06,1.956e+06,547.157
2,4859,1.956e+06,1.956e+06,547.157
2,4860,1.956e+06,1.956e+06,547.157
2,4861,1.956e+06,1.956e+06,547.157
2,4862,1.956e+06,1.956e+06,547.157
2,4863,1.956e+06,1.956e+06,547.157
2,4864,1.956e+06,1.956e+06,547.157
2,4865,1.956e+06,1.956e+06,547.157
2,4866,1.956e+06,1.956e+06,547.157
2,4867,1.956e+06,1.956e+06,547.157
2,4868,1.956e+06,1.95702e+06,547.157
2,4869,1.956e+06,1.95693e+06,547.157
2,4870,1.956e+06,1.95693e+06,547.157
2,4871,1.956e+06,1.95693e+06,547.157
2,4872,1.956e+06,1.95693e+06,547.157
2,4873,1.956e+06,1.95693e+06,547.157
2,4874,1.956e+06,1.95693e+06,547.157
2,4875,1.956e+06,1.95693e+06,547.157
2,4876,1.956e+06,1.95693e+06,547.157
2,4877,1.956e+06,1.95693e+06,547.157
2,4878,1.956e+06,1.95693e+06,547.157
2,4879,1.956e+06,1.95693e+06,547.157
2,4880,1.956e+06,1.95609e+06,547.157
2,4881,1.956e+06,1.95609e+06,541.685
2,4882,1.956e+06,1.95609e+06,541.685
2,4883,1.956e+06,1.95609e+06,541.685
2,4884,1.956e+06,1.95609e+06,541.685
2,4885,1.956e+06,1.95609e+06,541.685
2,4886,1.956e+06,1.95601e+06,541.685
2,4887,1.956e+06,1.956e+06,541.685
2,4888,1.956e+06,1.956e+06,541.685
2,4889,1.956e+06,1.956e+06,541.685
2,4890,1.956e+06,1.956e+06,541.685
2,4891,1.956e+06,1.956e+06,541.685
2,4892,1.956e+06,1.956e+06,541.685
2,4893,1.956e+06,1.956e+06,541.685
2,4894,1.956e+06,1.956e+06,541.685
2,4895,1.956e+06,1.956e+06,541.685
2,4896,1.956e+06,1.956e+06,541.685
2,4897,1.956e+06,1.956e+06,541.685
2,4898,1.956e+06,1.956e+06,541.685
2,4899,1.956e+06,1.956e+06,541.685
2,4900,1.956e+06,1.956e+06,541.685
2,4901,1.956e+06,1.956e+06,541.685
2,4902,1.956e+06,1.956e+06,541.685
2,4903,1.956e+06,1.956e+06,541.685
2,4904,1.956e+06,1.956e+06,541.685
2,4905,1.956e+06,1.956e+06,541.685
2,4906,1.956e+06,1.956e+06,541.685
2,4907,1.956e+06,1.956e+06,541.685
2,4908,1.956e+06,1.956e+06,541.685
2,4909,1.956e+06,1.956e+06,541.685
2,4910,1.956e+06,1.956e+06,541.685
2,4911,1.956e+06,1.956e+06,541.685
2,4912,1.956e+06,1.956e+06,541.685
2,4913,1.956e+06,1.956e+06,541.685
2,4914,1.956e+06,1.956e+06,541.685
2,4915,1.956e+06,1.956e+06,541.685
2,4916,1.956e+06,1.956e+06,541.685
2,4917,1.956e+06,1.956e+06,541.685
2,4918,1.956e+06,1.956e+06,541.685
2,4919,1.956e+06,1.956e+06,541.685
2,4920,1.956e+06,1.956e+06,541.685
2,4921,1.956e+06,1.956e+06,541.685
2,4922,1.956e+06,1.956e+06,541.685
2,4923,1.956e+06,1.956e+06,541.685
2,4924,1.956e+06,1.956e+06,541.685
2,4925,1.956e+06,1.956e+06,541.685
2,4926,1.956e+06,1.956e+06,541.685
2,4927,1.956e+06,1.956e+06,541.685
2,4928,1.956e+06,1.956e+06,541.685
2,4929,1.956e+06,1.956e+06,541.685
2,4930,1.956e+06,1.956e+06,541.685
2,4931,1.956e+06,1.95693e+06,541.685
2,4932,1.956e+06,1.95693e+06,541.685
2,4933,1.956e+06,1.95693e+06,541.685
2,4934,1.956e+06,1.95693e+06,541.685
2,4935,1.956e+06,1.95693e+06,541.685
2,4936,1.956e+06,1.95693e+06,541.685
2,4937,1.956e+06,1.95693e+06,541.685
2,4938,1.956e+06,1.95693e+06,541.685
2,4939,1.956e+06,1.95693e+06,541.685
2,4940,1.956e+06,1.95601e+06,541.685
2,4941,1.956e+06,1.95601e+06,541.685
2,4942,1.956e+06,1.95601e+06,541.685
2,4943,1.956e+06,1.95601e+06,541.685
2,4944,1.956e+06,1.95601e+06,541.685
2,4945,1.956e+06,1.95601e+06,541.685
2,4946,1.956e+06,1.95601e+06,541.685
2,4947,1.956e+06,1.95601e+06,541.685
2,4948,1.956e+06,1.95601e+06,541.685
2,4949,1.956e+06,1.956e+06,541.685
2,4950,1.956e+06,1.956e+06,541.685
2,4951,1.956e+06,1.956e+06,541.685
2,4952,1.956e+06,1.956e+06,541.685
2,4953,1.956e+06,1.956e+06,541.685
2,4954,1.956e+06,1.956e+06,541.685
2,4955,1.956e+06,1.956e+06,541.685
2,4956,1.956e+06,1.956e+06,541.685
2,4957,1.956e+06,1.956e+06,541.685
2,4958,1.956e+06,1.956e+06,541.685
2,4959,1.956e+06,1.956e+06,541.685
2,4960,1.956e+06,1.956e+06,541.685
2,4961,1.956e+06,1.956e+06,536.268
2,4962,1.956e+06,1.956e+06,536.268
2,4963,1.956e+06,1.956e+06,536.268
2,4964,1.956e+06,1.956e+06,536.268
2,4965,1.956e+06,1.956e+06,536.268
2,4966,1.956e+06,1.956e+06,536.268
2,4967,1.956e+06,1.956e+06,536.268
2,4968,1.956e+06,1.956e+06,536.268
2,4969,1.956e+06,1.956e+06,536.268
2,4970,1.956e+06,1.956e+06,536.268
2,4971,1.956e+06,1.956e+06,536.268
2,4972,1.956e+06,1.956e+06,536.268
2,4973,1.956e+06,1.956e+06,536.268
2,4974,1.956e+06,1.956e+06,536.268
2,4975,1.956e+06,1.956e+06,536.268
2,4976,1.956e+06,1.956e+06,536.268
2,4977,1.956e+06,1.956e+06,536.268
2,4978,1.956e+06,1.956e+06,536.268
2,4979,1.956e+06,1.956e+06,536.268
2,4980,1.956e+06,1.956e+06,536.268
2,4981,1.956e+06,1.956e+06,536.268
2,4982,1.956e+06,1.956e+06,536.268
2,4983,1.956e+06,1.956e+06,536.268
2,4984,1.956e+06,1.956e+06,536.268
2,4985,1.956e+06,1.956e+06,536.268
2,4986,1.956e+06,1.956e+06,536.268
2,4987,1.956e+06,1.956e+06,536.268
2,4988,1.956e+06,1.956e+06,536.268
2,4989,1.956e+06,1.956e+06,536.268
2,4990,1.956e+06,1.956e+06,536.268
2,4991,1.956e+06,1.956e+06,536.268
2,4992,1.956e+06,1.956e+06,536.268
2,4993,1.956e+06,1.956e+06,536.268
2,4994,1.956e+06,1.956e+06,536.268
2,4995,1.956e+06,1.956e+06,536.268
2,4996,1.956e+06,1.956e+06,536.268
2,4997,1.956e+06,1.956e+06,536.268
2,4998,1.956e+06,1.956e+06,536.268
2,4999,1.956e+06,1.956e+06,536.268
2,5000,1.956e+06,1.956e+06,536.268
2,5001,1.956e+06,1.956e+06,536.268
2,5002,1.956e+06,1.956e+06,536.268
2,5003,1.956e+06,1.956e+06,536.268
2,5004,1.956e+06,1.956e+06,536.268
2,5005,1.956e+06,1.956e+06,536.268
2,5006,1.956e+06,1.956e+06,536.268
2,5007,1.956e+06,1.956e+06,536.268
2,5008,1.956e+06,1.956e+06,536.268
2,5009,1.956e+06,1.956e+06,536.268
2,5010,1.956e+06,1.956e+06,536.268
2,5011,1.956e+06,1.956e+06,536.268
2,5012,1.956e+06,1.956e+06,536.268
2,5013,1.956e+06,1.956e+06,536.268
2,5014,1.956e+06,1.956e+06,536.268
2,5015,1.956e+06,1.956e+06,536.268
2,5016,1.956e+06,1.956e+06,536.268
2,5017,1.956e+06,1.956e+06,536.268
2,5018,1.956e+06,1.956e+06,536.268
2,5019,1.956e+06,1.956e+06,536.268
2,5020,1.956e+06,1.956e+06,536.268
2,5021,1.956e+06,1.956e+06,536.268
2,5022,1.956e+06,1.956e+06,536.268
2,5023,1.956e+06,1.956e+06,536.268
2,5024,1.956e+06,1.956e+06,536.268
2,5025,1.956e+06,1.956e+06,536.268
2,5026,1.956e+06,1.956e+06,536.268
2,5027,1.956e+06,1.956e+06,536.268
2,5028,1.956e+06,1.956e+06,536.268
2,5029,1.956e+06,1.956e+06,536.268
2,5030,1.956e+06,1.956e+06,536.268
2,5031,1.956e+06,1.956e+06,536.268
2,5032,1.956e+06,1.956e+06,536.268
2,5033,1.956e+06,1.956e+06,536.268
2,5034,1.956e+06,1.956e+06,536.268
2,5035,1.956e+06,1.956e+06,536.268
2,5036,1.956e+06,1.956e+06,536.268
2,5037,1.956e+06,1.956e+06,536.268
2,5038,1.956e+06,1.956e+06,536.268
2,5039,1.956e+06,1.956e+06,536.268
2,5040,1.956e+06,1.956e+06,536.268
2,5041,1.956e+06,1.956e+06,530.906
2,5042,1.956e+06,1.956e+06,530.906
2,5043,1.956e+06,1.956e+06,530.906
2,5044,1.956e+06,1.956e+06,530.906
2,5045,1.956e+06,1.956e+06,530.906
2,5046,1.956e+06,1.956e+06,530.906
2,5047,1.956e+06,1.956e+06,530.906
2,5048,1.956e+06,1.956e+06,530.906
2,5049,1.956e+06,1.956e+06,530.906
2,5050,1.956e+06,1.95701e+06,530.906
2,5051,1.956e+06,1.95701e+06,530.906
2,5052,1.956e+06,1.95701e+06,530.906
2,5053,1.956e+06,1.95701e+06,530.906
2,5054,1.956e+06,1.95701e+06,530.906
2,5055,1.956e+06,1.95701e+06,530.906
2,5056,1.956e+06,1.95701e+06,530.906
2,5057,1.956e+06,1.95701e+06,530.906
2,5058,1.956e+06,1.95701e+06,530.906
2,5059,1.956e+06,1.95609e+06,530.906
2,5060,1.956e+06,1.95609e+06,530.906
2,5061,1.956e+06,1.95609e+06,530.906
2,5062,1.956e+06,1.95609e+06,530.906
2,5063,1.956e+06,1.95601e+06,530.906
2,5064,1.956e+06,1.95601e+06,530.906
2,5065,1.956e+06,1.95609e+06,530.906
2,5066,1.956e+06,1.95609e+06,530.906
2,5067,1.956e+06,1.95601e+06,530.906
2,5068,1.956e+06,1.95601e+06,530.906
2,5069,1.956e+06,1.95601e+06,530.906
2,5070,1.956e+06,1.95601e+06,530.906
2,5071,1.956e+06,1.95601e+06,530.906
2,5072,1.956e+06,1.95601e+06,530.906
2,5073,1.956e+06,1.95601e+06,530.906
2,5074,1.956e+06,1.95601e+06,530.906
2,5075,1.956e+06,1.95601e+06,530.906
2,5076,1.956e+06,1.95601e+06,530.906
2,5077,1.956e+06,1.95601e+06,530.906
2,5078,1.956e+06,1.956e+06,530.906
2,5079,1.956e+06,1.956e+06,530.906
2,5080,1.956e+06,1.956e+06,530.906
2,5081,1.956e+06,1.956e+06,530.906
2,5082,1.956e+06,1.956e+06,530.906
2,5083,1.956e+06,1.956e+06,530.906
2,5084,1.956e+06,1.956e+06,530.906
2,5085,1.956e+06,1.956e+06,530.906
2,5086,1.956e+06,1.956e+06,530.906
2,5087,1.956e+06,1.956e+06,530.906
2,5088,1.956e+06,1.956e+06,530.906
2,5089,1.956e+06,1.956e+06,530.906
2,5090,1.956e+06,1.956e+06,530.906
2,5091,1.956e+06,1.956e+06,530.906
2,5092,1.956e+06,1.956e+06,530.906
2,5093,1.956e+06,1.956e+06,530.906
2,5094,1.956e+06,1.956e+06,530.906
2,5095,1.956e+06,1.956e+06,530.906
2,5096,1.956e+06,1.956e+06,530.906
2,5097,1.956e+06,1.956e+06,530.906
2,5098,1.956e+06,1.956e+06,530.906
2,5099,1.956e+06,1.956e+06,530.906
2,5100,1.956e+06,1.956e+06,530.906
2,5101,1.956e+06,1.956e+06,530.906
2,5102,1.956e+06,1.956e+06,530.906
2,5103,1.956e+06,1.956e+06,530.906
2,5104,1.956e+06,1.956e+06,530.906
2,5105,1.956e+06,1.956e+06,530.906
2,5106,1.956e+06,1.956e+06,530.906
2,5107,1.956e+06,1.956e+06,530.906
2,5108,1.956e+06,1.956e+06,530.906
2,5109,1.956e+06,1.956e+06,530.906
2,5110,1.956e+06,1.956e+06,530.906
2,5111,1.956e+06,1.956e+06,530.906
2,5112,1.956e+06,1.956e+06,530.906
2,5113,1.956e+06,1.956e+06,530.906
2,5114,1.956e+06,1.956e+06,530.906
2,5115,1.956e+06,1.956e+06,530.906
2,5116,1.956e+06,1.956e+06,530.906
2,5117,1.956e+06,1.956e+06,530.906
2,5118,1.956e+06,1.956e+06,530.906
2,5119,1.956e+06,1.956e+06,530.906
2,5120,1.956e+06,1.956e+06,530.906
2,5121,1.956e+06,1.956e+06,525.596
2,5122,1.956e+06,1.956e+06,525.596
2,5123,1.956e+06,1.956e+06,525.596
2,5124,1.956e+06,1.956e+06,525.596
2,5125,1.956e+06,1.956e+06,525.596
2,5126,1.956e+06,1.956e+06,525.596
2,5127,1.956e+06,1.956e+06,525.596
2,5128,1.956e+06,1.956e+06,525.596
2,5129,1.956e+06,1.956e+06,525.596
2,5130,1.956e+06,1.956e+06,525.596
2,5131,1.956e+06,1.956e+06,525.596
2,5132,1.956e+06,1.956e+06,525.596
2,5133,1.956e+06,1.956e+06,525.596
2,5134,1.956e+06,1.956e+06,525.596
2,5135,1.956e+06,1.956e+06,525.596
2,5136,1.956e+06,1.956e+06,525.596
2,5137,1.956e+06,1.956e+06,525.596
2,5138,1.956e+06,1.956e+06,525.596
2,5139,1.956e+06,1.956e+06,525.596
2,5140,1.956e+06,1.956e+06,525.596
2,5141,1.956e+06,1.956e+06,525.596
2,5142,1.956e+06,1.956e+06,525.596
2,5143,1.956e+06,1.956e+06,525.596
2,5144,1.956e+06,1.956e+06,525.596
2,5145,1.956e+06,1.956e+06,525.596
2,5146,1.956e+06,1.956e+06,525.596
2,5147,1.956e+06,1.956e+06,525.596
2,5148,1.956e+06,1.956e+06,525.596
2,5149,1.956e+06,1.956e+06,525.596
2,5150,1.956e+06,1.956e+06,525.596
2,5151,1.956e+06,1.956e+06,525.596
2,5152,1.956e+06,1.956e+06,525.596
2,5153,1.956e+06,1.956e+06,525.596
2,5154,1.956e+06,1.956e+06,525.596
2,5155,1.956e+06,1.956e+06,525.596
2,5156,1.956e+06,1.95701e+06,525.596
2,5157,1.956e+06,1.95701e+06,525.596
2,5158,1.956e+06,1.95701e+06,525.596
2,5159,1.956e+06,1.95702e+06,525.596
2,5160,1.956e+06,1.95702e+06,525.596
2,5161,1.956e+06,1.95702e+06,525.596
2,5162,1.956e+06,1.95702e+06,525.596
2,5163,1.956e+06,1.956e+06,525.596
2,5164,1.956e+06,1.95603e+06,525.596
2,5165,1.956e+06,1.95603e+06,525.596
2,5166,1.956e+06,1.95603e+06,525.596
2,5167,1.956e+06,1.95603e+06,525.596
2,5168,1.956e+06,1.95603e+06,525.596
2,5169,1.956e+06,1.95603e+06,525.596
2,5170,1.956e+06,1.956e+06,525.596
2,5171,1.956e+06,1.956e+06,525.596
2,5172,1.956e+06,1.956e+06,525.596
2,5173,1.956e+06,1.956e+06,525.596
2,5174,1.956e+06,1.956e+06,525.596
2,5175,1.956e+06,1.956e+06,525.596
2,5176,1.956e+06,1.9561e+06,525.596
2,5177,1.956e+06,1.95607e+06,525.596
2,5178,1.956e+06,1.95607e+06,525.596
2,5179,1.956e+06,1.95607e+06,525.596
2,5180,1.956e+06,1.95607e+06,525.596
2,5181,1.956e+06,1.95607e+06,525.596
2,5182,1.956e+06,1.95607e+06,525.596
2,5183,1.956e+06,1.95607e+06,525.596
2,5184,1.956e+06,1.95607e+06,525.596
2,5185,1.956e+06,1.95607e+06,525.596
2,5186,1.956e+06,1.95607e+06,525.596
2,5187,1.956e+06,1.956e+06,525.596
2,5188,1.956e+06,1.956e+06,525.596
2,5189,1.956e+06,1.956e+06,525.596
2,5190,1.956e+06,1.956e+06,525.596
2,5191,1.956e+06,1.956e+06,525.596
2,5192,1.956e+06,1.956e+06,525.596
2,5193,1.956e+06,1.956e+06,525.596
2,5194,1.956e+06,1.956e+06,525.596
2,5195,1.956e+06,1.956e+06,525.596
2,5196,1.956e+06,1.956e+06,525.596
2,5197,1.956e+06,1.956e+06,525.596
2,5198,1.956e+06,1.956e+06,525.596
2,5199,1.956e+06,1.956e+06,525.596
2,5200,1.956e+06,1.956e+06,525.596
2,5201,1.956e+06,1.956e+06,520.341
2,5202,1.956e+06,1.956e+06,520.341
2,5203,1.956e+06,1.956e+06,520.341
2,5204,1.956e+06,1.956e+06,520.341
2,5205,1.956e+06,1.956e+06,520.341
2,5206,1.956e+06,1.956e+06,520.341
2,5207,1.956e+06,1.956e+06,520.341
2,5208,1.956e+06,1.956e+06,520.341
2,5209,1.956e+06,1.956e+06,520.341
2,5210,1.956e+06,1.956e+06,520.341
2,5211,1.956e+06,1.956e+06,520.341
2,5212,1.956e+06,1.9561e+06,520.341
2,5213,1.956e+06,1.9561e+06,520.341
2,5214,1.956e+06,1.9561e+06,520.341
2,5215,1.956e+06,1.9561e+06,520.341
2,5216,1.956e+06,1.956e+06,520.341
2,5217,1.956e+06,1.956e+06,520.341
2,5218,1.956e+06,1.956e+06,520.341
2,5219,1.956e+06,1.956e+06,520.341
2,5220,1.956e+06,1.956e+06,520.341
2,5221,1.956e+06,1.956e+06,520.341
2,5222,1.956e+06,1.956e+06,520.341
2,5223,1.956e+06,1.956e+06,520.341
2,5224,1.956e+06,1.956e+06,520.341
2,5225,1.956e+06,1.956e+06,520.341
2,5226,1.956e+06,1.956e+06,520.341
2,5227,1.956e+06,1.956e+06,520.341
2,5228,1.956e+06,1.956e+06,520.341
2,5229,1.956e+06,1.956e+06,520.341
2,5230,1.956e+06,1.956e+06,520.341
2,5231,1.956e+06,1.956e+06,520.341
2,5232,1.956e+06,1.956e+06,520.341
2,5233,1.956e+06,1.956e+06,520.341
2,5234,1.956e+06,1.956e+06,520.341
2,5235,1.956e+06,1.956e+06,520.341
2,5236,1.956e+06,1.956e+06,520.341
2,5237,1.956e+06,1.956e+06,520.341
2,5238,1.956e+06,1.956e+06,520.341
2,5239,1.956e+06,1.956e+06,520.341
2,5240,1.956e+06,1.956e+06,520.341
2,5241,1.956e+06,1.956e+06,520.341
2,5242,1.956e+06,1.956e+06,520.341
2,5243,1.956e+06,1.956e+06,520.341
2,5244,1.956e+06,1.956e+06,520.341
2,5245,1.956e+06,1.956e+06,520.341
2,5246,1.956e+06,1.956e+06,520.341
2,5247,1.956e+06,1.956e+06,520.341
2,5248,1.956e+06,1.956e+06,520.341
2,5249,1.956e+06,1.956e+06,520.341
2,5250,1.956e+06,1.956e+06,520.341
2,5251,1.956e+06,1.956e+06,520.341
2,5252,1.956e+06,1.956e+06,520.341
2,5253,1.956e+06,1.956e+06,520.341
2,5254,1.956e+06,1.956e+06,520.341
2,5255,1.956e+06,1.956e+06,520.341
2,5256,1.956e+06,1.956e+06,520.341
2,5257,1.956e+06,1.956e+06,520.341
2,5258,1.956e+06,1.956e+06,520.341
2,5259,1.956e+06,1.956e+06,520.341
2,5260,1.956e+06,1.956e+06,520.341
2,5261,1.956e+06,1.95693e+06,520.341
2,5262,1.956e+06,1.95693e+06,520.341
2,5263,1.956e+06,1.95693e+06,520.341
2,5264,1.956e+06,1.95693e+06,520.341
2,5265,1.956e+06,1.95694e+06,520.341
2,5266,1.956e+06,1.95694e+06,520.341
2,5267,1.956e+06,1.95694e+06,520.341
2,5268,1.956e+06,1.95694e+06,520.341
2,5269,1.956e+06,1.95694e+06,520.341
2,5270,1.956e+06,1.95694e+06,520.341
2,5271,1.956e+06,1.95694e+06,520.341
2,5272,1.956e+06,1.95694e+06,520.341
2,5273,1.956e+06,1.95694e+06,520.341
2,5274,1.956e+06,1.95694e+06,520.341
2,5275,1.956e+06,1.95694e+06,520.341
2,5276,1.956e+06,1.95694e+06,520.341
2,5277,1.956e+06,1.956e+06,520.341
2,5278,1.956e+06,1.956e+06,520.341
2,5279,1.956e+06,1.956e+06,520.341
2,5280,1.956e+06,1.956e+06,520.341
2,5281,1.956e+06,1.956e+06,515.137
2,5282,1.956e+06,1.956e+06,515.137
2,5283,1.956e+06,1.956e+06,515.137
2,5284,1.956e+06,1.956e+06,515.137
2,5285,1.956e+06,1.956e+06,515.137
2,5286,1.956e+06,1.956e+06,515.137
2,5287,1.956e+06,1.956e+06,515.137
2,5288,1.956e+06,1.956e+06,515.137
2,5289,1.956e+06,1.956e+06,515.137
2,5290,1.956e+06,1.956e+06,515.137
2,5291,1.956e+06,1.956e+06,515.137
2,5292,1.956e+06,1.956e+06,515.137
2,5293,1.956e+06,1.956e+06,515.137
2,5294,1.956e+06,1.956e+06,515.137
2,5295,1.956e+06,1.956e+06,515.137
2,5296,1.956e+06,1.956e+06,515.137
2,5297,1.956e+06,1.956e+06,515.137
2,5298,1.956e+06,1.956e+06,515.137
2,5299,1.956e+06,1.956e+06,515.137
2,5300,1.956e+06,1.956e+06,515.137
2,5301,1.956e+06,1.956e+06,515.137
2,5302,1.956e+06,1.956e+06,515.137
2,5303,1.956e+06,1.956e+06,515.137
2,5304,1.956e+06,1.956e+06,515.137
2,5305,1.956e+06,1.956e+06,515.137
2,5306,1.956e+06,1.956e+06,515.137
2,5307,1.956e+06,1.956e+06,515.137
2,5308,1.956e+06,1.956e+06,515.137
2,5309,1.956e+06,1.956e+06,515.137
2,5310,1.956e+06,1.956e+06,515.137
2,5311,1.956e+06,1.956e+06,515.137
2,5312,1.956e+06,1.956e+06,515.137
2,5313,1.956e+06,1.956e+06,515.137
2,5314,1.956e+06,1.956e+06,515.137
2,5315,1.956e+06,1.95693e+06,515.137
2,5316,1.956e+06,1.95693e+06,515.137
2,5317,1.956e+06,1.95693e+06,515.137
2,5318,1.956e+06,1.95693e+06,515.137
2,5319,1.956e+06,1.95693e+06,515.137
2,5320,1.956e+06,1.95693e+06,515.137
2,5321,1.956e+06,1.95693e+06,515.137
2,5322,1.956e+06,1.95693e+06,515.137
2,5323,1.956e+06,1.95693e+06,515.137
2,5324,1.956e+06,1.95693e+06,515.137
2,5325,1.956e+06,1.95703e+06,515.137
2,5326,1.956e+06,1.95703e+06,515.137
2,5327,1.956e+06,1.95611e+06,515.137
2,5328,1.956e+06,1.95611e+06,515.137
2,5329,1.956e+06,1.95611e+06,515.137
2,5330,1.956e+06,1.95611e+06,515.137
2,5331,1.956e+06,1.95611e+06,515.137
2,5332,1.956e+06,1.95611e+06,515.137
2,5333,1.956e+06,1.95611e+06,515.137
2,5334,1.956e+06,1.95611e+06,515.137
2,5335,1.956e+06,1.95611e+06,515.137
2,5336,1.956e+06,1.95611e+06,515.137
2,5337,1.956e+06,1.95611e+06,515.137
2,5338,1.956e+06,1.95611e+06,515.137
2,5339,1.956e+06,1.95611e+06,515.137
2,5340,1.956e+06,1.95611e+06,515.137
2,5341,1.956e+06,1.95611e+06,515.137
2,5342,1.956e+06,1.95611e+06,515.137
2,5343,1.956e+06,1.95611e+06,515.137
2,5344,1.956e+06,1.95611e+06,515.137
2,5345,1.956e+06,1.95611e+06,515.137
2,5346,1.956e+06,1.95611e+06,515.137
2,5347,1.956e+06,1.95611e+06,515.137
2,5348,1.956e+06,1.95611e+06,515.137
2,5349,1.956e+06,1.95601e+06,515.137
2,5350,1.956e+06,1.95601e+06,515.137
2,5351,1.956e+06,1.95601e+06,515.137
2,5352,1.956e+06,1.95601e+06,515.137
2,5353,1.956e+06,1.95601e+06,515.137
2,5354,1.956e+06,1.95601e+06,515.137
2,5355,1.956e+06,1.95601e+06,515.137
2,5356,1.956e+06,1.95601e+06,515.137
2,5357,1.956e+06,1.95601e+06,515.137
2,5358,1.956e+06,1.95601e+06,515.137
2,5359,1.956e+06,1.95601e+06,515.137
2,5360,1.956e+06,1.95601e+06,515.137
2,5361,1.956e+06,1.956e+06,509.986
2,5362,1.956e+06,1.956e+06,509.986
2,5363,1.956e+06,1.956e+06,509.986
2,5364,1.956e+06,1.956e+06,509.986
2,5365,1.956e+06,1.956e+06,509.986
2,5366,1.956e+06,1.956e+06,509.986
2,5367,1.956e+06,1.956e+06,509.986
2,5368,1.956e+06,1.956e+06,509.986
2,5369,1.956e+06,1.956e+06,509.986
2,5370,1.956e+06,1.956e+06,509.986
2,5371,1.956e+06,1.956e+06,509.986
2,5372,1.956e+06,1.956e+06,509.986
2,5373,1.956e+06,1.956e+06,509.986
2,5374,1.956e+06,1.956e+06,509.986
2,5375,1.956e+06,1.956e+06,509.986
2,5376,1.956e+06,1.956e+06,509.986
2,5377,1.956e+06,1.956e+06,509.986
2,5378,1.956e+06,1.956e+06,509.986
2,5379,1.956e+06,1.956e+06,509.986
2,5380,1.956e+06,1.956e+06,509.986
2,5381,1.956e+06,1.956e+06,509.986
2,5382,1.956e+06,1.956e+06,509.986
2,5383,1.956e+06,1.956e+06,509.986
2,5384,1.956e+06,1.956e+06,509.986
2,5385,1.956e+06,1.956e+06,509.986
2,5386,1.956e+06,1.956e+06,509.986
2,5387,1.956e+06,1.956e+06,509.986
2,5388,1.956e+06,1.95693e+06,509.986
2,5389,1.956e+06,1.95794e+06,509.986
2,5390,1.956e+06,1.95794e+06,509.986
2,5391,1.956e+06,1.95794e+06,509.986
2,5392,1.956e+06,1.95702e+06,509.986
2,5393,1.956e+06,1.95702e+06,509.986
2,5394,1.956e+06,1.95702e+06,509.986
2,5395,1.956e+06,1.95702e+06,509.986
2,5396,1.956e+06,1.95702e+06,509.986
2,5397,1.956e+06,1.95702e+06,509.986
2,5398,1.956e+06,1.95702e+06,509.986
2,5399,1.956e+06,1.95609e+06,509.986
2,5400,1.956e+06,1.95609e+06,509.986
2,5401,1.956e+06,1.95609e+06,509.986
2,5402,1.956e+06,1.95609e+06,509.986
2,5403,1.956e+06,1.95609e+06,509.986
2,5404,1.956e+06,1.95609e+06,509.986
2,5405,1.956e+06,1.95609e+06,509.986
2,5406,1.956e+06,1.95619e+06,509.986
2,5407,1.956e+06,1.95619e+06,509.986
2,5408,1.956e+06,1.95619e+06,509.986
2,5409,1.956e+06,1.95619e+06,509.986
2,5410,1.956e+06,1.95619e+06,509.986
2,5411,1.956e+06,1.95611e+06,509.986
2,5412,1.956e+06,1.95611e+06,509.986
2,5413,1.956e+06,1.95611e+06,509.986
2,5414,1.956e+06,1.95611e+06,509.986
2,5415,1.956e+06,1.95611e+06,509.986
2,5416,1.956e+06,1.95611e+06,509.986
2,5417,1.956e+06,1.95611e+06,509.986
2,5418,1.956e+06,1.95611e+06,509.986
2,5419,1.956e+06,1.95611e+06,509.986
2,5420,1.956e+06,1.95611e+06,509.986
2,5421,1.956e+06,1.95611e+06,509.986
2,5422,1.956e+06,1.95611e+06,509.986
2,5423,1.956e+06,1.95611e+06,509.986
2,5424,1.956e+06,1.95611e+06,509.986
2,5425,1.956e+06,1.95601e+06,509.986
2,5426,1.956e+06,1.95601e+06,509.986
2,5427,1.956e+06,1.95601e+06,509.986
2,5428,1.956e+06,1.95601e+06,509.986
2,5429,1.956e+06,1.95601e+06,509.986
2,5430,1.956e+06,1.95601e+06,509.986
2,5431,1.956e+06,1.95601e+06,509.986
2,5432,1.956e+06,1.95601e+06,509.986
2,5433,1.956e+06,1.95601e+06,509.986
2,5434,1.956e+06,1.95601e+06,509.986
2,5435,1.956e+06,1.95601e+06,509.986
2,5436,1.956e+06,1.95601e+06,509.986
2,5437,1.956e+06,1.95601e+06,509.986
2,5438,1.956e+06,1.95601e+06,509.986
2,5439,1.956e+06,1.95601e+06,509.986
2,5440,1.956e+06,1.95601e+06,509.986
2,5441,1.956e+06,1.95601e+06,504.886
2,5442,1.956e+06,1.95601e+06,504.886
2,5443,1.956e+06,1.95601e+06,504.886
2,5444,1.956e+06,1.95601e+06,504.886
2,5445,1.956e+06,1.95601e+06,504.886
2,5446,1.956e+06,1.95601e+06,504.886
2,5447,1.956e+06,1.95609e+06,504.886
2,5448,1.956e+06,1.95609e+06,504.886
2,5449,1.956e+06,1.95609e+06,504.886
2,5450,1.956e+06,1.95609e+06,504.886
2,5451,1.956e+06,1.95609e+06,504.886
2,5452,1.956e+06,1.95609e+06,504.886
2,5453,1.956e+06,1.95609e+06,504.886
2,5454,1.956e+06,1.95609e+06,504.886
2,5455,1.956e+06,1.95609e+06,504.886
2,5456,1.956e+06,1.95609e+06,504.886
2,5457,1.956e+06,1.95609e+06,504.886
2,5458,1.956e+06,1.95609e+06,504.886
2,5459,1.956e+06,1.95609e+06,504.886
2,5460,1.956e+06,1.95609e+06,504.886
2,5461,1.956e+06,1.95601e+06,504.886
2,5462,1.956e+06,1.95601e+06,504.886
2,5463,1.956e+06,1.95601e+06,504.886
2,5464,1.956e+06,1.95601e+06,504.886
2,5465,1.956e+06,1.95601e+06,504.886
2,5466,1.956e+06,1.95601e+06,504.886
2,5467,1.956e+06,1.95601e+06,504.886
2,5468,1.956e+06,1.95601e+06,504.886
2,5469,1.956e+06,1.95601e+06,504.886
2,5470,1.956e+06,1.95601e+06,504.886
2,5471,1.956e+06,1.95601e+06,504.886
2,5472,1.956e+06,1.95601e+06,504.886
2,5473,1.956e+06,1.95601e+06,504.886
2,5474,1.956e+06,1.95601e+06,504.886
2,5475,1.956e+06,1.95601e+06,504.886
2,5476,1.956e+06,1.95601e+06,504.886
2,5477,1.956e+06,1.95601e+06,504.886
2,5478,1.956e+06,1.95601e+06,504.886
2,5479,1.956e+06,1.95601e+06,504.886
2,5480,1.956e+06,1.95601e+06,504.886
2,5481,1.956e+06,1.95601e+06,504.886
2,5482,1.956e+06,1.95601e+06,504.886
2,5483,1.956e+06,1.95601e+06,504.886
2,5484,1.956e+06,1.95601e+06,504.886
2,5485,1.956e+06,1.95601e+06,504.886
2,5486,1.956e+06,1.95601e+06,504.886
2,5487,1.956e+06,1.95601e+06,504.886
2,5488,1.956e+06,1.95601e+06,504.886
2,5489,1.956e+06,1.95601e+06,504.886
2,5490,1.956e+06,1.95601e+06,504.886
2,5491,1.956e+06,1.95601e+06,504.886
2,5492,1.956e+06,1.95601e+06,504.886
2,5493,1.956e+06,1.95601e+06,504.886
2,5494,1.956e+06,1.95601e+06,504.886
2,5495,1.956e+06,1.95601e+06,504.886
2,5496,1.956e+06,1.95601e+06,504.886
2,5497,1.956e+06,1.95601e+06,504.886
2,5498,1.956e+06,1.95601e+06,504.886
2,5499,1.956e+06,1.95601e+06,504.886
2,5500,1.956e+06,1.9561e+06,504.886
2,5501,1.956e+06,1.9561e+06,504.886
2,5502,1.956e+06,1.9561e+06,504.886
2,5503,1.956e+06,1.9561e+06,504.886
2,5504,1.956e+06,1.9561e+06,504.886
2,5505,1.956e+06,1.9561e+06,504.886
2,5506,1.956e+06,1.9561e+06,504.886
2,5507,1.956e+06,1.95652e+06,504.886
2,5508,1.956e+06,1.95652e+06,504.886
2,5509,1.956e+06,1.9561e+06,504.886
2,5510,1.956e+06,1.9561e+06,504.886
2,5511,1.956e+06,1.9561e+06,504.886
2,5512,1.956e+06,1.9561e+06,504.886
2,5513,1.956e+06,1.9561e+06,504.886
2,5514,1.956e+06,1.9561e+06,504.886
2,5515,1.956e+06,1.9561e+06,504.886
2,5516,1.956e+06,1.9561e+06,504.886
2,5517,1.956e+06,1.95609e+06,504.886
2,5518,1.956e+06,1.95609e+06,504.886
2,5519,1.956e+06,1.95609e+06,504.886
2,5520,1.956e+06,1.95609e+06,504.886
2,5521,1.956e+06,1.95609e+06,499.837
2,5522,1.956e+06,1.95609e+06,499.837
2,5523,1.956e+06,1.95609e+06,499.837
2,5524,1.956e+06,1.95609e+06,499.837
2,5525,1.956e+06,1.95609e+06,499.837
2,5526,1.956e+06,1.95609e+06,499.837
2,5527,1.956e+06,1.95609e+06,499.837
2,5528,1.956e+06,1.95609e+06,499.837
2,5529,1.956e+06,1.95609e+06,499.837
2,5530,1.956e+06,1.95609e+06,499.837
2,5531,1.956e+06,1.95609e+06,499.837
2,5532,1.956e+06,1.95609e+06,499.837
2,5533,1.956e+06,1.95652e+06,499.837
2,5534,1.956e+06,1.95609e+06,499.837
2,5535,1.956e+06,1.95609e+06,499.837
2,5536,1.956e+06,1.95601e+06,499.837
2,5537,1.956e+06,1.95601e+06,499.837
2,5538,1.956e+06,1.95601e+06,499.837
2,5539,1.956e+06,1.95601e+06,499.837
2,5540,1.956e+06,1.95601e+06,499.837
2,5541,1.956e+06,1.95601e+06,499.837
2,5542,1.956e+06,1.95601e+06,499.837
2,5543,1.956e+06,1.95601e+06,499.837
2,5544,1.956e+06,1.95601e+06,499.837
2,5545,1.956e+06,1.95694e+06,499.837
2,5546,1.956e+06,1.95694e+06,499.837
2,5547,1.956e+06,1.9561e+06,499.837
2,5548,1.956e+06,1.9561e+06,499.837
2,5549,1.956e+06,1.9561e+06,499.837
2,5550,1.956e+06,1.95601e+06,499.837
2,5551,1.956e+06,1.95601e+06,499.837
2,5552,1.956e+06,1.95601e+06,499.837
2,5553,1.956e+06,1.95601e+06,499.837
2,5554,1.956e+06,1.95601e+06,499.837
2,5555,1.956e+06,1.95601e+06,499.837
2,5556,1.956e+06,1.95601e+06,499.837
2,5557,1.956e+06,1.95601e+06,499.837
2,5558,1.956e+06,1.95601e+06,499.837
2,5559,1.956e+06,1.95601e+06,499.837
2,5560,1.956e+06,1.95601e+06,499.837
2,5561,1.956e+06,1.95601e+06,499.837
2,5562,1.956e+06,1.95601e+06,499.837
2,5563,1.956e+06,1.95601e+06,499.837
2,5564,1.956e+06,1.95601e+06,499.837
2,5565,1.956e+06,1.95601e+06,499.837
2,5566,1.956e+06,1.95609e+06,499.837
2,5567,1.956e+06,1.95609e+06,499.837
2,5568,1.956e+06,1.95609e+06,499.837
2,5569,1.956e+06,1.95609e+06,499.837
2,5570,1.956e+06,1.95609e+06,499.837
2,5571,1.956e+06,1.95609e+06,499.837
2,5572,1.956e+06,1.95609e+06,499.837
2,5573,1.956e+06,1.95609e+06,499.837
2,5574,1.956e+06,1.95609e+06,499.837
2,5575,1.956e+06,1.95609e+06,499.837
2,5576,1.956e+06,1.95609e+06,499.837
2,5577,1.956e+06,1.95609e+06,499.837
2,5578,1.956e+06,1.95609e+06,499.837
2,5579,1.956e+06,1.95609e+06,499.837
2,5580,1.956e+06,1.95609e+06,499.837
2,5581,1.956e+06,1.95609e+06,499.837
2,5582,1.956e+06,1.95609e+06,499.837
2,5583,1.956e+06,1.95609e+06,499.837
2,5584,1.956e+06,1.95609e+06,499.837
2,5585,1.956e+06,1.95609e+06,499.837
2,5586,1.956e+06,1.95609e+06,499.837
2,5587,1.956e+06,1.95609e+06,499.837
2,5588,1.956e+06,1.95609e+06,499.837
2,5589,1.956e+06,1.95609e+06,499.837
2,5590,1.956e+06,1.95609e+06,499.837
2,5591,1.956e+06,1.95609e+06,499.837
2,5592,1.956e+06,1.95609e+06,499.837
2,5593,1.956e+06,1.95609e+06,499.837
2,5594,1.956e+06,1.95609e+06,499.837
2,5595,1.956e+06,1.95609e+06,499.837
2,5596,1.956e+06,1.95609e+06,499.837
2,5597,1.956e+06,1.956e+06,499.837
2,5598,1.956e+06,1.956e+06,499.837
2,5599,1.956e+06,1.956e+06,499.837
2,5600,1.956e+06,1.95693e+06,499.837
2,5601,1.956e+06,1.95693e+06,494.839
2,5602,1.956e+06,1.95693e+06,494.839
2,5603,1.956e+06,1.95693e+06,494.839
2,5604,1.956e+06,1.95693e+06,494.839
2,5605,1.956e+06,1.95693e+06,494.839
2,5606,1.956e+06,1.95693e+06,494.839
2,5607,1.956e+06,1.95693e+06,494.839
2,5608,1.956e+06,1.95693e+06,494.839
2,5609,1.956e+06,1.956e+06,494.839
2,5610,1.956e+06,1.956e+06,494.839
2,5611,1.956e+06,1.956e+06,494.839
2,5612,1.956e+06,1.956e+06,494.839
2,5613,1.956e+06,1.956e+06,494.839
2,5614,1.956e+06,1.956e+06,494.839
2,5615,1.956e+06,1.956e+06,494.839
2,5616,1.956e+06,1.956e+06,494.839
2,5617,1.956e+06,1.956e+06,494.839
2,5618,1.956e+06,1.956e+06,494.839
2,5619,1.956e+06,1.956e+06,494.839
2,5620,1.956e+06,1.956e+06,494.839
2,5621,1.956e+06,1.956e+06,494.839
2,5622,1.956e+06,1.956e+06,494.839
2,5623,1.956e+06,1.956e+06,494.839
2,5624,1.956e+06,1.956e+06,494.839
2,5625,1.956e+06,1.956e+06,494.839
2,5626,1.956e+06,1.956e+06,494.839
2,5627,1.956e+06,1.956e+06,494.839
2,5628,1.956e+06,1.956e+06,494.839
2,5629,1.956e+06,1.956e+06,494.839
2,5630,1.956e+06,1.956e+06,494.839
2,5631,1.956e+06,1.956e+06,494.839
2,5632,1.956e+06,1.956e+06,494.839
2,5633,1.956e+06,1.956e+06,494.839
2,5634,1.956e+06,1.956e+06,494.839
2,5635,1.956e+06,1.956e+06,494.839
2,5636,1.956e+06,1.956e+06,494.839
2,5637,1.956e+06,1.956e+06,494.839
2,5638,1.956e+06,1.956e+06,494.839
2,5639,1.956e+06,1.956e+06,494.839
2,5640,1.956e+06,1.956e+06,494.839
2,5641,1.956e+06,1.956e+06,494.839
2,5642,1.956e+06,1.956e+06,494.839
2,5643,1.956e+06,1.956e+06,494.839
2,5644,1.956e+06,1.956e+06,494.839
2,5645,1.956e+06,1.956e+06,494.839
2,5646,1.956e+06,1.956e+06,494.839
2,5647,1.956e+06,1.956e+06,494.839
2,5648,1.956e+06,1.956e+06,494.839
2,5649,1.956e+06,1.956e+06,494.839
2,5650,1.956e+06,1.956e+06,494.839
2,5651,1.956e+06,1.956e+06,494.839
2,5652,1.956e+06,1.956e+06,494.839
2,5653,1.956e+06,1.956e+06,494.839
2,5654,1.956e+06,1.956e+06,494.839
2,5655,1.956e+06,1.956e+06,494.839
2,5656,1.956e+06,1.956e+06,494.839
2,5657,1.956e+06,1.956e+06,494.839
2,5658,1.956e+06,1.956e+06,494.839
2,5659,1.956e+06,1.956e+06,494.839
2,5660,1.956e+06,1.956e+06,494.839
2,5661,1.956e+06,1.956e+06,494.839
2,5662,1.956e+06,1.956e+06,494.839
2,5663,1.956e+06,1.956e+06,494.839
2,5664,1.956e+06,1.956e+06,494.839
2,5665,1.956e+06,1.956e+06,494.839
2,5666,1.956e+06,1.956e+06,494.839
2,5667,1.956e+06,1.956e+06,494.839
2,5668,1.956e+06,1.956e+06,494.839
2,5669,1.956e+06,1.956e+06,494.839
2,5670,1.956e+06,1.956e+06,494.839
2,5671,1.956e+06,1.956e+06,494.839
2,5672,1.956e+06,1.956e+06,494.839
2,5673,1.956e+06,1.956e+06,494.839
2,5674,1.956e+06,1.956e+06,494.839
2,5675,1.956e+06,1.956e+06,494.839
2,5676,1.956e+06,1.956e+06,494.839
2,5677,1.956e+06,1.956e+06,494.839
2,5678,1.956e+06,1.956e+06,494.839
2,5679,1.956e+06,1.956e+06,494.839
2,5680,1.956e+06,1.956e+06,494.839
2,5681,1.956e+06,1.956e+06,489.89
2,5682,1.956e+06,1.956e+06,489.89
2,5683,1.956e+06,1.956e+06,489.89
2,5684,1.956e+06,1.956e+06,489.89
2,5685,1.956e+06,1.956e+06,489.89
2,5686,1.956e+06,1.956e+06,489.89
2,5687,1.956e+06,1.956e+06,489.89
2,5688,1.956e+06,1.956e+06,489.89
2,5689,1.956e+06,1.956e+06,489.89
2,5690,1.956e+06,1.956e+06,489.89
2,5691,1.956e+06,1.956e+06,489.89
2,5692,1.956e+06,1.956e+06,489.89
2,5693,1.956e+06,1.956e+06,489.89
2,5694,1.956e+06,1.956e+06,489.89
2,5695,1.956e+06,1.956e+06,489.89
2,5696,1.956e+06,1.956e+06,489.89
2,5697,1.956e+06,1.956e+06,489.89
2,5698,1.956e+06,1.956e+06,489.89
2,5699,1.956e+06,1.956e+06,489.89
2,5700,1.956e+06,1.956e+06,489.89
2,5701,1.956e+06,1.956e+06,489.89
2,5702,1.956e+06,1.956e+06,489.89
2,5703,1.956e+06,1.95607e+06,489.89
2,5704,1.956e+06,1.956e+06,489.89
2,5705,1.956e+06,1.956e+06,489.89
2,5706,1.956e+06,1.956e+06,489.89
2,5707,1.956e+06,1.956e+06,489.89
2,5708,1.956e+06,1.956e+06,489.89
2,5709,1.956e+06,1.956e+06,489.89
2,5710,1.956e+06,1.956e+06,489.89
2,5711,1.956e+06,1.956e+06,489.89
2,5712,1.956e+06,1.956e+06,489.89
2,5713,1.956e+06,1.956e+06,489.89
2,5714,1.956e+06,1.956e+06,489.89
2,5715,1.956e+06,1.956e+06,489.89
2,5716,1.956e+06,1.956e+06,489.89
2,5717,1.956e+06,1.956e+06,489.89
2,5718,1.956e+06,1.956e+06,489.89
2,5719,1.956e+06,1.956e+06,489.89
2,5720,1.956e+06,1.956e+06,489.89
2,5721,1.956e+06,1.956e+06,489.89
2,5722,1.956e+06,1.956e+06,489.89
2,5723,1.956e+06,1.956e+06,489.89
2,5724,1.956e+06,1.956e+06,489.89
2,5725,1.956e+06,1.956e+06,489.89
2,5726,1.956e+06,1.956e+06,489.89
2,5727,1.956e+06,1.956e+06,489.89
2,5728,1.956e+06,1.956e+06,489.89
2,5729,1.956e+06,1.956e+06,489.89
2,5730,1.956e+06,1.956e+06,489.89
2,5731,1.956e+06,1.956e+06,489.89
2,5732,1.956e+06,1.956e+06,489.89
2,5733,1.956e+06,1.956e+06,489.89
2,5734,1.956e+06,1.956e+06,489.89
2,5735,1.956e+06,1.956e+06,489.89
2,5736,1.956e+06,1.956e+06,489.89
2,5737,1.956e+06,1.956e+06,489.89
2,5738,1.956e+06,1.956e+06,489.89
2,5739,1.956e+06,1.956e+06,489.89
2,5740,1.956e+06,1.956e+06,489.89
2,5741,1.956e+06,1.956e+06,489.89
2,5742,1.956e+06,1.956e+06,489.89
2,5743,1.956e+06,1.956e+06,489.89
2,5744,1.956e+06,1.956e+06,489.89
2,5745,1.956e+06,1.956e+06,489.89
2,5746,1.956e+06,1.956e+06,489.89
2,5747,1.956e+06,1.956e+06,489.89
2,5748,1.956e+06,1.956e+06,489.89
2,5749,1.956e+06,1.956e+06,489.89
2,5750,1.956e+06,1.956e+06,489.89
2,5751,1.956e+06,1.956e+06,489.89
2,5752,1.956e+06,1.956e+06,489.89
2,5753,1.956e+06,1.956e+06,489.89
2,5754,1.956e+06,1.956e+06,489.89
2,5755,1.956e+06,1.956e+06,489.89
2,5756,1.956e+06,1.956e+06,489.89
2,5757,1.956e+06,1.956e+06,489.89
2,5758,1.956e+06,1.956e+06,489.89
2,5759,1.956e+06,1.956e+06,489.89
2,5760,1.956e+06,1.956e+06,489.89
2,5761,1.956e+06,1.956e+06,484.991
2,5762,1.956e+06,1.956e+06,484.991
2,5763,1.956e+06,1.956e+06,484.991
2,5764,1.956e+06,1.956e+06,484.991
2,5765,1.956e+06,1.956e+06,484.991
2,5766,1.956e+06,1.956e+06,484.991
2,5767,1.956e+06,1.956e+06,484.991
2,5768,1.956e+06,1.956e+06,484.991
2,5769,1.956e+06,1.956e+06,484.991
2,5770,1.956e+06,1.956e+06,484.991
2,5771,1.956e+06,1.956e+06,484.991
2,5772,1.956e+06,1.956e+06,484.991
2,5773,1.956e+06,1.956e+06,484.991
2,5774,1.956e+06,1.956e+06,484.991
2,5775,1.956e+06,1.956e+06,484.991
2,5776,1.956e+06,1.956e+06,484.991
2,5777,1.956e+06,1.956e+06,484.991
2,5778,1.956e+06,1.956e+06,484.991
2,5779,1.956e+06,1.956e+06,484.991
2,5780,1.956e+06,1.956e+06,484.991
2,5781,1.956e+06,1.956e+06,484.991
2,5782,1.956e+06,1.956e+06,484.991
2,5783,1.956e+06,1.956e+06,484.991
2,5784,1.956e+06,1.956e+06,484.991
2,5785,1.956e+06,1.956e+06,484.991
2,5786,1.956e+06,1.956e+06,484.991
2,5787,1.956e+06,1.956e+06,484.991
2,5788,1.956e+06,1.956e+06,484.991
2,5789,1.956e+06,1.956e+06,484.991
2,5790,1.956e+06,1.956e+06,484.991
2,5791,1.956e+06,1.956e+06,484.991
2,5792,1.956e+06,1.956e+06,484.991
2,5793,1.956e+06,1.956e+06,484.991
2,5794,1.956e+06,1.956e+06,484.991
2,5795,1.956e+06,1.956e+06,484.991
2,5796,1.956e+06,1.956e+06,484.991
2,5797,1.956e+06,1.956e+06,484.991
2,5798,1.956e+06,1.956e+06,484.991
2,5799,1.956e+06,1.956e+06,484.991
2,5800,1.956e+06,1.956e+06,484.991
2,5801,1.956e+06,1.956e+06,484.991
2,5802,1.956e+06,1.956e+06,484.991
2,5803,1.956e+06,1.956e+06,484.991
2,5804,1.956e+06,1.956e+06,484.991
2,5805,1.956e+06,1.956e+06,484.991
2,5806,1.956e+06,1.956e+06,484.991
2,5807,1.956e+06,1.956e+06,484.991
2,5808,1.956e+06,1.956e+06,484.991
2,5809,1.956e+06,1.956e+06,484.991
2,5810,1.956e+06,1.956e+06,484.991
2,5811,1.956e+06,1.956e+06,484.991
2,5812,1.956e+06,1.956e+06,484.991
2,5813,1.956e+06,1.956e+06,484.991
2,5814,1.956e+06,1.956e+06,484.991
2,5815,1.956e+06,1.956e+06,484.991
2,5816,1.956e+06,1.956e+06,484.991
2,5817,1.956e+06,1.956e+06,484.991
2,5818,1.956e+06,1.956e+06,484.991
2,5819,1.956e+06,1.956e+06,484.991
2,5820,1.956e+06,1.956e+06,484.991
2,5821,1.956e+06,1.956e+06,484.991
2,5822,1.956e+06,1.956e+06,484.991
2,5823,1.956e+06,1.956e+06,484.991
2,5824,1.956e+06,1.956e+06,484.991
2,5825,1.956e+06,1.956e+06,484.991
2,5826,1.956e+06,1.956e+06,484.991
2,5827,1.956e+06,1.956e+06,484.991
2,5828,1.956e+06,1.956e+06,484.991
2,5829,1.956e+06,1.956e+06,484.991
2,5830,1.956e+06,1.956e+06,484.991
2,5831,1.956e+06,1.956e+06,484.991
2,5832,1.956e+06,1.956e+06,484.991
2,5833,1.956e+06,1.956e+06,484.991
2,5834,1.956e+06,1.956e+06,484.991
2,5835,1.956e+06,1.956e+06,484.991
2,5836,1.956e+06,1.956e+06,484.991
2,5837,1.956e+06,1.956e+06,484.991
2,5838,1.956e+06,1.956e+06,484.991
2,5839,1.956e+06,1.956e+06,484.991
2,5840,1.956e+06,1.956e+06,484.991
2,5841,1.956e+06,1.956e+06,480.141
2,5842,1.956e+06,1.956e+06,480.141
2,5843,1.956e+06,1.956e+06,480.141
2,5844,1.956e+06,1.956e+06,480.141
2,5845,1.956e+06,1.956e+06,480.141
2,5846,1.956e+06,1.956e+06,480.141
2,5847,1.956e+06,1.956e+06,480.141
2,5848,1.956e+06,1.956e+06,480.141
2,5849,1.956e+06,1.956e+06,480.141
2,5850,1.956e+06,1.956e+06,480.141
2,5851,1.956e+06,1.956e+06,480.141
2,5852,1.956e+06,1.956e+06,480.141
2,5853,1.956e+06,1.956e+06,480.141
2,5854,1.956e+06,1.956e+06,480.141
2,5855,1.956e+06,1.956e+06,480.141
2,5856,1.956e+06,1.956e+06,480.141
2,5857,1.956e+06,1.956e+06,480.141
2,5858,1.956e+06,1.956e+06,480.141
2,5859,1.956e+06,1.956e+06,480.141
2,5860,1.956e+06,1.956e+06,480.141
2,5861,1.956e+06,1.956e+06,480.141
2,5862,1.956e+06,1.956e+06,480.141
2,5863,1.956e+06,1.956e+06,480.141
2,5864,1.956e+06,1.956e+06,480.141
2,5865,1.956e+06,1.956e+06,480.141
2,5866,1.956e+06,1.956e+06,480.141
2,5867,1.956e+06,1.956e+06,480.141
2,5868,1.956e+06,1.956e+06,480.141
2,5869,1.956e+06,1.956e+06,480.141
2,5870,1.956e+06,1.956e+06,480.141
2,5871,1.956e+06,1.956e+06,480.141
2,5872,1.956e+06,1.956e+06,480.141
2,5873,1.956e+06,1.956e+06,480.141
2,5874,1.956e+06,1.956e+06,480.141
2,5875,1.956e+06,1.956e+06,480.141
2,5876,1.956e+06,1.956e+06,480.141
2,5877,1.956e+06,1.956e+06,480.141
2,5878,1.956e+06,1.956e+06,480.141
2,5879,1.956e+06,1.956e+06,480.141
2,5880,1.956e+06,1.956e+06,480.141
2,5881,1.956e+06,1.956e+06,480.141
2,5882,1.956e+06,1.956e+06,480.141
2,5883,1.956e+06,1.956e+06,480.141
2,5884,1.956e+06,1.956e+06,480.141
2,5885,1.956e+06,1.956e+06,480.141
2,5886,1.956e+06,1.956e+06,480.141
2,5887,1.956e+06,1.956e+06,480.141
2,5888,1.956e+06,1.956e+06,480.141
2,5889,1.956e+06,1.956e+06,480.141
2,5890,1.956e+06,1.956e+06,480.141
2,5891,1.956e+06,1.956e+06,480.141
2,5892,1.956e+06,1.956e+06,480.141
2,5893,1.956e+06,1.956e+06,480.141
2,5894,1.956e+06,1.956e+06,480.141
2,5895,1.956e+06,1.956e+06,480.141
2,5896,1.956e+06,1.956e+06,480.141
2,5897,1.956e+06,1.9561e+06,480.141
2,5898,1.956e+06,1.9561e+06,480.141
2,5899,1.956e+06,1.956e+06,480.141
2,5900,1.956e+06,1.956e+06,480.141
2,5901,1.956e+06,1.956e+06,480.141
2,5902,1.956e+06,1.956e+06,480.141
2,5903,1.956e+06,1.956e+06,480.141
2,5904,1.956e+06,1.956e+06,480.141
2,5905,1.956e+06,1.956e+06,480.141
2,5906,1.956e+06,1.956e+06,480.141
2,5907,1.956e+06,1.956e+06,480.141
2,5908,1.956e+06,1.956e+06,480.141
2,5909,1.956e+06,1.956e+06,480.141
2,5910,1.956e+06,1.956e+06,480.141
2,5911,1.956e+06,1.956e+06,480.141
2,5912,1.956e+06,1.956e+06,480.141
2,5913,1.956e+06,1.956e+06,480.141
2,5914,1.956e+06,1.956e+06,480.141
2,5915,1.956e+06,1.956e+06,480.141
2,5916,1.956e+06,1.956e+06,480.141
2,5917,1.956e+06,1.956e+06,480.141
2,5918,1.956e+06,1.956e+06,480.141
2,5919,1.956e+06,1.956e+06,480.141
2,5920,1.956e+06,1.956e+06,480.141
2,5921,1.956e+06,1.956e+06,475.34
2,5922,1.956e+06,1.956e+06,475.34
2,5923,1.956e+06,1.956e+06,475.34
2,5924,1.956e+06,1.956e+06,475.34
2,5925,1.956e+06,1.956e+06,475.34
2,5926,1.956e+06,1.956e+06,475.34
2,5927,1.956e+06,1.956e+06,475.34
2,5928,1.956e+06,1.956e+06,475.34
2,5929,1.956e+06,1.956e+06,475.34
2,5930,1.956e+06,1.956e+06,475.34
2,5931,1.956e+06,1.956e+06,475.34
2,5932,1.956e+06,1.956e+06,475.34
2,5933,1.956e+06,1.956e+06,475.34
2,5934,1.956e+06,1.956e+06,475.34
2,5935,1.956e+06,1.956e+06,475.34
2,5936,1.956e+06,1.956e+06,475.34
2,5937,1.956e+06,1.956e+06,475.34
2,5938,1.956e+06,1.956e+06,475.34
2,5939,1.956e+06,1.956e+06,475.34
2,5940,1.956e+06,1.956e+06,475.34
2,5941,1.956e+06,1.956e+06,475.34
2,5942,1.956e+06,1.956e+06,475.34
2,5943,1.956e+06,1.956e+06,475.34
2,5944,1.956e+06,1.956e+06,475.34
2,5945,1.956e+06,1.956e+06,475.34
2,5946,1.956e+06,1.956e+06,475.34
2,5947,1.956e+06,1.956e+06,475.34
2,5948,1.956e+06,1.956e+06,475.34
2,5949,1.956e+06,1.956e+06,475.34
2,5950,1.956e+06,1.956e+06,475.34
2,5951,1.956e+06,1.956e+06,475.34
2,5952,1.956e+06,1.956e+06,475.34
2,5953,1.956e+06,1.956e+06,475.34
2,5954,1.956e+06,1.956e+06,475.34
2,5955,1.956e+06,1.956e+06,475.34
2,5956,1.956e+06,1.956e+06,475.34
2,5957,1.956e+06,1.956e+06,475.34
2,5958,1.956e+06,1.956e+06,475.34
2,5959,1.956e+06,1.956e+06,475.34
2,5960,1.956e+06,1.956e+06,475.34
2,5961,1.956e+06,1.956e+06,475.34
2,5962,1.956e+06,1.956e+06,475.34
2,5963,1.956e+06,1.956e+06,475.34
2,5964,1.956e+06,1.956e+06,475.34
2,5965,1.956e+06,1.956e+06,475.34
2,5966,1.956e+06,1.956e+06,475.34
2,5967,1.956e+06,1.956e+06,475.34
2,5968,1.956e+06,1.956e+06,475.34
2,5969,1.956e+06,1.956e+06,475.34
2,5970,1.956e+06,1.956e+06,475.34
2,5971,1.956e+06,1.956e+06,475.34
2,5972,1.956e+06,1.956e+06,475.34
2,5973,1.956e+06,1.956e+06,475.34
2,5974,1.956e+06,1.956e+06,475.34
2,5975,1.956e+06,1.956e+06,475.34
2,5976,1.956e+06,1.956e+06,475.34
2,5977,1.956e+06,1.956e+06,475.34
2,5978,1.956e+06,1.956e+06,475.34
2,5979,1.956e+06,1.956e+06,475.34
2,5980,1.956e+06,1.956e+06,475.34
2,5981,1.956e+06,1.956e+06,475.34
2,5982,1.956e+06,1.956e+06,475.34
2,5983,1.956e+06,1.956e+06,475.34
2,5984,1.956e+06,1.956e+06,475.34
2,5985,1.956e+06,1.956e+06,475.34
2,5986,1.956e+06,1.956e+06,475.34
2,5987,1.956e+06,1.956e+06,475.34
2,5988,1.956e+06,1.956e+06,475.34
2,5989,1.956e+06,1.956e+06,475.34
2,5990,1.956e+06,1.956e+06,475.34
2,5991,1.956e+06,1.956e+06,475.34
2,5992,1.956e+06,1.956e+06,475.34
2,5993,1.956e+06,1.956e+06,475.34
2,5994,1.956e+06,1.956e+06,475.34
2,5995,1.956e+06,1.956e+06,475.34
2,5996,1.956e+06,1.956e+06,475.34
2,5997,1.956e+06,1.956e+06,475.34
2,5998,1.956e+06,1.956e+06,475.34
2,5999,1.956e+06,1.956e+06,475.34
2,6000,1.956e+06,1.956e+06,475.34
2,6001,1.956e+06,1.956e+06,470.587
2,6002,1.956e+06,1.956e+06,470.587
2,6003,1.956e+06,1.956e+06,470.587
2,6004,1.956e+06,1.956e+06,470.587
2,6005,1.956e+06,1.956e+06,470.587
2,6006,1.956e+06,1.956e+06,470.587
2,6007,1.956e+06,1.956e+06,470.587
2,6008,1.956e+06,1.956e+06,470.587
2,6009,1.956e+06,1.956e+06,470.587
2,6010,1.956e+06,1.956e+06,470.587
2,6011,1.956e+06,1.956e+06,470.587
2,6012,1.956e+06,1.956e+06,470.587
2,6013,1.956e+06,1.956e+06,470.587
2,6014,1.956e+06,1.956e+06,470.587
2,6015,1.956e+06,1.956e+06,470.587
2,6016,1.956e+06,1.956e+06,470.587
2,6017,1.956e+06,1.956e+06,470.587
2,6018,1.956e+06,1.956e+06,470.587
2,6019,1.956e+06,1.956e+06,470.587
2,6020,1.956e+06,1.956e+06,470.587
2,6021,1.956e+06,1.956e+06,470.587
2,6022,1.956e+06,1.956e+06,470.587
2,6023,1.956e+06,1.956e+06,470.587
2,6024,1.956e+06,1.956e+06,470.587
2,6025,1.956e+06,1.956e+06,470.587
2,6026,1.956e+06,1.956e+06,470.587
2,6027,1.956e+06,1.956e+06,470.587
2,6028,1.956e+06,1.956e+06,470.587
2,6029,1.956e+06,1.956e+06,470.587
2,6030,1.956e+06,1.956e+06,470.587
2,6031,1.956e+06,1.956e+06,470.587
2,6032,1.956e+06,1.956e+06,470.587
2,6033,1.956e+06,1.956e+06,470.587
2,6034,1.956e+06,1.956e+06,470.587
2,6035,1.956e+06,1.956e+06,470.587
2,6036,1.956e+06,1.956e+06,470.587
2,6037,1.956e+06,1.956e+06,470.587
2,6038,1.956e+06,1.956e+06,470.587
2,6039,1.956e+06,1.956e+06,470.587
2,6040,1.956e+06,1.956e+06,470.587
2,6041,1.956e+06,1.956e+06,470.587
2,6042,1.956e+06,1.956e+06,470.587
2,6043,1.956e+06,1.956e+06,470.587
2,6044,1.956e+06,1.956e+06,470.587
2,6045,1.956e+06,1.956e+06,470.587
2,6046,1.956e+06,1.956e+06,470.587
2,6047,1.956e+06,1.956e+06,470.587
2,6048,1.956e+06,1.956e+06,470.587
2,6049,1.956e+06,1.956e+06,470.587
2,6050,1.956e+06,1.956e+06,470.587
2,6051,1.956e+06,1.956e+06,470.587
2,6052,1.956e+06,1.956e+06,470.587
2,6053,1.956e+06,1.956e+06,470.587
2,6054,1.956e+06,1.956e+06,470.587
2,6055,1.956e+06,1.956e+06,470.587
2,6056,1.956e+06,1.956e+06,470.587
2,6057,1.956e+06,1.956e+06,470.587
2,6058,1.956e+06,1.956e+06,470.587
2,6059,1.956e+06,1.956e+06,470.587
2,6060,1.956e+06,1.956e+06,470.587
2,6061,1.956e+06,1.956e+06,470.587
2,6062,1.956e+06,1.956e+06,470.587
2,6063,1.956e+06,1.956e+06,470.587
2,6064,1.956e+06,1.956e+06,470.587
2,6065,1.956e+06,1.956e+06,470.587
2,6066,1.956e+06,1.956e+06,470.587
2,6067,1.956e+06,1.956e+06,470.587
2,6068,1.956e+06,1.956e+06,470.587
2,6069,1.956e+06,1.956e+06,470.587
2,6070,1.956e+06,1.956e+06,470.587
2,6071,1.956e+06,1.956e+06,470.587
2,6072,1.956e+06,1.956e+06,470.587
2,6073,1.956e+06,1.956e+06,470.587
2,6074,1.956e+06,1.956e+06,470.587
2,6075,1.956e+06,1.956e+06,470.587
2,6076,1.956e+06,1.956e+06,470.587
2,6077,1.956e+06,1.956e+06,470.587
2,6078,1.956e+06,1.956e+06,470.587
2,6079,1.956e+06,1.956e+06,470.587
2,6080,1.956e+06,1.956e+06,470.587
2,6081,1.956e+06,1.956e+06,465.881
2,6082,1.956e+06,1.956e+06,465.881
2,6083,1.956e+06,1.956e+06,465.881
2,6084,1.956e+06,1.956e+06,465.881
2,6085,1.956e+06,1.956e+06,465.881
2,6086,1.956e+06,1.956e+06,465.881
2,6087,1.956e+06,1.956e+06,465.881
2,6088,1.956e+06,1.956e+06,465.881
2,6089,1.956e+06,1.956e+06,465.881
2,6090,1.956e+06,1.956e+06,465.881
2,6091,1.956e+06,1.956e+06,465.881
2,6092,1.956e+06,1.956e+06,465.881
2,6093,1.956e+06,1.956e+06,465.881
2,6094,1.956e+06,1.956e+06,465.881
2,6095,1.956e+06,1.956e+06,465.881
2,6096,1.956e+06,1.956e+06,465.881
2,6097,1.956e+06,1.956e+06,465.881
2,6098,1.956e+06,1.956e+06,465.881
2,6099,1.956e+06,1.956e+06,465.881
2,6100,1.956e+06,1.956e+06,465.881
2,6101,1.956e+06,1.956e+06,465.881
2,6102,1.956e+06,1.956e+06,465.881
2,6103,1.956e+06,1.956e+06,465.881
2,6104,1.956e+06,1.95603e+06,465.881
2,6105,1.956e+06,1.956e+06,465.881
2,6106,1.956e+06,1.956e+06,465.881
2,6107,1.956e+06,1.956e+06,465.881
2,6108,1.956e+06,1.956e+06,465.881
2,6109,1.956e+06,1.956e+06,465.881
2,6110,1.956e+06,1.956e+06,465.881
2,6111,1.956e+06,1.956e+06,465.881
2,6112,1.956e+06,1.956e+06,465.881
2,6113,1.956e+06,1.956e+06,465.881
2,6114,1.956e+06,1.956e+06,465.881
2,6115,1.956e+06,1.956e+06,465.881
2,6116,1.956e+06,1.956e+06,465.881
2,6117,1.956e+06,1.956e+06,465.881
2,6118,1.956e+06,1.956e+06,465.881
2,6119,1.956e+06,1.956e+06,465.881
2,6120,1.956e+06,1.956e+06,465.881
2,6121,1.956e+06,1.956e+06,465.881
2,6122,1.956e+06,1.956e+06,465.881
2,6123,1.956e+06,1.956e+06,465.881
2,6124,1.956e+06,1.956e+06,465.881
2,6125,1.956e+06,1.956e+06,465.881
2,6126,1.956e+06,1.956e+06,465.881
2,6127,1.956e+06,1.956e+06,465.881
2,6128,1.956e+06,1.956e+06,465.881
2,6129,1.956e+06,1.956e+06,465.881
2,6130,1.956e+06,1.956e+06,465.881
2,6131,1.956e+06,1.956e+06,465.881
2,6132,1.956e+06,1.956e+06,465.881
2,6133,1.956e+06,1.956e+06,465.881
2,6134,1.956e+06,1.956e+06,465.881
2,6135,1.956e+06,1.956e+06,465.881
2,6136,1.956e+06,1.956e+06,465.881
2,6137,1.956e+06,1.956e+06,465.881
2,6138,1.956e+06,1.956e+06,465.881
2,6139,1.956e+06,1.956e+06,465.881
2,6140,1.956e+06,1.956e+06,465.881
2,6141,1.956e+06,1.956e+06,465.881
2,6142,1.956e+06,1.956e+06,465.881
2,6143,1.956e+06,1.956e+06,465.881
2,6144,1.956e+06,1.956e+06,465.881
2,6145,1.956e+06,1.956e+06,465.881
2,6146,1.956e+06,1.956e+06,465.881
2,6147,1.956e+06,1.956e+06,465.881
2,6148,1.956e+06,1.956e+06,465.881
2,6149,1.956e+06,1.956e+06,465.881
2,6150,1.956e+06,1.956e+06,465.881
2,6151,1.956e+06,1.956e+06,465.881
2,6152,1.956e+06,1.956e+06,465.881
2,6153,1.956e+06,1.956e+06,465.881
2,6154,1.956e+06,1.956e+06,465.881
2,6155,1.956e+06,1.956e+06,465.881
2,6156,1.956e+06,1.956e+06,465.881
2,6157,1.956e+06,1.956e+06,465.881
2,6158,1.956e+06,1.956e+06,465.881
2,6159,1.956e+06,1.956e+06,465.881
2,6160,1.956e+06,1.956e+06,465.881
2,6161,1.956e+06,1.956e+06,461.222
2,6162,1.956e+06,1.956e+06,461.222
2,6163,1.956e+06,1.956e+06,461.222
2,6164,1.956e+06,1.956e+06,461.222
2,6165,1.956e+06,1.956e+06,461.222
2,6166,1.956e+06,1.956e+06,461.222
2,6167,1.956e+06,1.956e+06,461.222
2,6168,1.956e+06,1.956e+06,461.222
2,6169,1.956e+06,1.956e+06,461.222
2,6170,1.956e+06,1.956e+06,461.222
2,6171,1.956e+06,1.956e+06,461.222
2,6172,1.956e+06,1.956e+06,461.222
2,6173,1.956e+06,1.956e+06,461.222
2,6174,1.956e+06,1.956e+06,461.222
2,6175,1.956e+06,1.956e+06,461.222
2,6176,1.956e+06,1.956e+06,461.222
2,6177,1.956e+06,1.956e+06,461.222
2,6178,1.956e+06,1.956e+06,461.222
2,6179,1.956e+06,1.956e+06,461.222
2,6180,1.956e+06,1.956e+06,461.222
2,6181,1.956e+06,1.956e+06,461.222
2,6182,1.956e+06,1.956e+06,461.222
2,6183,1.956e+06,1.956e+06,461.222
2,6184,1.956e+06,1.956e+06,461.222
2,6185,1.956e+06,1.956e+06,461.222
2,6186,1.956e+06,1.956e+06,461.222
2,6187,1.956e+06,1.956e+06,461.222
2,6188,1.956e+06,1.956e+06,461.222
2,6189,1.956e+06,1.956e+06,461.222
2,6190,1.956e+06,1.956e+06,461.222
2,6191,1.956e+06,1.956e+06,461.222
2,6192,1.956e+06,1.956e+06,461.222
2,6193,1.956e+06,1.956e+06,461.222
2,6194,1.956e+06,1.956e+06,461.222
2,6195,1.956e+06,1.956e+06,461.222
2,6196,1.956e+06,1.956e+06,461.222
2,6197,1.956e+06,1.956e+06,461.222
2,6198,1.956e+06,1.956e+06,461.222
2,6199,1.956e+06,1.956e+06,461.222
2,6200,1.956e+06,1.956e+06,461.222
2,6201,1.956e+06,1.956e+06,461.222
2,6202,1.956e+06,1.956e+06,461.222
2,6203,1.956e+06,1.956e+06,461.222
2,6204,1.956e+06,1.956e+06,461.222
2,6205,1.956e+06,1.956e+06,461.222
2,6206,1.956e+06,1.956e+06,461.222
2,6207,1.956e+06,1.956e+06,461.222
2,6208,1.956e+06,1.956e+06,461.222
2,6209,1.956e+06,1.956e+06,461.222
2,6210,1.956e+06,1.956e+06,461.222
2,6211,1.956e+06,1.956e+06,461.222
2,6212,1.956e+06,1.956e+06,461.222
2,6213,1.956e+06,1.956e+06,461.222
2,6214,1.956e+06,1.956e+06,461.222
2,6215,1.956e+06,1.956e+06,461.222
2,6216,1.956e+06,1.956e+06,461.222
2,6217,1.956e+06,1.956e+06,461.222
2,6218,1.956e+06,1.956e+06,461.222
2,6219,1.956e+06,1.956e+06,461.222
2,6220,1.956e+06,1.956e+06,461.222
2,6221,1.956e+06,1.956e+06,461.222
2,6222,1.956e+06,1.956e+06,461.222
2,6223,1.956e+06,1.956e+06,461.222
2,6224,1.956e+06,1.956e+06,461.222
2,6225,1.956e+06,1.956e+06,461.222
2,6226,1.956e+06,1.956e+06,461.222
2,6227,1.956e+06,1.956e+06,461.222
2,6228,1.956e+06,1.956e+06,461.222
2,6229,1.956e+06,1.956e+06,461.222
2,6230,1.956e+06,1.956e+06,461.222
2,6231,1.956e+06,1.956e+06,461.222
2,6232,1.956e+06,1.956e+06,461.222
2,6233,1.956e+06,1.956e+06,461.222
2,6234,1.956e+06,1.956e+06,461.222
2,6235,1.956e+06,1.956e+06,461.222
2,6236,1.956e+06,1.956e+06,461.222
2,6237,1.956e+06,1.956e+06,461.222
2,6238,1.956e+06,1.956e+06,461.222
2,6239,1.956e+06,1.956e+06,461.222
2,6240,1.956e+06,1.956e+06,461.222
2,6241,1.956e+06,1.956e+06,456.61
2,6242,1.956e+06,1.956e+06,456.61
2,6243,1.956e+06,1.956e+06,456.61
2,6244,1.956e+06,1.956e+06,456.61
2,6245,1.956e+06,1.956e+06,456.61
2,6246,1.956e+06,1.956e+06,456.61
2,6247,1.956e+06,1.956e+06,456.61
2,6248,1.956e+06,1.956e+06,456.61
2,6249,1.956e+06,1.956e+06,456.61
2,6250,1.956e+06,1.956e+06,456.61
2,6251,1.956e+06,1.956e+06,456.61
2,6252,1.956e+06,1.956e+06,456.61
2,6253,1.956e+06,1.956e+06,456.61
2,6254,1.956e+06,1.956e+06,456.61
2,6255,1.956e+06,1.956e+06,456.61
2,6256,1.956e+06,1.956e+06,456.61
2,6257,1.956e+06,1.956e+06,456.61
2,6258,1.956e+06,1.956e+06,456.61
2,6259,1.956e+06,1.956e+06,456.61
2,6260,1.956e+06,1.9561e+06,456.61
2,6261,1.956e+06,1.9561e+06,456.61
2,6262,1.956e+06,1.9561e+06,456.61
2,6263,1.956e+06,1.9561e+06,456.61
2,6264,1.956e+06,1.9561e+06,456.61
2,6265,1.956e+06,1.9561e+06,456.61
2,6266,1.956e+06,1.9561e+06,456.61
2,6267,1.956e+06,1.9561e+06,456.61
2,6268,1.956e+06,1.9561e+06,456.61
2,6269,1.956e+06,1.9561e+06,456.61
2,6270,1.956e+06,1.95607e+06,456.61
2,6271,1.956e+06,1.95607e+06,456.61
2,6272,1.956e+06,1.95607e+06,456.61
2,6273,1.956e+06,1.95607e+06,456.61
2,6274,1.956e+06,1.956e+06,456.61
2,6275,1.956e+06,1.956e+06,456.61
2,6276,1.956e+06,1.956e+06,456.61
2,6277,1.956e+06,1.956e+06,456.61
2,6278,1.956e+06,1.956e+06,456.61
2,6279,1.956e+06,1.956e+06,456.61
2,6280,1.956e+06,1.956e+06,456.61
2,6281,1.956e+06,1.956e+06,456.61
2,6282,1.956e+06,1.956e+06,456.61
2,6283,1.956e+06,1.956e+06,456.61
2,6284,1.956e+06,1.956e+06,456.61
2,6285,1.956e+06,1.956e+06,456.61
2,6286,1.956e+06,1.956e+06,456.61
2,6287,1.956e+06,1.956e+06,456.61
2,6288,1.956e+06,1.956e+06,456.61
2,6289,1.956e+06,1.956e+06,456.61
2,6290,1.956e+06,1.956e+06,456.61
2,6291,1.956e+06,1.956e+06,456.61
2,6292,1.956e+06,1.956e+06,456.61
2,6293,1.956e+06,1.956e+06,456.61
2,6294,1.956e+06,1.956e+06,456.61
2,6295,1.956e+06,1.956e+06,456.61
2,6296,1.956e+06,1.956e+06,456.61
2,6297,1.956e+06,1.956e+06,456.61
2,6298,1.956e+06,1.956e+06,456.61
2,6299,1.956e+06,1.956e+06,456.61
2,6300,1.956e+06,1.956e+06,456.61
2,6301,1.956e+06,1.956e+06,456.61
2,6302,1.956e+06,1.956e+06,456.61
2,6303,1.956e+06,1.956e+06,456.61
2,6304,1.956e+06,1.956e+06,456.61
2,6305,1.956e+06,1.956e+06,456.61
2,6306,1.956e+06,1.956e+06,456.61
2,6307,1.956e+06,1.956e+06,456.61
2,6308,1.956e+06,1.956e+06,456.61
2,6309,1.956e+06,1.956e+06,456.61
2,6310,1.956e+06,1.956e+06,456.61
2,6311,1.956e+06,1.956e+06,456.61
2,6312,1.956e+06,1.956e+06,456.61
2,6313,1.956e+06,1.956e+06,456.61
2,6314,1.956e+06,1.956e+06,456.61
2,6315,1.956e+06,1.956e+06,456.61
2,6316,1.956e+06,1.956e+06,456.61
2,6317,1.956e+06,1.956e+06,456.61
2,6318,1.956e+06,1.956e+06,456.61
2,6319,1.956e+06,1.956e+06,456.61
2,6320,1.956e+06,1.956e+06,456.61
2,6321,1.956e+06,1.956e+06,452.044
2,6322,1.956e+06,1.956e+06,452.044
2,6323,1.956e+06,1.956e+06,452.044
2,6324,1.956e+06,1.956e+06,452.044
2,6325,1.956e+06,1.956e+06,452.044
2,6326,1.956e+06,1.956e+06,452.044
2,6327,1.956e+06,1.956e+06,452.044
2,6328,1.956e+06,1.956e+06,452.044
2,6329,1.956e+06,1.956e+06,452.044
2,6330,1.956e+06,1.956e+06,452.044
2,6331,1.956e+06,1.956e+06,452.044
2,6332,1.956e+06,1.956e+06,452.044
2,6333,1.956e+06,1.956e+06,452.044
2,6334,1.956e+06,1.956e+06,452.044
2,6335,1.956e+06,1.956e+06,452.044
2,6336,1.956e+06,1.956e+06,452.044
2,6337,1.956e+06,1.956e+06,452.044
2,6338,1.956e+06,1.956e+06,452.044
2,6339,1.956e+06,1.956e+06,452.044
2,6340,1.956e+06,1.956e+06,452.044
2,6341,1.956e+06,1.956e+06,452.044
2,6342,1.956e+06,1.956e+06,452.044
2,6343,1.956e+06,1.956e+06,452.044
2,6344,1.956e+06,1.956e+06,452.044
2,6345,1.956e+06,1.956e+06,452.044
2,6346,1.956e+06,1.95693e+06,452.044
2,6347,1.956e+06,1.95693e+06,452.044
2,6348,1.956e+06,1.95693e+06,452.044
2,6349,1.956e+06,1.95693e+06,452.044
2,6350,1.956e+06,1.95693e+06,452.044
2,6351,1.956e+06,1.95693e+06,452.044
2,6352,1.956e+06,1.95693e+06,452.044
2,6353,1.956e+06,1.95693e+06,452.044
2,6354,1.956e+06,1.95693e+06,452.044
2,6355,1.956e+06,1.95693e+06,452.044
2,6356,1.956e+06,1.95693e+06,452.044
2,6357,1.956e+06,1.95693e+06,452.044
2,6358,1.956e+06,1.95693e+06,452.044
2,6359,1.956e+06,1.95693e+06,452.044
2,6360,1.956e+06,1.95693e+06,452.044
2,6361,1.956e+06,1.95693e+06,452.044
2,6362,1.956e+06,1.95693e+06,452.044
2,6363,1.956e+06,1.95693e+06,452.044
2,6364,1.956e+06,1.95693e+06,452.044
2,6365,1.956e+06,1.95693e+06,452.044
2,6366,1.956e+06,1.95693e+06,452.044
2,6367,1.956e+06,1.95693e+06,452.044
2,6368,1.956e+06,1.95693e+06,452.044
2,6369,1.956e+06,1.95693e+06,452.044
2,6370,1.956e+06,1.95693e+06,452.044
2,6371,1.956e+06,1.95693e+06,452.044
2,6372,1.956e+06,1.95693e+06,452.044
2,6373,1.956e+06,1.95693e+06,452.044
2,6374,1.956e+06,1.95693e+06,452.044
2,6375,1.956e+06,1.95693e+06,452.044
2,6376,1.956e+06,1.95693e+06,452.044
2,6377,1.956e+06,1.95693e+06,452.044
2,6378,1.956e+06,1.95693e+06,452.044
2,6379,1.956e+06,1.95693e+06,452.044
2,6380,1.956e+06,1.95693e+06,452.044
2,6381,1.956e+06,1.956e+06,452.044
2,6382,1.956e+06,1.956e+06,452.044
2,6383,1.956e+06,1.956e+06,452.044
2,6384,1.956e+06,1.956e+06,452.044
2,6385,1.956e+06,1.956e+06,452.044
2,6386,1.956e+06,1.956e+06,452.044
2,6387,1.956e+06,1.956e+06,452.044
2,6388,1.956e+06,1.956e+06,452.044
2,6389,1.956e+06,1.956e+06,452.044
2,6390,1.956e+06,1.956e+06,452.044
2,6391,1.956e+06,1.956e+06,452.044
2,6392,1.956e+06,1.956e+06,452.044
2,6393,1.956e+06,1.956e+06,452.044
2,6394,1.956e+06,1.956e+06,452.044
2,6395,1.956e+06,1.956e+06,452.044
2,6396,1.956e+06,1.956e+06,452.044
2,6397,1.956e+06,1.956e+06,452.044
2,6398,1.956e+06,1.956e+06,452.044
2,6399,1.956e+06,1.956e+06,452.044
2,6400,1.956e+06,1.956e+06,452.044
2,6401,1.956e+06,1.956e+06,447.523
2,6402,1.956e+06,1.956e+06,447.523
2,6403,1.956e+06,1.956e+06,447.523
2,6404,1.956e+06,1.956e+06,447.523
2,6405,1.956e+06,1.956e+06,447.523
2,6406,1.956e+06,1.956e+06,447.523
2,6407,1.956e+06,1.956e+06,447.523
2,6408,1.956e+06,1.956e+06,447.523
2,6409,1.956e+06,1.956e+06,447.523
2,6410,1.956e+06,1.956e+06,447.523
2,6411,1.956e+06,1.956e+06,447.523
2,6412,1.956e+06,1.956e+06,447.523
2,6413,1.956e+06,1.956e+06,447.523
2,6414,1.956e+06,1.956e+06,447.523
2,6415,1.956e+06,1.956e+06,447.523
2,6416,1.956e+06,1.956e+06,447.523
2,6417,1.956e+06,1.9561e+06,447.523
2,6418,1.956e+06,1.9561e+06,447.523
2,6419,1.956e+06,1.9561e+06,447.523
2,6420,1.956e+06,1.9561e+06,447.523
2,6421,1.956e+06,1.9561e+06,447.523
2,6422,1.956e+06,1.95703e+06,447.523
2,6423,1.956e+06,1.95703e+06,447.523
2,6424,1.956e+06,1.95703e+06,447.523
2,6425,1.956e+06,1.95703e+06,447.523
2,6426,1.956e+06,1.95611e+06,447.523
2,6427,1.956e+06,1.95611e+06,447.523
2,6428,1.956e+06,1.95611e+06,447.523
2,6429,1.956e+06,1.95611e+06,447.523
2,6430,1.956e+06,1.95611e+06,447.523
2,6431,1.956e+06,1.95611e+06,447.523
2,6432,1.956e+06,1.95611e+06,447.523
2,6433,1.956e+06,1.95611e+06,447.523
2,6434,1.956e+06,1.95601e+06,447.523
2,6435,1.956e+06,1.95601e+06,447.523
2,6436,1.956e+06,1.95601e+06,447.523
2,6437,1.956e+06,1.95601e+06,447.523
2,6438,1.956e+06,1.95601e+06,447.523
2,6439,1.956e+06,1.95601e+06,447.523
2,6440,1.956e+06,1.95601e+06,447.523
2,6441,1.956e+06,1.95601e+06,447.523
2,6442,1.956e+06,1.95601e+06,447.523
2,6443,1.956e+06,1.95601e+06,447.523
2,6444,1.956e+06,1.95601e+06,447.523
2,6445,1.956e+06,1.95601e+06,447.523
2,6446,1.956e+06,1.95601e+06,447.523
2,6447,1.956e+06,1.95601e+06,447.523
2,6448,1.956e+06,1.95601e+06,447.523
2,6449,1.956e+06,1.95601e+06,447.523
2,6450,1.956e+06,1.95601e+06,447.523
2,6451,1.956e+06,1.95601e+06,447.523
2,6452,1.956e+06,1.95601e+06,447.523
2,6453,1.956e+06,1.95601e+06,447.523
2,6454,1.956e+06,1.95601e+06,447.523
2,6455,1.956e+06,1.95601e+06,447.523
2,6456,1.956e+06,1.95601e+06,447.523
2,6457,1.956e+06,1.95601e+06,447.523
2,6458,1.956e+06,1.95601e+06,447.523
2,6459,1.956e+06,1.95601e+06,447.523
2,6460,1.956e+06,1.95601e+06,447.523
2,6461,1.956e+06,1.95601e+06,447.523
2,6462,1.956e+06,1.95601e+06,447.523
2,6463,1.956e+06,1.95601e+06,447.523
2,6464,1.956e+06,1.95601e+06,447.523
2,6465,1.956e+06,1.95601e+06,447.523
2,6466,1.956e+06,1.95601e+06,447.523
2,6467,1.956e+06,1.95601e+06,447.523
2,6468,1.956e+06,1.95601e+06,447.523
2,6469,1.956e+06,1.95601e+06,447.523
2,6470,1.956e+06,1.95601e+06,447.523
2,6471,1.956e+06,1.95601e+06,447.523
2,6472,1.956e+06,1.95601e+06,447.523
2,6473,1.956e+06,1.95601e+06,447.523
2,6474,1.956e+06,1.95601e+06,447.523
2,6475,1.956e+06,1.95601e+06,447.523
2,6476,1.956e+06,1.95601e+06,447.523
2,6477,1.956e+06,1.95601e+06,447.523
2,6478,1.956e+06,1.95601e+06,447.523
2,6479,1.956e+06,1.95601e+06,447.523
2,6480,1.956e+06,1.95601e+06,447.523
2,6481,1.956e+06,1.95601e+06,443.048
2,6482,1.956e+06,1.95601e+06,443.048
2,6483,1.956e+06,1.95601e+06,443.048
2,6484,1.956e+06,1.95601e+06,443.048
2,6485,1.956e+06,1.95601e+06,443.048
2,6486,1.956e+06,1.95601e+06,443.048
2,6487,1.956e+06,1.95601e+06,443.048
2,6488,1.956e+06,1.95601e+06,443.048
2,6489,1.956e+06,1.95601e+06,443.048
2,6490,1.956e+06,1.95601e+06,443.048
2,6491,1.956e+06,1.95601e+06,443.048
2,6492,1.956e+06,1.95601e+06,443.048
2,6493,1.956e+06,1.95601e+06,443.048
2,6494,1.956e+06,1.95601e+06,443.048
2,6495,1.956e+06,1.95601e+06,443.048
2,6496,1.956e+06,1.95601e+06,443.048
2,6497,1.956e+06,1.95601e+06,443.048
2,6498,1.956e+06,1.95601e+06,443.048
2,6499,1.956e+06,1.95601e+06,443.048
2,6500,1.956e+06,1.95601e+06,443.048
2,6501,1.956e+06,1.95601e+06,443.048
2,6502,1.956e+06,1.95601e+06,443.048
2,6503,1.956e+06,1.95601e+06,443.048
2,6504,1.956e+06,1.95601e+06,443.048
2,6505,1.956e+06,1.95601e+06,443.048
2,6506,1.956e+06,1.95601e+06,443.048
2,6507,1.956e+06,1.95601e+06,443.048
2,6508,1.956e+06,1.95601e+06,443.048
2,6509,1.956e+06,1.95601e+06,443.048
2,6510,1.956e+06,1.95601e+06,443.048
2,6511,1.956e+06,1.95601e+06,443.048
2,6512,1.956e+06,1.95601e+06,443.048
2,6513,1.956e+06,1.95601e+06,443.048
2,6514,1.956e+06,1.95601e+06,443.048
2,6515,1.956e+06,1.95601e+06,443.048
2,6516,1.956e+06,1.95601e+06,443.048
2,6517,1.956e+06,1.95601e+06,443.048
2,6518,1.956e+06,1.95601e+06,443.048
2,6519,1.956e+06,1.95601e+06,443.048
2,6520,1.956e+06,1.95601e+06,443.048
2,6521,1.956e+06,1.95601e+06,443.048
2,6522,1.956e+06,1.95601e+06,443.048
2,6523,1.956e+06,1.95601e+06,443.048
2,6524,1.956e+06,1.95601e+06,443.048
2,6525,1.956e+06,1.95601e+06,443.048
2,6526,1.956e+06,1.95601e+06,443.048
2,6527,1.956e+06,1.95601e+06,443.048
2,6528,1.956e+06,1.95601e+06,443.048
2,6529,1.956e+06,1.95601e+06,443.048
2,6530,1.956e+06,1.95601e+06,443.048
2,6531,1.956e+06,1.95601e+06,443.048
2,6532,1.956e+06,1.95601e+06,443.048
2,6533,1.956e+06,1.95601e+06,443.048
2,6534,1.956e+06,1.95601e+06,443.048
2,6535,1.956e+06,1.95601e+06,443.048
2,6536,1.956e+06,1.95601e+06,443.048
2,6537,1.956e+06,1.95601e+06,443.048
2,6538,1.956e+06,1.95601e+06,443.048
2,6539,1.956e+06,1.95601e+06,443.048
2,6540,1.956e+06,1.95601e+06,443.048
2,6541,1.956e+06,1.95601e+06,443.048
2,6542,1.956e+06,1.95601e+06,443.048
2,6543,1.956e+06,1.95601e+06,443.048
2,6544,1.956e+06,1.95601e+06,443.048
2,6545,1.956e+06,1.95601e+06,443.048
2,6546,1.956e+06,1.95601e+06,443.048
2,6547,1.956e+06,1.95601e+06,443.048
2,6548,1.956e+06,1.95601e+06,443.048
2,6549,1.956e+06,1.95601e+06,443.048
2,6550,1.956e+06,1.956e+06,443.048
2,6551,1.956e+06,1.956e+06,443.048
2,6552,1.956e+06,1.956e+06,443.048
2,6553,1.956e+06,1.956e+06,443.048
2,6554,1.956e+06,1.956e+06,443.048
2,6555,1.956e+06,1.956e+06,443.048
2,6556,1.956e+06,1.956e+06,443.048
2,6557,1.956e+06,1.956e+06,443.048
2,6558,1.956e+06,1.956e+06,443.048
2,6559,1.956e+06,1.956e+06,443.048
2,6560,1.956e+06,1.956e+06,443.048
2,6561,1.956e+06,1.956e+06,438.618
2,6562,1.956e+06,1.956e+06,438.618
2,6563,1.956e+06,1.956e+06,438.618
2,6564,1.956e+06,1.956e+06,438.618
2,6565,1.956e+06,1.956e+06,438.618
2,6566,1.956e+06,1.956e+06,438.618
2,6567,1.956e+06,1.956e+06,438.618
2,6568,1.956e+06,1.956e+06,438.618
2,6569,1.956e+06,1.956e+06,438.618
2,6570,1.956e+06,1.956e+06,438.618
2,6571,1.956e+06,1.956e+06,438.618
2,6572,1.956e+06,1.956e+06,438.618
2,6573,1.956e+06,1.956e+06,438.618
2,6574,1.956e+06,1.956e+06,438.618
2,6575,1.956e+06,1.956e+06,438.618
2,6576,1.956e+06,1.956e+06,438.618
2,6577,1.956e+06,1.956e+06,438.618
2,6578,1.956e+06,1.956e+06,438.618
2,6579,1.956e+06,1.956e+06,438.618
2,6580,1.956e+06,1.956e+06,438.618
2,6581,1.956e+06,1.956e+06,438.618
2,6582,1.956e+06,1.956e+06,438.618
2,6583,1.956e+06,1.956e+06,438.618
2,6584,1.956e+06,1.956e+06,438.618
2,6585,1.956e+06,1.956e+06,438.618
2,6586,1.956e+06,1.956e+06,438.618
2,6587,1.956e+06,1.956e+06,438.618
2,6588,1.956e+06,1.956e+06,438.618
2,6589,1.956e+06,1.956e+06,438.618
2,6590,1.956e+06,1.956e+06,438.618
2,6591,1.956e+06,1.956e+06,438.618
2,6592,1.956e+06,1.956e+06,438.618
2,6593,1.956e+06,1.956e+06,438.618
2,6594,1.956e+06,1.956e+06,438.618
2,6595,1.956e+06,1.956e+06,438.618
2,6596,1.956e+06,1.956e+06,438.618
2,6597,1.956e+06,1.956e+06,438.618
2,6598,1.956e+06,1.956e+06,438.618
2,6599,1.956e+06,1.956e+06,438.618
2,6600,1.956e+06,1.956e+06,438.618
2,6601,1.956e+06,1.956e+06,438.618
2,6602,1.956e+06,1.956e+06,438.618
2,6603,1.956e+06,1.956e+06,438.618
2,6604,1.956e+06,1.956e+06,438.618
2,6605,1.956e+06,1.9561e+06,438.618
2,6606,1.956e+06,1.9561e+06,438.618
2,6607,1.956e+06,1.9561e+06,438.618
2,6608,1.956e+06,1.9561e+06,438.618
2,6609,1.956e+06,1.95607e+06,438.618
2,6610,1.956e+06,1.95607e+06,438.618
2,6611,1.956e+06,1.95607e+06,438.618
2,6612,1.956e+06,1.95607e+06,438.618
2,6613,1.956e+06,1.95607e+06,438.618
2,6614,1.956e+06,1.95607e+06,438.618
2,6615,1.956e+06,1.95607e+06,438.618
2,6616,1.956e+06,1.95607e+06,438.618
2,6617,1.956e+06,1.95607e+06,438.618
2,6618,1.956e+06,1.95607e+06,438.618
2,6619,1.956e+06,1.95607e+06,438.618
2,6620,1.956e+06,1.956e+06,438.618
2,6621,1.956e+06,1.956e+06,438.618
2,6622,1.956e+06,1.956e+06,438.618
2,6623,1.956e+06,1.956e+06,438.618
2,6624,1.956e+06,1.956e+06,438.618
2,6625,1.956e+06,1.956e+06,438.618
2,6626,1.956e+06,1.956e+06,438.618
2,6627,1.956e+06,1.956e+06,438.618
2,6628,1.956e+06,1.956e+06,438.618
2,6629,1.956e+06,1.956e+06,438.618
2,6630,1.956e+06,1.956e+06,438.618
2,6631,1.956e+06,1.956e+06,438.618
2,6632,1.956e+06,1.956e+06,438.618
2,6633,1.956e+06,1.956e+06,438.618
2,6634,1.956e+06,1.956e+06,438.618
2,6635,1.956e+06,1.956e+06,438.618
2,6636,1.956e+06,1.956e+06,438.618
2,6637,1.956e+06,1.956e+06,438.618
2,6638,1.956e+06,1.956e+06,438.618
2,6639,1.956e+06,1.956e+06,438.618
2,6640,1.956e+06,1.956e+06,438.618
2,6641,1.956e+06,1.956e+06,434.231
2,6642,1.956e+06,1.956e+06,434.231
2,6643,1.956e+06,1.956e+06,434.231
2,6644,1.956e+06,1.956e+06,434.231
2,6645,1.956e+06,1.956e+06,434.231
2,6646,1.956e+06,1.956e+06,434.231
2,6647,1.956e+06,1.956e+06,434.231
2,6648,1.956e+06,1.956e+06,434.231
2,6649,1.956e+06,1.956e+06,434.231
2,6650,1.956e+06,1.956e+06,434.231
2,6651,1.956e+06,1.956e+06,434.231
2,6652,1.956e+06,1.956e+06,434.231
2,6653,1.956e+06,1.95693e+06,434.231
2,6654,1.956e+06,1.95693e+06,434.231
2,6655,1.956e+06,1.95693e+06,434.231
2,6656,1.956e+06,1.95693e+06,434.231
2,6657,1.956e+06,1.95693e+06,434.231
2,6658,1.956e+06,1.95693e+06,434.231
2,6659,1.956e+06,1.95693e+06,434.231
2,6660,1.956e+06,1.95693e+06,434.231
2,6661,1.956e+06,1.95693e+06,434.231
2,6662,1.956e+06,1.95693e+06,434.231
2,6663,1.956e+06,1.95693e+06,434.231
2,6664,1.956e+06,1.95693e+06,434.231
2,6665,1.956e+06,1.95693e+06,434.231
2,6666,1.956e+06,1.95693e+06,434.231
2,6667,1.956e+06,1.956e+06,434.231
2,6668,1.956e+06,1.956e+06,434.231
2,6669,1.956e+06,1.956e+06,434.231
2,6670,1.956e+06,1.956e+06,434.231
2,6671,1.956e+06,1.956e+06,434.231
2,6672,1.956e+06,1.956e+06,434.231
2,6673,1.956e+06,1.956e+06,434.231
2,6674,1.956e+06,1.956e+06,434.231
2,6675,1.956e+06,1.956e+06,434.231
2,6676,1.956e+06,1.956e+06,434.231
2,6677,1.956e+06,1.956e+06,434.231
2,6678,1.956e+06,1.956e+06,434.231
2,6679,1.956e+06,1.956e+06,434.231
2,6680,1.956e+06,1.956e+06,434.231
2,6681,1.956e+06,1.956e+06,434.231
2,6682,1.956e+06,1.956e+06,434.231
2,6683,1.956e+06,1.956e+06,434.231
2,6684,1.956e+06,1.956e+06,434.231
2,6685,1.956e+06,1.956e+06,434.231
2,6686,1.956e+06,1.956e+06,434.231
2,6687,1.956e+06,1.956e+06,434.231
2,6688,1.956e+06,1.95701e+06,434.231
2,6689,1.956e+06,1.95701e+06,434.231
2,6690,1.956e+06,1.95701e+06,434.231
2,6691,1.956e+06,1.95701e+06,434.231
2,6692,1.956e+06,1.95701e+06,434.231
2,6693,1.956e+06,1.95701e+06,434.231
2,6694,1.956e+06,1.95701e+06,434.231
2,6695,1.956e+06,1.95701e+06,434.231
2,6696,1.956e+06,1.95701e+06,434.231
2,6697,1.956e+06,1.95609e+06,434.231
2,6698,1.956e+06,1.95609e+06,434.231
2,6699,1.956e+06,1.95609e+06,434.231
2,6700,1.956e+06,1.95609e+06,434.231
2,6701,1.956e+06,1.956e+06,434.231
2,6702,1.956e+06,1.956e+06,434.231
2,6703,1.956e+06,1.956e+06,434.231
2,6704,1.956e+06,1.956e+06,434.231
2,6705,1.956e+06,1.956e+06,434.231
2,6706,1.956e+06,1.956e+06,434.231
2,6707,1.956e+06,1.956e+06,434.231
2,6708,1.956e+06,1.956e+06,434.231
2,6709,1.956e+06,1.956e+06,434.231
2,6710,1.956e+06,1.956e+06,434.231
2,6711,1.956e+06,1.956e+06,434.231
2,6712,1.956e+06,1.956e+06,434.231
2,6713,1.956e+06,1.956e+06,434.231
2,6714,1.956e+06,1.956e+06,434.231
2,6715,1.956e+06,1.956e+06,434.231
2,6716,1.956e+06,1.956e+06,434.231
2,6717,1.956e+06,1.956e+06,434.231
2,6718,1.956e+06,1.956e+06,434.231
2,6719,1.956e+06,1.956e+06,434.231
2,6720,1.956e+06,1.956e+06,434.231
2,6721,1.956e+06,1.956e+06,429.889
2,6722,1.956e+06,1.956e+06,429.889
2,6723,1.956e+06,1.956e+06,429.889
2,6724,1.956e+06,1.956e+06,429.889
2,6725,1.956e+06,1.956e+06,429.889
2,6726,1.956e+06,1.956e+06,429.889
2,6727,1.956e+06,1.956e+06,429.889
2,6728,1.956e+06,1.956e+06,429.889
2,6729,1.956e+06,1.956e+06,429.889
2,6730,1.956e+06,1.956e+06,429.889
2,6731,1.956e+06,1.956e+06,429.889
2,6732,1.956e+06,1.956e+06,429.889
2,6733,1.956e+06,1.956e+06,429.889
2,6734,1.956e+06,1.956e+06,429.889
2,6735,1.956e+06,1.956e+06,429.889
2,6736,1.956e+06,1.956e+06,429.889
2,6737,1.956e+06,1.956e+06,429.889
2,6738,1.956e+06,1.956e+06,429.889
2,6739,1.956e+06,1.956e+06,429.889
2,6740,1.956e+06,1.956e+06,429.889
2,6741,1.956e+06,1.956e+06,429.889
2,6742,1.956e+06,1.956e+06,429.889
2,6743,1.956e+06,1.956e+06,429.889
2,6744,1.956e+06,1.956e+06,429.889
2,6745,1.956e+06,1.956e+06,429.889
2,6746,1.956e+06,1.956e+06,429.889
2,6747,1.956e+06,1.956e+06,429.889
2,6748,1.956e+06,1.95701e+06,429.889
2,6749,1.956e+06,1.95701e+06,429.889
2,6750,1.956e+06,1.95695e+06,429.889
2,6751,1.956e+06,1.95695e+06,429.889
2,6752,1.956e+06,1.95695e+06,429.889
2,6753,1.956e+06,1.95695e+06,429.889
2,6754,1.956e+06,1.95695e+06,429.889
2,6755,1.956e+06,1.95695e+06,429.889
2,6756,1.956e+06,1.95695e+06,429.889
2,6757,1.956e+06,1.95695e+06,429.889
2,6758,1.956e+06,1.956e+06,429.889
2,6759,1.956e+06,1.956e+06,429.889
2,6760,1.956e+06,1.956e+06,429.889
2,6761,1.956e+06,1.956e+06,429.889
2,6762,1.956e+06,1.956e+06,429.889
2,6763,1.956e+06,1.956e+06,429.889
2,6764,1.956e+06,1.956e+06,429.889
2,6765,1.956e+06,1.956e+06,429.889
2,6766,1.956e+06,1.956e+06,429.889
2,6767,1.956e+06,1.956e+06,429.889
2,6768,1.956e+06,1.956e+06,429.889
2,6769,1.956e+06,1.956e+06,429.889
2,6770,1.956e+06,1.956e+06,429.889
2,6771,1.956e+06,1.956e+06,429.889
2,6772,1.956e+06,1.956e+06,429.889
2,6773,1.956e+06,1.956e+06,429.889
2,6774,1.956e+06,1.956e+06,429.889
2,6775,1.956e+06,1.956e+06,429.889
2,6776,1.956e+06,1.956e+06,429.889
2,6777,1.956e+06,1.956e+06,429.889
2,6778,1.956e+06,1.956e+06,429.889
2,6779,1.956e+06,1.956e+06,429.889
2,6780,1.956e+06,1.956e+06,429.889
2,6781,1.956e+06,1.956e+06,429.889
2,6782,1.956e+06,1.956e+06,429.889
2,6783,1.956e+06,1.956e+06,429.889
2,6784,1.956e+06,1.956e+06,429.889
2,6785,1.956e+06,1.956e+06,429.889
2,6786,1.956e+06,1.956e+06,429.889
2,6787,1.956e+06,1.956e+06,429.889
2,6788,1.956e+06,1.956e+06,429.889
2,6789,1.956e+06,1.956e+06,429.889
2,6790,1.956e+06,1.956e+06,429.889
2,6791,1.956e+06,1.956e+06,429.889
2,6792,1.956e+06,1.956e+06,429.889
2,6793,1.956e+06,1.956e+06,429.889
2,6794,1.956e+06,1.956e+06,429.889
2,6795,1.956e+06,1.956e+06,429.889
2,6796,1.956e+06,1.956e+06,429.889
2,6797,1.956e+06,1.956e+06,429.889
2,6798,1.956e+06,1.956e+06,429.889
2,6799,1.956e+06,1.956e+06,429.889
2,6800,1.956e+06,1.956e+06,429.889
2,6801,1.956e+06,1.956e+06,425.59
2,6802,1.956e+06,1.956e+06,425.59
2,6803,1.956e+06,1.956e+06,425.59
2,6804,1.956e+06,1.956e+06,425.59
2,6805,1.956e+06,1.956e+06,425.59
2,6806,1.956e+06,1.956e+06,425.59
2,6807,1.956e+06,1.956e+06,425.59
2,6808,1.956e+06,1.956e+06,425.59
2,6809,1.956e+06,1.956e+06,425.59
2,6810,1.956e+06,1.956e+06,425.59
2,6811,1.956e+06,1.956e+06,425.59
2,6812,1.956e+06,1.956e+06,425.59
2,6813,1.956e+06,1.956e+06,425.59
2,6814,1.956e+06,1.956e+06,425.59
2,6815,1.956e+06,1.956e+06,425.59
2,6816,1.956e+06,1.956e+06,425.59
2,6817,1.956e+06,1.956e+06,425.59
2,6818,1.956e+06,1.956e+06,425.59
2,6819,1.956e+06,1.956e+06,425.59
2,6820,1.956e+06,1.956e+06,425.59
2,6821,1.956e+06,1.956e+06,425.59
2,6822,1.956e+06,1.956e+06,425.59
2,6823,1.956e+06,1.956e+06,425.59
2,6824,1.956e+06,1.956e+06,425.59
2,6825,1.956e+06,1.956e+06,425.59
2,6826,1.956e+06,1.956e+06,425.59
2,6827,1.956e+06,1.956e+06,425.59
2,6828,1.956e+06,1.956e+06,425.59
2,6829,1.956e+06,1.956e+06,425.59
2,6830,1.956e+06,1.956e+06,425.59
2,6831,1.956e+06,1.956e+06,425.59
2,6832,1.956e+06,1.956e+06,425.59
2,6833,1.956e+06,1.956e+06,425.59
2,6834,1.956e+06,1.956e+06,425.59
2,6835,1.956e+06,1.956e+06,425.59
2,6836,1.956e+06,1.956e+06,425.59
2,6837,1.956e+06,1.956e+06,425.59
2,6838,1.956e+06,1.956e+06,425.59
2,6839,1.956e+06,1.956e+06,425.59
2,6840,1.956e+06,1.956e+06,425.59
2,6841,1.956e+06,1.956e+06,425.59
2,6842,1.956e+06,1.956e+06,425.59
2,6843,1.956e+06,1.956e+06,425.59
2,6844,1.956e+06,1.956e+06,425.59
2,6845,1.956e+06,1.956e+06,425.59
2,6846,1.956e+06,1.956e+06,425.59
2,6847,1.956e+06,1.956e+06,425.59
2,6848,1.956e+06,1.956e+06,425.59
2,6849,1.956e+06,1.956e+06,425.59
2,6850,1.956e+06,1.956e+06,425.59
2,6851,1.956e+06,1.956e+06,425.59
2,6852,1.956e+06,1.956e+06,425.59
2,6853,1.956e+06,1.956e+06,425.59
2,6854,1.956e+06,1.956e+06,425.59
2,6855,1.956e+06,1.956e+06,425.59
2,6856,1.956e+06,1.956e+06,425.59
2,6857,1.956e+06,1.956e+06,425.59
2,6858,1.956e+06,1.956e+06,425.59
2,6859,1.956e+06,1.956e+06,425.59
2,6860,1.956e+06,1.956e+06,425.59
2,6861,1.956e+06,1.956e+06,425.59
2,6862,1.956e+06,1.956e+06,425.59
2,6863,1.956e+06,1.956e+06,425.59
2,6864,1.956e+06,1.956e+06,425.59
2,6865,1.956e+06,1.956e+06,425.59
2,6866,1.956e+06,1.956e+06,425.59
2,6867,1.956e+06,1.956e+06,425.59
2,6868,1.956e+06,1.956e+06,425.59
2,6869,1.956e+06,1.956e+06,425.59
2,6870,1.956e+06,1.956e+06,425.59
2,6871,1.956e+06,1.956e+06,425.59
2,6872,1.956e+06,1.956e+06,425.59
2,6873,1.956e+06,1.956e+06,425.59
2,6874,1.956e+06,1.956e+06,425.59
2,6875,1.956e+06,1.956e+06,425.59
2,6876,1.956e+06,1.956e+06,425.59
2,6877,1.956e+06,1.956e+06,425.59
2,6878,1.956e+06,1.956e+06,425.59
2,6879,1.956e+06,1.956e+06,425.59
2,6880,1.956e+06,1.956e+06,425.59
2,6881,1.956e+06,1.956e+06,421.334
2,6882,1.956e+06,1.956e+06,421.334
2,6883,1.956e+06,1.956e+06,421.334
2,6884,1.956e+06,1.956e+06,421.334
2,6885,1.956e+06,1.956e+06,421.334
2,6886,1.956e+06,1.956e+06,421.334
2,6887,1.956e+06,1.956e+06,421.334
2,6888,1.956e+06,1.956e+06,421.334
2,6889,1.956e+06,1.956e+06,421.334
2,6890,1.956e+06,1.956e+06,421.334
2,6891,1.956e+06,1.956e+06,421.334
2,6892,1.956e+06,1.956e+06,421.334
2,6893,1.956e+06,1.956e+06,421.334
2,6894,1.956e+06,1.956e+06,421.334
2,6895,1.956e+06,1.956e+06,421.334
2,6896,1.956e+06,1.956e+06,421.334
2,6897,1.956e+06,1.956e+06,421.334
2,6898,1.956e+06,1.956e+06,421.334
2,6899,1.956e+06,1.956e+06,421.334
2,6900,1.956e+06,1.956e+06,421.334
2,6901,1.956e+06,1.956e+06,421.334
2,6902,1.956e+06,1.956e+06,421.334
2,6903,1.956e+06,1.956e+06,421.334
2,6904,1.956e+06,1.956e+06,421.334
2,6905,1.956e+06,1.956e+06,421.334
2,6906,1.956e+06,1.956e+06,421.334
2,6907,1.956e+06,1.956e+06,421.334
2,6908,1.956e+06,1.956e+06,421.334
2,6909,1.956e+06,1.956e+06,421.334
2,6910,1.956e+06,1.956e+06,421.334
2,6911,1.956e+06,1.956e+06,421.334
2,6912,1.956e+06,1.956e+06,421.334
2,6913,1.956e+06,1.956e+06,421.334
2,6914,1.956e+06,1.956e+06,421.334
2,6915,1.956e+06,1.956e+06,421.334
2,6916,1.956e+06,1.956e+06,421.334
2,6917,1.956e+06,1.956e+06,421.334
2,6918,1.956e+06,1.956e+06,421.334
2,6919,1.956e+06,1.956e+06,421.334
2,6920,1.956e+06,1.956e+06,421.334
2,6921,1.956e+06,1.956e+06,421.334
2,6922,1.956e+06,1.956e+06,421.334
2,6923,1.956e+06,1.956e+06,421.334
2,6924,1.956e+06,1.956e+06,421.334
2,6925,1.956e+06,1.956e+06,421.334
2,6926,1.956e+06,1.956e+06,421.334
2,6927,1.956e+06,1.956e+06,421.334
2,6928,1.956e+06,1.956e+06,421.334
2,6929,1.956e+06,1.956e+06,421.334
2,6930,1.956e+06,1.956e+06,421.334
2,6931,1.956e+06,1.956e+06,421.334
2,6932,1.956e+06,1.956e+06,421.334
2,6933,1.956e+06,1.956e+06,421.334
2,6934,1.956e+06,1.956e+06,421.334
2,6935,1.956e+06,1.956e+06,421.334
2,6936,1.956e+06,1.956e+06,421.334
2,6937,1.956e+06,1.956e+06,421.334
2,6938,1.956e+06,1.956e+06,421.334
2,6939,1.956e+06,1.956e+06,421.334
2,6940,1.956e+06,1.956e+06,421.334
2,6941,1.956e+06,1.956e+06,421.334
2,6942,1.956e+06,1.956e+06,421.334
2,6943,1.956e+06,1.956e+06,421.334
2,6944,1.956e+06,1.956e+06,421.334
2,6945,1.956e+06,1.956e+06,421.334
2,6946,1.956e+06,1.956e+06,421.334
2,6947,1.956e+06,1.956e+06,421.334
2,6948,1.956e+06,1.956e+06,421.334
2,6949,1.956e+06,1.956e+06,421.334
2,6950,1.956e+06,1.956e+06,421.334
2,6951,1.956e+06,1.956e+06,421.334
2,6952,1.956e+06,1.956e+06,421.334
2,6953,1.956e+06,1.956e+06,421.334
2,6954,1.956e+06,1.956e+06,421.334
2,6955,1.956e+06,1.956e+06,421.334
2,6956,1.956e+06,1.956e+06,421.334
2,6957,1.956e+06,1.956e+06,421.334
2,6958,1.956e+06,1.956e+06,421.334
2,6959,1.956e+06,1.956e+06,421.334
2,6960,1.956e+06,1.956e+06,421.334
2,6961,1.956e+06,1.956e+06,417.121
2,6962,1.956e+06,1.956e+06,417.121
2,6963,1.956e+06,1.956e+06,417.121
2,6964,1.956e+06,1.956e+06,417.121
2,6965,1.956e+06,1.956e+06,417.121
2,6966,1.956e+06,1.956e+06,417.121
2,6967,1.956e+06,1.956e+06,417.121
2,6968,1.956e+06,1.956e+06,417.121
2,6969,1.956e+06,1.956e+06,417.121
2,6970,1.956e+06,1.956e+06,417.121
2,6971,1.956e+06,1.956e+06,417.121
2,6972,1.956e+06,1.956e+06,417.121
2,6973,1.956e+06,1.956e+06,417.121
2,6974,1.956e+06,1.956e+06,417.121
2,6975,1.956e+06,1.956e+06,417.121
2,6976,1.956e+06,1.956e+06,417.121
2,6977,1.956e+06,1.956e+06,417.121
2,6978,1.956e+06,1.956e+06,417.121
2,6979,1.956e+06,1.956e+06,417.121
2,6980,1.956e+06,1.956e+06,417.121
2,6981,1.956e+06,1.956e+06,417.121
2,6982,1.956e+06,1.956e+06,417.121
2,6983,1.956e+06,1.956e+06,417.121
2,6984,1.956e+06,1.956e+06,417.121
2,6985,1.956e+06,1.956e+06,417.121
2,6986,1.956e+06,1.956e+06,417.121
2,6987,1.956e+06,1.956e+06,417.121
2,6988,1.956e+06,1.956e+06,417.121
2,6989,1.956e+06,1.956e+06,417.121
2,6990,1.956e+06,1.956e+06,417.121
2,6991,1.956e+06,1.956e+06,417.121
2,6992,1.956e+06,1.956e+06,417.121
2,6993,1.956e+06,1.956e+06,417.121
2,6994,1.956e+06,1.956e+06,417.121
2,6995,1.956e+06,1.956e+06,417.121
2,6996,1.956e+06,1.956e+06,417.121
2,6997,1.956e+06,1.956e+06,417.121
2,6998,1.956e+06,1.956e+06,417.121
2,6999,1.956e+06,1.956e+06,417.121
2,7000,1.956e+06,1.956e+06,417.121
2,7001,1.956e+06,1.956e+06,417.121
2,7002,1.956e+06,1.956e+06,417.121
2,7003,1.956e+06,1.956e+06,417.121
2,7004,1.956e+06,1.956e+06,417.121
2,7005,1.956e+06,1.956e+06,417.121
2,7006,1.956e+06,1.956e+06,417.121
2,7007,1.956e+06,1.956e+06,417.121
2,7008,1.956e+06,1.956e+06,417.121
2,7009,1.956e+06,1.956e+06,417.121
2,7010,1.956e+06,1.956e+06,417.121
2,7011,1.956e+06,1.956e+06,417.121
2,7012,1.956e+06,1.956e+06,417.121
2,7013,1.956e+06,1.956e+06,417.121
2,7014,1.956e+06,1.956e+06,417.121
2,7015,1.956e+06,1.956e+06,417.121
2,7016,1.956e+06,1.956e+06,417.121
2,7017,1.956e+06,1.956e+06,417.121
2,7018,1.956e+06,1.956e+06,417.121
2,7019,1.956e+06,1.956e+06,417.121
2,7020,1.956e+06,1.956e+06,417.121
2,7021,1.956e+06,1.956e+06,417.121
2,7022,1.956e+06,1.956e+06,417.121
2,7023,1.956e+06,1.956e+06,417.121
2,7024,1.956e+06,1.956e+06,417.121
2,7025,1.956e+06,1.956e+06,417.121
2,7026,1.956e+06,1.956e+06,417.121
2,7027,1.956e+06,1.956e+06,417.121
2,7028,1.956e+06,1.956e+06,417.121
2,7029,1.956e+06,1.956e+06,417.121
2,7030,1.956e+06,1.956e+06,417.121
2,7031,1.956e+06,1.956e+06,417.121
2,7032,1.956e+06,1.956e+06,417.121
2,7033,1.956e+06,1.956e+06,417.121
2,7034,1.956e+06,1.956e+06,417.121
2,7035,1.956e+06,1.956e+06,417.121
2,7036,1.956e+06,1.956e+06,417.121
2,7037,1.956e+06,1.956e+06,417.121
2,7038,1.956e+06,1.956e+06,417.121
2,7039,1.956e+06,1.956e+06,417.121
2,7040,1.956e+06,1.956e+06,417.121
2,7041,1.956e+06,1.956e+06,412.95
2,7042,1.956e+06,1.956e+06,412.95
2,7043,1.956e+06,1.956e+06,412.95
2,7044,1.956e+06,1.956e+06,412.95
2,7045,1.956e+06,1.956e+06,412.95
2,7046,1.956e+06,1.956e+06,412.95
2,7047,1.956e+06,1.956e+06,412.95
2,7048,1.956e+06,1.956e+06,412.95
2,7049,1.956e+06,1.956e+06,412.95
2,7050,1.956e+06,1.956e+06,412.95
2,7051,1.956e+06,1.956e+06,412.95
2,7052,1.956e+06,1.956e+06,412.95
2,7053,1.956e+06,1.956e+06,412.95
2,7054,1.956e+06,1.956e+06,412.95
2,7055,1.956e+06,1.956e+06,412.95
2,7056,1.956e+06,1.956e+06,412.95
2,7057,1.956e+06,1.956e+06,412.95
2,7058,1.956e+06,1.956e+06,412.95
2,7059,1.956e+06,1.956e+06,412.95
2,7060,1.956e+06,1.956e+06,412.95
2,7061,1.956e+06,1.956e+06,412.95
2,7062,1.956e+06,1.956e+06,412.95
2,7063,1.956e+06,1.956e+06,412.95
2,7064,1.956e+06,1.956e+06,412.95
2,7065,1.956e+06,1.956e+06,412.95
2,7066,1.956e+06,1.956e+06,412.95
2,7067,1.956e+06,1.956e+06,412.95
2,7068,1.956e+06,1.956e+06,412.95
2,7069,1.956e+06,1.956e+06,412.95
2,7070,1.956e+06,1.956e+06,412.95
2,7071,1.956e+06,1.956e+06,412.95
2,7072,1.956e+06,1.956e+06,412.95
2,7073,1.956e+06,1.956e+06,412.95
2,7074,1.956e+06,1.956e+06,412.95
2,7075,1.956e+06,1.956e+06,412.95
2,7076,1.956e+06,1.956e+06,412.95
2,7077,1.956e+06,1.956e+06,412.95
2,7078,1.956e+06,1.956e+06,412.95
2,7079,1.956e+06,1.956e+06,412.95
2,7080,1.956e+06,1.956e+06,412.95
2,7081,1.956e+06,1.956e+06,412.95
2,7082,1.956e+06,1.956e+06,412.95
2,7083,1.956e+06,1.956e+06,412.95
2,7084,1.956e+06,1.956e+06,412.95
2,7085,1.956e+06,1.956e+06,412.95
2,7086,1.956e+06,1.956e+06,412.95
2,7087,1.956e+06,1.956e+06,412.95
2,7088,1.956e+06,1.956e+06,412.95
2,7089,1.956e+06,1.956e+06,412.95
2,7090,1.956e+06,1.956e+06,412.95
2,7091,1.956e+06,1.95701e+06,412.95
2,7092,1.956e+06,1.95693e+06,412.95
2,7093,1.956e+06,1.95693e+06,412.95
2,7094,1.956e+06,1.95693e+06,412.95
2,7095,1.956e+06,1.95701e+06,412.95
2,7096,1.956e+06,1.95701e+06,412.95
2,7097,1.956e+06,1.95701e+06,412.95
2,7098,1.956e+06,1.95693e+06,412.95
2,7099,1.956e+06,1.95693e+06,412.95
2,7100,1.956e+06,1.95693e+06,412.95
2,7101,1.956e+06,1.957e+06,412.95
2,7102,1.956e+06,1.957e+06,412.95
2,7103,1.956e+06,1.957e+06,412.95
2,7104,1.956e+06,1.957e+06,412.95
2,7105,1.956e+06,1.957e+06,412.95
2,7106,1.956e+06,1.957e+06,412.95
2,7107,1.956e+06,1.95693e+06,412.95
2,7108,1.956e+06,1.95601e+06,412.95
2,7109,1.956e+06,1.95609e+06,412.95
2,7110,1.956e+06,1.95609e+06,412.95
2,7111,1.956e+06,1.95619e+06,412.95
2,7112,1.956e+06,1.95619e+06,412.95
2,7113,1.956e+06,1.95609e+06,412.95
2,7114,1.956e+06,1.95609e+06,412.95
2,7115,1.956e+06,1.95609e+06,412.95
2,7116,1.956e+06,1.95609e+06,412.95
2,7117,1.956e+06,1.95609e+06,412.95
2,7118,1.956e+06,1.95609e+06,412.95
2,7119,1.956e+06,1.95609e+06,412.95
2,7120,1.956e+06,1.95609e+06,412.95
2,7121,1.956e+06,1.95609e+06,408.82
2,7122,1.956e+06,1.95601e+06,408.82
2,7123,1.956e+06,1.95601e+06,408.82
2,7124,1.956e+06,1.95601e+06,408.82
2,7125,1.956e+06,1.95601e+06,408.82
2,7126,1.956e+06,1.95601e+06,408.82
2,7127,1.956e+06,1.95601e+06,408.82
2,7128,1.956e+06,1.95601e+06,408.82
2,7129,1.956e+06,1.95601e+06,408.82
2,7130,1.956e+06,1.95601e+06,408.82
2,7131,1.956e+06,1.95601e+06,408.82
2,7132,1.956e+06,1.95601e+06,408.82
2,7133,1.956e+06,1.95601e+06,408.82
2,7134,1.956e+06,1.95601e+06,408.82
2,7135,1.956e+06,1.95601e+06,408.82
2,7136,1.956e+06,1.95601e+06,408.82
2,7137,1.956e+06,1.95601e+06,408.82
2,7138,1.956e+06,1.95601e+06,408.82
2,7139,1.956e+06,1.95601e+06,408.82
2,7140,1.956e+06,1.95601e+06,408.82
2,7141,1.956e+06,1.95601e+06,408.82
2,7142,1.956e+06,1.95601e+06,408.82
2,7143,1.956e+06,1.95601e+06,408.82
2,7144,1.956e+06,1.95601e+06,408.82
2,7145,1.956e+06,1.95601e+06,408.82
2,7146,1.956e+06,1.95601e+06,408.82
2,7147,1.956e+06,1.95601e+06,408.82
2,7148,1.956e+06,1.95601e+06,408.82
2,7149,1.956e+06,1.95601e+06,408.82
2,7150,1.956e+06,1.95601e+06,408.82
2,7151,1.956e+06,1.9561e+06,408.82
2,7152,1.956e+06,1.9561e+06,408.82
2,7153,1.956e+06,1.9561e+06,408.82
2,7154,1.956e+06,1.9561e+06,408.82
2,7155,1.956e+06,1.9561e+06,408.82
2,7156,1.956e+06,1.9561e+06,408.82
2,7157,1.956e+06,1.9561e+06,408.82
2,7158,1.956e+06,1.9561e+06,408.82
2,7159,1.956e+06,1.9561e+06,408.82
2,7160,1.956e+06,1.9561e+06,408.82
2,7161,1.956e+06,1.9561e+06,408.82
2,7162,1.956e+06,1.9561e+06,408.82
2,7163,1.956e+06,1.9561e+06,408.82
2,7164,1.956e+06,1.95617e+06,408.82
2,7165,1.956e+06,1.95617e+06,408.82
2,7166,1.956e+06,1.95617e+06,408.82
2,7167,1.956e+06,1.95617e+06,408.82
2,7168,1.956e+06,1.95617e+06,408.82
2,7169,1.956e+06,1.95617e+06,408.82
2,7170,1.956e+06,1.95617e+06,408.82
2,7171,1.956e+06,1.95617e+06,408.82
2,7172,1.956e+06,1.95617e+06,408.82
2,7173,1.956e+06,1.9561e+06,408.82
2,7174,1.956e+06,1.9561e+06,408.82
2,7175,1.956e+06,1.95652e+06,408.82
2,7176,1.956e+06,1.95652e+06,408.82
2,7177,1.956e+06,1.95652e+06,408.82
2,7178,1.956e+06,1.95652e+06,408.82
2,7179,1.956e+06,1.95652e+06,408.82
2,7180,1.956e+06,1.95652e+06,408.82
2,7181,1.956e+06,1.95652e+06,408.82
2,7182,1.956e+06,1.95602e+06,408.82
2,7183,1.956e+06,1.95602e+06,408.82
2,7184,1.956e+06,1.95602e+06,408.82
2,7185,1.956e+06,1.95602e+06,408.82
2,7186,1.956e+06,1.95602e+06,408.82
2,7187,1.956e+06,1.95602e+06,408.82
2,7188,1.956e+06,1.95602e+06,408.82
2,7189,1.956e+06,1.95602e+06,408.82
2,7190,1.956e+06,1.95601e+06,408.82
2,7191,1.956e+06,1.95601e+06,408.82
2,7192,1.956e+06,1.95601e+06,408.82
2,7193,1.956e+06,1.95601e+06,408.82
2,7194,1.956e+06,1.95601e+06,408.82
2,7195,1.956e+06,1.95601e+06,408.82
2,7196,1.956e+06,1.95601e+06,408.82
2,7197,1.956e+06,1.95601e+06,408.82
2,7198,1.956e+06,1.95601e+06,408.82
2,7199,1.956e+06,1.95601e+06,408.82
2,7200,1.956e+06,1.95601e+06,408.82
2,7201,1.956e+06,1.95601e+06,404.732
2,7202,1.956e+06,1.95601e+06,404.732
2,7203,1.956e+06,1.95601e+06,404.732
2,7204,1.956e+06,1.95601e+06,404.732
2,7205,1.956e+06,1.95601e+06,404.732
2,7206,1.956e+06,1.95601e+06,404.732
2,7207,1.956e+06,1.95601e+06,404.732
2,7208,1.956e+06,1.95601e+06,404.732
2,7209,1.956e+06,1.95601e+06,404.732
2,7210,1.956e+06,1.95601e+06,404.732
2,7211,1.956e+06,1.95601e+06,404.732
2,7212,1.956e+06,1.95601e+06,404.732
2,7213,1.956e+06,1.95601e+06,404.732
2,7214,1.956e+06,1.95601e+06,404.732
2,7215,1.956e+06,1.95601e+06,404.732
2,7216,1.956e+06,1.95601e+06,404.732
2,7217,1.956e+06,1.95601e+06,404.732
2,7218,1.956e+06,1.956e+06,404.732
2,7219,1.956e+06,1.956e+06,404.732
2,7220,1.956e+06,1.956e+06,404.732
2,7221,1.956e+06,1.956e+06,404.732
2,7222,1.956e+06,1.956e+06,404.732
2,7223,1.956e+06,1.956e+06,404.732
2,7224,1.956e+06,1.956e+06,404.732
2,7225,1.956e+06,1.956e+06,404.732
2,7226,1.956e+06,1.956e+06,404.732
2,7227,1.956e+06,1.956e+06,404.732
2,7228,1.956e+06,1.956e+06,404.732
2,7229,1.956e+06,1.956e+06,404.732
2,7230,1.956e+06,1.956e+06,404.732
2,7231,1.956e+06,1.956e+06,404.732
2,7232,1.956e+06,1.956e+06,404.732
2,7233,1.956e+06,1.956e+06,404.732
2,7234,1.956e+06,1.956e+06,404.732
2,7235,1.956e+06,1.956e+06,404.732
2,7236,1.956e+06,1.956e+06,404.732
2,7237,1.956e+06,1.956e+06,404.732
2,7238,1.956e+06,1.956e+06,404.732
2,7239,1.956e+06,1.956e+06,404.732
2,7240,1.956e+06,1.956e+06,404.732
2,7241,1.956e+06,1.956e+06,404.732
2,7242,1.956e+06,1.956e+06,404.732
2,7243,1.956e+06,1.956e+06,404.732
2,7244,1.956e+06,1.956e+06,404.732
2,7245,1.956e+06,1.956e+06,404.732
2,7246,1.956e+06,1.956e+06,404.732
2,7247,1.956e+06,1.956e+06,404.732
2,7248,1.956e+06,1.956e+06,404.732
2,7249,1.956e+06,1.956e+06,404.732
2,7250,1.956e+06,1.956e+06,404.732
2,7251,1.956e+06,1.956e+06,404.732
2,7252,1.956e+06,1.956e+06,404.732
2,7253,1.956e+06,1.956e+06,404.732
2,7254,1.956e+06,1.956e+06,404.732
2,7255,1.956e+06,1.956e+06,404.732
2,7256,1.956e+06,1.956e+06,404.732
2,7257,1.956e+06,1.956e+06,404.732
2,7258,1.956e+06,1.956e+06,404.732
2,7259,1.956e+06,1.956e+06,404.732
2,7260,1.956e+06,1.956e+06,404.732
2,7261,1.956e+06,1.956e+06,404.732
2,7262,1.956e+06,1.956e+06,404.732
2,7263,1.956e+06,1.956e+06,404.732
2,7264,1.956e+06,1.956e+06,404.732
2,7265,1.956e+06,1.956e+06,404.732
2,7266,1.956e+06,1.956e+06,404.732
2,7267,1.956e+06,1.956e+06,404.732
2,7268,1.956e+06,1.956e+06,404.732
2,7269,1.956e+06,1.956e+06,404.732
2,7270,1.956e+06,1.956e+06,404.732
2,7271,1.956e+06,1.956e+06,404.732
2,7272,1.956e+06,1.956e+06,404.732
2,7273,1.956e+06,1.956e+06,404.732
2,7274,1.956e+06,1.956e+06,404.732
2,7275,1.956e+06,1.956e+06,404.732
2,7276,1.956e+06,1.956e+06,404.732
2,7277,1.956e+06,1.956e+06,404.732
2,7278,1.956e+06,1.956e+06,404.732
2,7279,1.956e+06,1.95693e+06,404.732
2,7280,1.956e+06,1.95693e+06,404.732
2,7281,1.956e+06,1.95693e+06,400.685
2,7282,1.956e+06,1.95693e+06,400.685
2,7283,1.956e+06,1.95693e+06,400.685
2,7284,1.956e+06,1.95693e+06,400.685
2,7285,1.956e+06,1.95693e+06,400.685
2,7286,1.956e+06,1.95693e+06,400.685
2,7287,1.956e+06,1.95703e+06,400.685
2,7288,1.956e+06,1.95703e+06,400.685
2,7289,1.956e+06,1.95611e+06,400.685
2,7290,1.956e+06,1.95611e+06,400.685
2,7291,1.956e+06,1.95611e+06,400.685
2,7292,1.956e+06,1.95611e+06,400.685
2,7293,1.956e+06,1.95611e+06,400.685
2,7294,1.956e+06,1.95611e+06,400.685
2,7295,1.956e+06,1.95611e+06,400.685
2,7296,1.956e+06,1.95662e+06,400.685
2,7297,1.956e+06,1.95662e+06,400.685
2,7298,1.956e+06,1.95662e+06,400.685
2,7299,1.956e+06,1.95652e+06,400.685
2,7300,1.956e+06,1.95601e+06,400.685
2,7301,1.956e+06,1.95601e+06,400.685
2,7302,1.956e+06,1.95601e+06,400.685
2,7303,1.956e+06,1.95601e+06,400.685
2,7304,1.956e+06,1.95601e+06,400.685
2,7305,1.956e+06,1.95601e+06,400.685
2,7306,1.956e+06,1.95601e+06,400.685
2,7307,1.956e+06,1.95601e+06,400.685
2,7308,1.956e+06,1.95601e+06,400.685
2,7309,1.956e+06,1.95601e+06,400.685
2,7310,1.956e+06,1.95601e+06,400.685
2,7311,1.956e+06,1.95601e+06,400.685
2,7312,1.956e+06,1.95601e+06,400.685
2,7313,1.956e+06,1.95601e+06,400.685
2,7314,1.956e+06,1.95601e+06,400.685
2,7315,1.956e+06,1.95601e+06,400.685
2,7316,1.956e+06,1.95601e+06,400.685
2,7317,1.956e+06,1.95601e+06,400.685
2,7318,1.956e+06,1.95601e+06,400.685
2,7319,1.956e+06,1.95601e+06,400.685
2,7320,1.956e+06,1.95694e+06,400.685
2,7321,1.956e+06,1.95694e+06,400.685
2,7322,1.956e+06,1.95601e+06,400.685
2,7323,1.956e+06,1.95609e+06,400.685
2,7324,1.956e+06,1.95609e+06,400.685
2,7325,1.956e+06,1.95609e+06,400.685
2,7326,1.956e+06,1.95609e+06,400.685
2,7327,1.956e+06,1.95609e+06,400.685
2,7328,1.956e+06,1.95609e+06,400.685
2,7329,1.956e+06,1.95609e+06,400.685
2,7330,1.956e+06,1.95609e+06,400.685
2,7331,1.956e+06,1.95609e+06,400.685
2,7332,1.956e+06,1.95609e+06,400.685
2,7333,1.956e+06,1.95609e+06,400.685
2,7334,1.956e+06,1.95609e+06,400.685
2,7335,1.956e+06,1.95609e+06,400.685
2,7336,1.956e+06,1.95609e+06,400.685
2,7337,1.956e+06,1.95609e+06,400.685
2,7338,1.956e+06,1.95609e+06,400.685
2,7339,1.956e+06,1.95609e+06,400.685
2,7340,1.956e+06,1.95609e+06,400.685
2,7341,1.956e+06,1.95609e+06,400.685
2,7342,1.956e+06,1.956e+06,400.685
2,7343,1.956e+06,1.956e+06,400.685
2,7344,1.956e+06,1.956e+06,400.685
2,7345,1.956e+06,1.956e+06,400.685
2,7346,1.956e+06,1.956e+06,400.685
2,7347,1.956e+06,1.956e+06,400.685
2,7348,1.956e+06,1.956e+06,400.685
2,7349,1.956e+06,1.956e+06,400.685
2,7350,1.956e+06,1.956e+06,400.685
2,7351,1.956e+06,1.956e+06,400.685
2,7352,1.956e+06,1.95607e+06,400.685
2,7353,1.956e+06,1.95607e+06,400.685
2,7354,1.956e+06,1.95607e+06,400.685
2,7355,1.956e+06,1.956e+06,400.685
2,7356,1.956e+06,1.956e+06,400.685
2,7357,1.956e+06,1.956e+06,400.685
2,7358,1.956e+06,1.956e+06,400.685
2,7359,1.956e+06,1.956e+06,400.685
2,7360,1.956e+06,1.956e+06,400.685
2,7361,1.956e+06,1.956e+06,396.678
2,7362,1.956e+06,1.956e+06,396.678
2,7363,1.956e+06,1.956e+06,396.678
2,7364,1.956e+06,1.956e+06,396.678
2,7365,1.956e+06,1.956e+06,396.678
2,7366,1.956e+06,1.956e+06,396.678
2,7367,1.956e+06,1.956e+06,396.678
2,7368,1.956e+06,1.956e+06,396.678
2,7369,1.956e+06,1.956e+06,396.678
2,7370,1.956e+06,1.956e+06,396.678
2,7371,1.956e+06,1.956e+06,396.678
2,7372,1.956e+06,1.956e+06,396.678
2,7373,1.956e+06,1.956e+06,396.678
2,7374,1.956e+06,1.956e+06,396.678
2,7375,1.956e+06,1.956e+06,396.678
2,7376,1.956e+06,1.956e+06,396.678
2,7377,1.956e+06,1.956e+06,396.678
2,7378,1.956e+06,1.956e+06,396.678
2,7379,1.956e+06,1.956e+06,396.678
2,7380,1.956e+06,1.956e+06,396.678
2,7381,1.956e+06,1.956e+06,396.678
2,7382,1.956e+06,1.956e+06,396.678
2,7383,1.956e+06,1.956e+06,396.678
2,7384,1.956e+06,1.956e+06,396.678
2,7385,1.956e+06,1.956e+06,396.678
2,7386,1.956e+06,1.956e+06,396.678
2,7387,1.956e+06,1.956e+06,396.678
2,7388,1.956e+06,1.956e+06,396.678
2,7389,1.956e+06,1.956e+06,396.678
2,7390,1.956e+06,1.956e+06,396.678
2,7391,1.956e+06,1.956e+06,396.678
2,7392,1.956e+06,1.956e+06,396.678
2,7393,1.956e+06,1.956e+06,396.678
2,7394,1.956e+06,1.956e+06,396.678
2,7395,1.956e+06,1.956e+06,396.678
2,7396,1.956e+06,1.956e+06,396.678
2,7397,1.956e+06,1.956e+06,396.678
2,7398,1.956e+06,1.956e+06,396.678
2,7399,1.956e+06,1.956e+06,396.678
2,7400,1.956e+06,1.956e+06,396.678
2,7401,1.956e+06,1.956e+06,396.678
2,7402,1.956e+06,1.956e+06,396.678
2,7403,1.956e+06,1.956e+06,396.678
2,7404,1.956e+06,1.956e+06,396.678
2,7405,1.956e+06,1.956e+06,396.678
2,7406,1.956e+06,1.956e+06,396.678
2,7407,1.956e+06,1.956e+06,396.678
2,7408,1.956e+06,1.956e+06,396.678
2,7409,1.956e+06,1.956e+06,396.678
2,7410,1.956e+06,1.956e+06,396.678
2,7411,1.956e+06,1.956e+06,396.678
2,7412,1.956e+06,1.956e+06,396.678
2,7413,1.956e+06,1.956e+06,396.678
2,7414,1.956e+06,1.956e+06,396.678
2,7415,1.956e+06,1.956e+06,396.678
2,7416,1.956e+06,1.956e+06,396.678
2,7417,1.956e+06,1.956e+06,396.678
2,7418,1.956e+06,1.956e+06,396.678
2,7419,1.956e+06,1.956e+06,396.678
2,7420,1.956e+06,1.956e+06,396.678
2,7421,1.956e+06,1.956e+06,396.678
2,7422,1.956e+06,1.956e+06,396.678
2,7423,1.956e+06,1.956e+06,396.678
2,7424,1.956e+06,1.956e+06,396.678
2,7425,1.956e+06,1.956e+06,396.678
2,7426,1.956e+06,1.956e+06,396.678
2,7427,1.956e+06,1.956e+06,396.678
2,7428,1.956e+06,1.956e+06,396.678
2,7429,1.956e+06,1.956e+06,396.678
2,7430,1.956e+06,1.956e+06,396.678
2,7431,1.956e+06,1.956e+06,396.678
2,7432,1.956e+06,1.956e+06,396.678
2,7433,1.956e+06,1.956e+06,396.678
2,7434,1.956e+06,1.956e+06,396.678
2,7435,1.956e+06,1.956e+06,396.678
2,7436,1.956e+06,1.956e+06,396.678
2,7437,1.956e+06,1.956e+06,396.678
2,7438,1.956e+06,1.956e+06,396.678
2,7439,1.956e+06,1.956e+06,396.678
2,7440,1.956e+06,1.956e+06,396.678
2,7441,1.956e+06,1.956e+06,392.711
2,7442,1.956e+06,1.956e+06,392.711
2,7443,1.956e+06,1.956e+06,392.711
2,7444,1.956e+06,1.956e+06,392.711
2,7445,1.956e+06,1.956e+06,392.711
2,7446,1.956e+06,1.956e+06,392.711
2,7447,1.956e+06,1.956e+06,392.711
2,7448,1.956e+06,1.956e+06,392.711
2,7449,1.956e+06,1.956e+06,392.711
2,7450,1.956e+06,1.956e+06,392.711
2,7451,1.956e+06,1.956e+06,392.711
2,7452,1.956e+06,1.956e+06,392.711
2,7453,1.956e+06,1.956e+06,392.711
2,7454,1.956e+06,1.956e+06,392.711
2,7455,1.956e+06,1.956e+06,392.711
2,7456,1.956e+06,1.956e+06,392.711
2,7457,1.956e+06,1.956e+06,392.711
2,7458,1.956e+06,1.956e+06,392.711
2,7459,1.956e+06,1.956e+06,392.711
2,7460,1.956e+06,1.956e+06,392.711
2,7461,1.956e+06,1.956e+06,392.711
2,7462,1.956e+06,1.956e+06,392.711
2,7463,1.956e+06,1.956e+06,392.711
2,7464,1.956e+06,1.956e+06,392.711
2,7465,1.956e+06,1.956e+06,392.711
2,7466,1.956e+06,1.956e+06,392.711
2,7467,1.956e+06,1.956e+06,392.711
2,7468,1.956e+06,1.956e+06,392.711
2,7469,1.956e+06,1.956e+06,392.711
2,7470,1.956e+06,1.956e+06,392.711
2,7471,1.956e+06,1.956e+06,392.711
2,7472,1.956e+06,1.956e+06,392.711
2,7473,1.956e+06,1.956e+06,392.711
2,7474,1.956e+06,1.956e+06,392.711
2,7475,1.956e+06,1.956e+06,392.711
2,7476,1.956e+06,1.956e+06,392.711
2,7477,1.956e+06,1.956e+06,392.711
2,7478,1.956e+06,1.956e+06,392.711
2,7479,1.956e+06,1.956e+06,392.711
2,7480,1.956e+06,1.956e+06,392.711
2,7481,1.956e+06,1.956e+06,392.711
2,7482,1.956e+06,1.956e+06,392.711
2,7483,1.956e+06,1.956e+06,392.711
2,7484,1.956e+06,1.956e+06,392.711
2,7485,1.956e+06,1.956e+06,392.711
2,7486,1.956e+06,1.956e+06,392.711
2,7487,1.956e+06,1.956e+06,392.711
2,7488,1.956e+06,1.956e+06,392.711
2,7489,1.956e+06,1.956e+06,392.711
2,7490,1.956e+06,1.956e+06,392.711
2,7491,1.956e+06,1.956e+06,392.711
2,7492,1.956e+06,1.956e+06,392.711
2,7493,1.956e+06,1.956e+06,392.711
2,7494,1.956e+06,1.956e+06,392.711
2,7495,1.956e+06,1.956e+06,392.711
2,7496,1.956e+06,1.956e+06,392.711
2,7497,1.956e+06,1.956e+06,392.711
2,7498,1.956e+06,1.956e+06,392.711
2,7499,1.956e+06,1.956e+06,392.711
2,7500,1.956e+06,1.956e+06,392.711
2,7501,1.956e+06,1.956e+06,392.711
2,7502,1.956e+06,1.956e+06,392.711
2,7503,1.956e+06,1.956e+06,392.711
2,7504,1.956e+06,1.956e+06,392.711
2,7505,1.956e+06,1.956e+06,392.711
2,7506,1.956e+06,1.956e+06,392.711
2,7507,1.956e+06,1.956e+06,392.711
2,7508,1.956e+06,1.956e+06,392.711
2,7509,1.956e+06,1.956e+06,392.711
2,7510,1.956e+06,1.956e+06,392.711
2,7511,1.956e+06,1.956e+06,392.711
2,7512,1.956e+06,1.956e+06,392.711
2,7513,1.956e+06,1.956e+06,392.711
2,7514,1.956e+06,1.956e+06,392.711
2,7515,1.956e+06,1.956e+06,392.711
2,7516,1.956e+06,1.956e+06,392.711
2,7517,1.956e+06,1.956e+06,392.711
2,7518,1.956e+06,1.956e+06,392.711
2,7519,1.956e+06,1.956e+06,392.711
2,7520,1.956e+06,1.956e+06,392.711
2,7521,1.956e+06,1.956e+06,388.784
2,7522,1.956e+06,1.956e+06,388.784
2,7523,1.956e+06,1.956e+06,388.784
2,7524,1.956e+06,1.956e+06,388.784
2,7525,1.956e+06,1.956e+06,388.784
2,7526,1.956e+06,1.956e+06,388.784
2,7527,1.956e+06,1.956e+06,388.784
2,7528,1.956e+06,1.956e+06,388.784
2,7529,1.956e+06,1.956e+06,388.784
2,7530,1.956e+06,1.956e+06,388.784
2,7531,1.956e+06,1.956e+06,388.784
2,7532,1.956e+06,1.956e+06,388.784
2,7533,1.956e+06,1.956e+06,388.784
2,7534,1.956e+06,1.956e+06,388.784
2,7535,1.956e+06,1.956e+06,388.784
2,7536,1.956e+06,1.956e+06,388.784
2,7537,1.956e+06,1.956e+06,388.784
2,7538,1.956e+06,1.956e+06,388.784
2,7539,1.956e+06,1.956e+06,388.784
2,7540,1.956e+06,1.956e+06,388.784
2,7541,1.956e+06,1.956e+06,388.784
2,7542,1.956e+06,1.956e+06,388.784
2,7543,1.956e+06,1.956e+06,388.784
2,7544,1.956e+06,1.956e+06,388.784
2,7545,1.956e+06,1.956e+06,388.784
2,7546,1.956e+06,1.956e+06,388.784
2,7547,1.956e+06,1.956e+06,388.784
2,7548,1.956e+06,1.956e+06,388.784
2,7549,1.956e+06,1.956e+06,388.784
2,7550,1.956e+06,1.956e+06,388.784
2,7551,1.956e+06,1.956e+06,388.784
2,7552,1.956e+06,1.956e+06,388.784
2,7553,1.956e+06,1.956e+06,388.784
2,7554,1.956e+06,1.956e+06,388.784
2,7555,1.956e+06,1.956e+06,388.784
2,7556,1.956e+06,1.956e+06,388.784
2,7557,1.956e+06,1.956e+06,388.784
2,7558,1.956e+06,1.956e+06,388.784
2,7559,1.956e+06,1.956e+06,388.784
2,7560,1.956e+06,1.956e+06,388.784
2,7561,1.956e+06,1.95607e+06,388.784
2,7562,1.956e+06,1.95607e+06,388.784
2,7563,1.956e+06,1.95607e+06,388.784
2,7564,1.956e+06,1.95607e+06,388.784
2,7565,1.956e+06,1.95607e+06,388.784
2,7566,1.956e+06,1.95607e+06,388.784
2,7567,1.956e+06,1.95607e+06,388.784
2,7568,1.956e+06,1.956e+06,388.784
2,7569,1.956e+06,1.956e+06,388.784
2,7570,1.956e+06,1.956e+06,388.784
2,7571,1.956e+06,1.956e+06,388.784
2,7572,1.956e+06,1.956e+06,388.784
2,7573,1.956e+06,1.956e+06,388.784
2,7574,1.956e+06,1.956e+06,388.784
2,7575,1.956e+06,1.956e+06,388.784
2,7576,1.956e+06,1.956e+06,388.784
2,7577,1.956e+06,1.956e+06,388.784
2,7578,1.956e+06,1.956e+06,388.784
2,7579,1.956e+06,1.956e+06,388.784
2,7580,1.956e+06,1.956e+06,388.784
2,7581,1.956e+06,1.956e+06,388.784
2,7582,1.956e+06,1.956e+06,388.784
2,7583,1.956e+06,1.956e+06,388.784
2,7584,1.956e+06,1.956e+06,388.784
2,7585,1.956e+06,1.956e+06,388.784
2,7586,1.956e+06,1.956e+06,388.784
2,7587,1.956e+06,1.956e+06,388.784
2,7588,1.956e+06,1.956e+06,388.784
2,7589,1.956e+06,1.956e+06,388.784
2,7590,1.956e+06,1.956e+06,388.784
2,7591,1.956e+06,1.956e+06,388.784
2,7592,1.956e+06,1.956e+06,388.784
2,7593,1.956e+06,1.956e+06,388.784
2,7594,1.956e+06,1.956e+06,388.784
2,7595,1.956e+06,1.956e+06,388.784
2,7596,1.956e+06,1.956e+06,388.784
2,7597,1.956e+06,1.956e+06,388.784
2,7598,1.956e+06,1.956e+06,388.784
2,7599,1.956e+06,1.956e+06,388.784
2,7600,1.956e+06,1.956e+06,388.784
2,7601,1.956e+06,1.956e+06,384.896
2,7602,1.956e+06,1.956e+06,384.896
2,7603,1.956e+06,1.956e+06,384.896
2,7604,1.956e+06,1.956e+06,384.896
2,7605,1.956e+06,1.956e+06,384.896
2,7606,1.956e+06,1.956e+06,384.896
2,7607,1.956e+06,1.956e+06,384.896
2,7608,1.956e+06,1.956e+06,384.896
2,7609,1.956e+06,1.956e+06,384.896
2,7610,1.956e+06,1.956e+06,384.896
2,7611,1.956e+06,1.956e+06,384.896
2,7612,1.956e+06,1.956e+06,384.896
2,7613,1.956e+06,1.956e+06,384.896
2,7614,1.956e+06,1.956e+06,384.896
2,7615,1.956e+06,1.956e+06,384.896
2,7616,1.956e+06,1.956e+06,384.896
2,7617,1.956e+06,1.956e+06,384.896
2,7618,1.956e+06,1.956e+06,384.896
2,7619,1.956e+06,1.956e+06,384.896
2,7620,1.956e+06,1.956e+06,384.896
2,7621,1.956e+06,1.956e+06,384.896
2,7622,1.956e+06,1.956e+06,384.896
2,7623,1.956e+06,1.956e+06,384.896
2,7624,1.956e+06,1.956e+06,384.896
2,7625,1.956e+06,1.956e+06,384.896
2,7626,1.956e+06,1.956e+06,384.896
2,7627,1.956e+06,1.956e+06,384.896
2,7628,1.956e+06,1.956e+06,384.896
2,7629,1.956e+06,1.956e+06,384.896
2,7630,1.956e+06,1.956e+06,384.896
2,7631,1.956e+06,1.956e+06,384.896
2,7632,1.956e+06,1.956e+06,384.896
2,7633,1.956e+06,1.956e+06,384.896
2,7634,1.956e+06,1.956e+06,384.896
2,7635,1.956e+06,1.956e+06,384.896
2,7636,1.956e+06,1.956e+06,384.896
2,7637,1.956e+06,1.956e+06,384.896
2,7638,1.956e+06,1.956e+06,384.896
2,7639,1.956e+06,1.956e+06,384.896
2,7640,1.956e+06,1.956e+06,384.896
2,7641,1.956e+06,1.956e+06,384.896
2,7642,1.956e+06,1.956e+06,384.896
2,7643,1.956e+06,1.956e+06,384.896
2,7644,1.956e+06,1.956e+06,384.896
2,7645,1.956e+06,1.956e+06,384.896
2,7646,1.956e+06,1.956e+06,384.896
2,7647,1.956e+06,1.956e+06,384.896
2,7648,1.956e+06,1.956e+06,384.896
2,7649,1.956e+06,1.956e+06,384.896
2,7650,1.956e+06,1.956e+06,384.896
2,7651,1.956e+06,1.956e+06,384.896
2,7652,1.956e+06,1.956e+06,384.896
2,7653,1.956e+06,1.956e+06,384.896
2,7654,1.956e+06,1.956e+06,384.896
2,7655,1.956e+06,1.956e+06,384.896
2,7656,1.956e+06,1.956e+06,384.896
2,7657,1.956e+06,1.95693e+06,384.896
2,7658,1.956e+06,1.95693e+06,384.896
2,7659,1.956e+06,1.95693e+06,384.896
2,7660,1.956e+06,1.95693e+06,384.896
2,7661,1.956e+06,1.95693e+06,384.896
2,7662,1.956e+06,1.95693e+06,384.896
2,7663,1.956e+06,1.95693e+06,384.896
2,7664,1.956e+06,1.95693e+06,384.896
2,7665,1.956e+06,1.95693e+06,384.896
2,7666,1.956e+06,1.95693e+06,384.896
2,7667,1.956e+06,1.95693e+06,384.896
2,7668,1.956e+06,1.95693e+06,384.896
2,7669,1.956e+06,1.95693e+06,384.896
2,7670,1.956e+06,1.95693e+06,384.896
2,7671,1.956e+06,1.95693e+06,384.896
2,7672,1.956e+06,1.956e+06,384.896
2,7673,1.956e+06,1.956e+06,384.896
2,7674,1.956e+06,1.956e+06,384.896
2,7675,1.956e+06,1.956e+06,384.896
2,7676,1.956e+06,1.956e+06,384.896
2,7677,1.956e+06,1.956e+06,384.896
2,7678,1.956e+06,1.956e+06,384.896
2,7679,1.956e+06,1.956e+06,384.896
2,7680,1.956e+06,1.956e+06,384.896
2,7681,1.956e+06,1.956e+06,381.047
2,7682,1.956e+06,1.956e+06,381.047
2,7683,1.956e+06,1.956e+06,381.047
2,7684,1.956e+06,1.956e+06,381.047
2,7685,1.956e+06,1.95693e+06,381.047
2,7686,1.956e+06,1.95693e+06,381.047
2,7687,1.956e+06,1.95693e+06,381.047
2,7688,1.956e+06,1.95693e+06,381.047
2,7689,1.956e+06,1.95693e+06,381.047
2,7690,1.956e+06,1.95693e+06,381.047
2,7691,1.956e+06,1.95693e+06,381.047
2,7692,1.956e+06,1.95693e+06,381.047
2,7693,1.956e+06,1.95601e+06,381.047
2,7694,1.956e+06,1.95601e+06,381.047
2,7695,1.956e+06,1.95609e+06,381.047
2,7696,1.956e+06,1.95609e+06,381.047
2,7697,1.956e+06,1.95609e+06,381.047
2,7698,1.956e+06,1.95609e+06,381.047
2,7699,1.956e+06,1.95609e+06,381.047
2,7700,1.956e+06,1.95609e+06,381.047
2,7701,1.956e+06,1.95609e+06,381.047
2,7702,1.956e+06,1.95601e+06,381.047
2,7703,1.956e+06,1.95601e+06,381.047
2,7704,1.956e+06,1.95601e+06,381.047
2,7705,1.956e+06,1.95601e+06,381.047
2,7706,1.956e+06,1.95601e+06,381.047
2,7707,1.956e+06,1.95601e+06,381.047
2,7708,1.956e+06,1.95601e+06,381.047
2,7709,1.956e+06,1.95601e+06,381.047
2,7710,1.956e+06,1.95601e+06,381.047
2,7711,1.956e+06,1.95601e+06,381.047
2,7712,1.956e+06,1.95601e+06,381.047
2,7713,1.956e+06,1.95601e+06,381.047
2,7714,1.956e+06,1.95601e+06,381.047
2,7715,1.956e+06,1.95601e+06,381.047
2,7716,1.956e+06,1.95601e+06,381.047
2,7717,1.956e+06,1.95601e+06,381.047
2,7718,1.956e+06,1.95601e+06,381.047
2,7719,1.956e+06,1.95601e+06,381.047
2,7720,1.956e+06,1.95601e+06,381.047
2,7721,1.956e+06,1.95601e+06,381.047
2,7722,1.956e+06,1.95601e+06,381.047
2,7723,1.956e+06,1.95601e+06,381.047
2,7724,1.956e+06,1.95601e+06,381.047
2,7725,1.956e+06,1.95601e+06,381.047
2,7726,1.956e+06,1.9561e+06,381.047
2,7727,1.956e+06,1.9561e+06,381.047
2,7728,1.956e+06,1.9561e+06,381.047
2,7729,1.956e+06,1.9561e+06,381.047
2,7730,1.956e+06,1.9561e+06,381.047
2,7731,1.956e+06,1.9561e+06,381.047
2,7732,1.956e+06,1.95609e+06,381.047
2,7733,1.956e+06,1.95609e+06,381.047
2,7734,1.956e+06,1.95609e+06,381.047
2,7735,1.956e+06,1.95609e+06,381.047
2,7736,1.956e+06,1.95609e+06,381.047
2,7737,1.956e+06,1.95609e+06,381.047
2,7738,1.956e+06,1.95609e+06,381.047
2,7739,1.956e+06,1.95609e+06,381.047
2,7740,1.956e+06,1.95609e+06,381.047
2,7741,1.956e+06,1.95609e+06,381.047
2,7742,1.956e+06,1.95609e+06,381.047
2,7743,1.956e+06,1.95609e+06,381.047
2,7744,1.956e+06,1.95609e+06,381.047
2,7745,1.956e+06,1.95609e+06,381.047
2,7746,1.956e+06,1.95609e+06,381.047
2,7747,1.956e+06,1.95609e+06,381.047
2,7748,1.956e+06,1.95609e+06,381.047
2,7749,1.956e+06,1.95619e+06,381.047
2,7750,1.956e+06,1.9561e+06,381.047
2,7751,1.956e+06,1.9561e+06,381.047
2,7752,1.956e+06,1.9561e+06,381.047
2,7753,1.956e+06,1.9561e+06,381.047
2,7754,1.956e+06,1.95607e+06,381.047
2,7755,1.956e+06,1.95607e+06,381.047
2,7756,1.956e+06,1.95607e+06,381.047
2,7757,1.956e+06,1.95607e+06,381.047
2,7758,1.956e+06,1.95607e+06,381.047
2,7759,1.956e+06,1.95607e+06,381.047
2,7760,1.956e+06,1.95607e+06,381.047
2,7761,1.956e+06,1.956e+06,377.237
2,7762,1.956e+06,1.956e+06,377.237
2,7763,1.956e+06,1.956e+06,377.237
2,7764,1.956e+06,1.956e+06,377.237
2,7765,1.956e+06,1.956e+06,377.237
2,7766,1.956e+06,1.956e+06,377.237
2,7767,1.956e+06,1.956e+06,377.237
2,7768,1.956e+06,1.956e+06,377.237
2,7769,1.956e+06,1.956e+06,377.237
2,7770,1.956e+06,1.956e+06,377.237
2,7771,1.956e+06,1.956e+06,377.237
2,7772,1.956e+06,1.956e+06,377.237
2,7773,1.956e+06,1.956e+06,377.237
2,7774,1.956e+06,1.956e+06,377.237
2,7775,1.956e+06,1.956e+06,377.237
2,7776,1.956e+06,1.956e+06,377.237
2,7777,1.956e+06,1.956e+06,377.237
2,7778,1.956e+06,1.956e+06,377.237
2,7779,1.956e+06,1.956e+06,377.237
2,7780,1.956e+06,1.956e+06,377.237
2,7781,1.956e+06,1.956e+06,377.237
2,7782,1.956e+06,1.956e+06,377.237
2,7783,1.956e+06,1.956e+06,377.237
2,7784,1.956e+06,1.956e+06,377.237
2,7785,1.956e+06,1.956e+06,377.237
2,7786,1.956e+06,1.956e+06,377.237
2,7787,1.956e+06,1.956e+06,377.237
2,7788,1.956e+06,1.956e+06,377.237
2,7789,1.956e+06,1.956e+06,377.237
2,7790,1.956e+06,1.956e+06,377.237
2,7791,1.956e+06,1.956e+06,377.237
2,7792,1.956e+06,1.9561e+06,377.237
2,7793,1.956e+06,1.9561e+06,377.237
2,7794,1.956e+06,1.9561e+06,377.237
2,7795,1.956e+06,1.9561e+06,377.237
2,7796,1.956e+06,1.9561e+06,377.237
2,7797,1.956e+06,1.9561e+06,377.237
2,7798,1.956e+06,1.9561e+06,377.237
2,7799,1.956e+06,1.9561e+06,377.237
2,7800,1.956e+06,1.9561e+06,377.237
2,7801,1.956e+06,1.9561e+06,377.237
2,7802,1.956e+06,1.9561e+06,377.237
2,7803,1.956e+06,1.9561e+06,377.237
2,7804,1.956e+06,1.9561e+06,377.237
2,7805,1.956e+06,1.9561e+06,377.237
2,7806,1.956e+06,1.9561e+06,377.237
2,7807,1.956e+06,1.956e+06,377.237
2,7808,1.956e+06,1.956e+06,377.237
2,7809,1.956e+06,1.956e+06,377.237
2,7810,1.956e+06,1.956e+06,377.237
2,7811,1.956e+06,1.956e+06,377.237
2,7812,1.956e+06,1.956e+06,377.237
2,7813,1.956e+06,1.956e+06,377.237
2,7814,1.956e+06,1.95702e+06,377.237
2,7815,1.956e+06,1.95693e+06,377.237
2,7816,1.956e+06,1.95693e+06,377.237
2,7817,1.956e+06,1.95693e+06,377.237
2,7818,1.956e+06,1.95693e+06,377.237
2,7819,1.956e+06,1.95693e+06,377.237
2,7820,1.956e+06,1.95693e+06,377.237
2,7821,1.956e+06,1.95693e+06,377.237
2,7822,1.956e+06,1.95693e+06,377.237
2,7823,1.956e+06,1.95693e+06,377.237
2,7824,1.956e+06,1.95693e+06,377.237
2,7825,1.956e+06,1.95693e+06,377.237
2,7826,1.956e+06,1.95693e+06,377.237
2,7827,1.956e+06,1.95601e+06,377.237
2,7828,1.956e+06,1.95601e+06,377.237
2,7829,1.956e+06,1.95601e+06,377.237
2,7830,1.956e+06,1.95601e+06,377.237
2,7831,1.956e+06,1.95601e+06,377.237
2,7832,1.956e+06,1.95601e+06,377.237
2,7833,1.956e+06,1.95601e+06,377.237
2,7834,1.956e+06,1.95601e+06,377.237
2,7835,1.956e+06,1.95601e+06,377.237
2,7836,1.956e+06,1.95601e+06,377.237
2,7837,1.956e+06,1.95601e+06,377.237
2,7838,1.956e+06,1.95601e+06,377.237
2,7839,1.956e+06,1.95601e+06,377.237
2,7840,1.956e+06,1.95601e+06,377.237
2,7841,1.956e+06,1.95601e+06,373.464
2,7842,1.956e+06,1.95601e+06,373.464
2,7843,1.956e+06,1.95601e+06,373.464
2,7844,1.956e+06,1.95601e+06,373.464
2,7845,1.956e+06,1.95601e+06,373.464
2,7846,1.956e+06,1.95601e+06,373.464
2,7847,1.956e+06,1.95601e+06,373.464
2,7848,1.956e+06,1.95601e+06,373.464
2,7849,1.956e+06,1.95601e+06,373.464
2,7850,1.956e+06,1.95601e+06,373.464
2,7851,1.956e+06,1.95601e+06,373.464
2,7852,1.956e+06,1.95601e+06,373.464
2,7853,1.956e+06,1.95601e+06,373.464
2,7854,1.956e+06,1.95601e+06,373.464
2,7855,1.956e+06,1.95601e+06,373.464
2,7856,1.956e+06,1.95601e+06,373.464
2,7857,1.956e+06,1.95601e+06,373.464
2,7858,1.956e+06,1.95601e+06,373.464
2,7859,1.956e+06,1.95601e+06,373.464
2,7860,1.956e+06,1.95601e+06,373.464
2,7861,1.956e+06,1.95601e+06,373.464
2,7862,1.956e+06,1.95601e+06,373.464
2,7863,1.956e+06,1.95601e+06,373.464
2,7864,1.956e+06,1.95601e+06,373.464
2,7865,1.956e+06,1.95601e+06,373.464
2,7866,1.956e+06,1.95601e+06,373.464
2,7867,1.956e+06,1.95601e+06,373.464
2,7868,1.956e+06,1.95601e+06,373.464
2,7869,1.956e+06,1.95601e+06,373.464
2,7870,1.956e+06,1.95601e+06,373.464
2,7871,1.956e+06,1.95601e+06,373.464
2,7872,1.956e+06,1.95601e+06,373.464
2,7873,1.956e+06,1.95608e+06,373.464
2,7874,1.956e+06,1.95608e+06,373.464
2,7875,1.956e+06,1.95608e+06,373.464
2,7876,1.956e+06,1.95608e+06,373.464
2,7877,1.956e+06,1.95608e+06,373.464
2,7878,1.956e+06,1.95601e+06,373.464
2,7879,1.956e+06,1.95601e+06,373.464
2,7880,1.956e+06,1.95601e+06,373.464
2,7881,1.956e+06,1.95601e+06,373.464
2,7882,1.956e+06,1.95601e+06,373.464
2,7883,1.956e+06,1.95601e+06,373.464
2,7884,1.956e+06,1.95601e+06,373.464
2,7885,1.956e+06,1.95601e+06,373.464
2,7886,1.956e+06,1.95601e+06,373.464
2,7887,1.956e+06,1.95601e+06,373.464
2,7888,1.956e+06,1.95601e+06,373.464
2,7889,1.956e+06,1.95601e+06,373.464
2,7890,1.956e+06,1.95601e+06,373.464
2,7891,1.956e+06,1.95601e+06,373.464
2,7892,1.956e+06,1.95601e+06,373.464
2,7893,1.956e+06,1.95601e+06,373.464
2,7894,1.956e+06,1.95601e+06,373.464
2,7895,1.956e+06,1.95601e+06,373.464
2,7896,1.956e+06,1.95601e+06,373.464
2,7897,1.956e+06,1.95601e+06,373.464
2,7898,1.956e+06,1.95601e+06,373.464
2,7899,1.956e+06,1.95601e+06,373.464
2,7900,1.956e+06,1.95601e+06,373.464
2,7901,1.956e+06,1.95601e+06,373.464
2,7902,1.956e+06,1.95601e+06,373.464
2,7903,1.956e+06,1.95601e+06,373.464
2,7904,1.956e+06,1.95601e+06,373.464
2,7905,1.956e+06,1.95601e+06,373.464
2,7906,1.956e+06,1.95609e+06,373.464
2,7907,1.956e+06,1.95609e+06,373.464
2,7908,1.956e+06,1.95609e+06,373.464
2,7909,1.956e+06,1.95693e+06,373.464
2,7910,1.956e+06,1.95693e+06,373.464
2,7911,1.956e+06,1.95693e+06,373.464
2,7912,1.956e+06,1.95693e+06,373.464
2,7913,1.956e+06,1.95693e+06,373.464
2,7914,1.956e+06,1.95693e+06,373.464
2,7915,1.956e+06,1.95693e+06,373.464
2,7916,1.956e+06,1.95693e+06,373.464
2,7917,1.956e+06,1.95693e+06,373.464
2,7918,1.956e+06,1.95693e+06,373.464
2,7919,1.956e+06,1.95693e+06,373.464
2,7920,1.956e+06,1.95693e+06,373.464
2,7921,1.956e+06,1.95693e+06,369.73
2,7922,1.956e+06,1.95693e+06,369.73
2,7923,1.956e+06,1.95693e+06,369.73
2,7924,1.956e+06,1.95693e+06,369.73
2,7925,1.956e+06,1.95693e+06,369.73
2,7926,1.956e+06,1.95693e+06,369.73
2,7927,1.956e+06,1.95693e+06,369.73
2,7928,1.956e+06,1.95693e+06,369.73
2,7929,1.956e+06,1.95693e+06,369.73
2,7930,1.956e+06,1.95693e+06,369.73
2,7931,1.956e+06,1.95693e+06,369.73
2,7932,1.956e+06,1.95693e+06,369.73
2,7933,1.956e+06,1.95693e+06,369.73
2,7934,1.956e+06,1.95693e+06,369.73
2,7935,1.956e+06,1.95693e+06,369.73
2,7936,1.956e+06,1.95694e+06,369.73
2,7937,1.956e+06,1.95632e+06,369.73
2,7938,1.956e+06,1.95632e+06,369.73
2,7939,1.956e+06,1.95632e+06,369.73
2,7940,1.956e+06,1.95632e+06,369.73
2,7941,1.956e+06,1.95632e+06,369.73
2,7942,1.956e+06,1.95632e+06,369.73
2,7943,1.956e+06,1.95632e+06,369.73
2,7944,1.956e+06,1.95632e+06,369.73
2,7945,1.956e+06,1.95631e+06,369.73
2,7946,1.956e+06,1.95601e+06,369.73
2,7947,1.956e+06,1.95601e+06,369.73
2,7948,1.956e+06,1.95601e+06,369.73
2,7949,1.956e+06,1.95601e+06,369.73
2,7950,1.956e+06,1.95601e+06,369.73
2,7951,1.956e+06,1.95601e+06,369.73
2,7952,1.956e+06,1.95601e+06,369.73
2,7953,1.956e+06,1.95601e+06,369.73
2,7954,1.956e+06,1.95601e+06,369.73
2,7955,1.956e+06,1.95601e+06,369.73
2,7956,1.956e+06,1.95601e+06,369.73
2,7957,1.956e+06,1.95601e+06,369.73
2,7958,1.956e+06,1.95601e+06,369.73
2,7959,1.956e+06,1.95601e+06,369.73
2,7960,1.956e+06,1.95601e+06,369.73
2,7961,1.956e+06,1.95601e+06,369.73
2,7962,1.956e+06,1.95601e+06,369.73
2,7963,1.956e+06,1.95601e+06,369.73
2,7964,1.956e+06,1.95601e+06,369.73
2,7965,1.956e+06,1.95601e+06,369.73
2,7966,1.956e+06,1.95601e+06,369.73
2,7967,1.956e+06,1.956e+06,369.73
2,7968,1.956e+06,1.956e+06,369.73
2,7969,1.956e+06,1.956e+06,369.73
2,7970,1.956e+06,1.956e+06,369.73
2,7971,1.956e+06,1.956e+06,369.73
2,7972,1.956e+06,1.956e+06,369.73
2,7973,1.956e+06,1.956e+06,369.73
2,7974,1.956e+06,1.956e+06,369.73
2,7975,1.956e+06,1.956e+06,369.73
2,7976,1.956e+06,1.956e+06,369.73
2,7977,1.956e+06,1.956e+06,369.73
2,7978,1.956e+06,1.956e+06,369.73
2,7979,1.956e+06,1.956e+06,369.73
2,7980,1.956e+06,1.956e+06,369.73
2,7981,1.956e+06,1.956e+06,369.73
2,7982,1.956e+06,1.956e+06,369.73
2,7983,1.956e+06,1.956e+06,369.73
2,7984,1.956e+06,1.956e+06,369.73
2,7985,1.956e+06,1.956e+06,369.73
2,7986,1.956e+06,1.956e+06,369.73
2,7987,1.956e+06,1.956e+06,369.73
2,7988,1.956e+06,1.956e+06,369.73
2,7989,1.956e+06,1.956e+06,369.73
2,7990,1.956e+06,1.956e+06,369.73
2,7991,1.956e+06,1.956e+06,369.73
2,7992,1.956e+06,1.956e+06,369.73
2,7993,1.956e+06,1.956e+06,369.73
2,7994,1.956e+06,1.956e+06,369.73
2,7995,1.956e+06,1.956e+06,369.73
2,7996,1.956e+06,1.956e+06,369.73
2,7997,1.956e+06,1.956e+06,369.73
2,7998,1.956e+06,1.956e+06,369.73
2,7999,1.956e+06,1.95693e+06,369.73
2,8000,1.956e+06,1.95693e+06,369.73
2,8001,1.956e+06,1.95693e+06,366.032
2,8002,1.956e+06,1.95693e+06,366.032
2,8003,1.956e+06,1.95693e+06,366.032
2,8004,1.956e+06,1.95693e+06,366.032
2,8005,1.956e+06,1.95693e+06,366.032
2,8006,1.956e+06,1.95693e+06,366.032
2,8007,1.956e+06,1.95693e+06,366.032
2,8008,1.956e+06,1.956e+06,366.032
2,8009,1.956e+06,1.956e+06,366.032
2,8010,1.956e+06,1.9561e+06,366.032
2,8011,1.956e+06,1.9561e+06,366.032
2,8012,1.956e+06,1.9561e+06,366.032
2,8013,1.956e+06,1.9561e+06,366.032
2,8014,1.956e+06,1.9561e+06,366.032
2,8015,1.956e+06,1.9561e+06,366.032
2,8016,1.956e+06,1.956e+06,366.032
2,8017,1.956e+06,1.956e+06,366.032
2,8018,1.956e+06,1.956e+06,366.032
2,8019,1.956e+06,1.956e+06,366.032
2,8020,1.956e+06,1.956e+06,366.032
2,8021,1.956e+06,1.956e+06,366.032
2,8022,1.956e+06,1.956e+06,366.032
2,8023,1.956e+06,1.956e+06,366.032
2,8024,1.956e+06,1.956e+06,366.032
2,8025,1.956e+06,1.956e+06,366.032
2,8026,1.956e+06,1.956e+06,366.032
2,8027,1.956e+06,1.956e+06,366.032
2,8028,1.956e+06,1.956e+06,366.032
2,8029,1.956e+06,1.956e+06,366.032
2,8030,1.956e+06,1.956e+06,366.032
2,8031,1.956e+06,1.956e+06,366.032
2,8032,1.956e+06,1.956e+06,366.032
2,8033,1.956e+06,1.956e+06,366.032
2,8034,1.956e+06,1.956e+06,366.032
2,8035,1.956e+06,1.956e+06,366.032
2,8036,1.956e+06,1.956e+06,366.032
2,8037,1.956e+06,1.956e+06,366.032
2,8038,1.956e+06,1.956e+06,366.032
2,8039,1.956e+06,1.956e+06,366.032
2,8040,1.956e+06,1.956e+06,366.032
2,8041,1.956e+06,1.956e+06,366.032
2,8042,1.956e+06,1.956e+06,366.032
2,8043,1.956e+06,1.956e+06,366.032
2,8044,1.956e+06,1.95693e+06,366.032
2,8045,1.956e+06,1.95693e+06,366.032
2,8046,1.956e+06,1.95693e+06,366.032
2,8047,1.956e+06,1.95701e+06,366.032
2,8048,1.956e+06,1.95701e+06,366.032
2,8049,1.956e+06,1.95701e+06,366.032
2,8050,1.956e+06,1.95701e+06,366.032
2,8051,1.956e+06,1.95701e+06,366.032
2,8052,1.956e+06,1.95701e+06,366.032
2,8053,1.956e+06,1.95701e+06,366.032
2,8054,1.956e+06,1.95701e+06,366.032
2,8055,1.956e+06,1.95701e+06,366.032
2,8056,1.956e+06,1.95701e+06,366.032
2,8057,1.956e+06,1.95701e+06,366.032
2,8058,1.956e+06,1.95701e+06,366.032
2,8059,1.956e+06,1.95701e+06,366.032
2,8060,1.956e+06,1.95701e+06,366.032
2,8061,1.956e+06,1.95701e+06,366.032
2,8062,1.956e+06,1.95701e+06,366.032
2,8063,1.956e+06,1.95701e+06,366.032
2,8064,1.956e+06,1.95701e+06,366.032
2,8065,1.956e+06,1.95701e+06,366.032
2,8066,1.956e+06,1.95695e+06,366.032
2,8067,1.956e+06,1.95695e+06,366.032
2,8068,1.956e+06,1.95695e+06,366.032
2,8069,1.956e+06,1.95695e+06,366.032
2,8070,1.956e+06,1.95695e+06,366.032
2,8071,1.956e+06,1.95695e+06,366.032
2,8072,1.956e+06,1.95695e+06,366.032
2,8073,1.956e+06,1.956e+06,366.032
2,8074,1.956e+06,1.956e+06,366.032
2,8075,1.956e+06,1.956e+06,366.032
2,8076,1.956e+06,1.956e+06,366.032
2,8077,1.956e+06,1.956e+06,366.032
2,8078,1.956e+06,1.956e+06,366.032
2,8079,1.956e+06,1.956e+06,366.032
2,8080,1.956e+06,1.956e+06,366.032
3,1,1.956e+06,1.95601e+06,39041.7
3,2,1.956e+06,1.95601e+06,38963.6
3,3,1.956e+06,1.95601e+06,38885.7
3,4,1.956e+06,1.95601e+06,38807.9
3,5,1.956e+06,1.95601e+06,38730.3
3,6,1.956e+06,1.95601e+06,38652.9
3,7,1.956e+06,1.95601e+06,38575.6
3,8,1.956e+06,1.95601e+06,38498.4
3,9,1.956e+06,1.95601e+06,38421.4
3,10,1.956e+06,1.95601e+06,38344.6
3,11,1.956e+06,1.95601e+06,38267.9
3,12,1.956e+06,1.95601e+06,38191.3
3,13,1.956e+06,1.95601e+06,38115
3,14,1.956e+06,1.95601e+06,38038.7
3,15,1.956e+06,1.95601e+06,37962.7
3,16,1.956e+06,1.95601e+06,37886.7
3,17,1.956e+06,1.95601e+06,37811
3,18,1.956e+06,1.95601e+06,37735.3
3,19,1.956e+06,1.95601e+06,37659.9
3,20,1.956e+06,1.95601e+06,37584.5
3,21,1.956e+06,1.95601e+06,37509.4
3,22,1.956e+06,1.95601e+06,37434.4
3,23,1.956e+06,1.95601e+06,37359.5
3,24,1.956e+06,1.95601e+06,37284.8
3,25,1.956e+06,1.95601e+06,37210.2
3,26,1.956e+06,1.95601e+06,37135.8
3,27,1.956e+06,1.95601e+06,37061.5
3,28,1.956e+06,1.95601e+06,36987.4
3,29,1.956e+06,1.95602e+06,36913.4
3,30,1.956e+06,1.95602e+06,36839.6
3,31,1.956e+06,1.95602e+06,36765.9
3,32,1.956e+06,1.95602e+06,36692.4
3,33,1.956e+06,1.95602e+06,36619
3,34,1.956e+06,1.95602e+06,36545.7
3,35,1.956e+06,1.95602e+06,36472.7
3,36,1.956e+06,1.95602e+06,36399.7
3,37,1.956e+06,1.95602e+06,36326.9
3,38,1.956e+06,1.95602e+06,36254.3
3,39,1.956e+06,1.95602e+06,36181.8
3,40,1.956e+06,1.95602e+06,36109.4
3,41,1.956e+06,1.95602e+06,36037.2
3,42,1.956e+06,1.95602e+06,35965.1
3,43,1.956e+06,1.95602e+06,35893.2
3,44,1.956e+06,1.95602e+06,35821.4
3,45,1.956e+06,1.95602e+06,35749.7
3,46,1.956e+06,1.95602e+06,35678.2
3,47,1.956e+06,1.95602e+06,35606.9
3,48,1.956e+06,1.95602e+06,35535.7
3,49,1.956e+06,1.95602e+06,35464.6
3,50,1.956e+06,1.95602e+06,35393.7
3,51,1.956e+06,1.95602e+06,35322.9
3,52,1.956e+06,1.95602e+06,35252.2
3,53,1.956e+06,1.95602e+06,35181.7
3,54,1.956e+06,1.95602e+06,35111.4
3,55,1.956e+06,1.95602e+06,35041.1
3,56,1.956e+06,1.95602e+06,34971.1
3,57,1.956e+06,1.95602e+06,34901.1
3,58,1.956e+06,1.95602e+06,34831.3
3,59,1.956e+06,1.95602e+06,34761.7
3,60,1.956e+06,1.95602e+06,34692.1
3,61,1.956e+06,1.95602e+06,34622.7
3,62,1.956e+06,1.95602e+06,34553.5
3,63,1.956e+06,1.95602e+06,34484.4
3,64,1.956e+06,1.95602e+06,34415.4
3,65,1.956e+06,1.95602e+06,34346.6
3,66,1.956e+06,1.95602e+06,34277.9
3,67,1.956e+06,1.95602e+06,34209.3
3,68,1.956e+06,1.95602e+06,34140.9
3,69,1.956e+06,1.95602e+06,34072.6
3,70,1.956e+06,1.95602e+06,34004.5
3,71,1.956e+06,1.95602e+06,33936.5
3,72,1.956e+06,1.95602e+06,33868.6
3,73,1.956e+06,1.95602e+06,33800.9
3,74,1.956e+06,1.95602e+06,33733.3
3,75,1.956e+06,1.95602e+06,33665.8
3,76,1.956e+06,1.95602e+06,33598.5
3,77,1.956e+06,1.95602e+06,33531.3
3,78,1.956e+06,1.95602e+06,33464.2
3,79,1.956e+06,1.95602e+06,33397.3
3,80,1.956e+06,1.95602e+06,33330.5
3,81,1.956e+06,1.95602e+06,33263.8
3,82,1.956e+06,1.95602e+06,33197.3
3,83,1.956e+06,1.95602e+06,33130.9
3,84,1.956e+06,1.95602e+06,33064.7
3,85,1.956e+06,1.95602e+06,32998.5
3,86,1.956e+06,1.95602e+06,32932.5
3,87,1.956e+06,1.95602e+06,32866.7
3,88,1.956e+06,1.95602e+06,32800.9
3,89,1.956e+06,1.95602e+06,32735.3
3,90,1.956e+06,1.95602e+06,32669.9
3,91,1.956e+06,1.95602e+06,32604.5
3,92,1.956e+06,1.95602e+06,32539.3
3,93,1.956e+06,1.95602e+06,32474.2
3,94,1.956e+06,1.95602e+06,32409.3
3,95,1.956e+06,1.95602e+06,32344.5
3,96,1.956e+06,1.95602e+06,32279.8
3,97,1.956e+06,1.95602e+06,32215.2
3,98,1.956e+06,1.95602e+06,32150.8
3,99,1.956e+06,1.95602e+06,32086.5
3,100,1.956e+06,1.95602e+06,32022.3
4,1,1.956e+06,1.956e+06,1000
4,2,1.956e+06,1.956e+06,1000
4,3,1.956e+06,1.956e+06,1000
4,4,1.956e+06,1.956e+06,1000
4,5,1.956e+06,1.956e+06,1000
4,6,1.956e+06,1.956e+06,1000
4,7,1.956e+06,1.956e+06,1000
4,8,1.956e+06,1.956e+06,1000
4,9,1.956e+06,1.956e+06,1000
4,10,1.956e+06,1.956e+06,1000
4,11,1.956e+06,1.956e+06,1000
4,12,1.956e+06,1.956e+06,1000
4,13,1.956e+06,1.956e+06,1000
4,14,1.956e+06,1.956e+06,1000
4,15,1.956e+06,1.956e+06,1000
4,16,1.956e+06,1.956e+06,1000
4,17,1.956e+06,1.956e+06,1000
4,18,1.956e+06,1.956e+06,1000
4,19,1.956e+06,1.95701e+06,1000
4,20,1.956e+06,1.95701e+06,1000
4,21,1.956e+06,1.95702e+06,1000
4,22,1.956e+06,1.95695e+06,1000
4,23,1.956e+06,1.95695e+06,1000
4,24,1.956e+06,1.95695e+06,1000
4,25,1.956e+06,1.95695e+06,1000
4,26,1.956e+06,1.956e+06,1000
4,27,1.956e+06,1.956e+06,1000
4,28,1.956e+06,1.956e+06,1000
4,29,1.956e+06,1.956e+06,1000
4,30,1.956e+06,1.956e+06,1000
4,31,1.956e+06,1.956e+06,1000
4,32,1.956e+06,1.956e+06,1000
4,33,1.956e+06,1.956e+06,1000
4,34,1.956e+06,1.956e+06,1000
4,35,1.956e+06,1.956e+06,1000
4,36,1.956e+06,1.956e+06,1000
4,37,1.956e+06,1.956e+06,1000
4,38,1.956e+06,1.956e+06,1000
4,39,1.956e+06,1.956e+06,1000
4,40,1.956e+06,1.956e+06,1000
4,41,1.956e+06,1.956e+06,1000
4,42,1.956e+06,1.956e+06,1000
4,43,1.956e+06,1.956e+06,1000
4,44,1.956e+06,1.95693e+06,1000
4,45,1.956e+06,1.95693e+06,1000
4,46,1.956e+06,1.95693e+06,1000
4,47,1.956e+06,1.95693e+06,1000
4,48,1.956e+06,1.95693e+06,1000
4,49,1.956e+06,1.95693e+06,1000
4,50,1.956e+06,1.95693e+06,1000
4,51,1.956e+06,1.95693e+06,1000
4,52,1.956e+06,1.95693e+06,1000
4,53,1.956e+06,1.95693e+06,1000
4,54,1.956e+06,1.95693e+06,1000
4,55,1.956e+06,1.95693e+06,1000
4,56,1.956e+06,1.95693e+06,1000
4,57,1.956e+06,1.95693e+06,1000
4,58,1.956e+06,1.95693e+06,1000
4,59,1.956e+06,1.95693e+06,1000
4,60,1.956e+06,1.95693e+06,1000
4,61,1.956e+06,1.95693e+06,1000
4,62,1.956e+06,1.95693e+06,1000
4,63,1.956e+06,1.95693e+06,1000
4,64,1.956e+06,1.95601e+06,1000
4,65,1.956e+06,1.95601e+06,1000
4,66,1.956e+06,1.95601e+06,1000
4,67,1.956e+06,1.95601e+06,1000
4,68,1.956e+06,1.95601e+06,1000
4,69,1.956e+06,1.95611e+06,1000
4,70,1.956e+06,1.95611e+06,1000
4,71,1.956e+06,1.95611e+06,1000
4,72,1.956e+06,1.95611e+06,1000
4,73,1.956e+06,1.95611e+06,1000
4,74,1.956e+06,1.95619e+06,1000
4,75,1.956e+06,1.95619e+06,1000
4,76,1.956e+06,1.95619e+06,1000
4,77,1.956e+06,1.95619e+06,1000
4,78,1.956e+06,1.95619e+06,1000
4,79,1.956e+06,1.95619e+06,1000
4,80,1.956e+06,1.9561e+06,1000
4,81,1.956e+06,1.9561e+06,990
4,82,1.956e+06,1.95607e+06,990
4,83,1.956e+06,1.95607e+06,990
4,84,1.956e+06,1.95607e+06,990
4,85,1.956e+06,1.95607e+06,990
4,86,1.956e+06,1.95607e+06,990
4,87,1.956e+06,1.95607e+06,990
4,88,1.956e+06,1.95607e+06,990
4,89,1.956e+06,1.95607e+06,990
4,90,1.956e+06,1.95607e+06,990
4,91,1.956e+06,1.95607e+06,990
4,92,1.956e+06,1.95607e+06,990
4,93,1.956e+06,1.956e+06,990
4,94,1.956e+06,1.956e+06,990
4,95,1.956e+06,1.956e+06,990
4,96,1.956e+06,1.956e+06,990
4,97,1.956e+06,1.956e+06,990
4,98,1.956e+06,1.956e+06,990
4,99,1.956e+06,1.956e+06,990
4,100,1.956e+06,1.956e+06,990
4,101,1.956e+06,1.956e+06,990
4,102,1.956e+06,1.956e+06,990
4,103,1.956e+06,1.956e+06,990
4,104,1.956e+06,1.956e+06,990
4,105,1.956e+06,1.956e+06,990
4,106,1.956e+06,1.956e+06,990
4,107,1.956e+06,1.956e+06,990
4,108,1.956e+06,1.956e+06,990
4,109,1.956e+06,1.956e+06,990
4,110,1.956e+06,1.956e+06,990
4,111,1.956e+06,1.956e+06,990
4,112,1.956e+06,1.956e+06,990
4,113,1.956e+06,1.956e+06,990
4,114,1.956e+06,1.956e+06,990
4,115,1.956e+06,1.956e+06,990
4,116,1.956e+06,1.956e+06,990
4,117,1.956e+06,1.956e+06,990
4,118,1.956e+06,1.956e+06,990
4,119,1.956e+06,1.956e+06,990
4,120,1.956e+06,1.956e+06,990
4,121,1.956e+06,1.956e+06,990
4,122,1.956e+06,1.956e+06,990
4,123,1.956e+06,1.956e+06,990
4,124,1.956e+06,1.956e+06,990
4,125,1.956e+06,1.956e+06,990
4,126,1.956e+06,1.956e+06,990
4,127,1.956e+06,1.956e+06,990
4,128,1.956e+06,1.956e+06,990
4,129,1.956e+06,1.956e+06,990
4,130,1.956e+06,1.956e+06,990
4,131,1.956e+06,1.956e+06,990
4,132,1.956e+06,1.956e+06,990
4,133,1.956e+06,1.956e+06,990
4,134,1.956e+06,1.956e+06,990
4,135,1.956e+06,1.956e+06,990
4,136,1.956e+06,1.956e+06,990
4,137,1.956e+06,1.956e+06,990
4,138,1.956e+06,1.956e+06,990
4,139,1.956e+06,1.956e+06,990
4,140,1.956e+06,1.956e+06,990
4,141,1.956e+06,1.956e+06,990
4,142,1.956e+06,1.956e+06,990
4,143,1.956e+06,1.956e+06,990
4,144,1.956e+06,1.956e+06,990
4,145,1.956e+06,1.956e+06,990
4,146,1.956e+06,1.956e+06,990
4,147,1.956e+06,1.956e+06,990
4,148,1.956e+06,1.956e+06,990
4,149,1.956e+06,1.956e+06,990
4,150,1.956e+06,1.95693e+06,990
4,151,1.956e+06,1.95693e+06,990
4,152,1.956e+06,1.95693e+06,990
4,153,1.956e+06,1.95693e+06,990
4,154,1.956e+06,1.95693e+06,990
4,155,1.956e+06,1.95693e+06,990
4,156,1.956e+06,1.95693e+06,990
4,157,1.956e+06,1.95702e+06,990
4,158,1.956e+06,1.95702e+06,990
4,159,1.956e+06,1.95695e+06,990
4,160,1.956e+06,1.95695e+06,990
4,161,1.956e+06,1.95695e+06,980.1
4,162,1.956e+06,1.95695e+06,980.1
4,163,1.956e+06,1.956e+06,980.1
4,164,1.956e+06,1.956e+06,980.1
4,165,1.956e+06,1.956e+06,980.1
4,166,1.956e+06,1.956e+06,980.1
4,167,1.956e+06,1.956e+06,980.1
4,168,1.956e+06,1.956e+06,980.1
4,169,1.956e+06,1.956e+06,980.1
4,170,1.956e+06,1.956e+06,980.1
4,171,1.956e+06,1.956e+06,980.1
4,172,1.956e+06,1.956e+06,980.1
4,173,1.956e+06,1.95701e+06,980.1
4,174,1.956e+06,1.95701e+06,980.1
4,175,1.956e+06,1.95701e+06,980.1
4,176,1.956e+06,1.95609e+06,980.1
4,177,1.956e+06,1.95609e+06,980.1
4,178,1.956e+06,1.95609e+06,980.1
4,179,1.956e+06,1.95609e+06,980.1
4,180,1.956e+06,1.95601e+06,980.1
4,181,1.956e+06,1.95601e+06,980.1
4,182,1.956e+06,1.95601e+06,980.1
4,183,1.956e+06,1.95601e+06,980.1
4,184,1.956e+06,1.95601e+06,980.1
4,185,1.956e+06,1.95601e+06,980.1
4,186,1.956e+06,1.95601e+06,980.1
4,187,1.956e+06,1.95601e+06,980.1
4,188,1.956e+06,1.95601e+06,980.1
4,189,1.956e+06,1.95601e+06,980.1
4,190,1.956e+06,1.95609e+06,980.1
4,191,1.956e+06,1.95601e+06,980.1
4,192,1.956e+06,1.95601e+06,980.1
4,193,1.956e+06,1.95601e+06,980.1
4,194,1.956e+06,1.95601e+06,980.1
4,195,1.956e+06,1.95601e+06,980.1
4,196,1.956e+06,1.95601e+06,980.1
4,197,1.956e+06,1.95601e+06,980.1
4,198,1.956e+06,1.95609e+06,980.1
4,199,1.956e+06,1.95609e+06,980.1
4,200,1.956e+06,1.95609e+06,980.1
4,201,1.956e+06,1.95609e+06,980.1
4,202,1.956e+06,1.95609e+06,980.1
4,203,1.956e+06,1.95609e+06,980.1
4,204,1.956e+06,1.95609e+06,980.1
4,205,1.956e+06,1.95609e+06,980.1
4,206,1.956e+06,1.9561e+06,980.1
4,207,1.956e+06,1.9561e+06,980.1
4,208,1.956e+06,1.9561e+06,980.1
4,209,1.956e+06,1.9561e+06,980.1
4,210,1.956e+06,1.9561e+06,980.1
4,211,1.956e+06,1.9561e+06,980.1
4,212,1.956e+06,1.9561e+06,980.1
4,213,1.956e+06,1.9561e+06,980.1
4,214,1.956e+06,1.9561e+06,980.1
4,215,1.956e+06,1.9561e+06,980.1
4,216,1.956e+06,1.9561e+06,980.1
4,217,1.956e+06,1.9561e+06,980.1
4,218,1.956e+06,1.9561e+06,980.1
4,219,1.956e+06,1.9561e+06,980.1
4,220,1.956e+06,1.9561e+06,980.1
4,221,1.956e+06,1.9561e+06,980.1
4,222,1.956e+06,1.9561e+06,980.1
4,223,1.956e+06,1.9561e+06,980.1
4,224,1.956e+06,1.9561e+06,980.1
4,225,1.956e+06,1.9561e+06,980.1
4,226,1.956e+06,1.9561e+06,980.1
4,227,1.956e+06,1.9561e+06,980.1
4,228,1.956e+06,1.9561e+06,980.1
4,229,1.956e+06,1.9561e+06,980.1
4,230,1.956e+06,1.9561e+06,980.1
4,231,1.956e+06,1.9561e+06,980.1
4,232,1.956e+06,1.9561e+06,980.1
4,233,1.956e+06,1.9561e+06,980.1
4,234,1.956e+06,1.9561e+06,980.1
4,235,1.956e+06,1.95694e+06,980.1
4,236,1.956e+06,1.95694e+06,980.1
4,237,1.956e+06,1.95694e+06,980.1
4,238,1.956e+06,1.95694e+06,980.1
4,239,1.956e+06,1.95694e+06,980.1
4,240,1.956e+06,1.95694e+06,980.1
4,241,1.956e+06,1.95601e+06,970.299
4,242,1.956e+06,1.95601e+06,970.299
4,243,1.956e+06,1.95601e+06,970.299
4,244,1.956e+06,1.95601e+06,970.299
4,245,1.956e+06,1.95601e+06,970.299
4,246,1.956e+06,1.95601e+06,970.299
4,247,1.956e+06,1.95601e+06,970.299
4,248,1.956e+06,1.95601e+06,970.299
4,249,1.956e+06,1.95601e+06,970.299
4,250,1.956e+06,1.95601e+06,970.299
4,251,1.956e+06,1.95601e+06,970.299
4,252,1.956e+06,1.95601e+06,970.299
4,253,1.956e+06,1.95601e+06,970.299
4,254,1.956e+06,1.95601e+06,970.299
4,255,1.956e+06,1.95601e+06,970.299
4,256,1.956e+06,1.95601e+06,970.299
4,257,1.956e+06,1.9561e+06,970.299
4,258,1.956e+06,1.9561e+06,970.299
4,259,1.956e+06,1.9561e+06,970.299
4,260,1.956e+06,1.9561e+06,970.299
4,261,1.956e+06,1.95609e+06,970.299
4,262,1.956e+06,1.95609e+06,970.299
4,263,1.956e+06,1.95609e+06,970.299
4,264,1.956e+06,1.95609e+06,970.299
4,265,1.956e+06,1.95609e+06,970.299
4,266,1.956e+06,1.95609e+06,970.299
4,267,1.956e+06,1.95609e+06,970.299
4,268,1.956e+06,1.95609e+06,970.299
4,269,1.956e+06,1.95609e+06,970.299
4,270,1.956e+06,1.95609e+06,970.299
4,271,1.956e+06,1.95609e+06,970.299
4,272,1.956e+06,1.95609e+06,970.299
4,273,1.956e+06,1.95609e+06,970.299
4,274,1.956e+06,1.95609e+06,970.299
4,275,1.956e+06,1.95609e+06,970.299
4,276,1.956e+06,1.95619e+06,970.299
4,277,1.956e+06,1.95619e+06,970.299
4,278,1.956e+06,1.95619e+06,970.299
4,279,1.956e+06,1.95619e+06,970.299
4,280,1.956e+06,1.95609e+06,970.299
4,281,1.956e+06,1.95609e+06,970.299
4,282,1.956e+06,1.95609e+06,970.299
4,283,1.956e+06,1.95609e+06,970.299
4,284,1.956e+06,1.95609e+06,970.299
4,285,1.956e+06,1.95609e+06,970.299
4,286,1.956e+06,1.95609e+06,970.299
4,287,1.956e+06,1.95609e+06,970.299
4,288,1.956e+06,1.95601e+06,970.299
4,289,1.956e+06,1.95601e+06,970.299
4,290,1.956e+06,1.95601e+06,970.299
4,291,1.956e+06,1.95601e+06,970.299
4,292,1.956e+06,1.95601e+06,970.299
4,293,1.956e+06,1.9561e+06,970.299
4,294,1.956e+06,1.9561e+06,970.299
4,295,1.956e+06,1.9561e+06,970.299
4,296,1.956e+06,1.9561e+06,970.299
4,297,1.956e+06,1.95601e+06,970.299
4,298,1.956e+06,1.95601e+06,970.299
4,299,1.956e+06,1.95601e+06,970.299
4,300,1.956e+06,1.95609e+06,970.299
4,301,1.956e+06,1.95609e+06,970.299
4,302,1.956e+06,1.95609e+06,970.299
4,303,1.956e+06,1.95609e+06,970.299
4,304,1.956e+06,1.956e+06,970.299
4,305,1.956e+06,1.956e+06,970.299
4,306,1.956e+06,1.956e+06,970.299
4,307,1.956e+06,1.956e+06,970.299
4,308,1.956e+06,1.956e+06,970.299
4,309,1.956e+06,1.956e+06,970.299
4,310,1.956e+06,1.956e+06,970.299
4,311,1.956e+06,1.956e+06,970.299
4,312,1.956e+06,1.956e+06,970.299
4,313,1.956e+06,1.956e+06,970.299
4,314,1.956e+06,1.956e+06,970.299
4,315,1.956e+06,1.956e+06,970.299
4,316,1.956e+06,1.956e+06,970.299
4,317,1.956e+06,1.956e+06,970.299
4,318,1.956e+06,1.956e+06,970.299
4,319,1.956e+06,1.956e+06,970.299
4,320,1.956e+06,1.956e+06,970.299
4,321,1.956e+06,1.95701e+06,960.596
4,322,1.956e+06,1.95695e+06,960.596
4,323,1.956e+06,1.95695e+06,960.596
4,324,1.956e+06,1.95695e+06,960.596
4,325,1.956e+06,1.95695e+06,960.596
4,326,1.956e+06,1.95695e+06,960.596
4,327,1.956e+06,1.95695e+06,960.596
4,328,1.956e+06,1.95695e+06,960.596
4,329,1.956e+06,1.95695e+06,960.596
4,330,1.956e+06,1.95695e+06,960.596
4,331,1.956e+06,1.95695e+06,960.596
4,332,1.956e+06,1.95695e+06,960.596
4,333,1.956e+06,1.95695e+06,960.596
4,334,1.956e+06,1.95693e+06,960.596
4,335,1.956e+06,1.95693e+06,960.596
4,336,1.956e+06,1.95693e+06,960.596
4,337,1.956e+06,1.95693e+06,960.596
4,338,1.956e+06,1.95693e+06,960.596
4,339,1.956e+06,1.95693e+06,960.596
4,340,1.956e+06,1.95693e+06,960.596
4,341,1.956e+06,1.95693e+06,960.596
4,342,1.956e+06,1.95693e+06,960.596
4,343,1.956e+06,1.95693e+06,960.596
4,344,1.956e+06,1.95693e+06,960.596
4,345,1.956e+06,1.95693e+06,960.596
4,346,1.956e+06,1.95693e+06,960.596
4,347,1.956e+06,1.95693e+06,960.596
4,348,1.956e+06,1.95693e+06,960.596
4,349,1.956e+06,1.95693e+06,960.596
4,350,1.956e+06,1.95693e+06,960.596
4,351,1.956e+06,1.95693e+06,960.596
4,352,1.956e+06,1.95693e+06,960.596
4,353,1.956e+06,1.95693e+06,960.596
4,354,1.956e+06,1.95693e+06,960.596
4,355,1.956e+06,1.95693e+06,960.596
4,356,1.956e+06,1.95693e+06,960.596
4,357,1.956e+06,1.95693e+06,960.596
4,358,1.956e+06,1.95693e+06,960.596
4,359,1.956e+06,1.95693e+06,960.596
4,360,1.956e+06,1.95703e+06,960.596
4,361,1.956e+06,1.95703e+06,960.596
4,362,1.956e+06,1.95693e+06,960.596
4,363,1.956e+06,1.95693e+06,960.596
4,364,1.956e+06,1.95693e+06,960.596
4,365,1.956e+06,1.95693e+06,960.596
4,366,1.956e+06,1.95693e+06,960.596
4,367,1.956e+06,1.95693e+06,960.596
4,368,1.956e+06,1.95693e+06,960.596
4,369,1.956e+06,1.95693e+06,960.596
4,370,1.956e+06,1.95693e+06,960.596
4,371,1.956e+06,1.956e+06,960.596
4,372,1.956e+06,1.956e+06,960.596
4,373,1.956e+06,1.956e+06,960.596
4,374,1.956e+06,1.956e+06,960.596
4,375,1.956e+06,1.956e+06,960.596
4,376,1.956e+06,1.956e+06,960.596
4,377,1.956e+06,1.956e+06,960.596
4,378,1.956e+06,1.956e+06,960.596
4,379,1.956e+06,1.956e+06,960.596
4,380,1.956e+06,1.956e+06,960.596
4,381,1.956e+06,1.956e+06,960.596
4,382,1.956e+06,1.956e+06,960.596
4,383,1.956e+06,1.956e+06,960.596
4,384,1.956e+06,1.956e+06,960.596
4,385,1.956e+06,1.956e+06,960.596
4,386,1.956e+06,1.956e+06,960.596
4,387,1.956e+06,1.956e+06,960.596
4,388,1.956e+06,1.956e+06,960.596
4,389,1.956e+06,1.956e+06,960.596
4,390,1.956e+06,1.956e+06,960.596
4,391,1.956e+06,1.956e+06,960.596
4,392,1.956e+06,1.956e+06,960.596
4,393,1.956e+06,1.956e+06,960.596
4,394,1.956e+06,1.956e+06,960.596
4,395,1.956e+06,1.956e+06,960.596
4,396,1.956e+06,1.956e+06,960.596
4,397,1.956e+06,1.956e+06,960.596
4,398,1.956e+06,1.956e+06,960.596
4,399,1.956e+06,1.956e+06,960.596
4,400,1.956e+06,1.956e+06,960.596
4,401,1.956e+06,1.956e+06,950.99
4,402,1.956e+06,1.956e+06,950.99
4,403,1.956e+06,1.956e+06,950.99
4,404,1.956e+06,1.956e+06,950.99
4,405,1.956e+06,1.956e+06,950.99
4,406,1.956e+06,1.956e+06,950.99
4,407,1.956e+06,1.956e+06,950.99
4,408,1.956e+06,1.956e+06,950.99
4,409,1.956e+06,1.956e+06,950.99
4,410,1.956e+06,1.956e+06,950.99
4,411,1.956e+06,1.956e+06,950.99
4,412,1.956e+06,1.956e+06,950.99
4,413,1.956e+06,1.956e+06,950.99
4,414,1.956e+06,1.956e+06,950.99
4,415,1.956e+06,1.956e+06,950.99
4,416,1.956e+06,1.956e+06,950.99
4,417,1.956e+06,1.956e+06,950.99
4,418,1.956e+06,1.956e+06,950.99
4,419,1.956e+06,1.956e+06,950.99
4,420,1.956e+06,1.956e+06,950.99
4,421,1.956e+06,1.956e+06,950.99
4,422,1.956e+06,1.956e+06,950.99
4,423,1.956e+06,1.956e+06,950.99
4,424,1.956e+06,1.956e+06,950.99
4,425,1.956e+06,1.956e+06,950.99
4,426,1.956e+06,1.956e+06,950.99
4,427,1.956e+06,1.956e+06,950.99
4,428,1.956e+06,1.956e+06,950.99
4,429,1.956e+06,1.956e+06,950.99
4,430,1.956e+06,1.956e+06,950.99
4,431,1.956e+06,1.956e+06,950.99
4,432,1.956e+06,1.956e+06,950.99
4,433,1.956e+06,1.956e+06,950.99
4,434,1.956e+06,1.956e+06,950.99
4,435,1.956e+06,1.956e+06,950.99
4,436,1.956e+06,1.956e+06,950.99
4,437,1.956e+06,1.956e+06,950.99
4,438,1.956e+06,1.956e+06,950.99
4,439,1.956e+06,1.956e+06,950.99
4,440,1.956e+06,1.956e+06,950.99
4,441,1.956e+06,1.956e+06,950.99
4,442,1.956e+06,1.956e+06,950.99
4,443,1.956e+06,1.956e+06,950.99
4,444,1.956e+06,1.956e+06,950.99
4,445,1.956e+06,1.956e+06,950.99
4,446,1.956e+06,1.956e+06,950.99
4,447,1.956e+06,1.956e+06,950.99
4,448,1.956e+06,1.956e+06,950.99
4,449,1.956e+06,1.956e+06,950.99
4,450,1.956e+06,1.956e+06,950.99
4,451,1.956e+06,1.95693e+06,950.99
4,452,1.956e+06,1.95693e+06,950.99
4,453,1.956e+06,1.95701e+06,950.99
4,454,1.956e+06,1.95701e+06,950.99
4,455,1.956e+06,1.95701e+06,950.99
4,456,1.956e+06,1.95701e+06,950.99
4,457,1.956e+06,1.95701e+06,950.99
4,458,1.956e+06,1.95701e+06,950.99
4,459,1.956e+06,1.956e+06,950.99
4,460,1.956e+06,1.956e+06,950.99
4,461,1.956e+06,1.956e+06,950.99
4,462,1.956e+06,1.956e+06,950.99
4,463,1.956e+06,1.956e+06,950.99
4,464,1.956e+06,1.956e+06,950.99
4,465,1.956e+06,1.956e+06,950.99
4,466,1.956e+06,1.956e+06,950.99
4,467,1.956e+06,1.956e+06,950.99
4,468,1.956e+06,1.956e+06,950.99
4,469,1.956e+06,1.956e+06,950.99
4,470,1.956e+06,1.956e+06,950.99
4,471,1.956e+06,1.95693e+06,950.99
4,472,1.956e+06,1.95693e+06,950.99
4,473,1.956e+06,1.95693e+06,950.99
4,474,1.956e+06,1.95693e+06,950.99
4,475,1.956e+06,1.95693e+06,950.99
4,476,1.956e+06,1.95693e+06,950.99
4,477,1.956e+06,1.95693e+06,950.99
4,478,1.956e+06,1.95693e+06,950.99
4,479,1.956e+06,1.95693e+06,950.99
4,480,1.956e+06,1.95693e+06,950.99
4,481,1.956e+06,1.956e+06,941.48
4,482,1.956e+06,1.956e+06,941.48
4,483,1.956e+06,1.956e+06,941.48
4,484,1.956e+06,1.956e+06,941.48
4,485,1.956e+06,1.956e+06,941.48
4,486,1.956e+06,1.956e+06,941.48
4,487,1.956e+06,1.956e+06,941.48
4,488,1.956e+06,1.95693e+06,941.48
4,489,1.956e+06,1.95693e+06,941.48
4,490,1.956e+06,1.95693e+06,941.48
4,491,1.956e+06,1.95693e+06,941.48
4,492,1.956e+06,1.95693e+06,941.48
4,493,1.956e+06,1.95601e+06,941.48
4,494,1.956e+06,1.95601e+06,941.48
4,495,1.956e+06,1.95609e+06,941.48
4,496,1.956e+06,1.95609e+06,941.48
4,497,1.956e+06,1.95609e+06,941.48
4,498,1.956e+06,1.95609e+06,941.48
4,499,1.956e+06,1.95609e+06,941.48
4,500,1.956e+06,1.95609e+06,941.48
4,501,1.956e+06,1.95609e+06,941.48
4,502,1.956e+06,1.95609e+06,941.48
4,503,1.956e+06,1.95702e+06,941.48
4,504,1.956e+06,1.95702e+06,941.48
4,505,1.956e+06,1.95701e+06,941.48
4,506,1.956e+06,1.95701e+06,941.48
4,507,1.956e+06,1.95701e+06,941.48
4,508,1.956e+06,1.95701e+06,941.48
4,509,1.956e+06,1.95701e+06,941.48
4,510,1.956e+06,1.95701e+06,941.48
4,511,1.956e+06,1.95701e+06,941.48
4,512,1.956e+06,1.95701e+06,941.48
4,513,1.956e+06,1.95701e+06,941.48
4,514,1.956e+06,1.95701e+06,941.48
4,515,1.956e+06,1.95701e+06,941.48
4,516,1.956e+06,1.95702e+06,941.48
4,517,1.956e+06,1.95702e+06,941.48
4,518,1.956e+06,1.95702e+06,941.48
4,519,1.956e+06,1.95702e+06,941.48
4,520,1.956e+06,1.95702e+06,941.48
4,521,1.956e+06,1.95702e+06,941.48
4,522,1.956e+06,1.95702e+06,941.48
4,523,1.956e+06,1.95702e+06,941.48
4,524,1.956e+06,1.95702e+06,941.48
4,525,1.956e+06,1.956e+06,941.48
4,526,1.956e+06,1.956e+06,941.48
4,527,1.956e+06,1.956e+06,941.48
4,528,1.956e+06,1.956e+06,941.48
4,529,1.956e+06,1.956e+06,941.48
4,530,1.956e+06,1.956e+06,941.48
4,531,1.956e+06,1.956e+06,941.48
4,532,1.956e+06,1.956e+06,941.48
4,533,1.956e+06,1.956e+06,941.48
4,534,1.956e+06,1.956e+06,941.48
4,535,1.956e+06,1.956e+06,941.48
4,536,1.956e+06,1.956e+06,941.48
4,537,1.956e+06,1.956e+06,941.48
4,538,1.956e+06,1.956e+06,941.48
4,539,1.956e+06,1.956e+06,941.48
4,540,1.956e+06,1.956e+06,941.48
4,541,1.956e+06,1.956e+06,941.48
4,542,1.956e+06,1.956e+06,941.48
4,543,1.956e+06,1.956e+06,941.48
4,544,1.956e+06,1.956e+06,941.48
4,545,1.956e+06,1.956e+06,941.48
4,546,1.956e+06,1.956e+06,941.48
4,547,1.956e+06,1.956e+06,941.48
4,548,1.956e+06,1.956e+06,941.48
4,549,1.956e+06,1.956e+06,941.48
4,550,1.956e+06,1.956e+06,941.48
4,551,1.956e+06,1.956e+06,941.48
4,552,1.956e+06,1.956e+06,941.48
4,553,1.956e+06,1.956e+06,941.48
4,554,1.956e+06,1.956e+06,941.48
4,555,1.956e+06,1.956e+06,941.48
4,556,1.956e+06,1.956e+06,941.48
4,557,1.956e+06,1.956e+06,941.48
4,558,1.956e+06,1.956e+06,941.48
4,559,1.956e+06,1.956e+06,941.48
4,560,1.956e+06,1.956e+06,941.48
4,561,1.956e+06,1.956e+06,932.065
4,562,1.956e+06,1.956e+06,932.065
4,563,1.956e+06,1.956e+06,932.065
4,564,1.956e+06,1.956e+06,932.065
4,565,1.956e+06,1.956e+06,932.065
4,566,1.956e+06,1.956e+06,932.065
4,567,1.956e+06,1.956e+06,932.065
4,568,1.956e+06,1.956e+06,932.065
4,569,1.956e+06,1.956e+06,932.065
4,570,1.956e+06,1.956e+06,932.065
4,571,1.956e+06,1.956e+06,932.065
4,572,1.956e+06,1.956e+06,932.065
4,573,1.956e+06,1.956e+06,932.065
4,574,1.956e+06,1.956e+06,932.065
4,575,1.956e+06,1.956e+06,932.065
4,576,1.956e+06,1.956e+06,932.065
4,577,1.956e+06,1.956e+06,932.065
4,578,1.956e+06,1.956e+06,932.065
4,579,1.956e+06,1.956e+06,932.065
4,580,1.956e+06,1.956e+06,932.065
4,581,1.956e+06,1.95693e+06,932.065
4,582,1.956e+06,1.95693e+06,932.065
4,583,1.956e+06,1.95693e+06,932.065
4,584,1.956e+06,1.95693e+06,932.065
4,585,1.956e+06,1.95693e+06,932.065
4,586,1.956e+06,1.95693e+06,932.065
4,587,1.956e+06,1.95693e+06,932.065
4,588,1.956e+06,1.95693e+06,932.065
4,589,1.956e+06,1.95693e+06,932.065
4,590,1.956e+06,1.95693e+06,932.065
4,591,1.956e+06,1.95693e+06,932.065
4,592,1.956e+06,1.95693e+06,932.065
4,593,1.956e+06,1.95693e+06,932.065
4,594,1.956e+06,1.95693e+06,932.065
4,595,1.956e+06,1.95693e+06,932.065
4,596,1.956e+06,1.95693e+06,932.065
4,597,1.956e+06,1.95693e+06,932.065
4,598,1.956e+06,1.95693e+06,932.065
4,599,1.956e+06,1.95693e+06,932.065
4,600,1.956e+06,1.95693e+06,932.065
4,601,1.956e+06,1.95693e+06,932.065
4,602,1.956e+06,1.95693e+06,932.065
4,603,1.956e+06,1.95693e+06,932.065
4,604,1.956e+06,1.95693e+06,932.065
4,605,1.956e+06,1.95693e+06,932.065
4,606,1.956e+06,1.956e+06,932.065
4,607,1.956e+06,1.956e+06,932.065
4,608,1.956e+06,1.956e+06,932.065
4,609,1.956e+06,1.956e+06,932.065
4,610,1.956e+06,1.956e+06,932.065
4,611,1.956e+06,1.956e+06,932.065
4,612,1.956e+06,1.956e+06,932.065
4,613,1.956e+06,1.956e+06,932.065
4,614,1.956e+06,1.956e+06,932.065
4,615,1.956e+06,1.956e+06,932.065
4,616,1.956e+06,1.956e+06,932.065
4,617,1.956e+06,1.956e+06,932.065
4,618,1.956e+06,1.956e+06,932.065
4,619,1.956e+06,1.956e+06,932.065
4,620,1.956e+06,1.956e+06,932.065
4,621,1.956e+06,1.956e+06,932.065
4,622,1.956e+06,1.956e+06,932.065
4,623,1.956e+06,1.956e+06,932.065
4,624,1.956e+06,1.956e+06,932.065
4,625,1.956e+06,1.956e+06,932.065
4,626,1.956e+06,1.95693e+06,932.065
4,627,1.956e+06,1.95693e+06,932.065
4,628,1.956e+06,1.95693e+06,932.065
4,629,1.956e+06,1.95693e+06,932.065
4,630,1.956e+06,1.95693e+06,932.065
4,631,1.956e+06,1.95693e+06,932.065
4,632,1.956e+06,1.95693e+06,932.065
4,633,1.956e+06,1.95693e+06,932.065
4,634,1.956e+06,1.95693e+06,932.065
4,635,1.956e+06,1.95693e+06,932.065
4,636,1.956e+06,1.95693e+06,932.065
4,637,1.956e+06,1.95693e+06,932.065
4,638,1.956e+06,1.95693e+06,932.065
4,639,1.956e+06,1.95693e+06,932.065
4,640,1.956e+06,1.95693e+06,932.065
4,641,1.956e+06,1.95693e+06,922.745
4,642,1.956e+06,1.95693e+06,922.745
4,643,1.956e+06,1.95693e+06,922.745
4,644,1.956e+06,1.95693e+06,922.745
4,645,1.956e+06,1.95693e+06,922.745
4,646,1.956e+06,1.956e+06,922.745
4,647,1.956e+06,1.956e+06,922.745
4,648,1.956e+06,1.956e+06,922.745
4,649,1.956e+06,1.956e+06,922.745
4,650,1.956e+06,1.956e+06,922.745
4,651,1.956e+06,1.956e+06,922.745
4,652,1.956e+06,1.956e+06,922.745
4,653,1.956e+06,1.956e+06,922.745
4,654,1.956e+06,1.956e+06,922.745
4,655,1.956e+06,1.956e+06,922.745
4,656,1.956e+06,1.956e+06,922.745
4,657,1.956e+06,1.956e+06,922.745
4,658,1.956e+06,1.956e+06,922.745
4,659,1.956e+06,1.956e+06,922.745
4,660,1.956e+06,1.956e+06,922.745
4,661,1.956e+06,1.956e+06,922.745
4,662,1.956e+06,1.956e+06,922.745
4,663,1.956e+06,1.956e+06,922.745
4,664,1.956e+06,1.956e+06,922.745
4,665,1.956e+06,1.956e+06,922.745
4,666,1.956e+06,1.956e+06,922.745
4,667,1.956e+06,1.956e+06,922.745
4,668,1.956e+06,1.956e+06,922.745
4,669,1.956e+06,1.956e+06,922.745
4,670,1.956e+06,1.956e+06,922.745
4,671,1.956e+06,1.956e+06,922.745
4,672,1.956e+06,1.956e+06,922.745
4,673,1.956e+06,1.956e+06,922.745
4,674,1.956e+06,1.956e+06,922.745
4,675,1.956e+06,1.956e+06,922.745
4,676,1.956e+06,1.956e+06,922.745
4,677,1.956e+06,1.956e+06,922.745
4,678,1.956e+06,1.956e+06,922.745
4,679,1.956e+06,1.956e+06,922.745
4,680,1.956e+06,1.956e+06,922.745
4,681,1.956e+06,1.956e+06,922.745
4,682,1.956e+06,1.956e+06,922.745
4,683,1.956e+06,1.956e+06,922.745
4,684,1.956e+06,1.956e+06,922.745
4,685,1.956e+06,1.956e+06,922.745
4,686,1.956e+06,1.956e+06,922.745
4,687,1.956e+06,1.956e+06,922.745
4,688,1.956e+06,1.956e+06,922.745
4,689,1.956e+06,1.956e+06,922.745
4,690,1.956e+06,1.956e+06,922.745
4,691,1.956e+06,1.956e+06,922.745
4,692,1.956e+06,1.95701e+06,922.745
4,693,1.956e+06,1.956e+06,922.745
4,694,1.956e+06,1.956e+06,922.745
4,695,1.956e+06,1.956e+06,922.745
4,696,1.956e+06,1.956e+06,922.745
4,697,1.956e+06,1.956e+06,922.745
4,698,1.956e+06,1.956e+06,922.745
4,699,1.956e+06,1.956e+06,922.745
4,700,1.956e+06,1.956e+06,922.745
4,701,1.956e+06,1.956e+06,922.745
4,702,1.956e+06,1.956e+06,922.745
4,703,1.956e+06,1.956e+06,922.745
4,704,1.956e+06,1.956e+06,922.745
4,705,1.956e+06,1.956e+06,922.745
4,706,1.956e+06,1.956e+06,922.745
4,707,1.956e+06,1.956e+06,922.745
4,708,1.956e+06,1.956e+06,922.745
4,709,1.956e+06,1.956e+06,922.745
4,710,1.956e+06,1.956e+06,922.745
4,711,1.956e+06,1.956e+06,922.745
4,712,1.956e+06,1.956e+06,922.745
4,713,1.956e+06,1.956e+06,922.745
4,714,1.956e+06,1.956e+06,922.745
4,715,1.956e+06,1.956e+06,922.745
4,716,1.956e+06,1.956e+06,922.745
4,717,1.956e+06,1.956e+06,922.745
4,718,1.956e+06,1.956e+06,922.745
4,719,1.956e+06,1.956e+06,922.745
4,720,1.956e+06,1.956e+06,922.745
4,721,1.956e+06,1.956e+06,913.517
4,722,1.956e+06,1.956e+06,913.517
4,723,1.956e+06,1.956e+06,913.517
4,724,1.956e+06,1.956e+06,913.517
4,725,1.956e+06,1.956e+06,913.517
4,726,1.956e+06,1.956e+06,913.517
4,727,1.956e+06,1.956e+06,913.517
4,728,1.956e+06,1.956e+06,913.517
4,729,1.956e+06,1.956e+06,913.517
4,730,1.956e+06,1.95693e+06,913.517
4,731,1.956e+06,1.95693e+06,913.517
4,732,1.956e+06,1.95693e+06,913.517
4,733,1.956e+06,1.956e+06,913.517
4,734,1.956e+06,1.956e+06,913.517
4,735,1.956e+06,1.956e+06,913.517
4,736,1.956e+06,1.956e+06,913.517
4,737,1.956e+06,1.956e+06,913.517
4,738,1.956e+06,1.956e+06,913.517
4,739,1.956e+06,1.956e+06,913.517
4,740,1.956e+06,1.956e+06,913.517
4,741,1.956e+06,1.956e+06,913.517
4,742,1.956e+06,1.956e+06,913.517
4,743,1.956e+06,1.956e+06,913.517
4,744,1.956e+06,1.956e+06,913.517
4,745,1.956e+06,1.956e+06,913.517
4,746,1.956e+06,1.95702e+06,913.517
4,747,1.956e+06,1.95702e+06,913.517
4,748,1.956e+06,1.95702e+06,913.517
4,749,1.956e+06,1.95702e+06,913.517
4,750,1.956e+06,1.95702e+06,913.517
4,751,1.956e+06,1.95695e+06,913.517
4,752,1.956e+06,1.95695e+06,913.517
4,753,1.956e+06,1.95695e+06,913.517
4,754,1.956e+06,1.95693e+06,913.517
4,755,1.956e+06,1.95693e+06,913.517
4,756,1.956e+06,1.95693e+06,913.517
4,757,1.956e+06,1.95693e+06,913.517
4,758,1.956e+06,1.95693e+06,913.517
4,759,1.956e+06,1.95693e+06,913.517
4,760,1.956e+06,1.95693e+06,913.517
4,761,1.956e+06,1.95693e+06,913.517
4,762,1.956e+06,1.95693e+06,913.517
4,763,1.956e+06,1.95693e+06,913.517
4,764,1.956e+06,1.95693e+06,913.517
4,765,1.956e+06,1.95693e+06,913.517
4,766,1.956e+06,1.95693e+06,913.517
4,767,1.956e+06,1.95693e+06,913.517
4,768,1.956e+06,1.95693e+06,913.517
4,769,1.956e+06,1.95693e+06,913.517
4,770,1.956e+06,1.95693e+06,913.517
4,771,1.956e+06,1.95693e+06,913.517
4,772,1.956e+06,1.95693e+06,913.517
4,773,1.956e+06,1.95693e+06,913.517
4,774,1.956e+06,1.95693e+06,913.517
4,775,1.956e+06,1.95693e+06,913.517
4,776,1.956e+06,1.95693e+06,913.517
4,777,1.956e+06,1.95693e+06,913.517
4,778,1.956e+06,1.95693e+06,913.517
4,779,1.956e+06,1.95693e+06,913.517
4,780,1.956e+06,1.95745e+06,913.517
4,781,1.956e+06,1.95745e+06,913.517
4,782,1.956e+06,1.95745e+06,913.517
4,783,1.956e+06,1.95693e+06,913.517
4,784,1.956e+06,1.95693e+06,913.517
4,785,1.956e+06,1.95693e+06,913.517
4,786,1.956e+06,1.95693e+06,913.517
4,787,1.956e+06,1.95693e+06,913.517
4,788,1.956e+06,1.95693e+06,913.517
4,789,1.956e+06,1.95693e+06,913.517
4,790,1.956e+06,1.95693e+06,913.517
4,791,1.956e+06,1.95693e+06,913.517
4,792,1.956e+06,1.95693e+06,913.517
4,793,1.956e+06,1.95693e+06,913.517
4,794,1.956e+06,1.95693e+06,913.517
4,795,1.956e+06,1.95693e+06,913.517
4,796,1.956e+06,1.95702e+06,913.517
4,797,1.956e+06,1.95702e+06,913.517
4,798,1.956e+06,1.95695e+06,913.517
4,799,1.956e+06,1.95695e+06,913.517
4,800,1.956e+06,1.95695e+06,913.517
4,801,1.956e+06,1.95693e+06,904.382
4,802,1.956e+06,1.95693e+06,904.382
4,803,1.956e+06,1.95693e+06,904.382
4,804,1.956e+06,1.95693e+06,904.382
4,805,1.956e+06,1.95693e+06,904.382
4,806,1.956e+06,1.95601e+06,904.382
4,807,1.956e+06,1.95601e+06,904.382
4,808,1.956e+06,1.95601e+06,904.382
4,809,1.956e+06,1.95601e+06,904.382
4,810,1.956e+06,1.95601e+06,904.382
4,811,1.956e+06,1.95601e+06,904.382
4,812,1.956e+06,1.95601e+06,904.382
4,813,1.956e+06,1.95601e+06,904.382
4,814,1.956e+06,1.95601e+06,904.382
4,815,1.956e+06,1.95601e+06,904.382
4,816,1.956e+06,1.95601e+06,904.382
4,817,1.956e+06,1.95601e+06,904.382
4,818,1.956e+06,1.956e+06,904.382
4,819,1.956e+06,1.956e+06,904.382
4,820,1.956e+06,1.956e+06,904.382
4,821,1.956e+06,1.956e+06,904.382
4,822,1.956e+06,1.956e+06,904.382
4,823,1.956e+06,1.956e+06,904.382
4,824,1.956e+06,1.956e+06,904.382
4,825,1.956e+06,1.956e+06,904.382
4,826,1.956e+06,1.956e+06,904.382
4,827,1.956e+06,1.956e+06,904.382
4,828,1.956e+06,1.956e+06,904.382
4,829,1.956e+06,1.956e+06,904.382
4,830,1.956e+06,1.956e+06,904.382
4,831,1.956e+06,1.956e+06,904.382
4,832,1.956e+06,1.95693e+06,904.382
4,833,1.956e+06,1.95693e+06,904.382
4,834,1.956e+06,1.95693e+06,904.382
4,835,1.956e+06,1.95693e+06,904.382
4,836,1.956e+06,1.95693e+06,904.382
4,837,1.956e+06,1.95693e+06,904.382
4,838,1.956e+06,1.95794e+06,904.382
4,839,1.956e+06,1.95794e+06,904.382
4,840,1.956e+06,1.95701e+06,904.382
4,841,1.956e+06,1.95693e+06,904.382
4,842,1.956e+06,1.95693e+06,904.382
4,843,1.956e+06,1.95693e+06,904.382
4,844,1.956e+06,1.95693e+06,904.382
4,845,1.956e+06,1.95601e+06,904.382
4,846,1.956e+06,1.95601e+06,904.382
4,847,1.956e+06,1.95601e+06,904.382
4,848,1.956e+06,1.95601e+06,904.382
4,849,1.956e+06,1.95601e+06,904.382
4,850,1.956e+06,1.95601e+06,904.382
4,851,1.956e+06,1.95601e+06,904.382
4,852,1.956e+06,1.95601e+06,904.382
4,853,1.956e+06,1.95601e+06,904.382
4,854,1.956e+06,1.95601e+06,904.382
4,855,1.956e+06,1.95601e+06,904.382
4,856,1.956e+06,1.9561e+06,904.382
4,857,1.956e+06,1.9561e+06,904.382
4,858,1.956e+06,1.9561e+06,904.382
4,859,1.956e+06,1.95601e+06,904.382
4,860,1.956e+06,1.95601e+06,904.382
4,861,1.956e+06,1.95601e+06,904.382
4,862,1.956e+06,1.95601e+06,904.382
4,863,1.956e+06,1.95601e+06,904.382
4,864,1.956e+06,1.95601e+06,904.382
4,865,1.956e+06,1.95601e+06,904.382
4,866,1.956e+06,1.95601e+06,904.382
4,867,1.956e+06,1.95601e+06,904.382
4,868,1.956e+06,1.95601e+06,904.382
4,869,1.956e+06,1.95601e+06,904.382
4,870,1.956e+06,1.95601e+06,904.382
4,871,1.956e+06,1.95601e+06,904.382
4,872,1.956e+06,1.95601e+06,904.382
4,873,1.956e+06,1.95601e+06,904.382
4,874,1.956e+06,1.95601e+06,904.382
4,875,1.956e+06,1.95601e+06,904.382
4,876,1.956e+06,1.95601e+06,904.382
4,877,1.956e+06,1.95601e+06,904.382
4,878,1.956e+06,1.95601e+06,904.382
4,879,1.956e+06,1.95601e+06,904.382
4,880,1.956e+06,1.95601e+06,904.382
4,881,1.956e+06,1.95601e+06,895.338
4,882,1.956e+06,1.95601e+06,895.338
4,883,1.956e+06,1.95604e+06,895.338
4,884,1.956e+06,1.95603e+06,895.338
4,885,1.956e+06,1.95603e+06,895.338
4,886,1.956e+06,1.956e+06,895.338
4,887,1.956e+06,1.956e+06,895.338
4,888,1.956e+06,1.956e+06,895.338
4,889,1.956e+06,1.956e+06,895.338
4,890,1.956e+06,1.956e+06,895.338
4,891,1.956e+06,1.956e+06,895.338
4,892,1.956e+06,1.956e+06,895.338
4,893,1.956e+06,1.956e+06,895.338
4,894,1.956e+06,1.956e+06,895.338
4,895,1.956e+06,1.956e+06,895.338
4,896,1.956e+06,1.956e+06,895.338
4,897,1.956e+06,1.956e+06,895.338
4,898,1.956e+06,1.956e+06,895.338
4,899,1.956e+06,1.956e+06,895.338
4,900,1.956e+06,1.956e+06,895.338
4,901,1.956e+06,1.956e+06,895.338
4,902,1.956e+06,1.956e+06,895.338
4,903,1.956e+06,1.956e+06,895.338
4,904,1.956e+06,1.956e+06,895.338
4,905,1.956e+06,1.956e+06,895.338
4,906,1.956e+06,1.956e+06,895.338
4,907,1.956e+06,1.956e+06,895.338
4,908,1.956e+06,1.956e+06,895.338
4,909,1.956e+06,1.956e+06,895.338
4,910,1.956e+06,1.956e+06,895.338
4,911,1.956e+06,1.956e+06,895.338
4,912,1.956e+06,1.956e+06,895.338
4,913,1.956e+06,1.956e+06,895.338
4,914,1.956e+06,1.9561e+06,895.338
4,915,1.956e+06,1.95607e+06,895.338
4,916,1.956e+06,1.956e+06,895.338
4,917,1.956e+06,1.956e+06,895.338
4,918,1.956e+06,1.956e+06,895.338
4,919,1.956e+06,1.956e+06,895.338
4,920,1.956e+06,1.956e+06,895.338
4,921,1.956e+06,1.956e+06,895.338
4,922,1.956e+06,1.956e+06,895.338
4,923,1.956e+06,1.956e+06,895.338
4,924,1.956e+06,1.956e+06,895.338
4,925,1.956e+06,1.956e+06,895.338
4,926,1.956e+06,1.956e+06,895.338
4,927,1.956e+06,1.956e+06,895.338
4,928,1.956e+06,1.956e+06,895.338
4,929,1.956e+06,1.956e+06,895.338
4,930,1.956e+06,1.956e+06,895.338
4,931,1.956e+06,1.956e+06,895.338
4,932,1.956e+06,1.956e+06,895.338
4,933,1.956e+06,1.956e+06,895.338
4,934,1.956e+06,1.956e+06,895.338
4,935,1.956e+06,1.956e+06,895.338
4,936,1.956e+06,1.956e+06,895.338
4,937,1.956e+06,1.956e+06,895.338
4,938,1.956e+06,1.956e+06,895.338
4,939,1.956e+06,1.956e+06,895.338
4,940,1.956e+06,1.956e+06,895.338
4,941,1.956e+06,1.956e+06,895.338
4,942,1.956e+06,1.956e+06,895.338
4,943,1.956e+06,1.956e+06,895.338
4,944,1.956e+06,1.956e+06,895.338
4,945,1.956e+06,1.956e+06,895.338
4,946,1.956e+06,1.956e+06,895.338
4,947,1.956e+06,1.956e+06,895.338
4,948,1.956e+06,1.956e+06,895.338
4,949,1.956e+06,1.956e+06,895.338
4,950,1.956e+06,1.956e+06,895.338
4,951,1.956e+06,1.956e+06,895.338
4,952,1.956e+06,1.956e+06,895.338
4,953,1.956e+06,1.956e+06,895.338
4,954,1.956e+06,1.956e+06,895.338
4,955,1.956e+06,1.956e+06,895.338
4,956,1.956e+06,1.956e+06,895.338
4,957,1.956e+06,1.956e+06,895.338
4,958,1.956e+06,1.956e+06,895.338
4,959,1.956e+06,1.956e+06,895.338
4,960,1.956e+06,1.956e+06,895.338
4,961,1.956e+06,1.956e+06,886.385
4,962,1.956e+06,1.95603e+06,886.385
4,963,1.956e+06,1.95603e+06,886.385
4,964,1.956e+06,1.95603e+06,886.385
4,965,1.956e+06,1.95603e+06,886.385
4,966,1.956e+06,1.95603e+06,886.385
4,967,1.956e+06,1.95603e+06,886.385
4,968,1.956e+06,1.95603e+06,886.385
4,969,1.956e+06,1.95603e+06,886.385
4,970,1.956e+06,1.95603e+06,886.385
4,971,1.956e+06,1.95603e+06,886.385
4,972,1.956e+06,1.95603e+06,886.385
4,973,1.956e+06,1.95603e+06,886.385
4,974,1.956e+06,1.95603e+06,886.385
4,975,1.956e+06,1.95603e+06,886.385
4,976,1.956e+06,1.95603e+06,886.385
4,977,1.956e+06,1.956e+06,886.385
4,978,1.956e+06,1.956e+06,886.385
4,979,1.956e+06,1.956e+06,886.385
4,980,1.956e+06,1.956e+06,886.385
4,981,1.956e+06,1.956e+06,886.385
4,982,1.956e+06,1.956e+06,886.385
4,983,1.956e+06,1.956e+06,886.385
4,984,1.956e+06,1.956e+06,886.385
4,985,1.956e+06,1.956e+06,886.385
4,986,1.956e+06,1.956e+06,886.385
4,987,1.956e+06,1.956e+06,886.385
4,988,1.956e+06,1.956e+06,886.385
4,989,1.956e+06,1.956e+06,886.385
4,990,1.956e+06,1.956e+06,886.385
4,991,1.956e+06,1.956e+06,886.385
4,992,1.956e+06,1.956e+06,886.385
4,993,1.956e+06,1.956e+06,886.385
4,994,1.956e+06,1.956e+06,886.385
4,995,1.956e+06,1.956e+06,886.385
4,996,1.956e+06,1.956e+06,886.385
4,997,1.956e+06,1.956e+06,886.385
4,998,1.956e+06,1.956e+06,886.385
4,999,1.956e+06,1.956e+06,886.385
4,1000,1.956e+06,1.956e+06,886.385
4,1001,1.956e+06,1.956e+06,886.385
4,1002,1.956e+06,1.956e+06,886.385
4,1003,1.956e+06,1.956e+06,886.385
4,1004,1.956e+06,1.956e+06,886.385
4,1005,1.956e+06,1.956e+06,886.385
4,1006,1.956e+06,1.956e+06,886.385
4,1007,1.956e+06,1.956e+06,886.385
4,1008,1.956e+06,1.956e+06,886.385
4,1009,1.956e+06,1.956e+06,886.385
4,1010,1.956e+06,1.956e+06,886.385
4,1011,1.956e+06,1.956e+06,886.385
4,1012,1.956e+06,1.956e+06,886.385
4,1013,1.956e+06,1.956e+06,886.385
4,1014,1.956e+06,1.956e+06,886.385
4,1015,1.956e+06,1.956e+06,886.385
4,1016,1.956e+06,1.956e+06,886.385
4,1017,1.956e+06,1.956e+06,886.385
4,1018,1.956e+06,1.956e+06,886.385
4,1019,1.956e+06,1.956e+06,886.385
4,1020,1.956e+06,1.956e+06,886.385
4,1021,1.956e+06,1.956e+06,886.385
4,1022,1.956e+06,1.956e+06,886.385
4,1023,1.956e+06,1.956e+06,886.385
4,1024,1.956e+06,1.956e+06,886.385
4,1025,1.956e+06,1.956e+06,886.385
4,1026,1.956e+06,1.956e+06,886.385
4,1027,1.956e+06,1.956e+06,886.385
4,1028,1.956e+06,1.956e+06,886.385
4,1029,1.956e+06,1.956e+06,886.385
4,1030,1.956e+06,1.956e+06,886.385
4,1031,1.956e+06,1.956e+06,886.385
4,1032,1.956e+06,1.956e+06,886.385
4,1033,1.956e+06,1.956e+06,886.385
4,1034,1.956e+06,1.956e+06,886.385
4,1035,1.956e+06,1.956e+06,886.385
4,1036,1.956e+06,1.956e+06,886.385
4,1037,1.956e+06,1.956e+06,886.385
4,1038,1.956e+06,1.956e+06,886.385
4,1039,1.956e+06,1.956e+06,886.385
4,1040,1.956e+06,1.956e+06,886.385
4,1041,1.956e+06,1.956e+06,877.521
4,1042,1.956e+06,1.956e+06,877.521
4,1043,1.956e+06,1.956e+06,877.521
4,1044,1.956e+06,1.956e+06,877.521
4,1045,1.956e+06,1.956e+06,877.521
4,1046,1.956e+06,1.956e+06,877.521
4,1047,1.956e+06,1.956e+06,877.521
4,1048,1.956e+06,1.956e+06,877.521
4,1049,1.956e+06,1.956e+06,877.521
4,1050,1.956e+06,1.956e+06,877.521
4,1051,1.956e+06,1.956e+06,877.521
4,1052,1.956e+06,1.956e+06,877.521
4,1053,1.956e+06,1.956e+06,877.521
4,1054,1.956e+06,1.956e+06,877.521
4,1055,1.956e+06,1.956e+06,877.521
4,1056,1.956e+06,1.956e+06,877.521
4,1057,1.956e+06,1.956e+06,877.521
4,1058,1.956e+06,1.956e+06,877.521
4,1059,1.956e+06,1.956e+06,877.521
4,1060,1.956e+06,1.956e+06,877.521
4,1061,1.956e+06,1.956e+06,877.521
4,1062,1.956e+06,1.956e+06,877.521
4,1063,1.956e+06,1.956e+06,877.521
4,1064,1.956e+06,1.956e+06,877.521
4,1065,1.956e+06,1.956e+06,877.521
4,1066,1.956e+06,1.956e+06,877.521
4,1067,1.956e+06,1.956e+06,877.521
4,1068,1.956e+06,1.956e+06,877.521
4,1069,1.956e+06,1.956e+06,877.521
4,1070,1.956e+06,1.956e+06,877.521
4,1071,1.956e+06,1.956e+06,877.521
4,1072,1.956e+06,1.956e+06,877.521
4,1073,1.956e+06,1.956e+06,877.521
4,1074,1.956e+06,1.956e+06,877.521
4,1075,1.956e+06,1.9561e+06,877.521
4,1076,1.956e+06,1.9561e+06,877.521
4,1077,1.956e+06,1.9561e+06,877.521
4,1078,1.956e+06,1.9561e+06,877.521
4,1079,1.956e+06,1.9561e+06,877.521
4,1080,1.956e+06,1.9561e+06,877.521
4,1081,1.956e+06,1.9561e+06,877.521
4,1082,1.956e+06,1.9561e+06,877.521
4,1083,1.956e+06,1.9561e+06,877.521
4,1084,1.956e+06,1.9561e+06,877.521
4,1085,1.956e+06,1.9561e+06,877.521
4,1086,1.956e+06,1.9561e+06,877.521
4,1087,1.956e+06,1.9561e+06,877.521
4,1088,1.956e+06,1.956e+06,877.521
4,1089,1.956e+06,1.956e+06,877.521
4,1090,1.956e+06,1.956e+06,877.521
4,1091,1.956e+06,1.956e+06,877.521
4,1092,1.956e+06,1.956e+06,877.521
4,1093,1.956e+06,1.956e+06,877.521
4,1094,1.956e+06,1.956e+06,877.521
4,1095,1.956e+06,1.956e+06,877.521
4,1096,1.956e+06,1.956e+06,877.521
4,1097,1.956e+06,1.95603e+06,877.521
4,1098,1.956e+06,1.95603e+06,877.521
4,1099,1.956e+06,1.95696e+06,877.521
4,1100,1.956e+06,1.95696e+06,877.521
4,1101,1.956e+06,1.95696e+06,877.521
4,1102,1.956e+06,1.95603e+06,877.521
4,1103,1.956e+06,1.95603e+06,877.521
4,1104,1.956e+06,1.95603e+06,877.521
4,1105,1.956e+06,1.95603e+06,877.521
4,1106,1.956e+06,1.95603e+06,877.521
4,1107,1.956e+06,1.95603e+06,877.521
4,1108,1.956e+06,1.95603e+06,877.521
4,1109,1.956e+06,1.95603e+06,877.521
4,1110,1.956e+06,1.95603e+06,877.521
4,1111,1.956e+06,1.95603e+06,877.521
4,1112,1.956e+06,1.95603e+06,877.521
4,1113,1.956e+06,1.95603e+06,877.521
4,1114,1.956e+06,1.95603e+06,877.521
4,1115,1.956e+06,1.95603e+06,877.521
4,1116,1.956e+06,1.95603e+06,877.521
4,1117,1.956e+06,1.956e+06,877.521
4,1118,1.956e+06,1.956e+06,877.521
4,1119,1.956e+06,1.956e+06,877.521
4,1120,1.956e+06,1.956e+06,877.521
4,1121,1.956e+06,1.956e+06,868.746
4,1122,1.956e+06,1.956e+06,868.746
4,1123,1.956e+06,1.956e+06,868.746
4,1124,1.956e+06,1.956e+06,868.746
4,1125,1.956e+06,1.956e+06,868.746
4,1126,1.956e+06,1.95693e+06,868.746
4,1127,1.956e+06,1.95693e+06,868.746
4,1128,1.956e+06,1.95693e+06,868.746
4,1129,1.956e+06,1.95693e+06,868.746
4,1130,1.956e+06,1.95693e+06,868.746
4,1131,1.956e+06,1.95693e+06,868.746
4,1132,1.956e+06,1.95693e+06,868.746
4,1133,1.956e+06,1.95693e+06,868.746
4,1134,1.956e+06,1.95693e+06,868.746
4,1135,1.956e+06,1.95693e+06,868.746
4,1136,1.956e+06,1.95693e+06,868.746
4,1137,1.956e+06,1.95693e+06,868.746
4,1138,1.956e+06,1.95693e+06,868.746
4,1139,1.956e+06,1.95693e+06,868.746
4,1140,1.956e+06,1.95693e+06,868.746
4,1141,1.956e+06,1.95693e+06,868.746
4,1142,1.956e+06,1.95693e+06,868.746
4,1143,1.956e+06,1.95693e+06,868.746
4,1144,1.956e+06,1.95693e+06,868.746
4,1145,1.956e+06,1.957e+06,868.746
4,1146,1.956e+06,1.957e+06,868.746
4,1147,1.956e+06,1.957e+06,868.746
4,1148,1.956e+06,1.957e+06,868.746
4,1149,1.956e+06,1.957e+06,868.746
4,1150,1.956e+06,1.957e+06,868.746
4,1151,1.956e+06,1.957e+06,868.746
4,1152,1.956e+06,1.95693e+06,868.746
4,1153,1.956e+06,1.95693e+06,868.746
4,1154,1.956e+06,1.95693e+06,868.746
4,1155,1.956e+06,1.95693e+06,868.746
4,1156,1.956e+06,1.95693e+06,868.746
4,1157,1.956e+06,1.95693e+06,868.746
4,1158,1.956e+06,1.95601e+06,868.746
4,1159,1.956e+06,1.95601e+06,868.746
4,1160,1.956e+06,1.95601e+06,868.746
4,1161,1.956e+06,1.95601e+06,868.746
4,1162,1.956e+06,1.95601e+06,868.746
4,1163,1.956e+06,1.95601e+06,868.746
4,1164,1.956e+06,1.95601e+06,868.746
4,1165,1.956e+06,1.95601e+06,868.746
4,1166,1.956e+06,1.956e+06,868.746
4,1167,1.956e+06,1.956e+06,868.746
4,1168,1.956e+06,1.956e+06,868.746
4,1169,1.956e+06,1.956e+06,868.746
4,1170,1.956e+06,1.956e+06,868.746
4,1171,1.956e+06,1.956e+06,868.746
4,1172,1.956e+06,1.956e+06,868.746
4,1173,1.956e+06,1.956e+06,868.746
4,1174,1.956e+06,1.956e+06,868.746
4,1175,1.956e+06,1.956e+06,868.746
4,1176,1.956e+06,1.956e+06,868.746
4,1177,1.956e+06,1.956e+06,868.746
4,1178,1.956e+06,1.956e+06,868.746
4,1179,1.956e+06,1.956e+06,868.746
4,1180,1.956e+06,1.956e+06,868.746
4,1181,1.956e+06,1.956e+06,868.746
4,1182,1.956e+06,1.956e+06,868.746
4,1183,1.956e+06,1.956e+06,868.746
4,1184,1.956e+06,1.956e+06,868.746
4,1185,1.956e+06,1.956e+06,868.746
4,1186,1.956e+06,1.956e+06,868.746
4,1187,1.956e+06,1.956e+06,868.746
4,1188,1.956e+06,1.956e+06,868.746
4,1189,1.956e+06,1.956e+06,868.746
4,1190,1.956e+06,1.956e+06,868.746
4,1191,1.956e+06,1.956e+06,868.746
4,1192,1.956e+06,1.9561e+06,868.746
4,1193,1.956e+06,1.9561e+06,868.746
4,1194,1.956e+06,1.956e+06,868.746
4,1195,1.956e+06,1.956e+06,868.746
4,1196,1.956e+06,1.956e+06,868.746
4,1197,1.956e+06,1.956e+06,868.746
4,1198,1.956e+06,1.956e+06,868.746
4,1199,1.956e+06,1.956e+06,868.746
4,1200,1.956e+06,1.956e+06,868.746
4,1201,1.956e+06,1.956e+06,860.058
4,1202,1.956e+06,1.956e+06,860.058
4,1203,1.956e+06,1.956e+06,860.058
4,1204,1.956e+06,1.956e+06,860.058
4,1205,1.956e+06,1.956e+06,860.058
4,1206,1.956e+06,1.956e+06,860.058
4,1207,1.956e+06,1.956e+06,860.058
4,1208,1.956e+06,1.956e+06,860.058
4,1209,1.956e+06,1.956e+06,860.058
4,1210,1.956e+06,1.956e+06,860.058
4,1211,1.956e+06,1.956e+06,860.058
4,1212,1.956e+06,1.95693e+06,860.058
4,1213,1.956e+06,1.95693e+06,860.058
4,1214,1.956e+06,1.95702e+06,860.058
4,1215,1.956e+06,1.95702e+06,860.058
4,1216,1.956e+06,1.95702e+06,860.058
4,1217,1.956e+06,1.95702e+06,860.058
4,1218,1.956e+06,1.95695e+06,860.058
4,1219,1.956e+06,1.95695e+06,860.058
4,1220,1.956e+06,1.95695e+06,860.058
4,1221,1.956e+06,1.95695e+06,860.058
4,1222,1.956e+06,1.95695e+06,860.058
4,1223,1.956e+06,1.95693e+06,860.058
4,1224,1.956e+06,1.95693e+06,860.058
4,1225,1.956e+06,1.95693e+06,860.058
4,1226,1.956e+06,1.95693e+06,860.058
4,1227,1.956e+06,1.95693e+06,860.058
4,1228,1.956e+06,1.95601e+06,860.058
4,1229,1.956e+06,1.95601e+06,860.058
4,1230,1.956e+06,1.95601e+06,860.058
4,1231,1.956e+06,1.95601e+06,860.058
4,1232,1.956e+06,1.95601e+06,860.058
4,1233,1.956e+06,1.95601e+06,860.058
4,1234,1.956e+06,1.95601e+06,860.058
4,1235,1.956e+06,1.95601e+06,860.058
4,1236,1.956e+06,1.95601e+06,860.058
4,1237,1.956e+06,1.95601e+06,860.058
4,1238,1.956e+06,1.95601e+06,860.058
4,1239,1.956e+06,1.95601e+06,860.058
4,1240,1.956e+06,1.95601e+06,860.058
4,1241,1.956e+06,1.95609e+06,860.058
4,1242,1.956e+06,1.95609e+06,860.058
4,1243,1.956e+06,1.95609e+06,860.058
4,1244,1.956e+06,1.95609e+06,860.058
4,1245,1.956e+06,1.95609e+06,860.058
4,1246,1.956e+06,1.95601e+06,860.058
4,1247,1.956e+06,1.95601e+06,860.058
4,1248,1.956e+06,1.95601e+06,860.058
4,1249,1.956e+06,1.95601e+06,860.058
4,1250,1.956e+06,1.95601e+06,860.058
4,1251,1.956e+06,1.95601e+06,860.058
4,1252,1.956e+06,1.956e+06,860.058
4,1253,1.956e+06,1.956e+06,860.058
4,1254,1.956e+06,1.956e+06,860.058
4,1255,1.956e+06,1.956e+06,860.058
4,1256,1.956e+06,1.956e+06,860.058
4,1257,1.956e+06,1.956e+06,860.058
4,1258,1.956e+06,1.956e+06,860.058
4,1259,1.956e+06,1.956e+06,860.058
4,1260,1.956e+06,1.956e+06,860.058
4,1261,1.956e+06,1.956e+06,860.058
4,1262,1.956e+06,1.956e+06,860.058
4,1263,1.956e+06,1.956e+06,860.058
4,1264,1.956e+06,1.956e+06,860.058
4,1265,1.956e+06,1.956e+06,860.058
4,1266,1.956e+06,1.956e+06,860.058
4,1267,1.956e+06,1.956e+06,860.058
4,1268,1.956e+06,1.956e+06,860.058
4,1269,1.956e+06,1.956e+06,860.058
4,1270,1.956e+06,1.956e+06,860.058
4,1271,1.956e+06,1.956e+06,860.058
4,1272,1.956e+06,1.956e+06,860.058
4,1273,1.956e+06,1.956e+06,860.058
4,1274,1.956e+06,1.956e+06,860.058
4,1275,1.956e+06,1.956e+06,860.058
4,1276,1.956e+06,1.956e+06,860.058
4,1277,1.956e+06,1.956e+06,860.058
4,1278,1.956e+06,1.956e+06,860.058
4,1279,1.956e+06,1.956e+06,860.058
4,1280,1.956e+06,1.956e+06,860.058
4,1281,1.956e+06,1.956e+06,851.458
4,1282,1.956e+06,1.956e+06,851.458
4,1283,1.956e+06,1.956e+06,851.458
4,1284,1.956e+06,1.956e+06,851.458
4,1285,1.956e+06,1.956e+06,851.458
4,1286,1.956e+06,1.956e+06,851.458
4,1287,1.956e+06,1.956e+06,851.458
4,1288,1.956e+06,1.956e+06,851.458
4,1289,1.956e+06,1.956e+06,851.458
4,1290,1.956e+06,1.956e+06,851.458
4,1291,1.956e+06,1.95701e+06,851.458
4,1292,1.956e+06,1.95701e+06,851.458
4,1293,1.956e+06,1.95701e+06,851.458
4,1294,1.956e+06,1.95702e+06,851.458
4,1295,1.956e+06,1.95701e+06,851.458
4,1296,1.956e+06,1.95701e+06,851.458
4,1297,1.956e+06,1.95701e+06,851.458
4,1298,1.956e+06,1.95695e+06,851.458
4,1299,1.956e+06,1.95693e+06,851.458
4,1300,1.956e+06,1.95693e+06,851.458
4,1301,1.956e+06,1.95693e+06,851.458
4,1302,1.956e+06,1.95693e+06,851.458
4,1303,1.956e+06,1.95693e+06,851.458
4,1304,1.956e+06,1.95693e+06,851.458
4,1305,1.956e+06,1.95693e+06,851.458
4,1306,1.956e+06,1.95693e+06,851.458
4,1307,1.956e+06,1.95693e+06,851.458
4,1308,1.956e+06,1.95693e+06,851.458
4,1309,1.956e+06,1.95693e+06,851.458
4,1310,1.956e+06,1.95693e+06,851.458
4,1311,1.956e+06,1.95693e+06,851.458
4,1312,1.956e+06,1.95693e+06,851.458
4,1313,1.956e+06,1.95693e+06,851.458
4,1314,1.956e+06,1.95693e+06,851.458
4,1315,1.956e+06,1.95693e+06,851.458
4,1316,1.956e+06,1.95693e+06,851.458
4,1317,1.956e+06,1.95693e+06,851.458
4,1318,1.956e+06,1.95693e+06,851.458
4,1319,1.956e+06,1.95693e+06,851.458
4,1320,1.956e+06,1.95693e+06,851.458
4,1321,1.956e+06,1.95693e+06,851.458
4,1322,1.956e+06,1.95693e+06,851.458
4,1323,1.956e+06,1.95693e+06,851.458
4,1324,1.956e+06,1.95693e+06,851.458
4,1325,1.956e+06,1.95693e+06,851.458
4,1326,1.956e+06,1.95693e+06,851.458
4,1327,1.956e+06,1.95693e+06,851.458
4,1328,1.956e+06,1.95693e+06,851.458
4,1329,1.956e+06,1.95693e+06,851.458
4,1330,1.956e+06,1.95693e+06,851.458
4,1331,1.956e+06,1.95693e+06,851.458
4,1332,1.956e+06,1.956e+06,851.458
4,1333,1.956e+06,1.956e+06,851.458
4,1334,1.956e+06,1.956e+06,851.458
4,1335,1.956e+06,1.956e+06,851.458
4,1336,1.956e+06,1.956e+06,851.458
4,1337,1.956e+06,1.956e+06,851.458
4,1338,1.956e+06,1.956e+06,851.458
4,1339,1.956e+06,1.956e+06,851.458
4,1340,1.956e+06,1.956e+06,851.458
4,1341,1.956e+06,1.956e+06,851.458
4,1342,1.956e+06,1.956e+06,851.458
4,1343,1.956e+06,1.956e+06,851.458
4,1344,1.956e+06,1.956e+06,851.458
4,1345,1.956e+06,1.956e+06,851.458
4,1346,1.956e+06,1.956e+06,851.458
4,1347,1.956e+06,1.956e+06,851.458
4,1348,1.956e+06,1.956e+06,851.458
4,1349,1.956e+06,1.956e+06,851.458
4,1350,1.956e+06,1.956e+06,851.458
4,1351,1.956e+06,1.956e+06,851.458
4,1352,1.956e+06,1.956e+06,851.458
4,1353,1.956e+06,1.956e+06,851.458
4,1354,1.956e+06,1.956e+06,851.458
4,1355,1.956e+06,1.956e+06,851.458
4,1356,1.956e+06,1.956e+06,851.458
4,1357,1.956e+06,1.956e+06,851.458
4,1358,1.956e+06,1.956e+06,851.458
4,1359,1.956e+06,1.956e+06,851.458
4,1360,1.956e+06,1.956e+06,851.458
4,1361,1.956e+06,1.956e+06,842.943
4,1362,1.956e+06,1.956e+06,842.943
4,1363,1.956e+06,1.956e+06,842.943
4,1364,1.956e+06,1.956e+06,842.943
4,1365,1.956e+06,1.956e+06,842.943
4,1366,1.956e+06,1.956e+06,842.943
4,1367,1.956e+06,1.956e+06,842.943
4,1368,1.956e+06,1.956e+06,842.943
4,1369,1.956e+06,1.956e+06,842.943
4,1370,1.956e+06,1.956e+06,842.943
4,1371,1.956e+06,1.956e+06,842.943
4,1372,1.956e+06,1.956e+06,842.943
4,1373,1.956e+06,1.956e+06,842.943
4,1374,1.956e+06,1.956e+06,842.943
4,1375,1.956e+06,1.956e+06,842.943
4,1376,1.956e+06,1.956e+06,842.943
4,1377,1.956e+06,1.956e+06,842.943
4,1378,1.956e+06,1.956e+06,842.943
4,1379,1.956e+06,1.956e+06,842.943
4,1380,1.956e+06,1.956e+06,842.943
4,1381,1.956e+06,1.956e+06,842.943
4,1382,1.956e+06,1.956e+06,842.943
4,1383,1.956e+06,1.956e+06,842.943
4,1384,1.956e+06,1.956e+06,842.943
4,1385,1.956e+06,1.956e+06,842.943
4,1386,1.956e+06,1.956e+06,842.943
4,1387,1.956e+06,1.956e+06,842.943
4,1388,1.956e+06,1.956e+06,842.943
4,1389,1.956e+06,1.956e+06,842.943
4,1390,1.956e+06,1.956e+06,842.943
4,1391,1.956e+06,1.956e+06,842.943
4,1392,1.956e+06,1.956e+06,842.943
4,1393,1.956e+06,1.956e+06,842.943
4,1394,1.956e+06,1.956e+06,842.943
4,1395,1.956e+06,1.956e+06,842.943
4,1396,1.956e+06,1.956e+06,842.943
4,1397,1.956e+06,1.956e+06,842.943
4,1398,1.956e+06,1.956e+06,842.943
4,1399,1.956e+06,1.956e+06,842.943
4,1400,1.956e+06,1.956e+06,842.943
4,1401,1.956e+06,1.956e+06,842.943
4,1402,1.956e+06,1.956e+06,842.943
4,1403,1.956e+06,1.956e+06,842.943
4,1404,1.956e+06,1.956e+06,842.943
4,1405,1.956e+06,1.95651e+06,842.943
4,1406,1.956e+06,1.95651e+06,842.943
4,1407,1.956e+06,1.95651e+06,842.943
4,1408,1.956e+06,1.95661e+06,842.943
4,1409,1.956e+06,1.95661e+06,842.943
4,1410,1.956e+06,1.95661e+06,842.943
4,1411,1.956e+06,1.95661e+06,842.943
4,1412,1.956e+06,1.95658e+06,842.943
4,1413,1.956e+06,1.95658e+06,842.943
4,1414,1.956e+06,1.95658e+06,842.943
4,1415,1.956e+06,1.95658e+06,842.943
4,1416,1.956e+06,1.95658e+06,842.943
4,1417,1.956e+06,1.95658e+06,842.943
4,1418,1.956e+06,1.95658e+06,842.943
4,1419,1.956e+06,1.95658e+06,842.943
4,1420,1.956e+06,1.95658e+06,842.943
4,1421,1.956e+06,1.95658e+06,842.943
4,1422,1.956e+06,1.95658e+06,842.943
4,1423,1.956e+06,1.95658e+06,842.943
4,1424,1.956e+06,1.95658e+06,842.943
4,1425,1.956e+06,1.95651e+06,842.943
4,1426,1.956e+06,1.95651e+06,842.943
4,1427,1.956e+06,1.95651e+06,842.943
4,1428,1.956e+06,1.95651e+06,842.943
4,1429,1.956e+06,1.95651e+06,842.943
4,1430,1.956e+06,1.95651e+06,842.943
4,1431,1.956e+06,1.95651e+06,842.943
4,1432,1.956e+06,1.95651e+06,842.943
4,1433,1.956e+06,1.95651e+06,842.943
4,1434,1.956e+06,1.95651e+06,842.943
4,1435,1.956e+06,1.95651e+06,842.943
4,1436,1.956e+06,1.95651e+06,842.943
4,1437,1.956e+06,1.95651e+06,842.943
4,1438,1.956e+06,1.95651e+06,842.943
4,1439,1.956e+06,1.95651e+06,842.943
4,1440,1.956e+06,1.956e+06,842.943
4,1441,1.956e+06,1.956e+06,834.514
4,1442,1.956e+06,1.956e+06,834.514
4,1443,1.956e+06,1.956e+06,834.514
4,1444,1.956e+06,1.956e+06,834.514
4,1445,1.956e+06,1.956e+06,834.514
4,1446,1.956e+06,1.956e+06,834.514
4,1447,1.956e+06,1.956e+06,834.514
4,1448,1.956e+06,1.956e+06,834.514
4,1449,1.956e+06,1.956e+06,834.514
4,1450,1.956e+06,1.956e+06,834.514
4,1451,1.956e+06,1.956e+06,834.514
4,1452,1.956e+06,1.956e+06,834.514
4,1453,1.956e+06,1.956e+06,834.514
4,1454,1.956e+06,1.956e+06,834.514
4,1455,1.956e+06,1.956e+06,834.514
4,1456,1.956e+06,1.956e+06,834.514
4,1457,1.956e+06,1.956e+06,834.514
4,1458,1.956e+06,1.956e+06,834.514
4,1459,1.956e+06,1.956e+06,834.514
4,1460,1.956e+06,1.956e+06,834.514
4,1461,1.956e+06,1.956e+06,834.514
4,1462,1.956e+06,1.956e+06,834.514
4,1463,1.956e+06,1.956e+06,834.514
4,1464,1.956e+06,1.956e+06,834.514
4,1465,1.956e+06,1.956e+06,834.514
4,1466,1.956e+06,1.956e+06,834.514
4,1467,1.956e+06,1.956e+06,834.514
4,1468,1.956e+06,1.956e+06,834.514
4,1469,1.956e+06,1.956e+06,834.514
4,1470,1.956e+06,1.956e+06,834.514
4,1471,1.956e+06,1.956e+06,834.514
4,1472,1.956e+06,1.956e+06,834.514
4,1473,1.956e+06,1.956e+06,834.514
4,1474,1.956e+06,1.956e+06,834.514
4,1475,1.956e+06,1.956e+06,834.514
4,1476,1.956e+06,1.956e+06,834.514
4,1477,1.956e+06,1.956e+06,834.514
4,1478,1.956e+06,1.956e+06,834.514
4,1479,1.956e+06,1.956e+06,834.514
4,1480,1.956e+06,1.956e+06,834.514
4,1481,1.956e+06,1.956e+06,834.514
4,1482,1.956e+06,1.956e+06,834.514
4,1483,1.956e+06,1.956e+06,834.514
4,1484,1.956e+06,1.956e+06,834.514
4,1485,1.956e+06,1.956e+06,834.514
4,1486,1.956e+06,1.956e+06,834.514
4,1487,1.956e+06,1.956e+06,834.514
4,1488,1.956e+06,1.956e+06,834.514
4,1489,1.956e+06,1.956e+06,834.514
4,1490,1.956e+06,1.956e+06,834.514
4,1491,1.956e+06,1.956e+06,834.514
4,1492,1.956e+06,1.956e+06,834.514
4,1493,1.956e+06,1.956e+06,834.514
4,1494,1.956e+06,1.956e+06,834.514
4,1495,1.956e+06,1.956e+06,834.514
4,1496,1.956e+06,1.956e+06,834.514
4,1497,1.956e+06,1.956e+06,834.514
4,1498,1.956e+06,1.956e+06,834.514
4,1499,1.956e+06,1.956e+06,834.514
4,1500,1.956e+06,1.956e+06,834.514
4,1501,1.956e+06,1.956e+06,834.514
4,1502,1.956e+06,1.956e+06,834.514
4,1503,1.956e+06,1.956e+06,834.514
4,1504,1.956e+06,1.956e+06,834.514
4,1505,1.956e+06,1.956e+06,834.514
4,1506,1.956e+06,1.956e+06,834.514
4,1507,1.956e+06,1.956e+06,834.514
4,1508,1.956e+06,1.956e+06,834.514
4,1509,1.956e+06,1.956e+06,834.514
4,1510,1.956e+06,1.956e+06,834.514
4,1511,1.956e+06,1.956e+06,834.514
4,1512,1.956e+06,1.956e+06,834.514
4,1513,1.956e+06,1.9561e+06,834.514
4,1514,1.956e+06,1.9561e+06,834.514
4,1515,1.956e+06,1.9561e+06,834.514
4,1516,1.956e+06,1.9561e+06,834.514
4,1517,1.956e+06,1.956e+06,834.514
4,1518,1.956e+06,1.956e+06,834.514
4,1519,1.956e+06,1.956e+06,834.514
4,1520,1.956e+06,1.956e+06,834.514
4,1521,1.956e+06,1.956e+06,826.169
4,1522,1.956e+06,1.956e+06,826.169
4,1523,1.956e+06,1.956e+06,826.169
4,1524,1.956e+06,1.956e+06,826.169
4,1525,1.956e+06,1.956e+06,826.169
4,1526,1.956e+06,1.956e+06,826.169
4,1527,1.956e+06,1.956e+06,826.169
4,1528,1.956e+06,1.956e+06,826.169
4,1529,1.956e+06,1.956e+06,826.169
4,1530,1.956e+06,1.956e+06,826.169
4,1531,1.956e+06,1.95701e+06,826.169
4,1532,1.956e+06,1.95701e+06,826.169
4,1533,1.956e+06,1.95701e+06,826.169
4,1534,1.956e+06,1.95701e+06,826.169
4,1535,1.956e+06,1.95701e+06,826.169
4,1536,1.956e+06,1.95609e+06,826.169
4,1537,1.956e+06,1.95609e+06,826.169
4,1538,1.956e+06,1.956e+06,826.169
4,1539,1.956e+06,1.956e+06,826.169
4,1540,1.956e+06,1.956e+06,826.169
4,1541,1.956e+06,1.956e+06,826.169
4,1542,1.956e+06,1.956e+06,826.169
4,1543,1.956e+06,1.956e+06,826.169
4,1544,1.956e+06,1.956e+06,826.169
4,1545,1.956e+06,1.956e+06,826.169
4,1546,1.956e+06,1.956e+06,826.169
4,1547,1.956e+06,1.956e+06,826.169
4,1548,1.956e+06,1.956e+06,826.169
4,1549,1.956e+06,1.956e+06,826.169
4,1550,1.956e+06,1.956e+06,826.169
4,1551,1.956e+06,1.956e+06,826.169
4,1552,1.956e+06,1.956e+06,826.169
4,1553,1.956e+06,1.956e+06,826.169
4,1554,1.956e+06,1.956e+06,826.169
4,1555,1.956e+06,1.956e+06,826.169
4,1556,1.956e+06,1.956e+06,826.169
4,1557,1.956e+06,1.956e+06,826.169
4,1558,1.956e+06,1.956e+06,826.169
4,1559,1.956e+06,1.956e+06,826.169
4,1560,1.956e+06,1.956e+06,826.169
4,1561,1.956e+06,1.956e+06,826.169
4,1562,1.956e+06,1.956e+06,826.169
4,1563,1.956e+06,1.956e+06,826.169
4,1564,1.956e+06,1.956e+06,826.169
4,1565,1.956e+06,1.956e+06,826.169
4,1566,1.956e+06,1.956e+06,826.169
4,1567,1.956e+06,1.95693e+06,826.169
4,1568,1.956e+06,1.95692e+06,826.169
4,1569,1.956e+06,1.95692e+06,826.169
4,1570,1.956e+06,1.95692e+06,826.169
4,1571,1.956e+06,1.95692e+06,826.169
4,1572,1.956e+06,1.95692e+06,826.169
4,1573,1.956e+06,1.95692e+06,826.169
4,1574,1.956e+06,1.95692e+06,826.169
4,1575,1.956e+06,1.95692e+06,826.169
4,1576,1.956e+06,1.95794e+06,826.169
4,1577,1.956e+06,1.95794e+06,826.169
4,1578,1.956e+06,1.95794e+06,826.169
4,1579,1.956e+06,1.95794e+06,826.169
4,1580,1.956e+06,1.95794e+06,826.169
4,1581,1.956e+06,1.95794e+06,826.169
4,1582,1.956e+06,1.95701e+06,826.169
4,1583,1.956e+06,1.95701e+06,826.169
4,1584,1.956e+06,1.95701e+06,826.169
4,1585,1.956e+06,1.95702e+06,826.169
4,1586,1.956e+06,1.95702e+06,826.169
4,1587,1.956e+06,1.95702e+06,826.169
4,1588,1.956e+06,1.9561e+06,826.169
4,1589,1.956e+06,1.9561e+06,826.169
4,1590,1.956e+06,1.9561e+06,826.169
4,1591,1.956e+06,1.9561e+06,826.169
4,1592,1.956e+06,1.9561e+06,826.169
4,1593,1.956e+06,1.9561e+06,826.169
4,1594,1.956e+06,1.9561e+06,826.169
4,1595,1.956e+06,1.9561e+06,826.169
4,1596,1.956e+06,1.9561e+06,826.169
4,1597,1.956e+06,1.9561e+06,826.169
4,1598,1.956e+06,1.9561e+06,826.169
4,1599,1.956e+06,1.9561e+06,826.169
4,1600,1.956e+06,1.9561e+06,826.169
4,1601,1.956e+06,1.9561e+06,817.907
4,1602,1.956e+06,1.9561e+06,817.907
4,1603,1.956e+06,1.9561e+06,817.907
4,1604,1.956e+06,1.9561e+06,817.907
4,1605,1.956e+06,1.95602e+06,817.907
4,1606,1.956e+06,1.95602e+06,817.907
4,1607,1.956e+06,1.95602e+06,817.907
4,1608,1.956e+06,1.95602e+06,817.907
4,1609,1.956e+06,1.95602e+06,817.907
4,1610,1.956e+06,1.95602e+06,817.907
4,1611,1.956e+06,1.95602e+06,817.907
4,1612,1.956e+06,1.95602e+06,817.907
4,1613,1.956e+06,1.95602e+06,817.907
4,1614,1.956e+06,1.95602e+06,817.907
4,1615,1.956e+06,1.95602e+06,817.907
4,1616,1.956e+06,1.95602e+06,817.907
4,1617,1.956e+06,1.95602e+06,817.907
4,1618,1.956e+06,1.95602e+06,817.907
4,1619,1.956e+06,1.95602e+06,817.907
4,1620,1.956e+06,1.95602e+06,817.907
4,1621,1.956e+06,1.95611e+06,817.907
4,1622,1.956e+06,1.95611e+06,817.907
4,1623,1.956e+06,1.95611e+06,817.907
4,1624,1.956e+06,1.95611e+06,817.907
4,1625,1.956e+06,1.95611e+06,817.907
4,1626,1.956e+06,1.95611e+06,817.907
4,1627,1.956e+06,1.95611e+06,817.907
4,1628,1.956e+06,1.95611e+06,817.907
4,1629,1.956e+06,1.95611e+06,817.907
4,1630,1.956e+06,1.95611e+06,817.907
4,1631,1.956e+06,1.95611e+06,817.907
4,1632,1.956e+06,1.95611e+06,817.907
4,1633,1.956e+06,1.95611e+06,817.907
4,1634,1.956e+06,1.95611e+06,817.907
4,1635,1.956e+06,1.95611e+06,817.907
4,1636,1.956e+06,1.95611e+06,817.907
4,1637,1.956e+06,1.95611e+06,817.907
4,1638,1.956e+06,1.95611e+06,817.907
4,1639,1.956e+06,1.9561e+06,817.907
4,1640,1.956e+06,1.9561e+06,817.907
4,1641,1.956e+06,1.9561e+06,817.907
4,1642,1.956e+06,1.9561e+06,817.907
4,1643,1.956e+06,1.95609e+06,817.907
4,1644,1.956e+06,1.95609e+06,817.907
4,1645,1.956e+06,1.95609e+06,817.907
4,1646,1.956e+06,1.95609e+06,817.907
4,1647,1.956e+06,1.95609e+06,817.907
4,1648,1.956e+06,1.95609e+06,817.907
4,1649,1.956e+06,1.95609e+06,817.907
4,1650,1.956e+06,1.95609e+06,817.907
4,1651,1.956e+06,1.95609e+06,817.907
4,1652,1.956e+06,1.95609e+06,817.907
4,1653,1.956e+06,1.95609e+06,817.907
4,1654,1.956e+06,1.95609e+06,817.907
4,1655,1.956e+06,1.95609e+06,817.907
4,1656,1.956e+06,1.95609e+06,817.907
4,1657,1.956e+06,1.95609e+06,817.907
4,1658,1.956e+06,1.95609e+06,817.907
4,1659,1.956e+06,1.95609e+06,817.907
4,1660,1.956e+06,1.95609e+06,817.907
4,1661,1.956e+06,1.95609e+06,817.907
4,1662,1.956e+06,1.95609e+06,817.907
4,1663,1.956e+06,1.95609e+06,817.907
4,1664,1.956e+06,1.95601e+06,817.907
4,1665,1.956e+06,1.95601e+06,817.907
4,1666,1.956e+06,1.95601e+06,817.907
4,1667,1.956e+06,1.95601e+06,817.907
4,1668,1.956e+06,1.95601e+06,817.907
4,1669,1.956e+06,1.95601e+06,817.907
4,1670,1.956e+06,1.95601e+06,817.907
4,1671,1.956e+06,1.95601e+06,817.907
4,1672,1.956e+06,1.95601e+06,817.907
4,1673,1.956e+06,1.95601e+06,817.907
4,1674,1.956e+06,1.95601e+06,817.907
4,1675,1.956e+06,1.95601e+06,817.907
4,1676,1.956e+06,1.95601e+06,817.907
4,1677,1.956e+06,1.95601e+06,817.907
4,1678,1.956e+06,1.95601e+06,817.907
4,1679,1.956e+06,1.95601e+06,817.907
4,1680,1.956e+06,1.95601e+06,817.907
4,1681,1.956e+06,1.95601e+06,809.728
4,1682,1.956e+06,1.95601e+06,809.728
4,1683,1.956e+06,1.95601e+06,809.728
4,1684,1.956e+06,1.95601e+06,809.728
4,1685,1.956e+06,1.95601e+06,809.728
4,1686,1.956e+06,1.95601e+06,809.728
4,1687,1.956e+06,1.95601e+06,809.728
4,1688,1.956e+06,1.95601e+06,809.728
4,1689,1.956e+06,1.95601e+06,809.728
4,1690,1.956e+06,1.95601e+06,809.728
4,1691,1.956e+06,1.95601e+06,809.728
4,1692,1.956e+06,1.95601e+06,809.728
4,1693,1.956e+06,1.95601e+06,809.728
4,1694,1.956e+06,1.95601e+06,809.728
4,1695,1.956e+06,1.95601e+06,809.728
4,1696,1.956e+06,1.95601e+06,809.728
4,1697,1.956e+06,1.95601e+06,809.728
4,1698,1.956e+06,1.95601e+06,809.728
4,1699,1.956e+06,1.95601e+06,809.728
4,1700,1.956e+06,1.95601e+06,809.728
4,1701,1.956e+06,1.95601e+06,809.728
4,1702,1.956e+06,1.95601e+06,809.728
4,1703,1.956e+06,1.95601e+06,809.728
4,1704,1.956e+06,1.95601e+06,809.728
4,1705,1.956e+06,1.95601e+06,809.728
4,1706,1.956e+06,1.95601e+06,809.728
4,1707,1.956e+06,1.95601e+06,809.728
4,1708,1.956e+06,1.95601e+06,809.728
4,1709,1.956e+06,1.95601e+06,809.728
4,1710,1.956e+06,1.956e+06,809.728
4,1711,1.956e+06,1.956e+06,809.728
4,1712,1.956e+06,1.95693e+06,809.728
4,1713,1.956e+06,1.95693e+06,809.728
4,1714,1.956e+06,1.95693e+06,809.728
4,1715,1.956e+06,1.95693e+06,809.728
4,1716,1.956e+06,1.95693e+06,809.728
4,1717,1.956e+06,1.95693e+06,809.728
4,1718,1.956e+06,1.95693e+06,809.728
4,1719,1.956e+06,1.95693e+06,809.728
4,1720,1.956e+06,1.95693e+06,809.728
4,1721,1.956e+06,1.95693e+06,809.728
4,1722,1.956e+06,1.95693e+06,809.728
4,1723,1.956e+06,1.95693e+06,809.728
4,1724,1.956e+06,1.95693e+06,809.728
4,1725,1.956e+06,1.95693e+06,809.728
4,1726,1.956e+06,1.95693e+06,809.728
4,1727,1.956e+06,1.95693e+06,809.728
4,1728,1.956e+06,1.95693e+06,809.728
4,1729,1.956e+06,1.95693e+06,809.728
4,1730,1.956e+06,1.95693e+06,809.728
4,1731,1.956e+06,1.95693e+06,809.728
4,1732,1.956e+06,1.95693e+06,809.728
4,1733,1.956e+06,1.95693e+06,809.728
4,1734,1.956e+06,1.95693e+06,809.728
4,1735,1.956e+06,1.95693e+06,809.728
4,1736,1.956e+06,1.95693e+06,809.728
4,1737,1.956e+06,1.95693e+06,809.728
4,1738,1.956e+06,1.95693e+06,809.728
4,1739,1.956e+06,1.95693e+06,809.728
4,1740,1.956e+06,1.95693e+06,809.728
4,1741,1.956e+06,1.95693e+06,809.728
4,1742,1.956e+06,1.95693e+06,809.728
4,1743,1.956e+06,1.95693e+06,809.728
4,1744,1.956e+06,1.95693e+06,809.728
4,1745,1.956e+06,1.95693e+06,809.728
4,1746,1.956e+06,1.95693e+06,809.728
4,1747,1.956e+06,1.95693e+06,809.728
4,1748,1.956e+06,1.95693e+06,809.728
4,1749,1.956e+06,1.95693e+06,809.728
4,1750,1.956e+06,1.95693e+06,809.728
4,1751,1.956e+06,1.95693e+06,809.728
4,1752,1.956e+06,1.95693e+06,809.728
4,1753,1.956e+06,1.95701e+06,809.728
4,1754,1.956e+06,1.95701e+06,809.728
4,1755,1.956e+06,1.95701e+06,809.728
4,1756,1.956e+06,1.95695e+06,809.728
4,1757,1.956e+06,1.95695e+06,809.728
4,1758,1.956e+06,1.95695e+06,809.728
4,1759,1.956e+06,1.956e+06,809.728
4,1760,1.956e+06,1.956e+06,809.728
4,1761,1.956e+06,1.956e+06,801.631
4,1762,1.956e+06,1.956e+06,801.631
4,1763,1.956e+06,1.956e+06,801.631
4,1764,1.956e+06,1.956e+06,801.631
4,1765,1.956e+06,1.956e+06,801.631
4,1766,1.956e+06,1.956e+06,801.631
4,1767,1.956e+06,1.956e+06,801.631
4,1768,1.956e+06,1.956e+06,801.631
4,1769,1.956e+06,1.956e+06,801.631
4,1770,1.956e+06,1.956e+06,801.631
4,1771,1.956e+06,1.956e+06,801.631
4,1772,1.956e+06,1.956e+06,801.631
4,1773,1.956e+06,1.956e+06,801.631
4,1774,1.956e+06,1.956e+06,801.631
4,1775,1.956e+06,1.956e+06,801.631
4,1776,1.956e+06,1.956e+06,801.631
4,1777,1.956e+06,1.956e+06,801.631
4,1778,1.956e+06,1.956e+06,801.631
4,1779,1.956e+06,1.956e+06,801.631
4,1780,1.956e+06,1.956e+06,801.631
4,1781,1.956e+06,1.956e+06,801.631
4,1782,1.956e+06,1.956e+06,801.631
4,1783,1.956e+06,1.956e+06,801.631
4,1784,1.956e+06,1.956e+06,801.631
4,1785,1.956e+06,1.956e+06,801.631
4,1786,1.956e+06,1.956e+06,801.631
4,1787,1.956e+06,1.956e+06,801.631
4,1788,1.956e+06,1.9561e+06,801.631
4,1789,1.956e+06,1.9561e+06,801.631
4,1790,1.956e+06,1.9561e+06,801.631
4,1791,1.956e+06,1.9561e+06,801.631
4,1792,1.956e+06,1.9561e+06,801.631
4,1793,1.956e+06,1.9561e+06,801.631
4,1794,1.956e+06,1.9561e+06,801.631
4,1795,1.956e+06,1.9561e+06,801.631
4,1796,1.956e+06,1.9561e+06,801.631
4,1797,1.956e+06,1.9561e+06,801.631
4,1798,1.956e+06,1.9561e+06,801.631
4,1799,1.956e+06,1.9561e+06,801.631
4,1800,1.956e+06,1.9561e+06,801.631
4,1801,1.956e+06,1.9561e+06,801.631
4,1802,1.956e+06,1.9561e+06,801.631
4,1803,1.956e+06,1.9561e+06,801.631
4,1804,1.956e+06,1.9561e+06,801.631
4,1805,1.956e+06,1.9561e+06,801.631
4,1806,1.956e+06,1.9561e+06,801.631
4,1807,1.956e+06,1.9561e+06,801.631
4,1808,1.956e+06,1.95703e+06,801.631
4,1809,1.956e+06,1.95703e+06,801.631
4,1810,1.956e+06,1.95703e+06,801.631
4,1811,1.956e+06,1.95703e+06,801.631
4,1812,1.956e+06,1.95703e+06,801.631
4,1813,1.956e+06,1.95703e+06,801.631
4,1814,1.956e+06,1.9561e+06,801.631
4,1815,1.956e+06,1.9561e+06,801.631
4,1816,1.956e+06,1.9561e+06,801.631
4,1817,1.956e+06,1.956e+06,801.631
4,1818,1.956e+06,1.956e+06,801.631
4,1819,1.956e+06,1.956e+06,801.631
4,1820,1.956e+06,1.956e+06,801.631
4,1821,1.956e+06,1.956e+06,801.631
4,1822,1.956e+06,1.956e+06,801.631
4,1823,1.956e+06,1.956e+06,801.631
4,1824,1.956e+06,1.956e+06,801.631
4,1825,1.956e+06,1.95701e+06,801.631
4,1826,1.956e+06,1.95701e+06,801.631
4,1827,1.956e+06,1.95701e+06,801.631
4,1828,1.956e+06,1.956e+06,801.631
4,1829,1.956e+06,1.956e+06,801.631
4,1830,1.956e+06,1.956e+06,801.631
4,1831,1.956e+06,1.956e+06,801.631
4,1832,1.956e+06,1.956e+06,801.631
4,1833,1.956e+06,1.956e+06,801.631
4,1834,1.956e+06,1.956e+06,801.631
4,1835,1.956e+06,1.956e+06,801.631
4,1836,1.956e+06,1.956e+06,801.631
4,1837,1.956e+06,1.956e+06,801.631
4,1838,1.956e+06,1.956e+06,801.631
4,1839,1.956e+06,1.956e+06,801.631
4,1840,1.956e+06,1.956e+06,801.631
4,1841,1.956e+06,1.956e+06,793.614
4,1842,1.956e+06,1.956e+06,793.614
4,1843,1.956e+06,1.956e+06,793.614
4,1844,1.956e+06,1.956e+06,793.614
4,1845,1.956e+06,1.95701e+06,793.614
4,1846,1.956e+06,1.956e+06,793.614
4,1847,1.956e+06,1.956e+06,793.614
4,1848,1.956e+06,1.956e+06,793.614
4,1849,1.956e+06,1.956e+06,793.614
4,1850,1.956e+06,1.956e+06,793.614
4,1851,1.956e+06,1.956e+06,793.614
4,1852,1.956e+06,1.956e+06,793.614
4,1853,1.956e+06,1.956e+06,793.614
4,1854,1.956e+06,1.956e+06,793.614
4,1855,1.956e+06,1.956e+06,793.614
4,1856,1.956e+06,1.956e+06,793.614
4,1857,1.956e+06,1.956e+06,793.614
4,1858,1.956e+06,1.956e+06,793.614
4,1859,1.956e+06,1.956e+06,793.614
4,1860,1.956e+06,1.956e+06,793.614
4,1861,1.956e+06,1.956e+06,793.614
4,1862,1.956e+06,1.956e+06,793.614
4,1863,1.956e+06,1.956e+06,793.614
4,1864,1.956e+06,1.956e+06,793.614
4,1865,1.956e+06,1.956e+06,793.614
4,1866,1.956e+06,1.956e+06,793.614
4,1867,1.956e+06,1.956e+06,793.614
4,1868,1.956e+06,1.956e+06,793.614
4,1869,1.956e+06,1.956e+06,793.614
4,1870,1.956e+06,1.956e+06,793.614
4,1871,1.956e+06,1.956e+06,793.614
4,1872,1.956e+06,1.956e+06,793.614
4,1873,1.956e+06,1.956e+06,793.614
4,1874,1.956e+06,1.956e+06,793.614
4,1875,1.956e+06,1.956e+06,793.614
4,1876,1.956e+06,1.956e+06,793.614
4,1877,1.956e+06,1.956e+06,793.614
4,1878,1.956e+06,1.956e+06,793.614
4,1879,1.956e+06,1.956e+06,793.614
4,1880,1.956e+06,1.956e+06,793.614
4,1881,1.956e+06,1.95701e+06,793.614
4,1882,1.956e+06,1.95701e+06,793.614
4,1883,1.956e+06,1.95701e+06,793.614
4,1884,1.956e+06,1.95701e+06,793.614
4,1885,1.956e+06,1.95701e+06,793.614
4,1886,1.956e+06,1.95701e+06,793.614
4,1887,1.956e+06,1.95701e+06,793.614
4,1888,1.956e+06,1.95701e+06,793.614
4,1889,1.956e+06,1.95609e+06,793.614
4,1890,1.956e+06,1.956e+06,793.614
4,1891,1.956e+06,1.956e+06,793.614
4,1892,1.956e+06,1.956e+06,793.614
4,1893,1.956e+06,1.956e+06,793.614
4,1894,1.956e+06,1.956e+06,793.614
4,1895,1.956e+06,1.956e+06,793.614
4,1896,1.956e+06,1.956e+06,793.614
4,1897,1.956e+06,1.956e+06,793.614
4,1898,1.956e+06,1.95693e+06,793.614
4,1899,1.956e+06,1.95693e+06,793.614
4,1900,1.956e+06,1.95701e+06,793.614
4,1901,1.956e+06,1.95693e+06,793.614
4,1902,1.956e+06,1.95693e+06,793.614
4,1903,1.956e+06,1.95693e+06,793.614
4,1904,1.956e+06,1.95693e+06,793.614
4,1905,1.956e+06,1.95693e+06,793.614
4,1906,1.956e+06,1.95693e+06,793.614
4,1907,1.956e+06,1.95693e+06,793.614
4,1908,1.956e+06,1.95693e+06,793.614
4,1909,1.956e+06,1.95693e+06,793.614
4,1910,1.956e+06,1.95693e+06,793.614
4,1911,1.956e+06,1.95693e+06,793.614
4,1912,1.956e+06,1.95693e+06,793.614
4,1913,1.956e+06,1.95693e+06,793.614
4,1914,1.956e+06,1.95693e+06,793.614
4,1915,1.956e+06,1.95693e+06,793.614
4,1916,1.956e+06,1.95693e+06,793.614
4,1917,1.956e+06,1.95693e+06,793.614
4,1918,1.956e+06,1.95693e+06,793.614
4,1919,1.956e+06,1.95693e+06,793.614
4,1920,1.956e+06,1.95693e+06,793.614
4,1921,1.956e+06,1.95693e+06,785.678
4,1922,1.956e+06,1.95693e+06,785.678
4,1923,1.956e+06,1.95693e+06,785.678
4,1924,1.956e+06,1.95693e+06,785.678
4,1925,1.956e+06,1.95601e+06,785.678
4,1926,1.956e+06,1.956e+06,785.678
4,1927,1.956e+06,1.956e+06,785.678
4,1928,1.956e+06,1.956e+06,785.678
4,1929,1.956e+06,1.956e+06,785.678
4,1930,1.956e+06,1.956e+06,785.678
4,1931,1.956e+06,1.956e+06,785.678
4,1932,1.956e+06,1.956e+06,785.678
4,1933,1.956e+06,1.956e+06,785.678
4,1934,1.956e+06,1.956e+06,785.678
4,1935,1.956e+06,1.956e+06,785.678
4,1936,1.956e+06,1.956e+06,785.678
4,1937,1.956e+06,1.956e+06,785.678
4,1938,1.956e+06,1.956e+06,785.678
4,1939,1.956e+06,1.956e+06,785.678
4,1940,1.956e+06,1.956e+06,785.678
4,1941,1.956e+06,1.956e+06,785.678
4,1942,1.956e+06,1.956e+06,785.678
4,1943,1.956e+06,1.956e+06,785.678
4,1944,1.956e+06,1.956e+06,785.678
4,1945,1.956e+06,1.956e+06,785.678
4,1946,1.956e+06,1.956e+06,785.678
4,1947,1.956e+06,1.956e+06,785.678
4,1948,1.956e+06,1.956e+06,785.678
4,1949,1.956e+06,1.956e+06,785.678
4,1950,1.956e+06,1.956e+06,785.678
4,1951,1.956e+06,1.956e+06,785.678
4,1952,1.956e+06,1.956e+06,785.678
4,1953,1.956e+06,1.956e+06,785.678
4,1954,1.956e+06,1.956e+06,785.678
4,1955,1.956e+06,1.956e+06,785.678
4,1956,1.956e+06,1.956e+06,785.678
4,1957,1.956e+06,1.956e+06,785.678
4,1958,1.956e+06,1.956e+06,785.678
4,1959,1.956e+06,1.956e+06,785.678
4,1960,1.956e+06,1.956e+06,785.678
4,1961,1.956e+06,1.956e+06,785.678
4,1962,1.956e+06,1.956e+06,785.678
4,1963,1.956e+06,1.956e+06,785.678
4,1964,1.956e+06,1.956e+06,785.678
4,1965,1.956e+06,1.956e+06,785.678
4,1966,1.956e+06,1.956e+06,785.678
4,1967,1.956e+06,1.956e+06,785.678
4,1968,1.956e+06,1.956e+06,785.678
4,1969,1.956e+06,1.956e+06,785.678
4,1970,1.956e+06,1.956e+06,785.678
4,1971,1.956e+06,1.956e+06,785.678
4,1972,1.956e+06,1.956e+06,785.678
4,1973,1.956e+06,1.956e+06,785.678
4,1974,1.956e+06,1.956e+06,785.678
4,1975,1.956e+06,1.956e+06,785.678
4,1976,1.956e+06,1.956e+06,785.678
4,1977,1.956e+06,1.956e+06,785.678
4,1978,1.956e+06,1.956e+06,785.678
4,1979,1.956e+06,1.956e+06,785.678
4,1980,1.956e+06,1.956e+06,785.678
4,1981,1.956e+06,1.956e+06,785.678
4,1982,1.956e+06,1.956e+06,785.678
4,1983,1.956e+06,1.956e+06,785.678
4,1984,1.956e+06,1.956e+06,785.678
4,1985,1.956e+06,1.956e+06,785.678
4,1986,1.956e+06,1.956e+06,785.678
4,1987,1.956e+06,1.956e+06,785.678
4,1988,1.956e+06,1.956e+06,785.678
4,1989,1.956e+06,1.956e+06,785.678
4,1990,1.956e+06,1.956e+06,785.678
4,1991,1.956e+06,1.956e+06,785.678
4,1992,1.956e+06,1.956e+06,785.678
4,1993,1.956e+06,1.956e+06,785.678
4,1994,1.956e+06,1.956e+06,785.678
4,1995,1.956e+06,1.956e+06,785.678
4,1996,1.956e+06,1.956e+06,785.678
4,1997,1.956e+06,1.956e+06,785.678
4,1998,1.956e+06,1.956e+06,785.678
4,1999,1.956e+06,1.956e+06,785.678
4,2000,1.956e+06,1.956e+06,785.678
4,2001,1.956e+06,1.956e+06,777.821
4,2002,1.956e+06,1.956e+06,777.821
4,2003,1.956e+06,1.956e+06,777.821
4,2004,1.956e+06,1.956e+06,777.821
4,2005,1.956e+06,1.956e+06,777.821
4,2006,1.956e+06,1.956e+06,777.821
4,2007,1.956e+06,1.956e+06,777.821
4,2008,1.956e+06,1.956e+06,777.821
4,2009,1.956e+06,1.956e+06,777.821
4,2010,1.956e+06,1.956e+06,777.821
4,2011,1.956e+06,1.956e+06,777.821
4,2012,1.956e+06,1.956e+06,777.821
4,2013,1.956e+06,1.956e+06,777.821
4,2014,1.956e+06,1.956e+06,777.821
4,2015,1.956e+06,1.956e+06,777.821
4,2016,1.956e+06,1.956e+06,777.821
4,2017,1.956e+06,1.956e+06,777.821
4,2018,1.956e+06,1.956e+06,777.821
4,2019,1.956e+06,1.956e+06,777.821
4,2020,1.956e+06,1.956e+06,777.821
4,2021,1.956e+06,1.956e+06,777.821
4,2022,1.956e+06,1.956e+06,777.821
4,2023,1.956e+06,1.956e+06,777.821
4,2024,1.956e+06,1.956e+06,777.821
4,2025,1.956e+06,1.956e+06,777.821
4,2026,1.956e+06,1.956e+06,777.821
4,2027,1.956e+06,1.956e+06,777.821
4,2028,1.956e+06,1.956e+06,777.821
4,2029,1.956e+06,1.956e+06,777.821
4,2030,1.956e+06,1.956e+06,777.821
4,2031,1.956e+06,1.956e+06,777.821
4,2032,1.956e+06,1.956e+06,777.821
4,2033,1.956e+06,1.956e+06,777.821
4,2034,1.956e+06,1.956e+06,777.821
4,2035,1.956e+06,1.956e+06,777.821
4,2036,1.956e+06,1.956e+06,777.821
4,2037,1.956e+06,1.956e+06,777.821
4,2038,1.956e+06,1.956e+06,777.821
4,2039,1.956e+06,1.956e+06,777.821
4,2040,1.956e+06,1.956e+06,777.821
4,2041,1.956e+06,1.956e+06,777.821
4,2042,1.956e+06,1.956e+06,777.821
4,2043,1.956e+06,1.956e+06,777.821
4,2044,1.956e+06,1.956e+06,777.821
4,2045,1.956e+06,1.956e+06,777.821
4,2046,1.956e+06,1.956e+06,777.821
4,2047,1.956e+06,1.956e+06,777.821
4,2048,1.956e+06,1.956e+06,777.821
4,2049,1.956e+06,1.9561e+06,777.821
4,2050,1.956e+06,1.9561e+06,777.821
4,2051,1.956e+06,1.9561e+06,777.821
4,2052,1.956e+06,1.9561e+06,777.821
4,2053,1.956e+06,1.9561e+06,777.821
4,2054,1.956e+06,1.9561e+06,777.821
4,2055,1.956e+06,1.9561e+06,777.821
4,2056,1.956e+06,1.9561e+06,777.821
4,2057,1.956e+06,1.9561e+06,777.821
4,2058,1.956e+06,1.9561e+06,777.821
4,2059,1.956e+06,1.956e+06,777.821
4,2060,1.956e+06,1.956e+06,777.821
4,2061,1.956e+06,1.956e+06,777.821
4,2062,1.956e+06,1.956e+06,777.821
4,2063,1.956e+06,1.95693e+06,777.821
4,2064,1.956e+06,1.95693e+06,777.821
4,2065,1.956e+06,1.95794e+06,777.821
4,2066,1.956e+06,1.95693e+06,777.821
4,2067,1.956e+06,1.95693e+06,777.821
4,2068,1.956e+06,1.95693e+06,777.821
4,2069,1.956e+06,1.95693e+06,777.821
4,2070,1.956e+06,1.95693e+06,777.821
4,2071,1.956e+06,1.956e+06,777.821
4,2072,1.956e+06,1.956e+06,777.821
4,2073,1.956e+06,1.956e+06,777.821
4,2074,1.956e+06,1.956e+06,777.821
4,2075,1.956e+06,1.956e+06,777.821
4,2076,1.956e+06,1.956e+06,777.821
4,2077,1.956e+06,1.956e+06,777.821
4,2078,1.956e+06,1.956e+06,777.821
4,2079,1.956e+06,1.956e+06,777.821
4,2080,1.956e+06,1.956e+06,777.821
4,2081,1.956e+06,1.956e+06,770.043
4,2082,1.956e+06,1.956e+06,770.043
4,2083,1.956e+06,1.956e+06,770.043
4,2084,1.956e+06,1.956e+06,770.043
4,2085,1.956e+06,1.956e+06,770.043
4,2086,1.956e+06,1.956e+06,770.043
4,2087,1.956e+06,1.956e+06,770.043
4,2088,1.956e+06,1.956e+06,770.043
4,2089,1.956e+06,1.956e+06,770.043
4,2090,1.956e+06,1.956e+06,770.043
4,2091,1.956e+06,1.956e+06,770.043
4,2092,1.956e+06,1.956e+06,770.043
4,2093,1.956e+06,1.956e+06,770.043
4,2094,1.956e+06,1.956e+06,770.043
4,2095,1.956e+06,1.956e+06,770.043
4,2096,1.956e+06,1.956e+06,770.043
4,2097,1.956e+06,1.956e+06,770.043
4,2098,1.956e+06,1.956e+06,770.043
4,2099,1.956e+06,1.956e+06,770.043
4,2100,1.956e+06,1.956e+06,770.043
4,2101,1.956e+06,1.956e+06,770.043
4,2102,1.956e+06,1.956e+06,770.043
4,2103,1.956e+06,1.956e+06,770.043
4,2104,1.956e+06,1.956e+06,770.043
4,2105,1.956e+06,1.956e+06,770.043
4,2106,1.956e+06,1.956e+06,770.043
4,2107,1.956e+06,1.956e+06,770.043
4,2108,1.956e+06,1.956e+06,770.043
4,2109,1.956e+06,1.956e+06,770.043
4,2110,1.956e+06,1.956e+06,770.043
4,2111,1.956e+06,1.956e+06,770.043
4,2112,1.956e+06,1.956e+06,770.043
4,2113,1.956e+06,1.956e+06,770.043
4,2114,1.956e+06,1.956e+06,770.043
4,2115,1.956e+06,1.956e+06,770.043
4,2116,1.956e+06,1.956e+06,770.043
4,2117,1.956e+06,1.956e+06,770.043
4,2118,1.956e+06,1.956e+06,770.043
4,2119,1.956e+06,1.956e+06,770.043
4,2120,1.956e+06,1.956e+06,770.043
4,2121,1.956e+06,1.956e+06,770.043
4,2122,1.956e+06,1.956e+06,770.043
4,2123,1.956e+06,1.956e+06,770.043
4,2124,1.956e+06,1.956e+06,770.043
4,2125,1.956e+06,1.956e+06,770.043
4,2126,1.956e+06,1.956e+06,770.043
4,2127,1.956e+06,1.956e+06,770.043
4,2128,1.956e+06,1.956e+06,770.043
4,2129,1.956e+06,1.956e+06,770.043
4,2130,1.956e+06,1.956e+06,770.043
4,2131,1.956e+06,1.956e+06,770.043
4,2132,1.956e+06,1.956e+06,770.043
4,2133,1.956e+06,1.956e+06,770.043
4,2134,1.956e+06,1.956e+06,770.043
4,2135,1.956e+06,1.956e+06,770.043
4,2136,1.956e+06,1.956e+06,770.043
4,2137,1.956e+06,1.956e+06,770.043
4,2138,1.956e+06,1.956e+06,770.043
4,2139,1.956e+06,1.956e+06,770.043
4,2140,1.956e+06,1.95693e+06,770.043
4,2141,1.956e+06,1.95693e+06,770.043
4,2142,1.956e+06,1.95693e+06,770.043
4,2143,1.956e+06,1.95693e+06,770.043
4,2144,1.956e+06,1.95693e+06,770.043
4,2145,1.956e+06,1.95693e+06,770.043
4,2146,1.956e+06,1.95693e+06,770.043
4,2147,1.956e+06,1.957e+06,770.043
4,2148,1.956e+06,1.957e+06,770.043
4,2149,1.956e+06,1.957e+06,770.043
4,2150,1.956e+06,1.957e+06,770.043
4,2151,1.956e+06,1.957e+06,770.043
4,2152,1.956e+06,1.95608e+06,770.043
4,2153,1.956e+06,1.95608e+06,770.043
4,2154,1.956e+06,1.95608e+06,770.043
4,2155,1.956e+06,1.95608e+06,770.043
4,2156,1.956e+06,1.95601e+06,770.043
4,2157,1.956e+06,1.95601e+06,770.043
4,2158,1.956e+06,1.95601e+06,770.043
4,2159,1.956e+06,1.95601e+06,770.043
4,2160,1.956e+06,1.95611e+06,770.043
4,2161,1.956e+06,1.9561e+06,762.343
4,2162,1.956e+06,1.9561e+06,762.343
4,2163,1.956e+06,1.9561e+06,762.343
4,2164,1.956e+06,1.956e+06,762.343
4,2165,1.956e+06,1.956e+06,762.343
4,2166,1.956e+06,1.956e+06,762.343
4,2167,1.956e+06,1.956e+06,762.343
4,2168,1.956e+06,1.956e+06,762.343
4,2169,1.956e+06,1.956e+06,762.343
4,2170,1.956e+06,1.956e+06,762.343
4,2171,1.956e+06,1.956e+06,762.343
4,2172,1.956e+06,1.956e+06,762.343
4,2173,1.956e+06,1.956e+06,762.343
4,2174,1.956e+06,1.956e+06,762.343
4,2175,1.956e+06,1.956e+06,762.343
4,2176,1.956e+06,1.956e+06,762.343
4,2177,1.956e+06,1.956e+06,762.343
4,2178,1.956e+06,1.956e+06,762.343
4,2179,1.956e+06,1.956e+06,762.343
4,2180,1.956e+06,1.956e+06,762.343
4,2181,1.956e+06,1.956e+06,762.343
4,2182,1.956e+06,1.956e+06,762.343
4,2183,1.956e+06,1.956e+06,762.343
4,2184,1.956e+06,1.956e+06,762.343
4,2185,1.956e+06,1.956e+06,762.343
4,2186,1.956e+06,1.956e+06,762.343
4,2187,1.956e+06,1.956e+06,762.343
4,2188,1.956e+06,1.956e+06,762.343
4,2189,1.956e+06,1.956e+06,762.343
4,2190,1.956e+06,1.956e+06,762.343
4,2191,1.956e+06,1.956e+06,762.343
4,2192,1.956e+06,1.956e+06,762.343
4,2193,1.956e+06,1.956e+06,762.343
4,2194,1.956e+06,1.956e+06,762.343
4,2195,1.956e+06,1.956e+06,762.343
4,2196,1.956e+06,1.956e+06,762.343
4,2197,1.956e+06,1.956e+06,762.343
4,2198,1.956e+06,1.956e+06,762.343
4,2199,1.956e+06,1.956e+06,762.343
4,2200,1.956e+06,1.956e+06,762.343
4,2201,1.956e+06,1.956e+06,762.343
4,2202,1.956e+06,1.956e+06,762.343
4,2203,1.956e+06,1.956e+06,762.343
4,2204,1.956e+06,1.956e+06,762.343
4,2205,1.956e+06,1.95701e+06,762.343
4,2206,1.956e+06,1.95701e+06,762.343
4,2207,1.956e+06,1.95701e+06,762.343
4,2208,1.956e+06,1.95695e+06,762.343
4,2209,1.956e+06,1.95695e+06,762.343
4,2210,1.956e+06,1.95695e+06,762.343
4,2211,1.956e+06,1.95695e+06,762.343
4,2212,1.956e+06,1.95695e+06,762.343
4,2213,1.956e+06,1.95695e+06,762.343
4,2214,1.956e+06,1.95695e+06,762.343
4,2215,1.956e+06,1.95695e+06,762.343
4,2216,1.956e+06,1.95695e+06,762.343
4,2217,1.956e+06,1.95695e+06,762.343
4,2218,1.956e+06,1.95695e+06,762.343
4,2219,1.956e+06,1.95695e+06,762.343
4,2220,1.956e+06,1.95695e+06,762.343
4,2221,1.956e+06,1.95695e+06,762.343
4,2222,1.956e+06,1.95695e+06,762.343
4,2223,1.956e+06,1.95695e+06,762.343
4,2224,1.956e+06,1.95695e+06,762.343
4,2225,1.956e+06,1.95695e+06,762.343
4,2226,1.956e+06,1.95695e+06,762.343
4,2227,1.956e+06,1.95695e+06,762.343
4,2228,1.956e+06,1.956e+06,762.343
4,2229,1.956e+06,1.956e+06,762.343
4,2230,1.956e+06,1.956e+06,762.343
4,2231,1.956e+06,1.956e+06,762.343
4,2232,1.956e+06,1.956e+06,762.343
4,2233,1.956e+06,1.956e+06,762.343
4,2234,1.956e+06,1.956e+06,762.343
4,2235,1.956e+06,1.956e+06,762.343
4,2236,1.956e+06,1.956e+06,762.343
4,2237,1.956e+06,1.956e+06,762.343
4,2238,1.956e+06,1.956e+06,762.343
4,2239,1.956e+06,1.956e+06,762.343
4,2240,1.956e+06,1.956e+06,762.343
4,2241,1.956e+06,1.956e+06,754.719
4,2242,1.956e+06,1.956e+06,754.719
4,2243,1.956e+06,1.95702e+06,754.719
4,2244,1.956e+06,1.95702e+06,754.719
4,2245,1.956e+06,1.95702e+06,754.719
4,2246,1.956e+06,1.95702e+06,754.719
4,2247,1.956e+06,1.95702e+06,754.719
4,2248,1.956e+06,1.95702e+06,754.719
4,2249,1.956e+06,1.95702e+06,754.719
4,2250,1.956e+06,1.95702e+06,754.719
4,2251,1.956e+06,1.95702e+06,754.719
4,2252,1.956e+06,1.95702e+06,754.719
4,2253,1.956e+06,1.95702e+06,754.719
4,2254,1.956e+06,1.95702e+06,754.719
4,2255,1.956e+06,1.95609e+06,754.719
4,2256,1.956e+06,1.95609e+06,754.719
4,2257,1.956e+06,1.95609e+06,754.719
4,2258,1.956e+06,1.95609e+06,754.719
4,2259,1.956e+06,1.95609e+06,754.719
4,2260,1.956e+06,1.95609e+06,754.719
4,2261,1.956e+06,1.95609e+06,754.719
4,2262,1.956e+06,1.95609e+06,754.719
4,2263,1.956e+06,1.95609e+06,754.719
4,2264,1.956e+06,1.95609e+06,754.719
4,2265,1.956e+06,1.95601e+06,754.719
4,2266,1.956e+06,1.95609e+06,754.719
4,2267,1.956e+06,1.95609e+06,754.719
4,2268,1.956e+06,1.95609e+06,754.719
4,2269,1.956e+06,1.95609e+06,754.719
4,2270,1.956e+06,1.95609e+06,754.719
4,2271,1.956e+06,1.95609e+06,754.719
4,2272,1.956e+06,1.95609e+06,754.719
4,2273,1.956e+06,1.95609e+06,754.719
4,2274,1.956e+06,1.95609e+06,754.719
4,2275,1.956e+06,1.956e+06,754.719
4,2276,1.956e+06,1.956e+06,754.719
4,2277,1.956e+06,1.956e+06,754.719
4,2278,1.956e+06,1.956e+06,754.719
4,2279,1.956e+06,1.956e+06,754.719
4,2280,1.956e+06,1.956e+06,754.719
4,2281,1.956e+06,1.956e+06,754.719
4,2282,1.956e+06,1.956e+06,754.719
4,2283,1.956e+06,1.956e+06,754.719
4,2284,1.956e+06,1.956e+06,754.719
4,2285,1.956e+06,1.956e+06,754.719
4,2286,1.956e+06,1.956e+06,754.719
4,2287,1.956e+06,1.956e+06,754.719
4,2288,1.956e+06,1.956e+06,754.719
4,2289,1.956e+06,1.956e+06,754.719
4,2290,1.956e+06,1.956e+06,754.719
4,2291,1.956e+06,1.956e+06,754.719
4,2292,1.956e+06,1.956e+06,754.719
4,2293,1.956e+06,1.956e+06,754.719
4,2294,1.956e+06,1.956e+06,754.719
4,2295,1.956e+06,1.956e+06,754.719
4,2296,1.956e+06,1.956e+06,754.719
4,2297,1.956e+06,1.956e+06,754.719
4,2298,1.956e+06,1.956e+06,754.719
4,2299,1.956e+06,1.956e+06,754.719
4,2300,1.956e+06,1.956e+06,754.719
4,2301,1.956e+06,1.956e+06,754.719
4,2302,1.956e+06,1.956e+06,754.719
4,2303,1.956e+06,1.956e+06,754.719
4,2304,1.956e+06,1.956e+06,754.719
4,2305,1.956e+06,1.956e+06,754.719
4,2306,1.956e+06,1.956e+06,754.719
4,2307,1.956e+06,1.956e+06,754.719
4,2308,1.956e+06,1.956e+06,754.719
4,2309,1.956e+06,1.956e+06,754.719
4,2310,1.956e+06,1.956e+06,754.719
4,2311,1.956e+06,1.956e+06,754.719
4,2312,1.956e+06,1.956e+06,754.719
4,2313,1.956e+06,1.956e+06,754.719
4,2314,1.956e+06,1.956e+06,754.719
4,2315,1.956e+06,1.956e+06,754.719
4,2316,1.956e+06,1.956e+06,754.719
4,2317,1.956e+06,1.956e+06,754.719
4,2318,1.956e+06,1.956e+06,754.719
4,2319,1.956e+06,1.956e+06,754.719
4,2320,1.956e+06,1.956e+06,754.719
4,2321,1.956e+06,1.956e+06,747.172
4,2322,1.956e+06,1.956e+06,747.172
4,2323,1.956e+06,1.956e+06,747.172
4,2324,1.956e+06,1.956e+06,747.172
4,2325,1.956e+06,1.956e+06,747.172
4,2326,1.956e+06,1.95693e+06,747.172
4,2327,1.956e+06,1.95693e+06,747.172
4,2328,1.956e+06,1.95693e+06,747.172
4,2329,1.956e+06,1.95693e+06,747.172
4,2330,1.956e+06,1.95693e+06,747.172
4,2331,1.956e+06,1.95693e+06,747.172
4,2332,1.956e+06,1.95693e+06,747.172
4,2333,1.956e+06,1.95693e+06,747.172
4,2334,1.956e+06,1.95693e+06,747.172
4,2335,1.956e+06,1.95693e+06,747.172
4,2336,1.956e+06,1.95692e+06,747.172
4,2337,1.956e+06,1.95692e+06,747.172
4,2338,1.956e+06,1.95692e+06,747.172
4,2339,1.956e+06,1.95693e+06,747.172
4,2340,1.956e+06,1.95693e+06,747.172
4,2341,1.956e+06,1.95693e+06,747.172
4,2342,1.956e+06,1.95693e+06,747.172
4,2343,1.956e+06,1.95693e+06,747.172
4,2344,1.956e+06,1.95693e+06,747.172
4,2345,1.956e+06,1.95693e+06,747.172
4,2346,1.956e+06,1.95703e+06,747.172
4,2347,1.956e+06,1.95703e+06,747.172
4,2348,1.956e+06,1.95703e+06,747.172
4,2349,1.956e+06,1.95703e+06,747.172
4,2350,1.956e+06,1.95693e+06,747.172
4,2351,1.956e+06,1.95693e+06,747.172
4,2352,1.956e+06,1.95693e+06,747.172
4,2353,1.956e+06,1.95693e+06,747.172
4,2354,1.956e+06,1.95693e+06,747.172
4,2355,1.956e+06,1.95693e+06,747.172
4,2356,1.956e+06,1.95693e+06,747.172
4,2357,1.956e+06,1.95693e+06,747.172
4,2358,1.956e+06,1.95693e+06,747.172
4,2359,1.956e+06,1.95693e+06,747.172
4,2360,1.956e+06,1.95693e+06,747.172
4,2361,1.956e+06,1.95693e+06,747.172
4,2362,1.956e+06,1.95693e+06,747.172
4,2363,1.956e+06,1.95693e+06,747.172
4,2364,1.956e+06,1.95693e+06,747.172
4,2365,1.956e+06,1.95693e+06,747.172
4,2366,1.956e+06,1.95693e+06,747.172
4,2367,1.956e+06,1.95693e+06,747.172
4,2368,1.956e+06,1.95693e+06,747.172
4,2369,1.956e+06,1.95693e+06,747.172
4,2370,1.956e+06,1.95693e+06,747.172
4,2371,1.956e+06,1.95693e+06,747.172
4,2372,1.956e+06,1.95693e+06,747.172
4,2373,1.956e+06,1.95693e+06,747.172
4,2374,1.956e+06,1.95693e+06,747.172
4,2375,1.956e+06,1.95693e+06,747.172
4,2376,1.956e+06,1.95693e+06,747.172
4,2377,1.956e+06,1.95693e+06,747.172
4,2378,1.956e+06,1.95693e+06,747.172
4,2379,1.956e+06,1.95693e+06,747.172
4,2380,1.956e+06,1.95693e+06,747.172
4,2381,1.956e+06,1.95693e+06,747.172
4,2382,1.956e+06,1.95693e+06,747.172
4,2383,1.956e+06,1.95693e+06,747.172
4,2384,1.956e+06,1.95693e+06,747.172
4,2385,1.956e+06,1.95693e+06,747.172
4,2386,1.956e+06,1.95693e+06,747.172
4,2387,1.956e+06,1.95693e+06,747.172
4,2388,1.956e+06,1.95693e+06,747.172
4,2389,1.956e+06,1.95693e+06,747.172
4,2390,1.956e+06,1.95693e+06,747.172
4,2391,1.956e+06,1.95693e+06,747.172
4,2392,1.956e+06,1.95693e+06,747.172
4,2393,1.956e+06,1.95693e+06,747.172
4,2394,1.956e+06,1.95693e+06,747.172
4,2395,1.956e+06,1.95693e+06,747.172
4,2396,1.956e+06,1.95693e+06,747.172
4,2397,1.956e+06,1.95794e+06,747.172
4,2398,1.956e+06,1.95794e+06,747.172
4,2399,1.956e+06,1.95794e+06,747.172
4,2400,1.956e+06,1.95788e+06,747.172
4,2401,1.956e+06,1.95788e+06,739.7
4,2402,1.956e+06,1.95788e+06,739.7
4,2403,1.956e+06,1.95693e+06,739.7
4,2404,1.956e+06,1.95693e+06,739.7
4,2405,1.956e+06,1.95693e+06,739.7
4,2406,1.956e+06,1.95693e+06,739.7
4,2407,1.956e+06,1.95693e+06,739.7
4,2408,1.956e+06,1.95693e+06,739.7
4,2409,1.956e+06,1.95693e+06,739.7
4,2410,1.956e+06,1.956e+06,739.7
4,2411,1.956e+06,1.956e+06,739.7
4,2412,1.956e+06,1.956e+06,739.7
4,2413,1.956e+06,1.956e+06,739.7
4,2414,1.956e+06,1.956e+06,739.7
4,2415,1.956e+06,1.95701e+06,739.7
4,2416,1.956e+06,1.95701e+06,739.7
4,2417,1.956e+06,1.95701e+06,739.7
4,2418,1.956e+06,1.95693e+06,739.7
4,2419,1.956e+06,1.95693e+06,739.7
4,2420,1.956e+06,1.95693e+06,739.7
4,2421,1.956e+06,1.95693e+06,739.7
4,2422,1.956e+06,1.95693e+06,739.7
4,2423,1.956e+06,1.95693e+06,739.7
4,2424,1.956e+06,1.95693e+06,739.7
4,2425,1.956e+06,1.95693e+06,739.7
4,2426,1.956e+06,1.95693e+06,739.7
4,2427,1.956e+06,1.95693e+06,739.7
4,2428,1.956e+06,1.95693e+06,739.7
4,2429,1.956e+06,1.95693e+06,739.7
4,2430,1.956e+06,1.95693e+06,739.7
4,2431,1.956e+06,1.95693e+06,739.7
4,2432,1.956e+06,1.95693e+06,739.7
4,2433,1.956e+06,1.95693e+06,739.7
4,2434,1.956e+06,1.95693e+06,739.7
4,2435,1.956e+06,1.95693e+06,739.7
4,2436,1.956e+06,1.95693e+06,739.7
4,2437,1.956e+06,1.95702e+06,739.7
4,2438,1.956e+06,1.95702e+06,739.7
4,2439,1.956e+06,1.95702e+06,739.7
4,2440,1.956e+06,1.95702e+06,739.7
4,2441,1.956e+06,1.95702e+06,739.7
4,2442,1.956e+06,1.95609e+06,739.7
4,2443,1.956e+06,1.95609e+06,739.7
4,2444,1.956e+06,1.95609e+06,739.7
4,2445,1.956e+06,1.95609e+06,739.7
4,2446,1.956e+06,1.95609e+06,739.7
4,2447,1.956e+06,1.95609e+06,739.7
4,2448,1.956e+06,1.95609e+06,739.7
4,2449,1.956e+06,1.95609e+06,739.7
4,2450,1.956e+06,1.95609e+06,739.7
4,2451,1.956e+06,1.95601e+06,739.7
4,2452,1.956e+06,1.95601e+06,739.7
4,2453,1.956e+06,1.95601e+06,739.7
4,2454,1.956e+06,1.95601e+06,739.7
4,2455,1.956e+06,1.95601e+06,739.7
4,2456,1.956e+06,1.95601e+06,739.7
4,2457,1.956e+06,1.95601e+06,739.7
4,2458,1.956e+06,1.95601e+06,739.7
4,2459,1.956e+06,1.95601e+06,739.7
4,2460,1.956e+06,1.95601e+06,739.7
4,2461,1.956e+06,1.95601e+06,739.7
4,2462,1.956e+06,1.95601e+06,739.7
4,2463,1.956e+06,1.95601e+06,739.7
4,2464,1.956e+06,1.95601e+06,739.7
4,2465,1.956e+06,1.95601e+06,739.7
4,2466,1.956e+06,1.95601e+06,739.7
4,2467,1.956e+06,1.95601e+06,739.7
4,2468,1.956e+06,1.95601e+06,739.7
4,2469,1.956e+06,1.95601e+06,739.7
4,2470,1.956e+06,1.95601e+06,739.7
4,2471,1.956e+06,1.95601e+06,739.7
4,2472,1.956e+06,1.95601e+06,739.7
4,2473,1.956e+06,1.9561e+06,739.7
4,2474,1.956e+06,1.9561e+06,739.7
4,2475,1.956e+06,1.9561e+06,739.7
4,2476,1.956e+06,1.9561e+06,739.7
4,2477,1.956e+06,1.9561e+06,739.7
4,2478,1.956e+06,1.9561e+06,739.7
4,2479,1.956e+06,1.9561e+06,739.7
4,2480,1.956e+06,1.9561e+06,739.7
4,2481,1.956e+06,1.95602e+06,732.303
4,2482,1.956e+06,1.95602e+06,732.303
4,2483,1.956e+06,1.95602e+06,732.303
4,2484,1.956e+06,1.95602e+06,732.303
4,2485,1.956e+06,1.95602e+06,732.303
4,2486,1.956e+06,1.95602e+06,732.303
4,2487,1.956e+06,1.95602e+06,732.303
4,2488,1.956e+06,1.95602e+06,732.303
4,2489,1.956e+06,1.95602e+06,732.303
4,2490,1.956e+06,1.95602e+06,732.303
4,2491,1.956e+06,1.95602e+06,732.303
4,2492,1.956e+06,1.95602e+06,732.303
4,2493,1.956e+06,1.95602e+06,732.303
4,2494,1.956e+06,1.95602e+06,732.303
4,2495,1.956e+06,1.95602e+06,732.303
4,2496,1.956e+06,1.95602e+06,732.303
4,2497,1.956e+06,1.95611e+06,732.303
4,2498,1.956e+06,1.95611e+06,732.303
4,2499,1.956e+06,1.95611e+06,732.303
4,2500,1.956e+06,1.95611e+06,732.303
4,2501,1.956e+06,1.95611e+06,732.303
4,2502,1.956e+06,1.95611e+06,732.303
4,2503,1.956e+06,1.95611e+06,732.303
4,2504,1.956e+06,1.95611e+06,732.303
4,2505,1.956e+06,1.9561e+06,732.303
4,2506,1.956e+06,1.9561e+06,732.303
4,2507,1.956e+06,1.9561e+06,732.303
4,2508,1.956e+06,1.9561e+06,732.303
4,2509,1.956e+06,1.9561e+06,732.303
4,2510,1.956e+06,1.9561e+06,732.303
4,2511,1.956e+06,1.9561e+06,732.303
4,2512,1.956e+06,1.9561e+06,732.303
4,2513,1.956e+06,1.9561e+06,732.303
4,2514,1.956e+06,1.95609e+06,732.303
4,2515,1.956e+06,1.95609e+06,732.303
4,2516,1.956e+06,1.95609e+06,732.303
4,2517,1.956e+06,1.95609e+06,732.303
4,2518,1.956e+06,1.95609e+06,732.303
4,2519,1.956e+06,1.95609e+06,732.303
4,2520,1.956e+06,1.95609e+06,732.303
4,2521,1.956e+06,1.95601e+06,732.303
4,2522,1.956e+06,1.95601e+06,732.303
4,2523,1.956e+06,1.95601e+06,732.303
4,2524,1.956e+06,1.95601e+06,732.303
4,2525,1.956e+06,1.956e+06,732.303
4,2526,1.956e+06,1.956e+06,732.303
4,2527,1.956e+06,1.956e+06,732.303
4,2528,1.956e+06,1.956e+06,732.303
4,2529,1.956e+06,1.956e+06,732.303
4,2530,1.956e+06,1.956e+06,732.303
4,2531,1.956e+06,1.956e+06,732.303
4,2532,1.956e+06,1.956e+06,732.303
4,2533,1.956e+06,1.956e+06,732.303
4,2534,1.956e+06,1.956e+06,732.303
4,2535,1.956e+06,1.956e+06,732.303
4,2536,1.956e+06,1.956e+06,732.303
4,2537,1.956e+06,1.956e+06,732.303
4,2538,1.956e+06,1.956e+06,732.303
4,2539,1.956e+06,1.956e+06,732.303
4,2540,1.956e+06,1.956e+06,732.303
4,2541,1.956e+06,1.956e+06,732.303
4,2542,1.956e+06,1.95702e+06,732.303
4,2543,1.956e+06,1.95693e+06,732.303
4,2544,1.956e+06,1.95693e+06,732.303
4,2545,1.956e+06,1.95693e+06,732.303
4,2546,1.956e+06,1.95693e+06,732.303
4,2547,1.956e+06,1.95693e+06,732.303
4,2548,1.956e+06,1.95693e+06,732.303
4,2549,1.956e+06,1.95693e+06,732.303
4,2550,1.956e+06,1.95693e+06,732.303
4,2551,1.956e+06,1.95693e+06,732.303
4,2552,1.956e+06,1.95693e+06,732.303
4,2553,1.956e+06,1.95693e+06,732.303
4,2554,1.956e+06,1.95693e+06,732.303
4,2555,1.956e+06,1.95601e+06,732.303
4,2556,1.956e+06,1.95601e+06,732.303
4,2557,1.956e+06,1.95601e+06,732.303
4,2558,1.956e+06,1.95601e+06,732.303
4,2559,1.956e+06,1.95601e+06,732.303
4,2560,1.956e+06,1.95601e+06,732.303
4,2561,1.956e+06,1.95601e+06,724.98
4,2562,1.956e+06,1.95601e+06,724.98
4,2563,1.956e+06,1.95601e+06,724.98
4,2564,1.956e+06,1.95601e+06,724.98
4,2565,1.956e+06,1.95601e+06,724.98
4,2566,1.956e+06,1.95601e+06,724.98
4,2567,1.956e+06,1.95601e+06,724.98
4,2568,1.956e+06,1.95601e+06,724.98
4,2569,1.956e+06,1.95601e+06,724.98
4,2570,1.956e+06,1.95601e+06,724.98
4,2571,1.956e+06,1.95601e+06,724.98
4,2572,1.956e+06,1.95601e+06,724.98
4,2573,1.956e+06,1.95601e+06,724.98
4,2574,1.956e+06,1.95601e+06,724.98
4,2575,1.956e+06,1.95601e+06,724.98
4,2576,1.956e+06,1.95601e+06,724.98
4,2577,1.956e+06,1.95601e+06,724.98
4,2578,1.956e+06,1.95601e+06,724.98
4,2579,1.956e+06,1.95601e+06,724.98
4,2580,1.956e+06,1.95601e+06,724.98
4,2581,1.956e+06,1.95601e+06,724.98
4,2582,1.956e+06,1.95601e+06,724.98
4,2583,1.956e+06,1.95601e+06,724.98
4,2584,1.956e+06,1.95601e+06,724.98
4,2585,1.956e+06,1.95601e+06,724.98
4,2586,1.956e+06,1.95601e+06,724.98
4,2587,1.956e+06,1.95601e+06,724.98
4,2588,1.956e+06,1.95601e+06,724.98
4,2589,1.956e+06,1.95601e+06,724.98
4,2590,1.956e+06,1.95601e+06,724.98
4,2591,1.956e+06,1.95601e+06,724.98
4,2592,1.956e+06,1.956e+06,724.98
4,2593,1.956e+06,1.956e+06,724.98
4,2594,1.956e+06,1.956e+06,724.98
4,2595,1.956e+06,1.956e+06,724.98
4,2596,1.956e+06,1.956e+06,724.98
4,2597,1.956e+06,1.956e+06,724.98
4,2598,1.956e+06,1.956e+06,724.98
4,2599,1.956e+06,1.956e+06,724.98
4,2600,1.956e+06,1.956e+06,724.98
4,2601,1.956e+06,1.956e+06,724.98
4,2602,1.956e+06,1.956e+06,724.98
4,2603,1.956e+06,1.956e+06,724.98
4,2604,1.956e+06,1.956e+06,724.98
4,2605,1.956e+06,1.956e+06,724.98
4,2606,1.956e+06,1.956e+06,724.98
4,2607,1.956e+06,1.956e+06,724.98
4,2608,1.956e+06,1.956e+06,724.98
4,2609,1.956e+06,1.956e+06,724.98
4,2610,1.956e+06,1.956e+06,724.98
4,2611,1.956e+06,1.956e+06,724.98
4,2612,1.956e+06,1.95693e+06,724.98
4,2613,1.956e+06,1.95693e+06,724.98
4,2614,1.956e+06,1.95693e+06,724.98
4,2615,1.956e+06,1.95693e+06,724.98
4,2616,1.956e+06,1.95693e+06,724.98
4,2617,1.956e+06,1.95693e+06,724.98
4,2618,1.956e+06,1.95693e+06,724.98
4,2619,1.956e+06,1.95693e+06,724.98
4,2620,1.956e+06,1.95693e+06,724.98
4,2621,1.956e+06,1.95693e+06,724.98
4,2622,1.956e+06,1.95693e+06,724.98
4,2623,1.956e+06,1.95693e+06,724.98
4,2624,1.956e+06,1.95693e+06,724.98
4,2625,1.956e+06,1.95693e+06,724.98
4,2626,1.956e+06,1.95601e+06,724.98
4,2627,1.956e+06,1.95601e+06,724.98
4,2628,1.956e+06,1.95601e+06,724.98
4,2629,1.956e+06,1.95601e+06,724.98
4,2630,1.956e+06,1.95601e+06,724.98
4,2631,1.956e+06,1.95601e+06,724.98
4,2632,1.956e+06,1.95601e+06,724.98
4,2633,1.956e+06,1.95601e+06,724.98
4,2634,1.956e+06,1.95601e+06,724.98
4,2635,1.956e+06,1.95601e+06,724.98
4,2636,1.956e+06,1.95601e+06,724.98
4,2637,1.956e+06,1.95601e+06,724.98
4,2638,1.956e+06,1.95601e+06,724.98
4,2639,1.956e+06,1.95601e+06,724.98
4,2640,1.956e+06,1.95601e+06,724.98
4,2641,1.956e+06,1.956e+06,717.731
4,2642,1.956e+06,1.956e+06,717.731
4,2643,1.956e+06,1.956e+06,717.731
4,2644,1.956e+06,1.956e+06,717.731
4,2645,1.956e+06,1.956e+06,717.731
4,2646,1.956e+06,1.956e+06,717.731
4,2647,1.956e+06,1.956e+06,717.731
4,2648,1.956e+06,1.956e+06,717.731
4,2649,1.956e+06,1.956e+06,717.731
4,2650,1.956e+06,1.956e+06,717.731
4,2651,1.956e+06,1.956e+06,717.731
4,2652,1.956e+06,1.956e+06,717.731
4,2653,1.956e+06,1.956e+06,717.731
4,2654,1.956e+06,1.956e+06,717.731
4,2655,1.956e+06,1.956e+06,717.731
4,2656,1.956e+06,1.956e+06,717.731
4,2657,1.956e+06,1.956e+06,717.731
4,2658,1.956e+06,1.956e+06,717.731
4,2659,1.956e+06,1.956e+06,717.731
4,2660,1.956e+06,1.956e+06,717.731
4,2661,1.956e+06,1.956e+06,717.731
4,2662,1.956e+06,1.956e+06,717.731
4,2663,1.956e+06,1.956e+06,717.731
4,2664,1.956e+06,1.956e+06,717.731
4,2665,1.956e+06,1.956e+06,717.731
4,2666,1.956e+06,1.956e+06,717.731
4,2667,1.956e+06,1.956e+06,717.731
4,2668,1.956e+06,1.956e+06,717.731
4,2669,1.956e+06,1.956e+06,717.731
4,2670,1.956e+06,1.956e+06,717.731
4,2671,1.956e+06,1.956e+06,717.731
4,2672,1.956e+06,1.956e+06,717.731
4,2673,1.956e+06,1.956e+06,717.731
4,2674,1.956e+06,1.956e+06,717.731
4,2675,1.956e+06,1.956e+06,717.731
4,2676,1.956e+06,1.956e+06,717.731
4,2677,1.956e+06,1.956e+06,717.731
4,2678,1.956e+06,1.956e+06,717.731
4,2679,1.956e+06,1.956e+06,717.731
4,2680,1.956e+06,1.956e+06,717.731
4,2681,1.956e+06,1.956e+06,717.731
4,2682,1.956e+06,1.956e+06,717.731
4,2683,1.956e+06,1.956e+06,717.731
4,2684,1.956e+06,1.956e+06,717.731
4,2685,1.956e+06,1.956e+06,717.731
4,2686,1.956e+06,1.956e+06,717.731
4,2687,1.956e+06,1.956e+06,717.731
4,2688,1.956e+06,1.956e+06,717.731
4,2689,1.956e+06,1.956e+06,717.731
4,2690,1.956e+06,1.956e+06,717.731
4,2691,1.956e+06,1.956e+06,717.731
4,2692,1.956e+06,1.956e+06,717.731
4,2693,1.956e+06,1.956e+06,717.731
4,2694,1.956e+06,1.956e+06,717.731
4,2695,1.956e+06,1.956e+06,717.731
4,2696,1.956e+06,1.956e+06,717.731
4,2697,1.956e+06,1.95603e+06,717.731
4,2698,1.956e+06,1.95603e+06,717.731
4,2699,1.956e+06,1.95603e+06,717.731
4,2700,1.956e+06,1.95603e+06,717.731
4,2701,1.956e+06,1.95603e+06,717.731
4,2702,1.956e+06,1.95603e+06,717.731
4,2703,1.956e+06,1.95603e+06,717.731
4,2704,1.956e+06,1.95603e+06,717.731
4,2705,1.956e+06,1.95603e+06,717.731
4,2706,1.956e+06,1.95603e+06,717.731
4,2707,1.956e+06,1.95603e+06,717.731
4,2708,1.956e+06,1.95603e+06,717.731
4,2709,1.956e+06,1.95603e+06,717.731
4,2710,1.956e+06,1.95603e+06,717.731
4,2711,1.956e+06,1.95603e+06,717.731
4,2712,1.956e+06,1.95603e+06,717.731
4,2713,1.956e+06,1.95603e+06,717.731
4,2714,1.956e+06,1.95603e+06,717.731
4,2715,1.956e+06,1.95705e+06,717.731
4,2716,1.956e+06,1.95705e+06,717.731
4,2717,1.956e+06,1.95705e+06,717.731
4,2718,1.956e+06,1.95705e+06,717.731
4,2719,1.956e+06,1.95705e+06,717.731
4,2720,1.956e+06,1.95705e+06,717.731
4,2721,1.956e+06,1.95699e+06,710.553
4,2722,1.956e+06,1.95699e+06,710.553
4,2723,1.956e+06,1.95695e+06,710.553
4,2724,1.956e+06,1.95695e+06,710.553
4,2725,1.956e+06,1.95695e+06,710.553
4,2726,1.956e+06,1.95695e+06,710.553
4,2727,1.956e+06,1.95695e+06,710.553
4,2728,1.956e+06,1.95695e+06,710.553
4,2729,1.956e+06,1.95695e+06,710.553
4,2730,1.956e+06,1.95695e+06,710.553
4,2731,1.956e+06,1.956e+06,710.553
4,2732,1.956e+06,1.956e+06,710.553
4,2733,1.956e+06,1.956e+06,710.553
4,2734,1.956e+06,1.956e+06,710.553
4,2735,1.956e+06,1.956e+06,710.553
4,2736,1.956e+06,1.956e+06,710.553
4,2737,1.956e+06,1.956e+06,710.553
4,2738,1.956e+06,1.956e+06,710.553
4,2739,1.956e+06,1.956e+06,710.553
4,2740,1.956e+06,1.956e+06,710.553
4,2741,1.956e+06,1.956e+06,710.553
4,2742,1.956e+06,1.956e+06,710.553
4,2743,1.956e+06,1.956e+06,710.553
4,2744,1.956e+06,1.956e+06,710.553
4,2745,1.956e+06,1.956e+06,710.553
4,2746,1.956e+06,1.956e+06,710.553
4,2747,1.956e+06,1.956e+06,710.553
4,2748,1.956e+06,1.956e+06,710.553
4,2749,1.956e+06,1.956e+06,710.553
4,2750,1.956e+06,1.956e+06,710.553
4,2751,1.956e+06,1.956e+06,710.553
4,2752,1.956e+06,1.956e+06,710.553
4,2753,1.956e+06,1.956e+06,710.553
4,2754,1.956e+06,1.956e+06,710.553
4,2755,1.956e+06,1.956e+06,710.553
4,2756,1.956e+06,1.956e+06,710.553
4,2757,1.956e+06,1.956e+06,710.553
4,2758,1.956e+06,1.956e+06,710.553
4,2759,1.956e+06,1.956e+06,710.553
4,2760,1.956e+06,1.956e+06,710.553
4,2761,1.956e+06,1.956e+06,710.553
4,2762,1.956e+06,1.956e+06,710.553
4,2763,1.956e+06,1.956e+06,710.553
4,2764,1.956e+06,1.956e+06,710.553
4,2765,1.956e+06,1.956e+06,710.553
4,2766,1.956e+06,1.956e+06,710.553
4,2767,1.956e+06,1.956e+06,710.553
4,2768,1.956e+06,1.956e+06,710.553
4,2769,1.956e+06,1.956e+06,710.553
4,2770,1.956e+06,1.956e+06,710.553
4,2771,1.956e+06,1.956e+06,710.553
4,2772,1.956e+06,1.956e+06,710.553
4,2773,1.956e+06,1.95693e+06,710.553
4,2774,1.956e+06,1.95693e+06,710.553
4,2775,1.956e+06,1.95601e+06,710.553
4,2776,1.956e+06,1.95601e+06,710.553
4,2777,1.956e+06,1.95601e+06,710.553
4,2778,1.956e+06,1.95601e+06,710.553
4,2779,1.956e+06,1.95601e+06,710.553
4,2780,1.956e+06,1.95601e+06,710.553
4,2781,1.956e+06,1.95601e+06,710.553
4,2782,1.956e+06,1.95601e+06,710.553
4,2783,1.956e+06,1.95601e+06,710.553
4,2784,1.956e+06,1.95601e+06,710.553
4,2785,1.956e+06,1.95601e+06,710.553
4,2786,1.956e+06,1.95601e+06,710.553
4,2787,1.956e+06,1.95601e+06,710.553
4,2788,1.956e+06,1.95601e+06,710.553
4,2789,1.956e+06,1.95601e+06,710.553
4,2790,1.956e+06,1.95601e+06,710.553
4,2791,1.956e+06,1.95601e+06,710.553
4,2792,1.956e+06,1.95601e+06,710.553
4,2793,1.956e+06,1.95601e+06,710.553
4,2794,1.956e+06,1.95601e+06,710.553
4,2795,1.956e+06,1.95601e+06,710.553
4,2796,1.956e+06,1.95601e+06,710.553
4,2797,1.956e+06,1.95601e+06,710.553
4,2798,1.956e+06,1.95601e+06,710.553
4,2799,1.956e+06,1.95601e+06,710.553
4,2800,1.956e+06,1.956e+06,710.553
4,2801,1.956e+06,1.956e+06,703.448
4,2802,1.956e+06,1.956e+06,703.448
4,2803,1.956e+06,1.956e+06,703.448
4,2804,1.956e+06,1.956e+06,703.448
4,2805,1.956e+06,1.956e+06,703.448
4,2806,1.956e+06,1.956e+06,703.448
4,2807,1.956e+06,1.956e+06,703.448
4,2808,1.956e+06,1.956e+06,703.448
4,2809,1.956e+06,1.956e+06,703.448
4,2810,1.956e+06,1.956e+06,703.448
4,2811,1.956e+06,1.956e+06,703.448
4,2812,1.956e+06,1.956e+06,703.448
4,2813,1.956e+06,1.956e+06,703.448
4,2814,1.956e+06,1.956e+06,703.448
4,2815,1.956e+06,1.956e+06,703.448
4,2816,1.956e+06,1.956e+06,703.448
4,2817,1.956e+06,1.956e+06,703.448
4,2818,1.956e+06,1.956e+06,703.448
4,2819,1.956e+06,1.956e+06,703.448
4,2820,1.956e+06,1.956e+06,703.448
4,2821,1.956e+06,1.956e+06,703.448
4,2822,1.956e+06,1.956e+06,703.448
4,2823,1.956e+06,1.956e+06,703.448
4,2824,1.956e+06,1.956e+06,703.448
4,2825,1.956e+06,1.956e+06,703.448
4,2826,1.956e+06,1.956e+06,703.448
4,2827,1.956e+06,1.956e+06,703.448
4,2828,1.956e+06,1.956e+06,703.448
4,2829,1.956e+06,1.956e+06,703.448
4,2830,1.956e+06,1.956e+06,703.448
4,2831,1.956e+06,1.956e+06,703.448
4,2832,1.956e+06,1.956e+06,703.448
4,2833,1.956e+06,1.956e+06,703.448
4,2834,1.956e+06,1.956e+06,703.448
4,2835,1.956e+06,1.956e+06,703.448
4,2836,1.956e+06,1.956e+06,703.448
4,2837,1.956e+06,1.956e+06,703.448
4,2838,1.956e+06,1.956e+06,703.448
4,2839,1.956e+06,1.956e+06,703.448
4,2840,1.956e+06,1.956e+06,703.448
4,2841,1.956e+06,1.956e+06,703.448
4,2842,1.956e+06,1.956e+06,703.448
4,2843,1.956e+06,1.956e+06,703.448
4,2844,1.956e+06,1.956e+06,703.448
4,2845,1.956e+06,1.956e+06,703.448
4,2846,1.956e+06,1.956e+06,703.448
4,2847,1.956e+06,1.956e+06,703.448
4,2848,1.956e+06,1.956e+06,703.448
4,2849,1.956e+06,1.956e+06,703.448
4,2850,1.956e+06,1.956e+06,703.448
4,2851,1.956e+06,1.956e+06,703.448
4,2852,1.956e+06,1.956e+06,703.448
4,2853,1.956e+06,1.956e+06,703.448
4,2854,1.956e+06,1.956e+06,703.448
4,2855,1.956e+06,1.956e+06,703.448
4,2856,1.956e+06,1.956e+06,703.448
4,2857,1.956e+06,1.956e+06,703.448
4,2858,1.956e+06,1.956e+06,703.448
4,2859,1.956e+06,1.956e+06,703.448
4,2860,1.956e+06,1.956e+06,703.448
4,2861,1.956e+06,1.956e+06,703.448
4,2862,1.956e+06,1.956e+06,703.448
4,2863,1.956e+06,1.956e+06,703.448
4,2864,1.956e+06,1.956e+06,703.448
4,2865,1.956e+06,1.956e+06,703.448
4,2866,1.956e+06,1.956e+06,703.448
4,2867,1.956e+06,1.956e+06,703.448
4,2868,1.956e+06,1.956e+06,703.448
4,2869,1.956e+06,1.956e+06,703.448
4,2870,1.956e+06,1.956e+06,703.448
4,2871,1.956e+06,1.956e+06,703.448
4,2872,1.956e+06,1.956e+06,703.448
4,2873,1.956e+06,1.956e+06,703.448
4,2874,1.956e+06,1.956e+06,703.448
4,2875,1.956e+06,1.956e+06,703.448
4,2876,1.956e+06,1.956e+06,703.448
4,2877,1.956e+06,1.956e+06,703.448
4,2878,1.956e+06,1.956e+06,703.448
4,2879,1.956e+06,1.956e+06,703.448
4,2880,1.956e+06,1.956e+06,703.448
4,2881,1.956e+06,1.956e+06,696.413
4,2882,1.956e+06,1.956e+06,696.413
4,2883,1.956e+06,1.956e+06,696.413
4,2884,1.956e+06,1.956e+06,696.413
4,2885,1.956e+06,1.956e+06,696.413
4,2886,1.956e+06,1.956e+06,696.413
4,2887,1.956e+06,1.956e+06,696.413
4,2888,1.956e+06,1.956e+06,696.413
4,2889,1.956e+06,1.956e+06,696.413
4,2890,1.956e+06,1.956e+06,696.413
4,2891,1.956e+06,1.956e+06,696.413
4,2892,1.956e+06,1.956e+06,696.413
4,2893,1.956e+06,1.956e+06,696.413
4,2894,1.956e+06,1.956e+06,696.413
4,2895,1.956e+06,1.956e+06,696.413
4,2896,1.956e+06,1.956e+06,696.413
4,2897,1.956e+06,1.956e+06,696.413
4,2898,1.956e+06,1.956e+06,696.413
4,2899,1.956e+06,1.956e+06,696.413
4,2900,1.956e+06,1.956e+06,696.413
4,2901,1.956e+06,1.956e+06,696.413
4,2902,1.956e+06,1.956e+06,696.413
4,2903,1.956e+06,1.956e+06,696.413
4,2904,1.956e+06,1.956e+06,696.413
4,2905,1.956e+06,1.956e+06,696.413
4,2906,1.956e+06,1.956e+06,696.413
4,2907,1.956e+06,1.956e+06,696.413
4,2908,1.956e+06,1.956e+06,696.413
4,2909,1.956e+06,1.956e+06,696.413
4,2910,1.956e+06,1.956e+06,696.413
4,2911,1.956e+06,1.956e+06,696.413
4,2912,1.956e+06,1.956e+06,696.413
4,2913,1.956e+06,1.956e+06,696.413
4,2914,1.956e+06,1.956e+06,696.413
4,2915,1.956e+06,1.956e+06,696.413
4,2916,1.956e+06,1.956e+06,696.413
4,2917,1.956e+06,1.956e+06,696.413
4,2918,1.956e+06,1.956e+06,696.413
4,2919,1.956e+06,1.956e+06,696.413
4,2920,1.956e+06,1.956e+06,696.413
4,2921,1.956e+06,1.956e+06,696.413
4,2922,1.956e+06,1.956e+06,696.413
4,2923,1.956e+06,1.956e+06,696.413
4,2924,1.956e+06,1.956e+06,696.413
4,2925,1.956e+06,1.956e+06,696.413
4,2926,1.956e+06,1.956e+06,696.413
4,2927,1.956e+06,1.956e+06,696.413
4,2928,1.956e+06,1.956e+06,696.413
4,2929,1.956e+06,1.956e+06,696.413
4,2930,1.956e+06,1.956e+06,696.413
4,2931,1.956e+06,1.956e+06,696.413
4,2932,1.956e+06,1.956e+06,696.413
4,2933,1.956e+06,1.956e+06,696.413
4,2934,1.956e+06,1.95693e+06,696.413
4,2935,1.956e+06,1.95693e+06,696.413
4,2936,1.956e+06,1.95693e+06,696.413
4,2937,1.956e+06,1.95693e+06,696.413
4,2938,1.956e+06,1.95693e+06,696.413
4,2939,1.956e+06,1.95693e+06,696.413
4,2940,1.956e+06,1.95693e+06,696.413
4,2941,1.956e+06,1.95693e+06,696.413
4,2942,1.956e+06,1.95693e+06,696.413
4,2943,1.956e+06,1.95693e+06,696.413
4,2944,1.956e+06,1.95693e+06,696.413
4,2945,1.956e+06,1.95693e+06,696.413
4,2946,1.956e+06,1.95693e+06,696.413
4,2947,1.956e+06,1.95693e+06,696.413
4,2948,1.956e+06,1.95693e+06,696.413
4,2949,1.956e+06,1.95693e+06,696.413
4,2950,1.956e+06,1.95693e+06,696.413
4,2951,1.956e+06,1.95693e+06,696.413
4,2952,1.956e+06,1.95693e+06,696.413
4,2953,1.956e+06,1.95693e+06,696.413
4,2954,1.956e+06,1.95693e+06,696.413
4,2955,1.956e+06,1.95693e+06,696.413
4,2956,1.956e+06,1.95693e+06,696.413
4,2957,1.956e+06,1.95693e+06,696.413
4,2958,1.956e+06,1.95693e+06,696.413
4,2959,1.956e+06,1.95693e+06,696.413
4,2960,1.956e+06,1.95693e+06,696.413
4,2961,1.956e+06,1.95693e+06,689.449
4,2962,1.956e+06,1.95693e+06,689.449
4,2963,1.956e+06,1.95693e+06,689.449
4,2964,1.956e+06,1.95693e+06,689.449
4,2965,1.956e+06,1.95693e+06,689.449
4,2966,1.956e+06,1.95693e+06,689.449
4,2967,1.956e+06,1.95693e+06,689.449
4,2968,1.956e+06,1.95693e+06,689.449
4,2969,1.956e+06,1.95693e+06,689.449
4,2970,1.956e+06,1.95693e+06,689.449
4,2971,1.956e+06,1.95693e+06,689.449
4,2972,1.956e+06,1.95693e+06,689.449
4,2973,1.956e+06,1.95693e+06,689.449
4,2974,1.956e+06,1.95693e+06,689.449
4,2975,1.956e+06,1.95693e+06,689.449
4,2976,1.956e+06,1.95693e+06,689.449
4,2977,1.956e+06,1.95693e+06,689.449
4,2978,1.956e+06,1.95693e+06,689.449
4,2979,1.956e+06,1.95693e+06,689.449
4,2980,1.956e+06,1.95693e+06,689.449
4,2981,1.956e+06,1.95693e+06,689.449
4,2982,1.956e+06,1.95693e+06,689.449
4,2983,1.956e+06,1.95693e+06,689.449
4,2984,1.956e+06,1.95693e+06,689.449
4,2985,1.956e+06,1.95693e+06,689.449
4,2986,1.956e+06,1.95693e+06,689.449
4,2987,1.956e+06,1.95693e+06,689.449
4,2988,1.956e+06,1.95693e+06,689.449
4,2989,1.956e+06,1.957e+06,689.449
4,2990,1.956e+06,1.95608e+06,689.449
4,2991,1.956e+06,1.95608e+06,689.449
4,2992,1.956e+06,1.95601e+06,689.449
4,2993,1.956e+06,1.95601e+06,689.449
4,2994,1.956e+06,1.95601e+06,689.449
4,2995,1.956e+06,1.95601e+06,689.449
4,2996,1.956e+06,1.95601e+06,689.449
4,2997,1.956e+06,1.95601e+06,689.449
4,2998,1.956e+06,1.95601e+06,689.449
4,2999,1.956e+06,1.95601e+06,689.449
4,3000,1.956e+06,1.95601e+06,689.449
4,3001,1.956e+06,1.95601e+06,689.449
4,3002,1.956e+06,1.95601e+06,689.449
4,3003,1.956e+06,1.95601e+06,689.449
4,3004,1.956e+06,1.95601e+06,689.449
4,3005,1.956e+06,1.95601e+06,689.449
4,3006,1.956e+06,1.95601e+06,689.449
4,3007,1.956e+06,1.95601e+06,689.449
4,3008,1.956e+06,1.95601e+06,689.449
4,3009,1.956e+06,1.95601e+06,689.449
4,3010,1.956e+06,1.95601e+06,689.449
4,3011,1.956e+06,1.956e+06,689.449
4,3012,1.956e+06,1.956e+06,689.449
4,3013,1.956e+06,1.956e+06,689.449
4,3014,1.956e+06,1.956e+06,689.449
4,3015,1.956e+06,1.956e+06,689.449
4,3016,1.956e+06,1.956e+06,689.449
4,3017,1.956e+06,1.956e+06,689.449
4,3018,1.956e+06,1.956e+06,689.449
4,3019,1.956e+06,1.956e+06,689.449
4,3020,1.956e+06,1.956e+06,689.449
4,3021,1.956e+06,1.956e+06,689.449
4,3022,1.956e+06,1.956e+06,689.449
4,3023,1.956e+06,1.956e+06,689.449
4,3024,1.956e+06,1.956e+06,689.449
4,3025,1.956e+06,1.956e+06,689.449
4,3026,1.956e+06,1.956e+06,689.449
4,3027,1.956e+06,1.956e+06,689.449
4,3028,1.956e+06,1.956e+06,689.449
4,3029,1.956e+06,1.956e+06,689.449
4,3030,1.956e+06,1.956e+06,689.449
4,3031,1.956e+06,1.956e+06,689.449
4,3032,1.956e+06,1.956e+06,689.449
4,3033,1.956e+06,1.956e+06,689.449
4,3034,1.956e+06,1.956e+06,689.449
4,3035,1.956e+06,1.956e+06,689.449
4,3036,1.956e+06,1.956e+06,689.449
4,3037,1.956e+06,1.956e+06,689.449
4,3038,1.956e+06,1.956e+06,689.449
4,3039,1.956e+06,1.956e+06,689.449
4,3040,1.956e+06,1.956e+06,689.449
