phase,iteration,best_cost,current_cost,temperature
1,1,1.13387e+06,1.13387e+06,0
1,2,1.13387e+06,1.13418e+06,0
1,3,1.13387e+06,1.13431e+06,0
1,4,1.13387e+06,1.13421e+06,0
1,5,1.13344e+06,1.13344e+06,0
1,6,1.13344e+06,1.13388e+06,0
1,7,1.13344e+06,1.13372e+06,0
1,8,1.13344e+06,1.13402e+06,0
1,9,1.13344e+06,1.13421e+06,0
1,10,1.13344e+06,1.13372e+06,0
1,11,1.13344e+06,1.13469e+06,0
1,12,1.13344e+06,1.13372e+06,0
1,13,1.13344e+06,1.13383e+06,0
1,14,1.13344e+06,1.13413e+06,0
1,15,1.13344e+06,1.13349e+06,0
1,16,1.13344e+06,1.13354e+06,0
2,1,1.13343e+06,1.13343e+06,1000
2,2,1.13343e+06,1.13343e+06,1000
2,3,1.13343e+06,1.13343e+06,1000
2,4,1.13343e+06,1.13343e+06,1000
2,5,1.13343e+06,1.13343e+06,1000
2,6,1.13343e+06,1.13343e+06,1000
2,7,1.13343e+06,1.13343e+06,1000
2,8,1.13343e+06,1.13343e+06,1000
2,9,1.13343e+06,1.13343e+06,1000
2,10,1.13343e+06,1.13354e+06,1000
2,11,1.13343e+06,1.13354e+06,1000
2,12,1.13343e+06,1.13362e+06,1000
2,13,1.13343e+06,1.13362e+06,1000
2,14,1.13343e+06,1.13362e+06,1000
2,15,1.13343e+06,1.13362e+06,1000
2,16,1.13343e+06,1.13362e+06,1000
2,17,1.13343e+06,1.13362e+06,1000
2,18,1.13343e+06,1.13362e+06,1000
2,19,1.13343e+06,1.13362e+06,1000
2,20,1.13343e+06,1.13362e+06,1000
2,21,1.13343e+06,1.13362e+06,1000
2,22,1.13343e+06,1.13362e+06,1000
2,23,1.13343e+06,1.13362e+06,1000
2,24,1.13343e+06,1.13362e+06,1000
2,25,1.13343e+06,1.13362e+06,1000
2,26,1.13343e+06,1.13362e+06,1000
2,27,1.13343e+06,1.13362e+06,1000
2,28,1.13343e+06,1.13362e+06,1000
2,29,1.13343e+06,1.13362e+06,1000
2,30,1.13343e+06,1.13362e+06,1000
2,31,1.13343e+06,1.13362e+06,1000
2,32,1.13343e+06,1.13362e+06,1000
2,33,1.13343e+06,1.13362e+06,1000
2,34,1.13343e+06,1.13362e+06,1000
2,35,1.13343e+06,1.13362e+06,1000
2,36,1.13343e+06,1.13368e+06,1000
2,37,1.13343e+06,1.13368e+06,1000
2,38,1.13343e+06,1.13368e+06,1000
2,39,1.13343e+06,1.13368e+06,1000
2,40,1.13343e+06,1.13368e+06,1000
2,41,1.13343e+06,1.13368e+06,990
2,42,1.13343e+06,1.13368e+06,990
2,43,1.13343e+06,1.13368e+06,990
2,44,1.13343e+06,1.13368e+06,990
2,45,1.13343e+06,1.13368e+06,990
2,46,1.13343e+06,1.13368e+06,990
2,47,1.13343e+06,1.13368e+06,990
2,48,1.13343e+06,1.13368e+06,990
2,49,1.13343e+06,1.13368e+06,990
2,50,1.13343e+06,1.13369e+06,990
2,51,1.13343e+06,1.13369e+06,990
2,52,1.13343e+06,1.13369e+06,990
2,53,1.13343e+06,1.13369e+06,990
2,54,1.13343e+06,1.13369e+06,990
2,55,1.13343e+06,1.13369e+06,990
2,56,1.13343e+06,1.13369e+06,990
2,57,1.13343e+06,1.13369e+06,990
2,58,1.13343e+06,1.13369e+06,990
2,59,1.13343e+06,1.13368e+06,990
2,60,1.13343e+06,1.13364e+06,990
2,61,1.13343e+06,1.13364e+06,990
2,62,1.13343e+06,1.13364e+06,990
2,63,1.13343e+06,1.13364e+06,990
2,64,1.13343e+06,1.13364e+06,990
2,65,1.13343e+06,1.13364e+06,990
2,66,1.13343e+06,1.13364e+06,990
2,67,1.13343e+06,1.13364e+06,990
2,68,1.13343e+06,1.13364e+06,990
2,69,1.13343e+06,1.13364e+06,990
2,70,1.13343e+06,1.13347e+06,990
2,71,1.13343e+06,1.13347e+06,990
2,72,1.13343e+06,1.13347e+06,990
2,73,1.13343e+06,1.13347e+06,990
2,74,1.13343e+06,1.13347e+06,990
2,75,1.13343e+06,1.13347e+06,990
2,76,1.13343e+06,1.13347e+06,990
2,77,1.13343e+06,1.13347e+06,990
2,78,1.13343e+06,1.13347e+06,990
2,79,1.13343e+06,1.13347e+06,990
2,80,1.13343e+06,1.13345e+06,990
2,81,1.13343e+06,1.13345e+06,980.1
2,82,1.13343e+06,1.13345e+06,980.1
2,83,1.13343e+06,1.13345e+06,980.1
2,84,1.13343e+06,1.13345e+06,980.1
2,85,1.13343e+06,1.13345e+06,980.1
2,86,1.13343e+06,1.13345e+06,980.1
2,87,1.13343e+06,1.13345e+06,980.1
2,88,1.13343e+06,1.13345e+06,980.1
2,89,1.13343e+06,1.13345e+06,980.1
2,90,1.13343e+06,1.13345e+06,980.1
2,91,1.13343e+06,1.13345e+06,980.1
2,92,1.13343e+06,1.13345e+06,980.1
2,93,1.13343e+06,1.13345e+06,980.1
2,94,1.13343e+06,1.13345e+06,980.1
2,95,1.13343e+06,1.13345e+06,980.1
2,96,1.13343e+06,1.13345e+06,980.1
2,97,1.13343e+06,1.13345e+06,980.1
2,98,1.13343e+06,1.13345e+06,980.1
2,99,1.13343e+06,1.13345e+06,980.1
2,100,1.13343e+06,1.13345e+06,980.1
2,101,1.13343e+06,1.13345e+06,980.1
2,102,1.13343e+06,1.13345e+06,980.1
2,103,1.13343e+06,1.13345e+06,980.1
2,104,1.13343e+06,1.13345e+06,980.1
2,105,1.13343e+06,1.13345e+06,980.1
2,106,1.13343e+06,1.13345e+06,980.1
2,107,1.13343e+06,1.13345e+06,980.1
2,108,1.13343e+06,1.13345e+06,980.1
2,109,1.13343e+06,1.13345e+06,980.1
2,110,1.13343e+06,1.13345e+06,980.1
2,111,1.13343e+06,1.13345e+06,980.1
2,112,1.13343e+06,1.13345e+06,980.1
2,113,1.13343e+06,1.13345e+06,980.1
2,114,1.13343e+06,1.13345e+06,980.1
2,115,1.13343e+06,1.13345e+06,980.1
2,116,1.13343e+06,1.13345e+06,980.1
2,117,1.13343e+06,1.13345e+06,980.1
2,118,1.13343e+06,1.13345e+06,980.1
2,119,1.13332e+06,1.13332e+06,980.1
2,120,1.13332e+06,1.13332e+06,980.1
2,121,1.13332e+06,1.13332e+06,970.299
2,122,1.13332e+06,1.13369e+06,970.299
2,123,1.13332e+06,1.13369e+06,970.299
2,124,1.13332e+06,1.13369e+06,970.299
2,125,1.13332e+06,1.13369e+06,970.299
2,126,1.13332e+06,1.13369e+06,970.299
2,127,1.13332e+06,1.13369e+06,970.299
2,128,1.13332e+06,1.13369e+06,970.299
2,129,1.13332e+06,1.13369e+06,970.299
2,130,1.13332e+06,1.13369e+06,970.299
2,131,1.13332e+06,1.13369e+06,970.299
2,132,1.13332e+06,1.13369e+06,970.299
2,133,1.13332e+06,1.13369e+06,970.299
2,134,1.13332e+06,1.13369e+06,970.299
2,135,1.13332e+06,1.13369e+06,970.299
2,136,1.13332e+06,1.13369e+06,970.299
2,137,1.13332e+06,1.13369e+06,970.299
2,138,1.13332e+06,1.13369e+06,970.299
2,139,1.13332e+06,1.13369e+06,970.299
2,140,1.13332e+06,1.13369e+06,970.299
2,141,1.13332e+06,1.13369e+06,970.299
2,142,1.13332e+06,1.13369e+06,970.299
2,143,1.13332e+06,1.13369e+06,970.299
2,144,1.13332e+06,1.13369e+06,970.299
2,145,1.13332e+06,1.13369e+06,970.299
2,146,1.13332e+06,1.13369e+06,970.299
2,147,1.13332e+06,1.13369e+06,970.299
2,148,1.13332e+06,1.13366e+06,970.299
2,149,1.13332e+06,1.13366e+06,970.299
2,150,1.13332e+06,1.13366e+06,970.299
2,151,1.13332e+06,1.13366e+06,970.299
2,152,1.13332e+06,1.13366e+06,970.299
2,153,1.13332e+06,1.13366e+06,970.299
2,154,1.13332e+06,1.13366e+06,970.299
2,155,1.13332e+06,1.13366e+06,970.299
2,156,1.13332e+06,1.13366e+06,970.299
2,157,1.13332e+06,1.13366e+06,970.299
2,158,1.13332e+06,1.13366e+06,970.299
2,159,1.13332e+06,1.13366e+06,970.299
2,160,1.13332e+06,1.13366e+06,970.299
2,161,1.13332e+06,1.13366e+06,960.596
2,162,1.13332e+06,1.13366e+06,960.596
2,163,1.13332e+06,1.13366e+06,960.596
2,164,1.13332e+06,1.13366e+06,960.596
2,165,1.13332e+06,1.13366e+06,960.596
2,166,1.13332e+06,1.13366e+06,960.596
2,167,1.13332e+06,1.13366e+06,960.596
2,168,1.13332e+06,1.13366e+06,960.596
2,169,1.13332e+06,1.13366e+06,960.596
2,170,1.13332e+06,1.13368e+06,960.596
2,171,1.13332e+06,1.13368e+06,960.596
2,172,1.13332e+06,1.13368e+06,960.596
2,173,1.13332e+06,1.13368e+06,960.596
2,174,1.13332e+06,1.13368e+06,960.596
2,175,1.13332e+06,1.13368e+06,960.596
2,176,1.13332e+06,1.13368e+06,960.596
2,177,1.13332e+06,1.13368e+06,960.596
2,178,1.13332e+06,1.13368e+06,960.596
2,179,1.13332e+06,1.13368e+06,960.596
2,180,1.13332e+06,1.13368e+06,960.596
2,181,1.13332e+06,1.13368e+06,960.596
2,182,1.13332e+06,1.13368e+06,960.596
2,183,1.13332e+06,1.13368e+06,960.596
2,184,1.13332e+06,1.13368e+06,960.596
2,185,1.13332e+06,1.13369e+06,960.596
2,186,1.13332e+06,1.13369e+06,960.596
2,187,1.13332e+06,1.13366e+06,960.596
2,188,1.13332e+06,1.13366e+06,960.596
2,189,1.13332e+06,1.13366e+06,960.596
2,190,1.13332e+06,1.13366e+06,960.596
2,191,1.13332e+06,1.13366e+06,960.596
2,192,1.13332e+06,1.13366e+06,960.596
2,193,1.13332e+06,1.13366e+06,960.596
2,194,1.13332e+06,1.13366e+06,960.596
2,195,1.13332e+06,1.13366e+06,960.596
2,196,1.13332e+06,1.13366e+06,960.596
2,197,1.13332e+06,1.13366e+06,960.596
2,198,1.13332e+06,1.13366e+06,960.596
2,199,1.13332e+06,1.13366e+06,960.596
2,200,1.13332e+06,1.13366e+06,960.596
2,201,1.13332e+06,1.13366e+06,950.99
2,202,1.13332e+06,1.13366e+06,950.99
2,203,1.13332e+06,1.13366e+06,950.99
2,204,1.13332e+06,1.13366e+06,950.99
2,205,1.13332e+06,1.13366e+06,950.99
2,206,1.13332e+06,1.13366e+06,950.99
2,207,1.13332e+06,1.13366e+06,950.99
2,208,1.13332e+06,1.13366e+06,950.99
2,209,1.13332e+06,1.13366e+06,950.99
2,210,1.13332e+06,1.13366e+06,950.99
2,211,1.13332e+06,1.13366e+06,950.99
2,212,1.13332e+06,1.13366e+06,950.99
2,213,1.13332e+06,1.13366e+06,950.99
2,214,1.13332e+06,1.13367e+06,950.99
2,215,1.13332e+06,1.13367e+06,950.99
2,216,1.13332e+06,1.13367e+06,950.99
2,217,1.13332e+06,1.13367e+06,950.99
2,218,1.13332e+06,1.13367e+06,950.99
2,219,1.13332e+06,1.13367e+06,950.99
2,220,1.13332e+06,1.13367e+06,950.99
2,221,1.13332e+06,1.13367e+06,950.99
2,222,1.13332e+06,1.13367e+06,950.99
2,223,1.13332e+06,1.13367e+06,950.99
2,224,1.13332e+06,1.13367e+06,950.99
2,225,1.13332e+06,1.13367e+06,950.99
2,226,1.13332e+06,1.13367e+06,950.99
2,227,1.13332e+06,1.13367e+06,950.99
2,228,1.13332e+06,1.13367e+06,950.99
2,229,1.13332e+06,1.13367e+06,950.99
2,230,1.13332e+06,1.13367e+06,950.99
2,231,1.13332e+06,1.13367e+06,950.99
2,232,1.13332e+06,1.13383e+06,950.99
2,233,1.13332e+06,1.13383e+06,950.99
2,234,1.13332e+06,1.13383e+06,950.99
2,235,1.13332e+06,1.13383e+06,950.99
2,236,1.13332e+06,1.13383e+06,950.99
2,237,1.13332e+06,1.13383e+06,950.99
2,238,1.13332e+06,1.13383e+06,950.99
2,239,1.13332e+06,1.13383e+06,950.99
2,240,1.13332e+06,1.13383e+06,950.99
2,241,1.13332e+06,1.13383e+06,941.48
2,242,1.13332e+06,1.13383e+06,941.48
2,243,1.13332e+06,1.13383e+06,941.48
2,244,1.13332e+06,1.13383e+06,941.48
2,245,1.13332e+06,1.13383e+06,941.48
2,246,1.13332e+06,1.13383e+06,941.48
2,247,1.13332e+06,1.13383e+06,941.48
2,248,1.13332e+06,1.13383e+06,941.48
2,249,1.13332e+06,1.13383e+06,941.48
2,250,1.13332e+06,1.13383e+06,941.48
2,251,1.13332e+06,1.13383e+06,941.48
2,252,1.13332e+06,1.13383e+06,941.48
2,253,1.13332e+06,1.13383e+06,941.48
2,254,1.13332e+06,1.13383e+06,941.48
2,255,1.13332e+06,1.13383e+06,941.48
2,256,1.13332e+06,1.13383e+06,941.48
2,257,1.13332e+06,1.13383e+06,941.48
2,258,1.13332e+06,1.13383e+06,941.48
2,259,1.13332e+06,1.13383e+06,941.48
2,260,1.13332e+06,1.13383e+06,941.48
2,261,1.13332e+06,1.13383e+06,941.48
2,262,1.13332e+06,1.13383e+06,941.48
2,263,1.13332e+06,1.13383e+06,941.48
2,264,1.13332e+06,1.13383e+06,941.48
2,265,1.13332e+06,1.13383e+06,941.48
2,266,1.13332e+06,1.13383e+06,941.48
2,267,1.13332e+06,1.13382e+06,941.48
2,268,1.13332e+06,1.13382e+06,941.48
2,269,1.13332e+06,1.13382e+06,941.48
2,270,1.13332e+06,1.13382e+06,941.48
2,271,1.13332e+06,1.13375e+06,941.48
2,272,1.13332e+06,1.13375e+06,941.48
2,273,1.13332e+06,1.13375e+06,941.48
2,274,1.13332e+06,1.1337e+06,941.48
2,275,1.13332e+06,1.1337e+06,941.48
2,276,1.13332e+06,1.1337e+06,941.48
2,277,1.13332e+06,1.1337e+06,941.48
2,278,1.13332e+06,1.1337e+06,941.48
2,279,1.13332e+06,1.1337e+06,941.48
2,280,1.13332e+06,1.1337e+06,941.48
2,281,1.13332e+06,1.13371e+06,932.065
2,282,1.13332e+06,1.13371e+06,932.065
2,283,1.13332e+06,1.13371e+06,932.065
2,284,1.13332e+06,1.13371e+06,932.065
2,285,1.13332e+06,1.13371e+06,932.065
2,286,1.13332e+06,1.13371e+06,932.065
2,287,1.13332e+06,1.13371e+06,932.065
2,288,1.13332e+06,1.13371e+06,932.065
2,289,1.13332e+06,1.13371e+06,932.065
2,290,1.13332e+06,1.13371e+06,932.065
2,291,1.13332e+06,1.13371e+06,932.065
2,292,1.13332e+06,1.13371e+06,932.065
2,293,1.13332e+06,1.13371e+06,932.065
2,294,1.13332e+06,1.13371e+06,932.065
2,295,1.13332e+06,1.13371e+06,932.065
2,296,1.13332e+06,1.13371e+06,932.065
2,297,1.13332e+06,1.13371e+06,932.065
2,298,1.13332e+06,1.13371e+06,932.065
2,299,1.13332e+06,1.13371e+06,932.065
2,300,1.13332e+06,1.13371e+06,932.065
2,301,1.13332e+06,1.13371e+06,932.065
2,302,1.13332e+06,1.13371e+06,932.065
2,303,1.13332e+06,1.13371e+06,932.065
2,304,1.13332e+06,1.13371e+06,932.065
2,305,1.13332e+06,1.13371e+06,932.065
2,306,1.13332e+06,1.13371e+06,932.065
2,307,1.13332e+06,1.13371e+06,932.065
2,308,1.13332e+06,1.13371e+06,932.065
2,309,1.13332e+06,1.13371e+06,932.065
2,310,1.13332e+06,1.13372e+06,932.065
2,311,1.13332e+06,1.13372e+06,932.065
2,312,1.13332e+06,1.13372e+06,932.065
2,313,1.13332e+06,1.13372e+06,932.065
2,314,1.13332e+06,1.13372e+06,932.065
2,315,1.13332e+06,1.13372e+06,932.065
2,316,1.13332e+06,1.13372e+06,932.065
2,317,1.13332e+06,1.13369e+06,932.065
2,318,1.13332e+06,1.13369e+06,932.065
2,319,1.13332e+06,1.13369e+06,932.065
2,320,1.13332e+06,1.13369e+06,932.065
2,321,1.13332e+06,1.13369e+06,922.745
2,322,1.13332e+06,1.13369e+06,922.745
2,323,1.13332e+06,1.13369e+06,922.745
2,324,1.13332e+06,1.13369e+06,922.745
2,325,1.13332e+06,1.13369e+06,922.745
2,326,1.13332e+06,1.13369e+06,922.745
2,327,1.13332e+06,1.13369e+06,922.745
2,328,1.13332e+06,1.13369e+06,922.745
2,329,1.13332e+06,1.13369e+06,922.745
2,330,1.13332e+06,1.13369e+06,922.745
2,331,1.13332e+06,1.13369e+06,922.745
2,332,1.13332e+06,1.13369e+06,922.745
2,333,1.13332e+06,1.13369e+06,922.745
2,334,1.13332e+06,1.1338e+06,922.745
2,335,1.13332e+06,1.1338e+06,922.745
2,336,1.13332e+06,1.1338e+06,922.745
2,337,1.13332e+06,1.1338e+06,922.745
2,338,1.13332e+06,1.1338e+06,922.745
2,339,1.13332e+06,1.1338e+06,922.745
2,340,1.13332e+06,1.13381e+06,922.745
2,341,1.13332e+06,1.13381e+06,922.745
2,342,1.13332e+06,1.13381e+06,922.745
2,343,1.13332e+06,1.13381e+06,922.745
2,344,1.13332e+06,1.13381e+06,922.745
2,345,1.13332e+06,1.13381e+06,922.745
2,346,1.13332e+06,1.13381e+06,922.745
2,347,1.13332e+06,1.13381e+06,922.745
2,348,1.13332e+06,1.13378e+06,922.745
2,349,1.13332e+06,1.13378e+06,922.745
2,350,1.13332e+06,1.13378e+06,922.745
2,351,1.13332e+06,1.13378e+06,922.745
2,352,1.13332e+06,1.13378e+06,922.745
2,353,1.13332e+06,1.13378e+06,922.745
2,354,1.13332e+06,1.13378e+06,922.745
2,355,1.13332e+06,1.13378e+06,922.745
2,356,1.13332e+06,1.13378e+06,922.745
2,357,1.13332e+06,1.13378e+06,922.745
2,358,1.13332e+06,1.13378e+06,922.745
2,359,1.13332e+06,1.13375e+06,922.745
2,360,1.13332e+06,1.13375e+06,922.745
2,361,1.13332e+06,1.13373e+06,913.517
2,362,1.13332e+06,1.13373e+06,913.517
2,363,1.13332e+06,1.13373e+06,913.517
2,364,1.13332e+06,1.13373e+06,913.517
2,365,1.13332e+06,1.13373e+06,913.517
2,366,1.13332e+06,1.13373e+06,913.517
2,367,1.13332e+06,1.13373e+06,913.517
2,368,1.13332e+06,1.13376e+06,913.517
2,369,1.13332e+06,1.13376e+06,913.517
2,370,1.13332e+06,1.13361e+06,913.517
2,371,1.13332e+06,1.13361e+06,913.517
2,372,1.13332e+06,1.13358e+06,913.517
2,373,1.13332e+06,1.13358e+06,913.517
2,374,1.13332e+06,1.13358e+06,913.517
2,375,1.13332e+06,1.13357e+06,913.517
2,376,1.13332e+06,1.13357e+06,913.517
2,377,1.13332e+06,1.13357e+06,913.517
2,378,1.13332e+06,1.13348e+06,913.517
2,379,1.13332e+06,1.13348e+06,913.517
2,380,1.13332e+06,1.13348e+06,913.517
2,381,1.13332e+06,1.13348e+06,913.517
2,382,1.13332e+06,1.13348e+06,913.517
2,383,1.13332e+06,1.13348e+06,913.517
2,384,1.13332e+06,1.13348e+06,913.517
2,385,1.13332e+06,1.13348e+06,913.517
2,386,1.13332e+06,1.13348e+06,913.517
2,387,1.13332e+06,1.13348e+06,913.517
2,388,1.13332e+06,1.13349e+06,913.517
2,389,1.13332e+06,1.13349e+06,913.517
2,390,1.13332e+06,1.13349e+06,913.517
2,391,1.13332e+06,1.13349e+06,913.517
2,392,1.13332e+06,1.13352e+06,913.517
2,393,1.13332e+06,1.13352e+06,913.517
2,394,1.13332e+06,1.13352e+06,913.517
2,395,1.13332e+06,1.13352e+06,913.517
2,396,1.13332e+06,1.13352e+06,913.517
2,397,1.13332e+06,1.13352e+06,913.517
2,398,1.13332e+06,1.13352e+06,913.517
2,399,1.13332e+06,1.13352e+06,913.517
2,400,1.13332e+06,1.13352e+06,913.517
2,401,1.13332e+06,1.13352e+06,904.382
2,402,1.13332e+06,1.13352e+06,904.382
2,403,1.13332e+06,1.13352e+06,904.382
2,404,1.13332e+06,1.13352e+06,904.382
2,405,1.13332e+06,1.13352e+06,904.382
2,406,1.13332e+06,1.13352e+06,904.382
2,407,1.13332e+06,1.13352e+06,904.382
2,408,1.13332e+06,1.13352e+06,904.382
2,409,1.13332e+06,1.13352e+06,904.382
2,410,1.13332e+06,1.13352e+06,904.382
2,411,1.13332e+06,1.13352e+06,904.382
2,412,1.13332e+06,1.13352e+06,904.382
2,413,1.13332e+06,1.13352e+06,904.382
2,414,1.13332e+06,1.13352e+06,904.382
2,415,1.13332e+06,1.13352e+06,904.382
2,416,1.13332e+06,1.13352e+06,904.382
2,417,1.13332e+06,1.13352e+06,904.382
2,418,1.13332e+06,1.13352e+06,904.382
2,419,1.13332e+06,1.13352e+06,904.382
2,420,1.13332e+06,1.13352e+06,904.382
2,421,1.13332e+06,1.13352e+06,904.382
2,422,1.13332e+06,1.13352e+06,904.382
2,423,1.13332e+06,1.13352e+06,904.382
2,424,1.13332e+06,1.13352e+06,904.382
2,425,1.13332e+06,1.13352e+06,904.382
2,426,1.13332e+06,1.13352e+06,904.382
2,427,1.13332e+06,1.13352e+06,904.382
2,428,1.13332e+06,1.13359e+06,904.382
2,429,1.13332e+06,1.13359e+06,904.382
2,430,1.13332e+06,1.13363e+06,904.382
2,431,1.13332e+06,1.13361e+06,904.382
2,432,1.13332e+06,1.13361e+06,904.382
2,433,1.13332e+06,1.13361e+06,904.382
2,434,1.13332e+06,1.13361e+06,904.382
2,435,1.13332e+06,1.13361e+06,904.382
2,436,1.13332e+06,1.13361e+06,904.382
2,437,1.13332e+06,1.13361e+06,904.382
2,438,1.13332e+06,1.13361e+06,904.382
2,439,1.13332e+06,1.13361e+06,904.382
2,440,1.13332e+06,1.13361e+06,904.382
2,441,1.13332e+06,1.13361e+06,895.338
2,442,1.13332e+06,1.13361e+06,895.338
2,443,1.13332e+06,1.13361e+06,895.338
2,444,1.13332e+06,1.13361e+06,895.338
2,445,1.13332e+06,1.13361e+06,895.338
2,446,1.13332e+06,1.13361e+06,895.338
2,447,1.13332e+06,1.13361e+06,895.338
2,448,1.13332e+06,1.13361e+06,895.338
2,449,1.13332e+06,1.13361e+06,895.338
2,450,1.13332e+06,1.13361e+06,895.338
2,451,1.13332e+06,1.13361e+06,895.338
2,452,1.13332e+06,1.13361e+06,895.338
2,453,1.13332e+06,1.13361e+06,895.338
2,454,1.13332e+06,1.13361e+06,895.338
2,455,1.13332e+06,1.13361e+06,895.338
2,456,1.13332e+06,1.13361e+06,895.338
2,457,1.13332e+06,1.13361e+06,895.338
2,458,1.13332e+06,1.13361e+06,895.338
2,459,1.13332e+06,1.13361e+06,895.338
2,460,1.13332e+06,1.13361e+06,895.338
2,461,1.13332e+06,1.13361e+06,895.338
2,462,1.13332e+06,1.1336e+06,895.338
2,463,1.13332e+06,1.1336e+06,895.338
2,464,1.13332e+06,1.1336e+06,895.338
2,465,1.13332e+06,1.13358e+06,895.338
2,466,1.13332e+06,1.13358e+06,895.338
2,467,1.13332e+06,1.13358e+06,895.338
2,468,1.13332e+06,1.1335e+06,895.338
2,469,1.13332e+06,1.1335e+06,895.338
2,470,1.13332e+06,1.1335e+06,895.338
2,471,1.13332e+06,1.1335e+06,895.338
2,472,1.13332e+06,1.1335e+06,895.338
2,473,1.13332e+06,1.1335e+06,895.338
2,474,1.13332e+06,1.1335e+06,895.338
2,475,1.13332e+06,1.13349e+06,895.338
2,476,1.13332e+06,1.13349e+06,895.338
2,477,1.13332e+06,1.13349e+06,895.338
2,478,1.13332e+06,1.13349e+06,895.338
2,479,1.13332e+06,1.13349e+06,895.338
2,480,1.13332e+06,1.13349e+06,895.338
2,481,1.13332e+06,1.13349e+06,886.385
2,482,1.13332e+06,1.13349e+06,886.385
2,483,1.13332e+06,1.13349e+06,886.385
2,484,1.13332e+06,1.13349e+06,886.385
2,485,1.13332e+06,1.13349e+06,886.385
2,486,1.13332e+06,1.13349e+06,886.385
2,487,1.13332e+06,1.13349e+06,886.385
2,488,1.13332e+06,1.13349e+06,886.385
2,489,1.13332e+06,1.13335e+06,886.385
2,490,1.13332e+06,1.13335e+06,886.385
2,491,1.13332e+06,1.13335e+06,886.385
2,492,1.13332e+06,1.13335e+06,886.385
2,493,1.13332e+06,1.13335e+06,886.385
2,494,1.13332e+06,1.13335e+06,886.385
2,495,1.13332e+06,1.13335e+06,886.385
2,496,1.13332e+06,1.13335e+06,886.385
2,497,1.13332e+06,1.13335e+06,886.385
2,498,1.13332e+06,1.13335e+06,886.385
2,499,1.13332e+06,1.13335e+06,886.385
2,500,1.13332e+06,1.13335e+06,886.385
2,501,1.13332e+06,1.13333e+06,886.385
2,502,1.13332e+06,1.13333e+06,886.385
2,503,1.13332e+06,1.1335e+06,886.385
2,504,1.13332e+06,1.1335e+06,886.385
2,505,1.13332e+06,1.1335e+06,886.385
2,506,1.13332e+06,1.1335e+06,886.385
2,507,1.13332e+06,1.1335e+06,886.385
2,508,1.13332e+06,1.13349e+06,886.385
2,509,1.13332e+06,1.13349e+06,886.385
2,510,1.13332e+06,1.13346e+06,886.385
2,511,1.13332e+06,1.13346e+06,886.385
2,512,1.13332e+06,1.13346e+06,886.385
2,513,1.13332e+06,1.13346e+06,886.385
2,514,1.13332e+06,1.13346e+06,886.385
2,515,1.13332e+06,1.13346e+06,886.385
2,516,1.13332e+06,1.13346e+06,886.385
2,517,1.13332e+06,1.13346e+06,886.385
2,518,1.13332e+06,1.13346e+06,886.385
2,519,1.13332e+06,1.13346e+06,886.385
2,520,1.13332e+06,1.13344e+06,886.385
2,521,1.13332e+06,1.13344e+06,877.521
2,522,1.13332e+06,1.13344e+06,877.521
2,523,1.13332e+06,1.13341e+06,877.521
2,524,1.13332e+06,1.13341e+06,877.521
2,525,1.13332e+06,1.13341e+06,877.521
2,526,1.13332e+06,1.13341e+06,877.521
2,527,1.13332e+06,1.13341e+06,877.521
2,528,1.13332e+06,1.13341e+06,877.521
2,529,1.13332e+06,1.13338e+06,877.521
2,530,1.13332e+06,1.13338e+06,877.521
2,531,1.13332e+06,1.13338e+06,877.521
2,532,1.13332e+06,1.13338e+06,877.521
2,533,1.13332e+06,1.13338e+06,877.521
2,534,1.13332e+06,1.13338e+06,877.521
2,535,1.13332e+06,1.13338e+06,877.521
2,536,1.13332e+06,1.13338e+06,877.521
2,537,1.13332e+06,1.13338e+06,877.521
2,538,1.13332e+06,1.13338e+06,877.521
2,539,1.13332e+06,1.13335e+06,877.521
2,540,1.13332e+06,1.13335e+06,877.521
2,541,1.13332e+06,1.13335e+06,877.521
2,542,1.13332e+06,1.13335e+06,877.521
2,543,1.13332e+06,1.13334e+06,877.521
2,544,1.13332e+06,1.13334e+06,877.521
2,545,1.13323e+06,1.13323e+06,877.521
2,546,1.13323e+06,1.13323e+06,877.521
2,547,1.13323e+06,1.13323e+06,877.521
2,548,1.13323e+06,1.13323e+06,877.521
2,549,1.13323e+06,1.13323e+06,877.521
2,550,1.13323e+06,1.13323e+06,877.521
2,551,1.13323e+06,1.13323e+06,877.521
2,552,1.13323e+06,1.13323e+06,877.521
2,553,1.13323e+06,1.13323e+06,877.521
2,554,1.13323e+06,1.13323e+06,877.521
2,555,1.13323e+06,1.13323e+06,877.521
2,556,1.13323e+06,1.13327e+06,877.521
2,557,1.13323e+06,1.13327e+06,877.521
2,558,1.13323e+06,1.13327e+06,877.521
2,559,1.13323e+06,1.13327e+06,877.521
2,560,1.13323e+06,1.13327e+06,877.521
2,561,1.13323e+06,1.13327e+06,868.746
2,562,1.13323e+06,1.13327e+06,868.746
2,563,1.13323e+06,1.13327e+06,868.746
2,564,1.13323e+06,1.13327e+06,868.746
2,565,1.13323e+06,1.13326e+06,868.746
2,566,1.13323e+06,1.13326e+06,868.746
2,567,1.13323e+06,1.13326e+06,868.746
2,568,1.13323e+06,1.13326e+06,868.746
2,569,1.13323e+06,1.13326e+06,868.746
2,570,1.13323e+06,1.13326e+06,868.746
2,571,1.13323e+06,1.13326e+06,868.746
2,572,1.13323e+06,1.13326e+06,868.746
2,573,1.13323e+06,1.13326e+06,868.746
2,574,1.13323e+06,1.13326e+06,868.746
2,575,1.13323e+06,1.13326e+06,868.746
2,576,1.13323e+06,1.13326e+06,868.746
2,577,1.13323e+06,1.13326e+06,868.746
2,578,1.13323e+06,1.13326e+06,868.746
2,579,1.13323e+06,1.13326e+06,868.746
2,580,1.13323e+06,1.13326e+06,868.746
2,581,1.13323e+06,1.13326e+06,868.746
2,582,1.13323e+06,1.13326e+06,868.746
2,583,1.13323e+06,1.13326e+06,868.746
2,584,1.13323e+06,1.13326e+06,868.746
2,585,1.13323e+06,1.13326e+06,868.746
2,586,1.13323e+06,1.13326e+06,868.746
2,587,1.13323e+06,1.13326e+06,868.746
2,588,1.13323e+06,1.13326e+06,868.746
2,589,1.13323e+06,1.13326e+06,868.746
2,590,1.13323e+06,1.13326e+06,868.746
2,591,1.13323e+06,1.13326e+06,868.746
2,592,1.13323e+06,1.13326e+06,868.746
2,593,1.13323e+06,1.13326e+06,868.746
2,594,1.13323e+06,1.13326e+06,868.746
2,595,1.13323e+06,1.13326e+06,868.746
2,596,1.13323e+06,1.13326e+06,868.746
2,597,1.13323e+06,1.13326e+06,868.746
2,598,1.13323e+06,1.13326e+06,868.746
2,599,1.13323e+06,1.13326e+06,868.746
2,600,1.13323e+06,1.13329e+06,868.746
2,601,1.13323e+06,1.13329e+06,860.058
2,602,1.13323e+06,1.13329e+06,860.058
2,603,1.13323e+06,1.13329e+06,860.058
2,604,1.13323e+06,1.13329e+06,860.058
2,605,1.13323e+06,1.13329e+06,860.058
2,606,1.13323e+06,1.13329e+06,860.058
2,607,1.13323e+06,1.13329e+06,860.058
2,608,1.13323e+06,1.13329e+06,860.058
2,609,1.13323e+06,1.13329e+06,860.058
2,610,1.13323e+06,1.13329e+06,860.058
2,611,1.13323e+06,1.13329e+06,860.058
2,612,1.13323e+06,1.13329e+06,860.058
2,613,1.13323e+06,1.13329e+06,860.058
2,614,1.13323e+06,1.13329e+06,860.058
2,615,1.13323e+06,1.13329e+06,860.058
2,616,1.13323e+06,1.13329e+06,860.058
2,617,1.13323e+06,1.13329e+06,860.058
2,618,1.13323e+06,1.13329e+06,860.058
2,619,1.13323e+06,1.13329e+06,860.058
2,620,1.13323e+06,1.13323e+06,860.058
2,621,1.13323e+06,1.13323e+06,860.058
2,622,1.13323e+06,1.13323e+06,860.058
2,623,1.13313e+06,1.13313e+06,860.058
2,624,1.13313e+06,1.13324e+06,860.058
2,625,1.13313e+06,1.13324e+06,860.058
2,626,1.13313e+06,1.13324e+06,860.058
2,627,1.13313e+06,1.13324e+06,860.058
2,628,1.13313e+06,1.13324e+06,860.058
2,629,1.13313e+06,1.13324e+06,860.058
2,630,1.13313e+06,1.13324e+06,860.058
2,631,1.13313e+06,1.13324e+06,860.058
2,632,1.13313e+06,1.13324e+06,860.058
2,633,1.13313e+06,1.13324e+06,860.058
2,634,1.13313e+06,1.13325e+06,860.058
2,635,1.13313e+06,1.13321e+06,860.058
2,636,1.13313e+06,1.13322e+06,860.058
2,637,1.13313e+06,1.1332e+06,860.058
2,638,1.13313e+06,1.1332e+06,860.058
2,639,1.13313e+06,1.1332e+06,860.058
2,640,1.13313e+06,1.1332e+06,860.058
2,641,1.13313e+06,1.1332e+06,851.458
2,642,1.13313e+06,1.1332e+06,851.458
2,643,1.13313e+06,1.1332e+06,851.458
2,644,1.13308e+06,1.13308e+06,851.458
2,645,1.13308e+06,1.13308e+06,851.458
2,646,1.13308e+06,1.13308e+06,851.458
2,647,1.13308e+06,1.13308e+06,851.458
2,648,1.13308e+06,1.13308e+06,851.458
2,649,1.13308e+06,1.13308e+06,851.458
2,650,1.13308e+06,1.13308e+06,851.458
2,651,1.13308e+06,1.13308e+06,851.458
2,652,1.13288e+06,1.13288e+06,851.458
2,653,1.13288e+06,1.13288e+06,851.458
2,654,1.13288e+06,1.13288e+06,851.458
2,655,1.13288e+06,1.13288e+06,851.458
2,656,1.13288e+06,1.13288e+06,851.458
2,657,1.13288e+06,1.13288e+06,851.458
2,658,1.13288e+06,1.13288e+06,851.458
2,659,1.13288e+06,1.13288e+06,851.458
2,660,1.13288e+06,1.13288e+06,851.458
2,661,1.13288e+06,1.13288e+06,851.458
2,662,1.13288e+06,1.13288e+06,851.458
2,663,1.13288e+06,1.13307e+06,851.458
2,664,1.13288e+06,1.13306e+06,851.458
2,665,1.13288e+06,1.13306e+06,851.458
2,666,1.13288e+06,1.13306e+06,851.458
2,667,1.13288e+06,1.13306e+06,851.458
2,668,1.13288e+06,1.13306e+06,851.458
2,669,1.13288e+06,1.13306e+06,851.458
2,670,1.13288e+06,1.13306e+06,851.458
2,671,1.13288e+06,1.13306e+06,851.458
2,672,1.13288e+06,1.13306e+06,851.458
2,673,1.13288e+06,1.13306e+06,851.458
2,674,1.13288e+06,1.13306e+06,851.458
2,675,1.13288e+06,1.13306e+06,851.458
2,676,1.13288e+06,1.13306e+06,851.458
2,677,1.13288e+06,1.13306e+06,851.458
2,678,1.13288e+06,1.13307e+06,851.458
2,679,1.13288e+06,1.13304e+06,851.458
2,680,1.13288e+06,1.13304e+06,851.458
2,681,1.13288e+06,1.13307e+06,842.943
2,682,1.13288e+06,1.13307e+06,842.943
2,683,1.13288e+06,1.13307e+06,842.943
2,684,1.13288e+06,1.13307e+06,842.943
2,685,1.13288e+06,1.13307e+06,842.943
2,686,1.13288e+06,1.13307e+06,842.943
2,687,1.13288e+06,1.13307e+06,842.943
2,688,1.13288e+06,1.13304e+06,842.943
2,689,1.13288e+06,1.13302e+06,842.943
2,690,1.13288e+06,1.13302e+06,842.943
2,691,1.13288e+06,1.13302e+06,842.943
2,692,1.13288e+06,1.13302e+06,842.943
2,693,1.13288e+06,1.13302e+06,842.943
2,694,1.13288e+06,1.13302e+06,842.943
2,695,1.13288e+06,1.13302e+06,842.943
2,696,1.13288e+06,1.13301e+06,842.943
2,697,1.13288e+06,1.13301e+06,842.943
2,698,1.13288e+06,1.13301e+06,842.943
2,699,1.13288e+06,1.13301e+06,842.943
2,700,1.13288e+06,1.13301e+06,842.943
2,701,1.13288e+06,1.13301e+06,842.943
2,702,1.13288e+06,1.13301e+06,842.943
2,703,1.13288e+06,1.13301e+06,842.943
2,704,1.13288e+06,1.13301e+06,842.943
2,705,1.13288e+06,1.13301e+06,842.943
2,706,1.13288e+06,1.13301e+06,842.943
2,707,1.13288e+06,1.13301e+06,842.943
2,708,1.13288e+06,1.13301e+06,842.943
2,709,1.13288e+06,1.13301e+06,842.943
2,710,1.13288e+06,1.13301e+06,842.943
2,711,1.13288e+06,1.13301e+06,842.943
2,712,1.13288e+06,1.13301e+06,842.943
2,713,1.13288e+06,1.13307e+06,842.943
2,714,1.13288e+06,1.13305e+06,842.943
2,715,1.13288e+06,1.13305e+06,842.943
2,716,1.13288e+06,1.13311e+06,842.943
2,717,1.13288e+06,1.13311e+06,842.943
2,718,1.13288e+06,1.13311e+06,842.943
2,719,1.13288e+06,1.13311e+06,842.943
2,720,1.13288e+06,1.13311e+06,842.943
2,721,1.13288e+06,1.13311e+06,834.514
2,722,1.13288e+06,1.13311e+06,834.514
2,723,1.13288e+06,1.13311e+06,834.514
2,724,1.13288e+06,1.13311e+06,834.514
2,725,1.13288e+06,1.13311e+06,834.514
2,726,1.13288e+06,1.13311e+06,834.514
2,727,1.13288e+06,1.13311e+06,834.514
2,728,1.13288e+06,1.13309e+06,834.514
2,729,1.13288e+06,1.13309e+06,834.514
2,730,1.13288e+06,1.13327e+06,834.514
2,731,1.13288e+06,1.13327e+06,834.514
2,732,1.13288e+06,1.13327e+06,834.514
2,733,1.13288e+06,1.13326e+06,834.514
2,734,1.13288e+06,1.13326e+06,834.514
2,735,1.13288e+06,1.13326e+06,834.514
2,736,1.13288e+06,1.13326e+06,834.514
2,737,1.13288e+06,1.13324e+06,834.514
2,738,1.13288e+06,1.13324e+06,834.514
2,739,1.13288e+06,1.13318e+06,834.514
2,740,1.13288e+06,1.13318e+06,834.514
2,741,1.13288e+06,1.13318e+06,834.514
2,742,1.13288e+06,1.13318e+06,834.514
2,743,1.13288e+06,1.13318e+06,834.514
2,744,1.13288e+06,1.13315e+06,834.514
2,745,1.13288e+06,1.13315e+06,834.514
2,746,1.13288e+06,1.13315e+06,834.514
2,747,1.13288e+06,1.13315e+06,834.514
2,748,1.13288e+06,1.13315e+06,834.514
2,749,1.13288e+06,1.13325e+06,834.514
2,750,1.13288e+06,1.13325e+06,834.514
2,751,1.13288e+06,1.13325e+06,834.514
2,752,1.13288e+06,1.13325e+06,834.514
2,753,1.13288e+06,1.13325e+06,834.514
2,754,1.13288e+06,1.13339e+06,834.514
2,755,1.13288e+06,1.13336e+06,834.514
2,756,1.13288e+06,1.13336e+06,834.514
2,757,1.13288e+06,1.13336e+06,834.514
2,758,1.13288e+06,1.13336e+06,834.514
2,759,1.13288e+06,1.13339e+06,834.514
2,760,1.13288e+06,1.13339e+06,834.514
2,761,1.13288e+06,1.13339e+06,826.169
2,762,1.13288e+06,1.13339e+06,826.169
2,763,1.13288e+06,1.13339e+06,826.169
2,764,1.13288e+06,1.13339e+06,826.169
2,765,1.13288e+06,1.13329e+06,826.169
2,766,1.13288e+06,1.13328e+06,826.169
2,767,1.13288e+06,1.13328e+06,826.169
2,768,1.13288e+06,1.13328e+06,826.169
2,769,1.13288e+06,1.13328e+06,826.169
2,770,1.13288e+06,1.13329e+06,826.169
2,771,1.13288e+06,1.13329e+06,826.169
2,772,1.13288e+06,1.13329e+06,826.169
2,773,1.13288e+06,1.13329e+06,826.169
2,774,1.13288e+06,1.13329e+06,826.169
2,775,1.13288e+06,1.13329e+06,826.169
2,776,1.13288e+06,1.13329e+06,826.169
2,777,1.13288e+06,1.13329e+06,826.169
2,778,1.13288e+06,1.13329e+06,826.169
2,779,1.13288e+06,1.13329e+06,826.169
2,780,1.13288e+06,1.13329e+06,826.169
2,781,1.13288e+06,1.13329e+06,826.169
2,782,1.13288e+06,1.13323e+06,826.169
2,783,1.13288e+06,1.13323e+06,826.169
2,784,1.13288e+06,1.13323e+06,826.169
2,785,1.13288e+06,1.13307e+06,826.169
2,786,1.13288e+06,1.13309e+06,826.169
2,787,1.13288e+06,1.13309e+06,826.169
2,788,1.13288e+06,1.13309e+06,826.169
2,789,1.13288e+06,1.13309e+06,826.169
2,790,1.13288e+06,1.13309e+06,826.169
2,791,1.13288e+06,1.13309e+06,826.169
2,792,1.13288e+06,1.13309e+06,826.169
2,793,1.13288e+06,1.13309e+06,826.169
2,794,1.13288e+06,1.13309e+06,826.169
2,795,1.13288e+06,1.13309e+06,826.169
2,796,1.13288e+06,1.13309e+06,826.169
2,797,1.13288e+06,1.13309e+06,826.169
2,798,1.13288e+06,1.13309e+06,826.169
2,799,1.13288e+06,1.13309e+06,826.169
2,800,1.13288e+06,1.13309e+06,826.169
2,801,1.13288e+06,1.13309e+06,817.907
2,802,1.13288e+06,1.13309e+06,817.907
2,803,1.13288e+06,1.13309e+06,817.907
2,804,1.13288e+06,1.13309e+06,817.907
2,805,1.13288e+06,1.13312e+06,817.907
2,806,1.13288e+06,1.13312e+06,817.907
2,807,1.13288e+06,1.13312e+06,817.907
2,808,1.13288e+06,1.13312e+06,817.907
2,809,1.13288e+06,1.13312e+06,817.907
2,810,1.13288e+06,1.13298e+06,817.907
2,811,1.13288e+06,1.13298e+06,817.907
2,812,1.13288e+06,1.13291e+06,817.907
2,813,1.13288e+06,1.13291e+06,817.907
2,814,1.13288e+06,1.1329e+06,817.907
2,815,1.13288e+06,1.1329e+06,817.907
2,816,1.13288e+06,1.1329e+06,817.907
2,817,1.13288e+06,1.1329e+06,817.907
2,818,1.13288e+06,1.1329e+06,817.907
2,819,1.13288e+06,1.1329e+06,817.907
2,820,1.13288e+06,1.1329e+06,817.907
2,821,1.13288e+06,1.1329e+06,817.907
2,822,1.13288e+06,1.1329e+06,817.907
2,823,1.13288e+06,1.1329e+06,817.907
2,824,1.13288e+06,1.1329e+06,817.907
2,825,1.13288e+06,1.1329e+06,817.907
2,826,1.13288e+06,1.1329e+06,817.907
2,827,1.13288e+06,1.1329e+06,817.907
2,828,1.13288e+06,1.1329e+06,817.907
2,829,1.13288e+06,1.1329e+06,817.907
2,830,1.13288e+06,1.1329e+06,817.907
2,831,1.13288e+06,1.1329e+06,817.907
2,832,1.13288e+06,1.1329e+06,817.907
2,833,1.13288e+06,1.1329e+06,817.907
2,834,1.13288e+06,1.1329e+06,817.907
2,835,1.13288e+06,1.1329e+06,817.907
2,836,1.13288e+06,1.1329e+06,817.907
2,837,1.13288e+06,1.1329e+06,817.907
2,838,1.13288e+06,1.1329e+06,817.907
2,839,1.13288e+06,1.1329e+06,817.907
2,840,1.13288e+06,1.1329e+06,817.907
2,841,1.13288e+06,1.1329e+06,809.728
2,842,1.13288e+06,1.13288e+06,809.728
2,843,1.13285e+06,1.13285e+06,809.728
2,844,1.13285e+06,1.13285e+06,809.728
2,845,1.13285e+06,1.13285e+06,809.728
2,846,1.13285e+06,1.13285e+06,809.728
2,847,1.13285e+06,1.13285e+06,809.728
2,848,1.13285e+06,1.1329e+06,809.728
2,849,1.13285e+06,1.1329e+06,809.728
2,850,1.13285e+06,1.1329e+06,809.728
2,851,1.13285e+06,1.1329e+06,809.728
2,852,1.13285e+06,1.1329e+06,809.728
2,853,1.13285e+06,1.1329e+06,809.728
2,854,1.13285e+06,1.1329e+06,809.728
2,855,1.13285e+06,1.1329e+06,809.728
2,856,1.13285e+06,1.1329e+06,809.728
2,857,1.13285e+06,1.1329e+06,809.728
2,858,1.13285e+06,1.1329e+06,809.728
2,859,1.13285e+06,1.1329e+06,809.728
2,860,1.13285e+06,1.1329e+06,809.728
2,861,1.13285e+06,1.1329e+06,809.728
2,862,1.13285e+06,1.1329e+06,809.728
2,863,1.13285e+06,1.1329e+06,809.728
2,864,1.13285e+06,1.1329e+06,809.728
2,865,1.13285e+06,1.1329e+06,809.728
2,866,1.13285e+06,1.1329e+06,809.728
2,867,1.13285e+06,1.1329e+06,809.728
2,868,1.13285e+06,1.1329e+06,809.728
2,869,1.13285e+06,1.1329e+06,809.728
2,870,1.13285e+06,1.1329e+06,809.728
2,871,1.13285e+06,1.1329e+06,809.728
2,872,1.13285e+06,1.1329e+06,809.728
2,873,1.13285e+06,1.1329e+06,809.728
2,874,1.13285e+06,1.13288e+06,809.728
2,875,1.13285e+06,1.13288e+06,809.728
2,876,1.13285e+06,1.13285e+06,809.728
2,877,1.13285e+06,1.13285e+06,809.728
2,878,1.13285e+06,1.13285e+06,809.728
2,879,1.13285e+06,1.13285e+06,809.728
2,880,1.1328e+06,1.1328e+06,809.728
2,881,1.1328e+06,1.1328e+06,801.631
2,882,1.1328e+06,1.1328e+06,801.631
2,883,1.1328e+06,1.1328e+06,801.631
2,884,1.1328e+06,1.1328e+06,801.631
2,885,1.1328e+06,1.1328e+06,801.631
2,886,1.1328e+06,1.1328e+06,801.631
2,887,1.1328e+06,1.1328e+06,801.631
2,888,1.1328e+06,1.1328e+06,801.631
2,889,1.1328e+06,1.1328e+06,801.631
2,890,1.1328e+06,1.1328e+06,801.631
2,891,1.1328e+06,1.1328e+06,801.631
2,892,1.1328e+06,1.1328e+06,801.631
2,893,1.13276e+06,1.13276e+06,801.631
2,894,1.13276e+06,1.13276e+06,801.631
2,895,1.13276e+06,1.13276e+06,801.631
2,896,1.13276e+06,1.13276e+06,801.631
2,897,1.13276e+06,1.13276e+06,801.631
2,898,1.13276e+06,1.13276e+06,801.631
2,899,1.13276e+06,1.13276e+06,801.631
2,900,1.13276e+06,1.13276e+06,801.631
2,901,1.13276e+06,1.13276e+06,801.631
2,902,1.13276e+06,1.13276e+06,801.631
2,903,1.13276e+06,1.13276e+06,801.631
2,904,1.13276e+06,1.13276e+06,801.631
2,905,1.13276e+06,1.13276e+06,801.631
2,906,1.13276e+06,1.13276e+06,801.631
2,907,1.13276e+06,1.13276e+06,801.631
2,908,1.13264e+06,1.13264e+06,801.631
2,909,1.13264e+06,1.13264e+06,801.631
2,910,1.13264e+06,1.13264e+06,801.631
2,911,1.1325e+06,1.1325e+06,801.631
2,912,1.1325e+06,1.1325e+06,801.631
2,913,1.1325e+06,1.1325e+06,801.631
2,914,1.1325e+06,1.1325e+06,801.631
2,915,1.1325e+06,1.1325e+06,801.631
2,916,1.1325e+06,1.1325e+06,801.631
2,917,1.1325e+06,1.1325e+06,801.631
2,918,1.1325e+06,1.1325e+06,801.631
2,919,1.1325e+06,1.1325e+06,801.631
2,920,1.1325e+06,1.1325e+06,801.631
2,921,1.1325e+06,1.1325e+06,793.614
2,922,1.1325e+06,1.1325e+06,793.614
2,923,1.1325e+06,1.1325e+06,793.614
2,924,1.1325e+06,1.1325e+06,793.614
2,925,1.1325e+06,1.1325e+06,793.614
2,926,1.1325e+06,1.1325e+06,793.614
2,927,1.1325e+06,1.1325e+06,793.614
2,928,1.1325e+06,1.1325e+06,793.614
2,929,1.1325e+06,1.1325e+06,793.614
2,930,1.1325e+06,1.1325e+06,793.614
2,931,1.1325e+06,1.1325e+06,793.614
2,932,1.1325e+06,1.1325e+06,793.614
2,933,1.1325e+06,1.1325e+06,793.614
2,934,1.1325e+06,1.1325e+06,793.614
2,935,1.1325e+06,1.1325e+06,793.614
2,936,1.1325e+06,1.1325e+06,793.614
2,937,1.1325e+06,1.1325e+06,793.614
2,938,1.1325e+06,1.1325e+06,793.614
2,939,1.1325e+06,1.1325e+06,793.614
2,940,1.1325e+06,1.13254e+06,793.614
2,941,1.1325e+06,1.13254e+06,793.614
2,942,1.1325e+06,1.13254e+06,793.614
2,943,1.1325e+06,1.13254e+06,793.614
2,944,1.1325e+06,1.13254e+06,793.614
2,945,1.1325e+06,1.13253e+06,793.614
2,946,1.1325e+06,1.13251e+06,793.614
2,947,1.1325e+06,1.13262e+06,793.614
2,948,1.1325e+06,1.13262e+06,793.614
2,949,1.1325e+06,1.13262e+06,793.614
2,950,1.1325e+06,1.13262e+06,793.614
2,951,1.1325e+06,1.13262e+06,793.614
2,952,1.1325e+06,1.13262e+06,793.614
2,953,1.1325e+06,1.13262e+06,793.614
2,954,1.1325e+06,1.13261e+06,793.614
2,955,1.1325e+06,1.13261e+06,793.614
2,956,1.1325e+06,1.13261e+06,793.614
2,957,1.1325e+06,1.13261e+06,793.614
2,958,1.1325e+06,1.13261e+06,793.614
2,959,1.13241e+06,1.13241e+06,793.614
2,960,1.13241e+06,1.13241e+06,793.614
2,961,1.13241e+06,1.13241e+06,785.678
2,962,1.13241e+06,1.13241e+06,785.678
2,963,1.13241e+06,1.13241e+06,785.678
2,964,1.13241e+06,1.13242e+06,785.678
2,965,1.13241e+06,1.13242e+06,785.678
2,966,1.13241e+06,1.13242e+06,785.678
2,967,1.13241e+06,1.13242e+06,785.678
2,968,1.13241e+06,1.13242e+06,785.678
2,969,1.13241e+06,1.13242e+06,785.678
2,970,1.13241e+06,1.13242e+06,785.678
2,971,1.13241e+06,1.13242e+06,785.678
2,972,1.13241e+06,1.13242e+06,785.678
2,973,1.13241e+06,1.13242e+06,785.678
2,974,1.13241e+06,1.13242e+06,785.678
2,975,1.13241e+06,1.13242e+06,785.678
2,976,1.13241e+06,1.13242e+06,785.678
2,977,1.13241e+06,1.13242e+06,785.678
2,978,1.13241e+06,1.13242e+06,785.678
2,979,1.13241e+06,1.13242e+06,785.678
2,980,1.13241e+06,1.13242e+06,785.678
2,981,1.13241e+06,1.13242e+06,785.678
2,982,1.13241e+06,1.13242e+06,785.678
2,983,1.13241e+06,1.13242e+06,785.678
2,984,1.13241e+06,1.13242e+06,785.678
2,985,1.13241e+06,1.13242e+06,785.678
2,986,1.1324e+06,1.1324e+06,785.678
2,987,1.1324e+06,1.1324e+06,785.678
2,988,1.1324e+06,1.1324e+06,785.678
2,989,1.1324e+06,1.1324e+06,785.678
2,990,1.1324e+06,1.1324e+06,785.678
2,991,1.13239e+06,1.13239e+06,785.678
2,992,1.13239e+06,1.13239e+06,785.678
2,993,1.13239e+06,1.13239e+06,785.678
2,994,1.13239e+06,1.13242e+06,785.678
2,995,1.13239e+06,1.13242e+06,785.678
2,996,1.13239e+06,1.13242e+06,785.678
2,997,1.13239e+06,1.13242e+06,785.678
2,998,1.13239e+06,1.13242e+06,785.678
2,999,1.13239e+06,1.13242e+06,785.678
2,1000,1.13239e+06,1.13242e+06,785.678
2,1001,1.13239e+06,1.13242e+06,777.821
2,1002,1.13239e+06,1.13242e+06,777.821
2,1003,1.13239e+06,1.13246e+06,777.821
2,1004,1.13239e+06,1.13246e+06,777.821
2,1005,1.13239e+06,1.13246e+06,777.821
2,1006,1.13239e+06,1.13241e+06,777.821
2,1007,1.13239e+06,1.13241e+06,777.821
2,1008,1.13239e+06,1.1324e+06,777.821
2,1009,1.13239e+06,1.1324e+06,777.821
2,1010,1.13239e+06,1.1324e+06,777.821
2,1011,1.13239e+06,1.1324e+06,777.821
2,1012,1.13239e+06,1.13239e+06,777.821
2,1013,1.13239e+06,1.13239e+06,777.821
2,1014,1.13236e+06,1.13236e+06,777.821
2,1015,1.13236e+06,1.13236e+06,777.821
2,1016,1.13236e+06,1.13236e+06,777.821
2,1017,1.13236e+06,1.13236e+06,777.821
2,1018,1.13236e+06,1.13236e+06,777.821
2,1019,1.13236e+06,1.13236e+06,777.821
2,1020,1.13236e+06,1.13236e+06,777.821
2,1021,1.13236e+06,1.13236e+06,777.821
2,1022,1.13236e+06,1.13236e+06,777.821
2,1023,1.13236e+06,1.13236e+06,777.821
2,1024,1.13236e+06,1.13236e+06,777.821
2,1025,1.13236e+06,1.13236e+06,777.821
2,1026,1.13236e+06,1.13236e+06,777.821
2,1027,1.13236e+06,1.13236e+06,777.821
2,1028,1.13236e+06,1.13236e+06,777.821
2,1029,1.13236e+06,1.13236e+06,777.821
2,1030,1.13236e+06,1.13236e+06,777.821
2,1031,1.13236e+06,1.13236e+06,777.821
2,1032,1.13236e+06,1.13236e+06,777.821
2,1033,1.13236e+06,1.13245e+06,777.821
2,1034,1.13236e+06,1.13245e+06,777.821
2,1035,1.13236e+06,1.13245e+06,777.821
2,1036,1.13236e+06,1.13245e+06,777.821
2,1037,1.13236e+06,1.13244e+06,777.821
2,1038,1.13236e+06,1.13244e+06,777.821
2,1039,1.13236e+06,1.13244e+06,777.821
2,1040,1.13236e+06,1.13244e+06,777.821
2,1041,1.13236e+06,1.13244e+06,770.043
2,1042,1.13236e+06,1.13244e+06,770.043
2,1043,1.13236e+06,1.13244e+06,770.043
2,1044,1.13236e+06,1.13244e+06,770.043
2,1045,1.13236e+06,1.13244e+06,770.043
2,1046,1.13236e+06,1.13244e+06,770.043
2,1047,1.13236e+06,1.13244e+06,770.043
2,1048,1.13236e+06,1.13244e+06,770.043
2,1049,1.13236e+06,1.13244e+06,770.043
2,1050,1.13236e+06,1.13244e+06,770.043
2,1051,1.13236e+06,1.13244e+06,770.043
2,1052,1.13236e+06,1.13244e+06,770.043
2,1053,1.13236e+06,1.13244e+06,770.043
2,1054,1.13236e+06,1.13244e+06,770.043
2,1055,1.13236e+06,1.13246e+06,770.043
2,1056,1.13234e+06,1.13234e+06,770.043
2,1057,1.13234e+06,1.13234e+06,770.043
2,1058,1.13234e+06,1.13234e+06,770.043
2,1059,1.13234e+06,1.13234e+06,770.043
2,1060,1.13234e+06,1.13234e+06,770.043
2,1061,1.13234e+06,1.13234e+06,770.043
2,1062,1.13234e+06,1.13234e+06,770.043
2,1063,1.13234e+06,1.13235e+06,770.043
2,1064,1.13234e+06,1.13235e+06,770.043
2,1065,1.13234e+06,1.13235e+06,770.043
2,1066,1.13234e+06,1.13235e+06,770.043
2,1067,1.13234e+06,1.13235e+06,770.043
2,1068,1.13234e+06,1.13235e+06,770.043
2,1069,1.13234e+06,1.13235e+06,770.043
2,1070,1.1323e+06,1.1323e+06,770.043
2,1071,1.1323e+06,1.1323e+06,770.043
2,1072,1.1323e+06,1.1323e+06,770.043
2,1073,1.1323e+06,1.1323e+06,770.043
2,1074,1.1323e+06,1.1323e+06,770.043
2,1075,1.1323e+06,1.1323e+06,770.043
2,1076,1.13229e+06,1.13229e+06,770.043
2,1077,1.13229e+06,1.13229e+06,770.043
2,1078,1.13229e+06,1.13232e+06,770.043
2,1079,1.13229e+06,1.13232e+06,770.043
2,1080,1.13229e+06,1.13232e+06,770.043
2,1081,1.13229e+06,1.13232e+06,762.343
2,1082,1.13229e+06,1.13232e+06,762.343
2,1083,1.13229e+06,1.13232e+06,762.343
2,1084,1.13229e+06,1.13244e+06,762.343
2,1085,1.13229e+06,1.13244e+06,762.343
2,1086,1.13229e+06,1.13244e+06,762.343
2,1087,1.13229e+06,1.13244e+06,762.343
2,1088,1.13229e+06,1.13244e+06,762.343
2,1089,1.13229e+06,1.13256e+06,762.343
2,1090,1.13229e+06,1.13256e+06,762.343
2,1091,1.13229e+06,1.13256e+06,762.343
2,1092,1.13229e+06,1.13256e+06,762.343
2,1093,1.13229e+06,1.13256e+06,762.343
2,1094,1.13229e+06,1.13256e+06,762.343
2,1095,1.13229e+06,1.13256e+06,762.343
2,1096,1.13229e+06,1.13256e+06,762.343
2,1097,1.13229e+06,1.13243e+06,762.343
2,1098,1.13229e+06,1.13243e+06,762.343
2,1099,1.13229e+06,1.13243e+06,762.343
2,1100,1.13229e+06,1.13243e+06,762.343
2,1101,1.13229e+06,1.13243e+06,762.343
2,1102,1.13229e+06,1.13243e+06,762.343
2,1103,1.13229e+06,1.13243e+06,762.343
2,1104,1.13229e+06,1.13243e+06,762.343
2,1105,1.13229e+06,1.13243e+06,762.343
2,1106,1.13229e+06,1.13243e+06,762.343
2,1107,1.13229e+06,1.13243e+06,762.343
2,1108,1.13229e+06,1.13243e+06,762.343
2,1109,1.13229e+06,1.13243e+06,762.343
2,1110,1.13229e+06,1.13243e+06,762.343
2,1111,1.13229e+06,1.13243e+06,762.343
2,1112,1.13229e+06,1.13243e+06,762.343
2,1113,1.13229e+06,1.13243e+06,762.343
2,1114,1.13229e+06,1.13243e+06,762.343
2,1115,1.13229e+06,1.13243e+06,762.343
2,1116,1.13229e+06,1.13243e+06,762.343
2,1117,1.13229e+06,1.13243e+06,762.343
2,1118,1.13229e+06,1.13243e+06,762.343
2,1119,1.13229e+06,1.13243e+06,762.343
2,1120,1.13229e+06,1.13243e+06,762.343
2,1121,1.13229e+06,1.13243e+06,754.719
2,1122,1.13229e+06,1.13242e+06,754.719
2,1123,1.13229e+06,1.13242e+06,754.719
2,1124,1.13229e+06,1.13242e+06,754.719
2,1125,1.13229e+06,1.13242e+06,754.719
2,1126,1.13229e+06,1.13242e+06,754.719
2,1127,1.13229e+06,1.13242e+06,754.719
2,1128,1.13229e+06,1.13242e+06,754.719
2,1129,1.13229e+06,1.13242e+06,754.719
2,1130,1.13229e+06,1.13242e+06,754.719
2,1131,1.13229e+06,1.13242e+06,754.719
2,1132,1.13229e+06,1.13242e+06,754.719
2,1133,1.13229e+06,1.13242e+06,754.719
2,1134,1.13229e+06,1.13242e+06,754.719
2,1135,1.13229e+06,1.13242e+06,754.719
2,1136,1.13229e+06,1.13242e+06,754.719
2,1137,1.13229e+06,1.1324e+06,754.719
2,1138,1.13229e+06,1.1324e+06,754.719
2,1139,1.13229e+06,1.1324e+06,754.719
2,1140,1.13229e+06,1.1324e+06,754.719
2,1141,1.13229e+06,1.1324e+06,754.719
2,1142,1.13229e+06,1.1324e+06,754.719
2,1143,1.13229e+06,1.13258e+06,754.719
2,1144,1.13229e+06,1.13258e+06,754.719
2,1145,1.13229e+06,1.13258e+06,754.719
2,1146,1.13229e+06,1.13258e+06,754.719
2,1147,1.13229e+06,1.13258e+06,754.719
2,1148,1.13229e+06,1.13258e+06,754.719
2,1149,1.13229e+06,1.13258e+06,754.719
2,1150,1.13229e+06,1.13258e+06,754.719
2,1151,1.13229e+06,1.13258e+06,754.719
2,1152,1.13229e+06,1.13258e+06,754.719
2,1153,1.13229e+06,1.13258e+06,754.719
2,1154,1.13229e+06,1.13258e+06,754.719
2,1155,1.13229e+06,1.13258e+06,754.719
2,1156,1.13229e+06,1.13264e+06,754.719
2,1157,1.13229e+06,1.13264e+06,754.719
2,1158,1.13229e+06,1.13263e+06,754.719
2,1159,1.13229e+06,1.13245e+06,754.719
2,1160,1.13229e+06,1.13245e+06,754.719
2,1161,1.13229e+06,1.13245e+06,747.172
2,1162,1.13229e+06,1.13245e+06,747.172
2,1163,1.13229e+06,1.13245e+06,747.172
2,1164,1.13229e+06,1.13245e+06,747.172
2,1165,1.13229e+06,1.13245e+06,747.172
2,1166,1.13229e+06,1.13245e+06,747.172
2,1167,1.13229e+06,1.13245e+06,747.172
2,1168,1.13229e+06,1.13245e+06,747.172
2,1169,1.13229e+06,1.13245e+06,747.172
2,1170,1.13229e+06,1.13245e+06,747.172
2,1171,1.13229e+06,1.13245e+06,747.172
2,1172,1.13229e+06,1.13245e+06,747.172
2,1173,1.13229e+06,1.13245e+06,747.172
2,1174,1.13229e+06,1.13245e+06,747.172
2,1175,1.13229e+06,1.13245e+06,747.172
2,1176,1.13229e+06,1.13245e+06,747.172
2,1177,1.13229e+06,1.13245e+06,747.172
2,1178,1.13229e+06,1.13245e+06,747.172
2,1179,1.13229e+06,1.13245e+06,747.172
2,1180,1.13229e+06,1.13247e+06,747.172
2,1181,1.13229e+06,1.13246e+06,747.172
2,1182,1.13229e+06,1.13246e+06,747.172
2,1183,1.13229e+06,1.13246e+06,747.172
2,1184,1.13229e+06,1.13246e+06,747.172
2,1185,1.13229e+06,1.13246e+06,747.172
2,1186,1.13229e+06,1.13246e+06,747.172
2,1187,1.13229e+06,1.13246e+06,747.172
2,1188,1.13229e+06,1.13246e+06,747.172
2,1189,1.13229e+06,1.13246e+06,747.172
2,1190,1.13229e+06,1.13246e+06,747.172
2,1191,1.13229e+06,1.13246e+06,747.172
2,1192,1.13229e+06,1.1325e+06,747.172
2,1193,1.13229e+06,1.1325e+06,747.172
2,1194,1.13229e+06,1.13248e+06,747.172
2,1195,1.13229e+06,1.13248e+06,747.172
2,1196,1.13229e+06,1.13248e+06,747.172
2,1197,1.13229e+06,1.13248e+06,747.172
2,1198,1.13229e+06,1.13248e+06,747.172
2,1199,1.13229e+06,1.13248e+06,747.172
2,1200,1.13229e+06,1.13248e+06,747.172
2,1201,1.13229e+06,1.13243e+06,739.7
2,1202,1.13229e+06,1.13243e+06,739.7
2,1203,1.13229e+06,1.13243e+06,739.7
2,1204,1.13229e+06,1.13243e+06,739.7
2,1205,1.13229e+06,1.13243e+06,739.7
2,1206,1.13229e+06,1.13243e+06,739.7
2,1207,1.13229e+06,1.13243e+06,739.7
2,1208,1.13229e+06,1.13243e+06,739.7
2,1209,1.13229e+06,1.13243e+06,739.7
2,1210,1.13229e+06,1.13243e+06,739.7
2,1211,1.13229e+06,1.13242e+06,739.7
2,1212,1.13229e+06,1.13242e+06,739.7
2,1213,1.13229e+06,1.13242e+06,739.7
2,1214,1.13229e+06,1.13242e+06,739.7
2,1215,1.13229e+06,1.13242e+06,739.7
2,1216,1.13229e+06,1.13242e+06,739.7
2,1217,1.13229e+06,1.13242e+06,739.7
2,1218,1.13229e+06,1.13241e+06,739.7
2,1219,1.13229e+06,1.13241e+06,739.7
2,1220,1.13229e+06,1.13241e+06,739.7
2,1221,1.13229e+06,1.13236e+06,739.7
2,1222,1.13229e+06,1.13236e+06,739.7
2,1223,1.13229e+06,1.13236e+06,739.7
2,1224,1.13229e+06,1.13236e+06,739.7
2,1225,1.13229e+06,1.13236e+06,739.7
2,1226,1.13229e+06,1.13236e+06,739.7
2,1227,1.13229e+06,1.13235e+06,739.7
2,1228,1.13229e+06,1.13235e+06,739.7
2,1229,1.13229e+06,1.13235e+06,739.7
2,1230,1.13229e+06,1.13235e+06,739.7
2,1231,1.13229e+06,1.13235e+06,739.7
2,1232,1.13229e+06,1.13235e+06,739.7
2,1233,1.13229e+06,1.13235e+06,739.7
2,1234,1.13229e+06,1.13235e+06,739.7
2,1235,1.13229e+06,1.13235e+06,739.7
2,1236,1.13229e+06,1.13235e+06,739.7
2,1237,1.13229e+06,1.13235e+06,739.7
2,1238,1.13229e+06,1.13235e+06,739.7
2,1239,1.13229e+06,1.13235e+06,739.7
2,1240,1.13229e+06,1.13235e+06,739.7
2,1241,1.13229e+06,1.13235e+06,732.303
2,1242,1.13229e+06,1.13235e+06,732.303
2,1243,1.13229e+06,1.13235e+06,732.303
2,1244,1.13229e+06,1.13235e+06,732.303
2,1245,1.13229e+06,1.13235e+06,732.303
2,1246,1.13229e+06,1.13235e+06,732.303
2,1247,1.13229e+06,1.13235e+06,732.303
2,1248,1.13229e+06,1.13235e+06,732.303
2,1249,1.13226e+06,1.13226e+06,732.303
2,1250,1.13226e+06,1.13226e+06,732.303
2,1251,1.13226e+06,1.13226e+06,732.303
2,1252,1.13226e+06,1.13226e+06,732.303
2,1253,1.13226e+06,1.13226e+06,732.303
2,1254,1.13226e+06,1.13226e+06,732.303
2,1255,1.13226e+06,1.13226e+06,732.303
2,1256,1.13226e+06,1.13226e+06,732.303
2,1257,1.13226e+06,1.13226e+06,732.303
2,1258,1.13226e+06,1.13226e+06,732.303
2,1259,1.13226e+06,1.13226e+06,732.303
2,1260,1.13226e+06,1.13226e+06,732.303
2,1261,1.13226e+06,1.13226e+06,732.303
2,1262,1.13226e+06,1.13226e+06,732.303
2,1263,1.13225e+06,1.13225e+06,732.303
2,1264,1.13225e+06,1.13225e+06,732.303
2,1265,1.13225e+06,1.13225e+06,732.303
2,1266,1.13216e+06,1.13216e+06,732.303
2,1267,1.13216e+06,1.13216e+06,732.303
2,1268,1.13216e+06,1.13216e+06,732.303
2,1269,1.13216e+06,1.13216e+06,732.303
2,1270,1.13216e+06,1.13216e+06,732.303
2,1271,1.13216e+06,1.13216e+06,732.303
2,1272,1.13216e+06,1.13216e+06,732.303
2,1273,1.13216e+06,1.13216e+06,732.303
2,1274,1.13216e+06,1.13216e+06,732.303
2,1275,1.13216e+06,1.13216e+06,732.303
2,1276,1.13216e+06,1.13216e+06,732.303
2,1277,1.13216e+06,1.13216e+06,732.303
2,1278,1.13216e+06,1.13216e+06,732.303
2,1279,1.13216e+06,1.13216e+06,732.303
2,1280,1.13216e+06,1.13216e+06,732.303
2,1281,1.13216e+06,1.13216e+06,724.98
2,1282,1.13216e+06,1.13216e+06,724.98
2,1283,1.13216e+06,1.13216e+06,724.98
2,1284,1.13216e+06,1.13216e+06,724.98
2,1285,1.13216e+06,1.13216e+06,724.98
2,1286,1.13216e+06,1.13216e+06,724.98
2,1287,1.13216e+06,1.13216e+06,724.98
2,1288,1.13216e+06,1.13216e+06,724.98
2,1289,1.13216e+06,1.13216e+06,724.98
2,1290,1.13214e+06,1.13214e+06,724.98
2,1291,1.13214e+06,1.13214e+06,724.98
2,1292,1.13214e+06,1.13214e+06,724.98
2,1293,1.13214e+06,1.13214e+06,724.98
2,1294,1.13214e+06,1.13214e+06,724.98
2,1295,1.13214e+06,1.13214e+06,724.98
2,1296,1.13214e+06,1.13214e+06,724.98
2,1297,1.13214e+06,1.13214e+06,724.98
2,1298,1.13214e+06,1.13214e+06,724.98
2,1299,1.13214e+06,1.13214e+06,724.98
2,1300,1.13214e+06,1.13214e+06,724.98
2,1301,1.13214e+06,1.13214e+06,724.98
2,1302,1.13214e+06,1.13214e+06,724.98
2,1303,1.13214e+06,1.13214e+06,724.98
2,1304,1.13214e+06,1.13214e+06,724.98
2,1305,1.13214e+06,1.13214e+06,724.98
2,1306,1.13214e+06,1.13214e+06,724.98
2,1307,1.13214e+06,1.13214e+06,724.98
2,1308,1.13214e+06,1.13214e+06,724.98
2,1309,1.13214e+06,1.13214e+06,724.98
2,1310,1.13214e+06,1.13214e+06,724.98
2,1311,1.13214e+06,1.13217e+06,724.98
2,1312,1.13214e+06,1.13217e+06,724.98
2,1313,1.13214e+06,1.13217e+06,724.98
2,1314,1.13214e+06,1.13215e+06,724.98
2,1315,1.13214e+06,1.13215e+06,724.98
2,1316,1.13214e+06,1.13215e+06,724.98
2,1317,1.13214e+06,1.13215e+06,724.98
2,1318,1.13214e+06,1.13214e+06,724.98
2,1319,1.13213e+06,1.13213e+06,724.98
2,1320,1.13213e+06,1.13213e+06,724.98
2,1321,1.13213e+06,1.13213e+06,717.731
2,1322,1.13213e+06,1.13225e+06,717.731
2,1323,1.13213e+06,1.13225e+06,717.731
2,1324,1.13213e+06,1.13225e+06,717.731
2,1325,1.13213e+06,1.13225e+06,717.731
2,1326,1.13213e+06,1.13223e+06,717.731
2,1327,1.13213e+06,1.13223e+06,717.731
2,1328,1.13213e+06,1.13223e+06,717.731
2,1329,1.13213e+06,1.13223e+06,717.731
2,1330,1.13213e+06,1.13223e+06,717.731
2,1331,1.13213e+06,1.13223e+06,717.731
2,1332,1.13213e+06,1.13223e+06,717.731
2,1333,1.13213e+06,1.13223e+06,717.731
2,1334,1.13213e+06,1.13223e+06,717.731
2,1335,1.13213e+06,1.13223e+06,717.731
2,1336,1.13213e+06,1.13223e+06,717.731
2,1337,1.13213e+06,1.13223e+06,717.731
2,1338,1.13213e+06,1.13223e+06,717.731
2,1339,1.13213e+06,1.13223e+06,717.731
2,1340,1.13213e+06,1.13223e+06,717.731
2,1341,1.13213e+06,1.13223e+06,717.731
2,1342,1.13213e+06,1.13221e+06,717.731
2,1343,1.13213e+06,1.13221e+06,717.731
2,1344,1.13213e+06,1.13213e+06,717.731
2,1345,1.13213e+06,1.13213e+06,717.731
2,1346,1.13213e+06,1.13213e+06,717.731
2,1347,1.13213e+06,1.13213e+06,717.731
2,1348,1.13213e+06,1.13213e+06,717.731
2,1349,1.13213e+06,1.13213e+06,717.731
2,1350,1.13213e+06,1.13213e+06,717.731
2,1351,1.13213e+06,1.13213e+06,717.731
2,1352,1.13213e+06,1.13213e+06,717.731
2,1353,1.13213e+06,1.13213e+06,717.731
2,1354,1.13213e+06,1.13213e+06,717.731
2,1355,1.13213e+06,1.13213e+06,717.731
2,1356,1.13213e+06,1.13213e+06,717.731
2,1357,1.13213e+06,1.13213e+06,717.731
2,1358,1.13213e+06,1.13213e+06,717.731
2,1359,1.13213e+06,1.13213e+06,717.731
2,1360,1.13212e+06,1.13212e+06,717.731
2,1361,1.13212e+06,1.13212e+06,710.553
2,1362,1.13212e+06,1.13212e+06,710.553
2,1363,1.13212e+06,1.13212e+06,710.553
2,1364,1.13212e+06,1.13212e+06,710.553
2,1365,1.13212e+06,1.13213e+06,710.553
2,1366,1.13212e+06,1.13213e+06,710.553
2,1367,1.13212e+06,1.13213e+06,710.553
2,1368,1.13212e+06,1.13213e+06,710.553
2,1369,1.13212e+06,1.13213e+06,710.553
2,1370,1.13207e+06,1.13207e+06,710.553
2,1371,1.13207e+06,1.13208e+06,710.553
2,1372,1.13207e+06,1.13208e+06,710.553
2,1373,1.13207e+06,1.13213e+06,710.553
2,1374,1.13207e+06,1.13213e+06,710.553
2,1375,1.13207e+06,1.13213e+06,710.553
2,1376,1.13207e+06,1.13213e+06,710.553
2,1377,1.13207e+06,1.13213e+06,710.553
2,1378,1.13207e+06,1.13213e+06,710.553
2,1379,1.13207e+06,1.13213e+06,710.553
2,1380,1.13207e+06,1.13213e+06,710.553
2,1381,1.13207e+06,1.13213e+06,710.553
2,1382,1.13207e+06,1.1323e+06,710.553
2,1383,1.13207e+06,1.13224e+06,710.553
2,1384,1.13207e+06,1.13221e+06,710.553
2,1385,1.13207e+06,1.13221e+06,710.553
2,1386,1.13207e+06,1.13221e+06,710.553
2,1387,1.13207e+06,1.13221e+06,710.553
2,1388,1.13207e+06,1.13221e+06,710.553
2,1389,1.13207e+06,1.13221e+06,710.553
2,1390,1.13207e+06,1.13221e+06,710.553
2,1391,1.13207e+06,1.13221e+06,710.553
2,1392,1.13207e+06,1.13243e+06,710.553
2,1393,1.13207e+06,1.13243e+06,710.553
2,1394,1.13207e+06,1.13255e+06,710.553
2,1395,1.13207e+06,1.13255e+06,710.553
2,1396,1.13207e+06,1.13255e+06,710.553
2,1397,1.13207e+06,1.13255e+06,710.553
2,1398,1.13207e+06,1.13255e+06,710.553
2,1399,1.13207e+06,1.13255e+06,710.553
2,1400,1.13207e+06,1.13252e+06,710.553
2,1401,1.13207e+06,1.13252e+06,703.448
2,1402,1.13207e+06,1.13252e+06,703.448
2,1403,1.13207e+06,1.13252e+06,703.448
2,1404,1.13207e+06,1.13252e+06,703.448
2,1405,1.13207e+06,1.13252e+06,703.448
2,1406,1.13207e+06,1.13252e+06,703.448
2,1407,1.13207e+06,1.13252e+06,703.448
2,1408,1.13207e+06,1.13252e+06,703.448
2,1409,1.13207e+06,1.13252e+06,703.448
2,1410,1.13207e+06,1.13252e+06,703.448
2,1411,1.13207e+06,1.13251e+06,703.448
2,1412,1.13207e+06,1.13251e+06,703.448
2,1413,1.13207e+06,1.1325e+06,703.448
2,1414,1.13207e+06,1.1325e+06,703.448
2,1415,1.13207e+06,1.1325e+06,703.448
2,1416,1.13207e+06,1.1325e+06,703.448
2,1417,1.13207e+06,1.1325e+06,703.448
2,1418,1.13207e+06,1.1325e+06,703.448
2,1419,1.13207e+06,1.1325e+06,703.448
2,1420,1.13207e+06,1.1325e+06,703.448
2,1421,1.13207e+06,1.1325e+06,703.448
2,1422,1.13207e+06,1.1325e+06,703.448
2,1423,1.13207e+06,1.13248e+06,703.448
2,1424,1.13207e+06,1.13251e+06,703.448
2,1425,1.13207e+06,1.13251e+06,703.448
2,1426,1.13207e+06,1.13251e+06,703.448
2,1427,1.13207e+06,1.13251e+06,703.448
2,1428,1.13207e+06,1.13251e+06,703.448
2,1429,1.13207e+06,1.13251e+06,703.448
2,1430,1.13207e+06,1.13251e+06,703.448
2,1431,1.13207e+06,1.13251e+06,703.448
2,1432,1.13207e+06,1.13251e+06,703.448
2,1433,1.13207e+06,1.13251e+06,703.448
2,1434,1.13207e+06,1.13251e+06,703.448
2,1435,1.13207e+06,1.13251e+06,703.448
2,1436,1.13207e+06,1.13264e+06,703.448
2,1437,1.13207e+06,1.13264e+06,703.448
2,1438,1.13207e+06,1.13264e+06,703.448
2,1439,1.13207e+06,1.13264e+06,703.448
2,1440,1.13207e+06,1.13269e+06,703.448
2,1441,1.13207e+06,1.13269e+06,696.413
2,1442,1.13207e+06,1.13263e+06,696.413
2,1443,1.13207e+06,1.13263e+06,696.413
2,1444,1.13207e+06,1.13263e+06,696.413
2,1445,1.13207e+06,1.13263e+06,696.413
2,1446,1.13207e+06,1.13263e+06,696.413
2,1447,1.13207e+06,1.13263e+06,696.413
2,1448,1.13207e+06,1.13263e+06,696.413
2,1449,1.13207e+06,1.13263e+06,696.413
2,1450,1.13207e+06,1.13263e+06,696.413
2,1451,1.13207e+06,1.13263e+06,696.413
2,1452,1.13207e+06,1.13263e+06,696.413
2,1453,1.13207e+06,1.13263e+06,696.413
2,1454,1.13207e+06,1.13263e+06,696.413
2,1455,1.13207e+06,1.13263e+06,696.413
2,1456,1.13207e+06,1.13262e+06,696.413
2,1457,1.13207e+06,1.13262e+06,696.413
2,1458,1.13207e+06,1.13262e+06,696.413
2,1459,1.13207e+06,1.13262e+06,696.413
2,1460,1.13207e+06,1.13262e+06,696.413
2,1461,1.13207e+06,1.13262e+06,696.413
2,1462,1.13207e+06,1.13262e+06,696.413
2,1463,1.13207e+06,1.13262e+06,696.413
2,1464,1.13207e+06,1.13262e+06,696.413
2,1465,1.13207e+06,1.13262e+06,696.413
2,1466,1.13207e+06,1.13262e+06,696.413
2,1467,1.13207e+06,1.13262e+06,696.413
2,1468,1.13207e+06,1.13262e+06,696.413
2,1469,1.13207e+06,1.13262e+06,696.413
2,1470,1.13207e+06,1.13262e+06,696.413
2,1471,1.13207e+06,1.13264e+06,696.413
2,1472,1.13207e+06,1.13264e+06,696.413
2,1473,1.13207e+06,1.13264e+06,696.413
2,1474,1.13207e+06,1.1326e+06,696.413
2,1475,1.13207e+06,1.1326e+06,696.413
2,1476,1.13207e+06,1.13259e+06,696.413
2,1477,1.13207e+06,1.13257e+06,696.413
2,1478,1.13207e+06,1.13257e+06,696.413
2,1479,1.13207e+06,1.13257e+06,696.413
2,1480,1.13207e+06,1.1327e+06,696.413
2,1481,1.13207e+06,1.1327e+06,689.449
2,1482,1.13207e+06,1.1327e+06,689.449
2,1483,1.13207e+06,1.1327e+06,689.449
2,1484,1.13207e+06,1.1327e+06,689.449
2,1485,1.13207e+06,1.1327e+06,689.449
2,1486,1.13207e+06,1.1327e+06,689.449
2,1487,1.13207e+06,1.13265e+06,689.449
2,1488,1.13207e+06,1.13265e+06,689.449
2,1489,1.13207e+06,1.13265e+06,689.449
2,1490,1.13207e+06,1.13265e+06,689.449
2,1491,1.13207e+06,1.13265e+06,689.449
2,1492,1.13207e+06,1.13265e+06,689.449
2,1493,1.13207e+06,1.13265e+06,689.449
2,1494,1.13207e+06,1.13265e+06,689.449
2,1495,1.13207e+06,1.13265e+06,689.449
2,1496,1.13207e+06,1.13265e+06,689.449
2,1497,1.13207e+06,1.13265e+06,689.449
2,1498,1.13207e+06,1.13264e+06,689.449
2,1499,1.13207e+06,1.13264e+06,689.449
2,1500,1.13207e+06,1.13264e+06,689.449
2,1501,1.13207e+06,1.13264e+06,689.449
2,1502,1.13207e+06,1.13264e+06,689.449
2,1503,1.13207e+06,1.13264e+06,689.449
2,1504,1.13207e+06,1.13264e+06,689.449
2,1505,1.13207e+06,1.13264e+06,689.449
2,1506,1.13207e+06,1.13255e+06,689.449
2,1507,1.13207e+06,1.13255e+06,689.449
2,1508,1.13207e+06,1.13255e+06,689.449
2,1509,1.13207e+06,1.13265e+06,689.449
2,1510,1.13207e+06,1.1326e+06,689.449
2,1511,1.13207e+06,1.1326e+06,689.449
2,1512,1.13207e+06,1.13276e+06,689.449
2,1513,1.13207e+06,1.13276e+06,689.449
2,1514,1.13207e+06,1.13276e+06,689.449
2,1515,1.13207e+06,1.13275e+06,689.449
2,1516,1.13207e+06,1.13275e+06,689.449
2,1517,1.13207e+06,1.13275e+06,689.449
2,1518,1.13207e+06,1.13275e+06,689.449
2,1519,1.13207e+06,1.13275e+06,689.449
2,1520,1.13207e+06,1.13275e+06,689.449
2,1521,1.13207e+06,1.13275e+06,682.555
2,1522,1.13207e+06,1.13275e+06,682.555
2,1523,1.13207e+06,1.13275e+06,682.555
2,1524,1.13207e+06,1.13275e+06,682.555
2,1525,1.13207e+06,1.13275e+06,682.555
2,1526,1.13207e+06,1.13275e+06,682.555
2,1527,1.13207e+06,1.13275e+06,682.555
2,1528,1.13207e+06,1.13273e+06,682.555
2,1529,1.13207e+06,1.13273e+06,682.555
2,1530,1.13207e+06,1.13273e+06,682.555
2,1531,1.13207e+06,1.13264e+06,682.555
2,1532,1.13207e+06,1.13264e+06,682.555
2,1533,1.13207e+06,1.13264e+06,682.555
2,1534,1.13207e+06,1.13264e+06,682.555
2,1535,1.13207e+06,1.13264e+06,682.555
2,1536,1.13207e+06,1.13264e+06,682.555
2,1537,1.13207e+06,1.13264e+06,682.555
2,1538,1.13207e+06,1.13262e+06,682.555
2,1539,1.13207e+06,1.13262e+06,682.555
2,1540,1.13207e+06,1.13262e+06,682.555
2,1541,1.13207e+06,1.13262e+06,682.555
2,1542,1.13207e+06,1.13263e+06,682.555
2,1543,1.13207e+06,1.13263e+06,682.555
2,1544,1.13207e+06,1.13263e+06,682.555
2,1545,1.13207e+06,1.13263e+06,682.555
2,1546,1.13207e+06,1.13265e+06,682.555
2,1547,1.13207e+06,1.13265e+06,682.555
2,1548,1.13207e+06,1.13265e+06,682.555
2,1549,1.13207e+06,1.13265e+06,682.555
2,1550,1.13207e+06,1.13265e+06,682.555
2,1551,1.13207e+06,1.13265e+06,682.555
2,1552,1.13207e+06,1.13265e+06,682.555
2,1553,1.13207e+06,1.13265e+06,682.555
2,1554,1.13207e+06,1.13265e+06,682.555
2,1555,1.13207e+06,1.13265e+06,682.555
2,1556,1.13207e+06,1.13265e+06,682.555
2,1557,1.13207e+06,1.13265e+06,682.555
2,1558,1.13207e+06,1.13265e+06,682.555
2,1559,1.13207e+06,1.13265e+06,682.555
2,1560,1.13207e+06,1.13265e+06,682.555
2,1561,1.13207e+06,1.13265e+06,675.729
2,1562,1.13207e+06,1.13265e+06,675.729
2,1563,1.13207e+06,1.13265e+06,675.729
2,1564,1.13207e+06,1.13265e+06,675.729
2,1565,1.13207e+06,1.13265e+06,675.729
2,1566,1.13207e+06,1.13265e+06,675.729
2,1567,1.13207e+06,1.13265e+06,675.729
2,1568,1.13207e+06,1.13265e+06,675.729
2,1569,1.13207e+06,1.13265e+06,675.729
2,1570,1.13207e+06,1.13265e+06,675.729
2,1571,1.13207e+06,1.13265e+06,675.729
2,1572,1.13207e+06,1.13265e+06,675.729
2,1573,1.13207e+06,1.13265e+06,675.729
2,1574,1.13207e+06,1.13254e+06,675.729
2,1575,1.13207e+06,1.13254e+06,675.729
2,1576,1.13207e+06,1.13254e+06,675.729
2,1577,1.13207e+06,1.13254e+06,675.729
2,1578,1.13207e+06,1.13254e+06,675.729
2,1579,1.13207e+06,1.13254e+06,675.729
2,1580,1.13207e+06,1.13254e+06,675.729
2,1581,1.13207e+06,1.13254e+06,675.729
2,1582,1.13207e+06,1.13254e+06,675.729
2,1583,1.13207e+06,1.13254e+06,675.729
2,1584,1.13207e+06,1.13254e+06,675.729
2,1585,1.13207e+06,1.13254e+06,675.729
2,1586,1.13207e+06,1.13265e+06,675.729
2,1587,1.13207e+06,1.13265e+06,675.729
2,1588,1.13207e+06,1.13265e+06,675.729
2,1589,1.13207e+06,1.13265e+06,675.729
2,1590,1.13207e+06,1.13265e+06,675.729
2,1591,1.13207e+06,1.13265e+06,675.729
2,1592,1.13207e+06,1.13265e+06,675.729
2,1593,1.13207e+06,1.13265e+06,675.729
2,1594,1.13207e+06,1.13265e+06,675.729
2,1595,1.13207e+06,1.13265e+06,675.729
2,1596,1.13207e+06,1.13265e+06,675.729
2,1597,1.13207e+06,1.13258e+06,675.729
2,1598,1.13207e+06,1.13258e+06,675.729
2,1599,1.13207e+06,1.13257e+06,675.729
2,1600,1.13207e+06,1.13257e+06,675.729
2,1601,1.13207e+06,1.13257e+06,668.972
2,1602,1.13207e+06,1.13257e+06,668.972
2,1603,1.13207e+06,1.13257e+06,668.972
2,1604,1.13207e+06,1.13257e+06,668.972
2,1605,1.13207e+06,1.13257e+06,668.972
2,1606,1.13207e+06,1.13257e+06,668.972
2,1607,1.13207e+06,1.13256e+06,668.972
2,1608,1.13207e+06,1.13256e+06,668.972
2,1609,1.13207e+06,1.13256e+06,668.972
2,1610,1.13207e+06,1.13256e+06,668.972
2,1611,1.13207e+06,1.13256e+06,668.972
2,1612,1.13207e+06,1.13256e+06,668.972
2,1613,1.13207e+06,1.13256e+06,668.972
2,1614,1.13207e+06,1.13254e+06,668.972
2,1615,1.13207e+06,1.13254e+06,668.972
2,1616,1.13207e+06,1.13254e+06,668.972
2,1617,1.13207e+06,1.13254e+06,668.972
2,1618,1.13207e+06,1.13254e+06,668.972
2,1619,1.13207e+06,1.13254e+06,668.972
2,1620,1.13207e+06,1.13259e+06,668.972
2,1621,1.13207e+06,1.13259e+06,668.972
2,1622,1.13207e+06,1.13259e+06,668.972
2,1623,1.13207e+06,1.13259e+06,668.972
2,1624,1.13207e+06,1.13259e+06,668.972
2,1625,1.13207e+06,1.13254e+06,668.972
2,1626,1.13207e+06,1.13254e+06,668.972
2,1627,1.13207e+06,1.13254e+06,668.972
2,1628,1.13207e+06,1.13254e+06,668.972
2,1629,1.13207e+06,1.13254e+06,668.972
2,1630,1.13207e+06,1.13254e+06,668.972
2,1631,1.13207e+06,1.13254e+06,668.972
2,1632,1.13207e+06,1.13255e+06,668.972
2,1633,1.13207e+06,1.13255e+06,668.972
2,1634,1.13207e+06,1.13255e+06,668.972
2,1635,1.13207e+06,1.13255e+06,668.972
2,1636,1.13207e+06,1.13255e+06,668.972
2,1637,1.13207e+06,1.13255e+06,668.972
2,1638,1.13207e+06,1.13255e+06,668.972
2,1639,1.13207e+06,1.13255e+06,668.972
2,1640,1.13207e+06,1.13255e+06,668.972
2,1641,1.13207e+06,1.13255e+06,662.282
2,1642,1.13207e+06,1.13255e+06,662.282
2,1643,1.13207e+06,1.13255e+06,662.282
2,1644,1.13207e+06,1.13256e+06,662.282
2,1645,1.13207e+06,1.13256e+06,662.282
2,1646,1.13207e+06,1.13256e+06,662.282
2,1647,1.13207e+06,1.13256e+06,662.282
2,1648,1.13207e+06,1.13259e+06,662.282
2,1649,1.13207e+06,1.13248e+06,662.282
2,1650,1.13207e+06,1.13248e+06,662.282
2,1651,1.13207e+06,1.13248e+06,662.282
2,1652,1.13207e+06,1.13248e+06,662.282
2,1653,1.13207e+06,1.13248e+06,662.282
2,1654,1.13207e+06,1.13248e+06,662.282
2,1655,1.13207e+06,1.13248e+06,662.282
2,1656,1.13207e+06,1.13249e+06,662.282
2,1657,1.13207e+06,1.13249e+06,662.282
2,1658,1.13207e+06,1.13249e+06,662.282
2,1659,1.13207e+06,1.13249e+06,662.282
2,1660,1.13207e+06,1.13249e+06,662.282
2,1661,1.13207e+06,1.1325e+06,662.282
2,1662,1.13207e+06,1.1325e+06,662.282
2,1663,1.13207e+06,1.1325e+06,662.282
2,1664,1.13207e+06,1.1325e+06,662.282
2,1665,1.13207e+06,1.13249e+06,662.282
2,1666,1.13207e+06,1.13249e+06,662.282
2,1667,1.13207e+06,1.13249e+06,662.282
2,1668,1.13207e+06,1.13249e+06,662.282
2,1669,1.13207e+06,1.13256e+06,662.282
2,1670,1.13207e+06,1.13256e+06,662.282
2,1671,1.13207e+06,1.13255e+06,662.282
2,1672,1.13207e+06,1.13255e+06,662.282
2,1673,1.13207e+06,1.13255e+06,662.282
2,1674,1.13207e+06,1.13255e+06,662.282
2,1675,1.13207e+06,1.13255e+06,662.282
2,1676,1.13207e+06,1.13255e+06,662.282
2,1677,1.13207e+06,1.13261e+06,662.282
2,1678,1.13207e+06,1.13261e+06,662.282
2,1679,1.13207e+06,1.13261e+06,662.282
2,1680,1.13207e+06,1.13261e+06,662.282
2,1681,1.13207e+06,1.13261e+06,655.659
2,1682,1.13207e+06,1.13261e+06,655.659
2,1683,1.13207e+06,1.13261e+06,655.659
2,1684,1.13207e+06,1.13261e+06,655.659
2,1685,1.13207e+06,1.13261e+06,655.659
2,1686,1.13207e+06,1.13261e+06,655.659
2,1687,1.13207e+06,1.13261e+06,655.659
2,1688,1.13207e+06,1.13261e+06,655.659
2,1689,1.13207e+06,1.13261e+06,655.659
2,1690,1.13207e+06,1.13261e+06,655.659
2,1691,1.13207e+06,1.13261e+06,655.659
2,1692,1.13207e+06,1.13261e+06,655.659
2,1693,1.13207e+06,1.13261e+06,655.659
2,1694,1.13207e+06,1.13258e+06,655.659
2,1695,1.13207e+06,1.13258e+06,655.659
2,1696,1.13207e+06,1.13258e+06,655.659
2,1697,1.13207e+06,1.13259e+06,655.659
2,1698,1.13207e+06,1.13258e+06,655.659
2,1699,1.13207e+06,1.13258e+06,655.659
2,1700,1.13207e+06,1.13258e+06,655.659
2,1701,1.13207e+06,1.13258e+06,655.659
2,1702,1.13207e+06,1.13258e+06,655.659
2,1703,1.13207e+06,1.13258e+06,655.659
2,1704,1.13207e+06,1.13258e+06,655.659
2,1705,1.13207e+06,1.13258e+06,655.659
2,1706,1.13207e+06,1.13245e+06,655.659
2,1707,1.13207e+06,1.13245e+06,655.659
2,1708,1.13207e+06,1.13256e+06,655.659
2,1709,1.13207e+06,1.13256e+06,655.659
2,1710,1.13207e+06,1.13256e+06,655.659
2,1711,1.13207e+06,1.13256e+06,655.659
2,1712,1.13207e+06,1.13256e+06,655.659
2,1713,1.13207e+06,1.13256e+06,655.659
2,1714,1.13207e+06,1.13266e+06,655.659
2,1715,1.13207e+06,1.13266e+06,655.659
2,1716,1.13207e+06,1.13266e+06,655.659
2,1717,1.13207e+06,1.13266e+06,655.659
2,1718,1.13207e+06,1.13266e+06,655.659
2,1719,1.13207e+06,1.13266e+06,655.659
2,1720,1.13207e+06,1.13266e+06,655.659
2,1721,1.13207e+06,1.13266e+06,649.103
2,1722,1.13207e+06,1.13266e+06,649.103
2,1723,1.13207e+06,1.13266e+06,649.103
2,1724,1.13207e+06,1.13266e+06,649.103
2,1725,1.13207e+06,1.13266e+06,649.103
2,1726,1.13207e+06,1.13266e+06,649.103
2,1727,1.13207e+06,1.13266e+06,649.103
2,1728,1.13207e+06,1.13266e+06,649.103
2,1729,1.13207e+06,1.13266e+06,649.103
2,1730,1.13207e+06,1.13266e+06,649.103
2,1731,1.13207e+06,1.13266e+06,649.103
2,1732,1.13207e+06,1.13266e+06,649.103
2,1733,1.13207e+06,1.13266e+06,649.103
2,1734,1.13207e+06,1.13266e+06,649.103
2,1735,1.13207e+06,1.13266e+06,649.103
2,1736,1.13207e+06,1.13266e+06,649.103
2,1737,1.13207e+06,1.13266e+06,649.103
2,1738,1.13207e+06,1.13266e+06,649.103
2,1739,1.13207e+06,1.13266e+06,649.103
2,1740,1.13207e+06,1.13266e+06,649.103
2,1741,1.13207e+06,1.13266e+06,649.103
2,1742,1.13207e+06,1.13266e+06,649.103
2,1743,1.13207e+06,1.13266e+06,649.103
2,1744,1.13207e+06,1.13266e+06,649.103
2,1745,1.13207e+06,1.13266e+06,649.103
2,1746,1.13207e+06,1.13266e+06,649.103
2,1747,1.13207e+06,1.13266e+06,649.103
2,1748,1.13207e+06,1.13266e+06,649.103
2,1749,1.13207e+06,1.13266e+06,649.103
2,1750,1.13207e+06,1.13266e+06,649.103
2,1751,1.13207e+06,1.13266e+06,649.103
2,1752,1.13207e+06,1.13266e+06,649.103
2,1753,1.13207e+06,1.13266e+06,649.103
2,1754,1.13207e+06,1.13266e+06,649.103
2,1755,1.13207e+06,1.13268e+06,649.103
2,1756,1.13207e+06,1.13268e+06,649.103
2,1757,1.13207e+06,1.13268e+06,649.103
2,1758,1.13207e+06,1.13268e+06,649.103
2,1759,1.13207e+06,1.13268e+06,649.103
2,1760,1.13207e+06,1.13268e+06,649.103
2,1761,1.13207e+06,1.13268e+06,642.612
2,1762,1.13207e+06,1.13268e+06,642.612
2,1763,1.13207e+06,1.13268e+06,642.612
2,1764,1.13207e+06,1.13268e+06,642.612
2,1765,1.13207e+06,1.13268e+06,642.612
2,1766,1.13207e+06,1.13262e+06,642.612
2,1767,1.13207e+06,1.13262e+06,642.612
2,1768,1.13207e+06,1.13262e+06,642.612
2,1769,1.13207e+06,1.13262e+06,642.612
2,1770,1.13207e+06,1.13262e+06,642.612
2,1771,1.13207e+06,1.13262e+06,642.612
2,1772,1.13207e+06,1.13262e+06,642.612
2,1773,1.13207e+06,1.13262e+06,642.612
2,1774,1.13207e+06,1.13262e+06,642.612
2,1775,1.13207e+06,1.13262e+06,642.612
2,1776,1.13207e+06,1.13262e+06,642.612
2,1777,1.13207e+06,1.13262e+06,642.612
2,1778,1.13207e+06,1.13262e+06,642.612
2,1779,1.13207e+06,1.13262e+06,642.612
2,1780,1.13207e+06,1.13262e+06,642.612
2,1781,1.13207e+06,1.13262e+06,642.612
2,1782,1.13207e+06,1.13262e+06,642.612
2,1783,1.13207e+06,1.13262e+06,642.612
2,1784,1.13207e+06,1.13262e+06,642.612
2,1785,1.13207e+06,1.13262e+06,642.612
2,1786,1.13207e+06,1.13262e+06,642.612
2,1787,1.13207e+06,1.13262e+06,642.612
2,1788,1.13207e+06,1.13262e+06,642.612
2,1789,1.13207e+06,1.13262e+06,642.612
2,1790,1.13207e+06,1.13262e+06,642.612
2,1791,1.13207e+06,1.13262e+06,642.612
2,1792,1.13207e+06,1.13262e+06,642.612
2,1793,1.13207e+06,1.13262e+06,642.612
2,1794,1.13207e+06,1.13258e+06,642.612
2,1795,1.13207e+06,1.13258e+06,642.612
2,1796,1.13207e+06,1.13258e+06,642.612
2,1797,1.13207e+06,1.13258e+06,642.612
2,1798,1.13207e+06,1.13258e+06,642.612
2,1799,1.13207e+06,1.13258e+06,642.612
2,1800,1.13207e+06,1.13258e+06,642.612
2,1801,1.13207e+06,1.1326e+06,636.185
2,1802,1.13207e+06,1.1326e+06,636.185
2,1803,1.13207e+06,1.1326e+06,636.185
2,1804,1.13207e+06,1.1326e+06,636.185
2,1805,1.13207e+06,1.1326e+06,636.185
2,1806,1.13207e+06,1.1326e+06,636.185
2,1807,1.13207e+06,1.1326e+06,636.185
2,1808,1.13207e+06,1.1326e+06,636.185
2,1809,1.13207e+06,1.1326e+06,636.185
2,1810,1.13207e+06,1.13254e+06,636.185
2,1811,1.13207e+06,1.13254e+06,636.185
2,1812,1.13207e+06,1.13254e+06,636.185
2,1813,1.13207e+06,1.13251e+06,636.185
2,1814,1.13207e+06,1.13251e+06,636.185
2,1815,1.13207e+06,1.13251e+06,636.185
2,1816,1.13207e+06,1.13251e+06,636.185
2,1817,1.13207e+06,1.13251e+06,636.185
2,1818,1.13207e+06,1.13251e+06,636.185
2,1819,1.13207e+06,1.13251e+06,636.185
2,1820,1.13207e+06,1.13253e+06,636.185
2,1821,1.13207e+06,1.13253e+06,636.185
2,1822,1.13207e+06,1.13253e+06,636.185
2,1823,1.13207e+06,1.13257e+06,636.185
2,1824,1.13207e+06,1.13257e+06,636.185
2,1825,1.13207e+06,1.13257e+06,636.185
2,1826,1.13207e+06,1.13257e+06,636.185
2,1827,1.13207e+06,1.13257e+06,636.185
2,1828,1.13207e+06,1.13255e+06,636.185
2,1829,1.13207e+06,1.13255e+06,636.185
2,1830,1.13207e+06,1.13255e+06,636.185
2,1831,1.13207e+06,1.13255e+06,636.185
2,1832,1.13207e+06,1.13255e+06,636.185
2,1833,1.13207e+06,1.13255e+06,636.185
2,1834,1.13207e+06,1.13255e+06,636.185
2,1835,1.13207e+06,1.13255e+06,636.185
2,1836,1.13207e+06,1.13255e+06,636.185
2,1837,1.13207e+06,1.13255e+06,636.185
2,1838,1.13207e+06,1.13255e+06,636.185
2,1839,1.13207e+06,1.13255e+06,636.185
2,1840,1.13207e+06,1.13252e+06,636.185
2,1841,1.13207e+06,1.13252e+06,629.824
2,1842,1.13207e+06,1.13252e+06,629.824
2,1843,1.13207e+06,1.13252e+06,629.824
2,1844,1.13207e+06,1.13252e+06,629.824
2,1845,1.13207e+06,1.13252e+06,629.824
2,1846,1.13207e+06,1.13252e+06,629.824
2,1847,1.13207e+06,1.13252e+06,629.824
2,1848,1.13207e+06,1.13252e+06,629.824
2,1849,1.13207e+06,1.13252e+06,629.824
2,1850,1.13207e+06,1.13259e+06,629.824
2,1851,1.13207e+06,1.13259e+06,629.824
2,1852,1.13207e+06,1.13259e+06,629.824
2,1853,1.13207e+06,1.13259e+06,629.824
2,1854,1.13207e+06,1.13259e+06,629.824
2,1855,1.13207e+06,1.13259e+06,629.824
2,1856,1.13207e+06,1.13259e+06,629.824
2,1857,1.13207e+06,1.13259e+06,629.824
2,1858,1.13207e+06,1.13259e+06,629.824
2,1859,1.13207e+06,1.13259e+06,629.824
2,1860,1.13207e+06,1.13259e+06,629.824
2,1861,1.13207e+06,1.13259e+06,629.824
2,1862,1.13207e+06,1.13259e+06,629.824
2,1863,1.13207e+06,1.13259e+06,629.824
2,1864,1.13207e+06,1.13259e+06,629.824
2,1865,1.13207e+06,1.13259e+06,629.824
2,1866,1.13207e+06,1.13259e+06,629.824
2,1867,1.13207e+06,1.13259e+06,629.824
2,1868,1.13207e+06,1.13259e+06,629.824
2,1869,1.13207e+06,1.13259e+06,629.824
2,1870,1.13207e+06,1.13259e+06,629.824
2,1871,1.13207e+06,1.13259e+06,629.824
2,1872,1.13207e+06,1.13259e+06,629.824
2,1873,1.13207e+06,1.13259e+06,629.824
2,1874,1.13207e+06,1.13259e+06,629.824
2,1875,1.13207e+06,1.13247e+06,629.824
2,1876,1.13207e+06,1.13247e+06,629.824
2,1877,1.13207e+06,1.13246e+06,629.824
2,1878,1.13207e+06,1.13246e+06,629.824
2,1879,1.13207e+06,1.13246e+06,629.824
2,1880,1.13207e+06,1.13246e+06,629.824
2,1881,1.13207e+06,1.13246e+06,623.525
2,1882,1.13207e+06,1.13246e+06,623.525
2,1883,1.13207e+06,1.13246e+06,623.525
2,1884,1.13207e+06,1.13246e+06,623.525
2,1885,1.13207e+06,1.13246e+06,623.525
2,1886,1.13207e+06,1.13245e+06,623.525
2,1887,1.13207e+06,1.13245e+06,623.525
2,1888,1.13207e+06,1.13245e+06,623.525
2,1889,1.13207e+06,1.13245e+06,623.525
2,1890,1.13207e+06,1.13245e+06,623.525
2,1891,1.13207e+06,1.13245e+06,623.525
2,1892,1.13207e+06,1.13245e+06,623.525
2,1893,1.13207e+06,1.13245e+06,623.525
2,1894,1.13207e+06,1.13244e+06,623.525
2,1895,1.13207e+06,1.13256e+06,623.525
2,1896,1.13207e+06,1.13256e+06,623.525
2,1897,1.13207e+06,1.13256e+06,623.525
2,1898,1.13207e+06,1.13256e+06,623.525
2,1899,1.13207e+06,1.13256e+06,623.525
2,1900,1.13207e+06,1.13256e+06,623.525
2,1901,1.13207e+06,1.13275e+06,623.525
2,1902,1.13207e+06,1.13301e+06,623.525
2,1903,1.13207e+06,1.13301e+06,623.525
2,1904,1.13207e+06,1.13301e+06,623.525
2,1905,1.13207e+06,1.13301e+06,623.525
2,1906,1.13207e+06,1.13301e+06,623.525
2,1907,1.13207e+06,1.13301e+06,623.525
2,1908,1.13207e+06,1.13301e+06,623.525
2,1909,1.13207e+06,1.13301e+06,623.525
2,1910,1.13207e+06,1.13301e+06,623.525
2,1911,1.13207e+06,1.13301e+06,623.525
2,1912,1.13207e+06,1.13301e+06,623.525
2,1913,1.13207e+06,1.13301e+06,623.525
2,1914,1.13207e+06,1.13301e+06,623.525
2,1915,1.13207e+06,1.13301e+06,623.525
2,1916,1.13207e+06,1.13301e+06,623.525
2,1917,1.13207e+06,1.13315e+06,623.525
2,1918,1.13207e+06,1.13313e+06,623.525
2,1919,1.13207e+06,1.13313e+06,623.525
2,1920,1.13207e+06,1.13313e+06,623.525
2,1921,1.13207e+06,1.13313e+06,617.29
2,1922,1.13207e+06,1.13313e+06,617.29
2,1923,1.13207e+06,1.13313e+06,617.29
2,1924,1.13207e+06,1.13313e+06,617.29
2,1925,1.13207e+06,1.1331e+06,617.29
2,1926,1.13207e+06,1.1331e+06,617.29
2,1927,1.13207e+06,1.1331e+06,617.29
2,1928,1.13207e+06,1.1331e+06,617.29
2,1929,1.13207e+06,1.1331e+06,617.29
2,1930,1.13207e+06,1.13306e+06,617.29
2,1931,1.13207e+06,1.13306e+06,617.29
2,1932,1.13207e+06,1.13306e+06,617.29
2,1933,1.13207e+06,1.13306e+06,617.29
2,1934,1.13207e+06,1.13306e+06,617.29
2,1935,1.13207e+06,1.13306e+06,617.29
2,1936,1.13207e+06,1.13306e+06,617.29
2,1937,1.13207e+06,1.13306e+06,617.29
2,1938,1.13207e+06,1.13306e+06,617.29
2,1939,1.13207e+06,1.13306e+06,617.29
2,1940,1.13207e+06,1.13305e+06,617.29
2,1941,1.13207e+06,1.13306e+06,617.29
2,1942,1.13207e+06,1.13306e+06,617.29
2,1943,1.13207e+06,1.13306e+06,617.29
2,1944,1.13207e+06,1.13306e+06,617.29
2,1945,1.13207e+06,1.13305e+06,617.29
2,1946,1.13207e+06,1.13306e+06,617.29
2,1947,1.13207e+06,1.13306e+06,617.29
2,1948,1.13207e+06,1.13306e+06,617.29
2,1949,1.13207e+06,1.13309e+06,617.29
2,1950,1.13207e+06,1.13305e+06,617.29
2,1951,1.13207e+06,1.13305e+06,617.29
2,1952,1.13207e+06,1.13305e+06,617.29
2,1953,1.13207e+06,1.13305e+06,617.29
2,1954,1.13207e+06,1.13305e+06,617.29
2,1955,1.13207e+06,1.13305e+06,617.29
2,1956,1.13207e+06,1.13305e+06,617.29
2,1957,1.13207e+06,1.13305e+06,617.29
2,1958,1.13207e+06,1.13305e+06,617.29
2,1959,1.13207e+06,1.13305e+06,617.29
2,1960,1.13207e+06,1.13305e+06,617.29
2,1961,1.13207e+06,1.13305e+06,611.117
2,1962,1.13207e+06,1.13305e+06,611.117
2,1963,1.13207e+06,1.13305e+06,611.117
2,1964,1.13207e+06,1.13305e+06,611.117
2,1965,1.13207e+06,1.13305e+06,611.117
2,1966,1.13207e+06,1.13305e+06,611.117
2,1967,1.13207e+06,1.13305e+06,611.117
2,1968,1.13207e+06,1.13305e+06,611.117
2,1969,1.13207e+06,1.13279e+06,611.117
2,1970,1.13207e+06,1.13279e+06,611.117
2,1971,1.13207e+06,1.13299e+06,611.117
2,1972,1.13207e+06,1.13299e+06,611.117
2,1973,1.13207e+06,1.13299e+06,611.117
2,1974,1.13207e+06,1.13299e+06,611.117
2,1975,1.13207e+06,1.13298e+06,611.117
2,1976,1.13207e+06,1.13298e+06,611.117
2,1977,1.13207e+06,1.13298e+06,611.117
2,1978,1.13207e+06,1.13298e+06,611.117
2,1979,1.13207e+06,1.13298e+06,611.117
2,1980,1.13207e+06,1.13298e+06,611.117
2,1981,1.13207e+06,1.13293e+06,611.117
2,1982,1.13207e+06,1.13276e+06,611.117
2,1983,1.13207e+06,1.13276e+06,611.117
2,1984,1.13207e+06,1.13276e+06,611.117
2,1985,1.13207e+06,1.13276e+06,611.117
2,1986,1.13207e+06,1.13276e+06,611.117
2,1987,1.13207e+06,1.13276e+06,611.117
2,1988,1.13207e+06,1.13276e+06,611.117
2,1989,1.13207e+06,1.13265e+06,611.117
2,1990,1.13207e+06,1.13265e+06,611.117
2,1991,1.13207e+06,1.13265e+06,611.117
2,1992,1.13207e+06,1.13265e+06,611.117
2,1993,1.13207e+06,1.13265e+06,611.117
2,1994,1.13207e+06,1.13301e+06,611.117
2,1995,1.13207e+06,1.13301e+06,611.117
2,1996,1.13207e+06,1.13301e+06,611.117
2,1997,1.13207e+06,1.13301e+06,611.117
2,1998,1.13207e+06,1.13301e+06,611.117
2,1999,1.13207e+06,1.13301e+06,611.117
2,2000,1.13207e+06,1.13301e+06,611.117
2,2001,1.13207e+06,1.133e+06,605.006
2,2002,1.13207e+06,1.133e+06,605.006
2,2003,1.13207e+06,1.133e+06,605.006
2,2004,1.13207e+06,1.13296e+06,605.006
2,2005,1.13207e+06,1.13296e+06,605.006
2,2006,1.13207e+06,1.13279e+06,605.006
2,2007,1.13207e+06,1.13279e+06,605.006
2,2008,1.13207e+06,1.13279e+06,605.006
2,2009,1.13207e+06,1.13279e+06,605.006
2,2010,1.13207e+06,1.13279e+06,605.006
2,2011,1.13207e+06,1.13279e+06,605.006
2,2012,1.13207e+06,1.13279e+06,605.006
2,2013,1.13207e+06,1.13279e+06,605.006
2,2014,1.13207e+06,1.13279e+06,605.006
2,2015,1.13207e+06,1.13279e+06,605.006
2,2016,1.13207e+06,1.13279e+06,605.006
2,2017,1.13207e+06,1.13279e+06,605.006
2,2018,1.13207e+06,1.13272e+06,605.006
2,2019,1.13207e+06,1.13272e+06,605.006
2,2020,1.13207e+06,1.13272e+06,605.006
2,2021,1.13207e+06,1.13272e+06,605.006
2,2022,1.13207e+06,1.13272e+06,605.006
2,2023,1.13207e+06,1.13272e+06,605.006
2,2024,1.13207e+06,1.13272e+06,605.006
2,2025,1.13207e+06,1.13272e+06,605.006
2,2026,1.13207e+06,1.13272e+06,605.006
2,2027,1.13207e+06,1.13272e+06,605.006
2,2028,1.13207e+06,1.13272e+06,605.006
2,2029,1.13207e+06,1.13287e+06,605.006
2,2030,1.13207e+06,1.13287e+06,605.006
2,2031,1.13207e+06,1.13287e+06,605.006
2,2032,1.13207e+06,1.13287e+06,605.006
2,2033,1.13207e+06,1.13286e+06,605.006
2,2034,1.13207e+06,1.13286e+06,605.006
2,2035,1.13207e+06,1.13282e+06,605.006
2,2036,1.13207e+06,1.13281e+06,605.006
2,2037,1.13207e+06,1.13274e+06,605.006
2,2038,1.13207e+06,1.13274e+06,605.006
2,2039,1.13207e+06,1.13274e+06,605.006
2,2040,1.13207e+06,1.13274e+06,605.006
2,2041,1.13207e+06,1.13274e+06,598.956
2,2042,1.13207e+06,1.13272e+06,598.956
2,2043,1.13207e+06,1.13272e+06,598.956
2,2044,1.13207e+06,1.13272e+06,598.956
2,2045,1.13207e+06,1.13272e+06,598.956
2,2046,1.13207e+06,1.13272e+06,598.956
2,2047,1.13207e+06,1.13272e+06,598.956
2,2048,1.13207e+06,1.13272e+06,598.956
2,2049,1.13207e+06,1.13272e+06,598.956
2,2050,1.13207e+06,1.13273e+06,598.956
2,2051,1.13207e+06,1.13273e+06,598.956
2,2052,1.13207e+06,1.13273e+06,598.956
2,2053,1.13207e+06,1.13273e+06,598.956
2,2054,1.13207e+06,1.13273e+06,598.956
2,2055,1.13207e+06,1.13268e+06,598.956
2,2056,1.13207e+06,1.13268e+06,598.956
2,2057,1.13207e+06,1.13268e+06,598.956
2,2058,1.13207e+06,1.13268e+06,598.956
2,2059,1.13207e+06,1.13268e+06,598.956
2,2060,1.13207e+06,1.13268e+06,598.956
2,2061,1.13207e+06,1.13268e+06,598.956
2,2062,1.13207e+06,1.13268e+06,598.956
2,2063,1.13207e+06,1.13268e+06,598.956
2,2064,1.13207e+06,1.13268e+06,598.956
2,2065,1.13207e+06,1.13268e+06,598.956
2,2066,1.13207e+06,1.13268e+06,598.956
2,2067,1.13207e+06,1.13268e+06,598.956
2,2068,1.13207e+06,1.13268e+06,598.956
2,2069,1.13207e+06,1.13268e+06,598.956
2,2070,1.13207e+06,1.13268e+06,598.956
2,2071,1.13207e+06,1.13268e+06,598.956
2,2072,1.13207e+06,1.13268e+06,598.956
2,2073,1.13207e+06,1.13268e+06,598.956
2,2074,1.13207e+06,1.13268e+06,598.956
2,2075,1.13207e+06,1.13268e+06,598.956
2,2076,1.13207e+06,1.13268e+06,598.956
2,2077,1.13207e+06,1.13268e+06,598.956
2,2078,1.13207e+06,1.13268e+06,598.956
2,2079,1.13207e+06,1.13268e+06,598.956
2,2080,1.13207e+06,1.13268e+06,598.956
2,2081,1.13207e+06,1.13268e+06,592.966
2,2082,1.13207e+06,1.13268e+06,592.966
2,2083,1.13207e+06,1.13268e+06,592.966
2,2084,1.13207e+06,1.13268e+06,592.966
2,2085,1.13207e+06,1.13268e+06,592.966
2,2086,1.13207e+06,1.13268e+06,592.966
2,2087,1.13207e+06,1.13268e+06,592.966
2,2088,1.13207e+06,1.13266e+06,592.966
2,2089,1.13207e+06,1.13266e+06,592.966
2,2090,1.13207e+06,1.13266e+06,592.966
2,2091,1.13207e+06,1.13266e+06,592.966
2,2092,1.13207e+06,1.13271e+06,592.966
2,2093,1.13207e+06,1.13271e+06,592.966
2,2094,1.13207e+06,1.13271e+06,592.966
2,2095,1.13207e+06,1.1327e+06,592.966
2,2096,1.13207e+06,1.1327e+06,592.966
2,2097,1.13207e+06,1.1327e+06,592.966
2,2098,1.13207e+06,1.1327e+06,592.966
2,2099,1.13207e+06,1.1327e+06,592.966
2,2100,1.13207e+06,1.1327e+06,592.966
2,2101,1.13207e+06,1.1327e+06,592.966
2,2102,1.13207e+06,1.1327e+06,592.966
2,2103,1.13207e+06,1.1327e+06,592.966
2,2104,1.13207e+06,1.1327e+06,592.966
2,2105,1.13207e+06,1.1327e+06,592.966
2,2106,1.13207e+06,1.1327e+06,592.966
2,2107,1.13207e+06,1.1327e+06,592.966
2,2108,1.13207e+06,1.1327e+06,592.966
2,2109,1.13207e+06,1.1327e+06,592.966
2,2110,1.13207e+06,1.13269e+06,592.966
2,2111,1.13207e+06,1.13269e+06,592.966
2,2112,1.13207e+06,1.13269e+06,592.966
2,2113,1.13207e+06,1.13311e+06,592.966
2,2114,1.13207e+06,1.13311e+06,592.966
2,2115,1.13207e+06,1.13312e+06,592.966
2,2116,1.13207e+06,1.13312e+06,592.966
2,2117,1.13207e+06,1.13312e+06,592.966
2,2118,1.13207e+06,1.1332e+06,592.966
2,2119,1.13207e+06,1.1332e+06,592.966
2,2120,1.13207e+06,1.13311e+06,592.966
2,2121,1.13207e+06,1.13311e+06,587.037
2,2122,1.13207e+06,1.13311e+06,587.037
2,2123,1.13207e+06,1.13311e+06,587.037
2,2124,1.13207e+06,1.1331e+06,587.037
2,2125,1.13207e+06,1.1331e+06,587.037
2,2126,1.13207e+06,1.1331e+06,587.037
2,2127,1.13207e+06,1.1331e+06,587.037
2,2128,1.13207e+06,1.1331e+06,587.037
2,2129,1.13207e+06,1.1331e+06,587.037
2,2130,1.13207e+06,1.1331e+06,587.037
2,2131,1.13207e+06,1.13299e+06,587.037
2,2132,1.13207e+06,1.13299e+06,587.037
2,2133,1.13207e+06,1.13293e+06,587.037
2,2134,1.13207e+06,1.13293e+06,587.037
2,2135,1.13207e+06,1.13293e+06,587.037
2,2136,1.13207e+06,1.13293e+06,587.037
2,2137,1.13207e+06,1.13293e+06,587.037
2,2138,1.13207e+06,1.133e+06,587.037
2,2139,1.13207e+06,1.133e+06,587.037
2,2140,1.13207e+06,1.133e+06,587.037
2,2141,1.13207e+06,1.13311e+06,587.037
2,2142,1.13207e+06,1.13311e+06,587.037
2,2143,1.13207e+06,1.13311e+06,587.037
2,2144,1.13207e+06,1.13311e+06,587.037
2,2145,1.13207e+06,1.13311e+06,587.037
2,2146,1.13207e+06,1.13303e+06,587.037
2,2147,1.13207e+06,1.13303e+06,587.037
2,2148,1.13207e+06,1.13303e+06,587.037
2,2149,1.13207e+06,1.13314e+06,587.037
2,2150,1.13207e+06,1.13314e+06,587.037
2,2151,1.13207e+06,1.13314e+06,587.037
2,2152,1.13207e+06,1.13314e+06,587.037
2,2153,1.13207e+06,1.13306e+06,587.037
2,2154,1.13207e+06,1.13306e+06,587.037
2,2155,1.13207e+06,1.13306e+06,587.037
2,2156,1.13207e+06,1.13305e+06,587.037
2,2157,1.13207e+06,1.13305e+06,587.037
2,2158,1.13207e+06,1.13289e+06,587.037
2,2159,1.13207e+06,1.13289e+06,587.037
2,2160,1.13207e+06,1.13289e+06,587.037
2,2161,1.13207e+06,1.13289e+06,581.166
2,2162,1.13207e+06,1.13289e+06,581.166
2,2163,1.13207e+06,1.13289e+06,581.166
2,2164,1.13207e+06,1.13289e+06,581.166
2,2165,1.13207e+06,1.13289e+06,581.166
2,2166,1.13207e+06,1.13289e+06,581.166
2,2167,1.13207e+06,1.13289e+06,581.166
2,2168,1.13207e+06,1.13289e+06,581.166
2,2169,1.13207e+06,1.13289e+06,581.166
2,2170,1.13207e+06,1.13289e+06,581.166
2,2171,1.13207e+06,1.13289e+06,581.166
2,2172,1.13207e+06,1.13301e+06,581.166
2,2173,1.13207e+06,1.13301e+06,581.166
2,2174,1.13207e+06,1.13301e+06,581.166
2,2175,1.13207e+06,1.13301e+06,581.166
2,2176,1.13207e+06,1.13301e+06,581.166
2,2177,1.13207e+06,1.13301e+06,581.166
2,2178,1.13207e+06,1.13298e+06,581.166
2,2179,1.13207e+06,1.13298e+06,581.166
2,2180,1.13207e+06,1.13298e+06,581.166
2,2181,1.13207e+06,1.13298e+06,581.166
2,2182,1.13207e+06,1.13298e+06,581.166
2,2183,1.13207e+06,1.13298e+06,581.166
2,2184,1.13207e+06,1.13298e+06,581.166
2,2185,1.13207e+06,1.13298e+06,581.166
2,2186,1.13207e+06,1.13298e+06,581.166
2,2187,1.13207e+06,1.13289e+06,581.166
2,2188,1.13207e+06,1.13289e+06,581.166
2,2189,1.13207e+06,1.13289e+06,581.166
2,2190,1.13207e+06,1.13289e+06,581.166
2,2191,1.13207e+06,1.13289e+06,581.166
2,2192,1.13207e+06,1.13289e+06,581.166
2,2193,1.13207e+06,1.13289e+06,581.166
2,2194,1.13207e+06,1.13286e+06,581.166
2,2195,1.13207e+06,1.13286e+06,581.166
2,2196,1.13207e+06,1.13286e+06,581.166
2,2197,1.13207e+06,1.13285e+06,581.166
2,2198,1.13207e+06,1.13285e+06,581.166
2,2199,1.13207e+06,1.13285e+06,581.166
2,2200,1.13207e+06,1.13285e+06,581.166
2,2201,1.13207e+06,1.13283e+06,575.355
2,2202,1.13207e+06,1.13283e+06,575.355
2,2203,1.13207e+06,1.13283e+06,575.355
2,2204,1.13207e+06,1.13283e+06,575.355
2,2205,1.13207e+06,1.13275e+06,575.355
2,2206,1.13207e+06,1.13275e+06,575.355
2,2207,1.13207e+06,1.13275e+06,575.355
2,2208,1.13207e+06,1.13275e+06,575.355
2,2209,1.13207e+06,1.13275e+06,575.355
2,2210,1.13207e+06,1.13275e+06,575.355
2,2211,1.13207e+06,1.13275e+06,575.355
2,2212,1.13207e+06,1.13275e+06,575.355
2,2213,1.13207e+06,1.13275e+06,575.355
2,2214,1.13207e+06,1.13275e+06,575.355
2,2215,1.13207e+06,1.13275e+06,575.355
2,2216,1.13207e+06,1.13275e+06,575.355
2,2217,1.13207e+06,1.13226e+06,575.355
2,2218,1.13207e+06,1.13226e+06,575.355
2,2219,1.13207e+06,1.13226e+06,575.355
2,2220,1.13207e+06,1.13226e+06,575.355
2,2221,1.13207e+06,1.13226e+06,575.355
2,2222,1.13207e+06,1.13226e+06,575.355
2,2223,1.13207e+06,1.13226e+06,575.355
2,2224,1.13207e+06,1.13226e+06,575.355
2,2225,1.13207e+06,1.13226e+06,575.355
2,2226,1.13207e+06,1.13226e+06,575.355
2,2227,1.13207e+06,1.13226e+06,575.355
2,2228,1.13207e+06,1.13226e+06,575.355
2,2229,1.13207e+06,1.13226e+06,575.355
2,2230,1.13207e+06,1.13226e+06,575.355
2,2231,1.13207e+06,1.13226e+06,575.355
2,2232,1.13207e+06,1.13226e+06,575.355
2,2233,1.13207e+06,1.13226e+06,575.355
2,2234,1.13207e+06,1.13226e+06,575.355
2,2235,1.13207e+06,1.13226e+06,575.355
2,2236,1.13207e+06,1.13226e+06,575.355
2,2237,1.13207e+06,1.13224e+06,575.355
2,2238,1.13207e+06,1.13224e+06,575.355
2,2239,1.13207e+06,1.13224e+06,575.355
2,2240,1.13207e+06,1.13224e+06,575.355
2,2241,1.13207e+06,1.13224e+06,569.601
2,2242,1.13207e+06,1.13224e+06,569.601
2,2243,1.13207e+06,1.13223e+06,569.601
2,2244,1.13207e+06,1.13223e+06,569.601
2,2245,1.13207e+06,1.13223e+06,569.601
2,2246,1.13207e+06,1.13223e+06,569.601
2,2247,1.13207e+06,1.13223e+06,569.601
2,2248,1.13207e+06,1.13226e+06,569.601
2,2249,1.13207e+06,1.13226e+06,569.601
2,2250,1.13207e+06,1.13226e+06,569.601
2,2251,1.13207e+06,1.13226e+06,569.601
2,2252,1.13207e+06,1.13226e+06,569.601
2,2253,1.13207e+06,1.13226e+06,569.601
2,2254,1.13207e+06,1.13226e+06,569.601
2,2255,1.13207e+06,1.13226e+06,569.601
2,2256,1.13207e+06,1.13226e+06,569.601
2,2257,1.13207e+06,1.13226e+06,569.601
2,2258,1.13207e+06,1.13226e+06,569.601
2,2259,1.13207e+06,1.13226e+06,569.601
2,2260,1.13207e+06,1.13225e+06,569.601
2,2261,1.13207e+06,1.13225e+06,569.601
2,2262,1.13207e+06,1.13225e+06,569.601
2,2263,1.13207e+06,1.13225e+06,569.601
2,2264,1.13207e+06,1.13225e+06,569.601
2,2265,1.13207e+06,1.13225e+06,569.601
2,2266,1.13207e+06,1.13225e+06,569.601
2,2267,1.13207e+06,1.13225e+06,569.601
2,2268,1.13207e+06,1.13225e+06,569.601
2,2269,1.13207e+06,1.13228e+06,569.601
2,2270,1.13207e+06,1.13228e+06,569.601
2,2271,1.13207e+06,1.13228e+06,569.601
2,2272,1.13207e+06,1.13228e+06,569.601
2,2273,1.13207e+06,1.13228e+06,569.601
2,2274,1.13207e+06,1.13228e+06,569.601
2,2275,1.13207e+06,1.13228e+06,569.601
2,2276,1.13207e+06,1.13228e+06,569.601
2,2277,1.13207e+06,1.1323e+06,569.601
2,2278,1.13207e+06,1.1323e+06,569.601
2,2279,1.13207e+06,1.1323e+06,569.601
2,2280,1.13207e+06,1.13223e+06,569.601
2,2281,1.13207e+06,1.13223e+06,563.905
2,2282,1.13207e+06,1.13223e+06,563.905
2,2283,1.13207e+06,1.13223e+06,563.905
2,2284,1.13207e+06,1.13223e+06,563.905
2,2285,1.13207e+06,1.13232e+06,563.905
2,2286,1.13207e+06,1.13232e+06,563.905
2,2287,1.13207e+06,1.13231e+06,563.905
2,2288,1.13207e+06,1.13228e+06,563.905
2,2289,1.13207e+06,1.13228e+06,563.905
2,2290,1.13207e+06,1.13228e+06,563.905
2,2291,1.13207e+06,1.13228e+06,563.905
2,2292,1.13207e+06,1.13228e+06,563.905
2,2293,1.13207e+06,1.13228e+06,563.905
2,2294,1.13207e+06,1.13228e+06,563.905
2,2295,1.13207e+06,1.13228e+06,563.905
2,2296,1.13207e+06,1.13228e+06,563.905
2,2297,1.13207e+06,1.13228e+06,563.905
2,2298,1.13207e+06,1.13228e+06,563.905
2,2299,1.13207e+06,1.13228e+06,563.905
2,2300,1.13207e+06,1.13228e+06,563.905
2,2301,1.13207e+06,1.13228e+06,563.905
2,2302,1.13207e+06,1.13228e+06,563.905
2,2303,1.13207e+06,1.13228e+06,563.905
2,2304,1.13207e+06,1.13228e+06,563.905
2,2305,1.13207e+06,1.13228e+06,563.905
2,2306,1.13207e+06,1.13228e+06,563.905
2,2307,1.13207e+06,1.13228e+06,563.905
2,2308,1.13207e+06,1.13236e+06,563.905
2,2309,1.13207e+06,1.13236e+06,563.905
2,2310,1.13207e+06,1.13236e+06,563.905
2,2311,1.13207e+06,1.13236e+06,563.905
2,2312,1.13207e+06,1.13236e+06,563.905
2,2313,1.13207e+06,1.13236e+06,563.905
2,2314,1.13207e+06,1.13236e+06,563.905
2,2315,1.13207e+06,1.13236e+06,563.905
2,2316,1.13207e+06,1.13236e+06,563.905
2,2317,1.13207e+06,1.13236e+06,563.905
2,2318,1.13207e+06,1.13236e+06,563.905
2,2319,1.13207e+06,1.13236e+06,563.905
2,2320,1.13207e+06,1.13236e+06,563.905
2,2321,1.13207e+06,1.13236e+06,558.266
2,2322,1.13207e+06,1.13262e+06,558.266
2,2323,1.13207e+06,1.13262e+06,558.266
2,2324,1.13207e+06,1.13261e+06,558.266
2,2325,1.13207e+06,1.13261e+06,558.266
2,2326,1.13207e+06,1.13261e+06,558.266
2,2327,1.13207e+06,1.13259e+06,558.266
2,2328,1.13207e+06,1.13259e+06,558.266
2,2329,1.13207e+06,1.13259e+06,558.266
2,2330,1.13207e+06,1.13259e+06,558.266
2,2331,1.13207e+06,1.13259e+06,558.266
2,2332,1.13207e+06,1.13259e+06,558.266
2,2333,1.13207e+06,1.13259e+06,558.266
2,2334,1.13207e+06,1.13259e+06,558.266
2,2335,1.13207e+06,1.13261e+06,558.266
2,2336,1.13207e+06,1.13261e+06,558.266
2,2337,1.13207e+06,1.13261e+06,558.266
2,2338,1.13207e+06,1.13261e+06,558.266
2,2339,1.13207e+06,1.13261e+06,558.266
2,2340,1.13207e+06,1.13261e+06,558.266
2,2341,1.13207e+06,1.13261e+06,558.266
2,2342,1.13207e+06,1.13261e+06,558.266
2,2343,1.13207e+06,1.13261e+06,558.266
2,2344,1.13207e+06,1.13261e+06,558.266
2,2345,1.13207e+06,1.13261e+06,558.266
2,2346,1.13207e+06,1.13261e+06,558.266
2,2347,1.13207e+06,1.13278e+06,558.266
2,2348,1.13207e+06,1.13278e+06,558.266
2,2349,1.13207e+06,1.13273e+06,558.266
2,2350,1.13207e+06,1.13273e+06,558.266
2,2351,1.13207e+06,1.13273e+06,558.266
2,2352,1.13207e+06,1.1326e+06,558.266
2,2353,1.13207e+06,1.1326e+06,558.266
2,2354,1.13207e+06,1.1326e+06,558.266
2,2355,1.13207e+06,1.1326e+06,558.266
2,2356,1.13207e+06,1.1326e+06,558.266
2,2357,1.13207e+06,1.1326e+06,558.266
2,2358,1.13207e+06,1.1326e+06,558.266
2,2359,1.13207e+06,1.13257e+06,558.266
2,2360,1.13207e+06,1.13257e+06,558.266
2,2361,1.13207e+06,1.13257e+06,552.683
2,2362,1.13207e+06,1.13257e+06,552.683
2,2363,1.13207e+06,1.13257e+06,552.683
2,2364,1.13207e+06,1.13257e+06,552.683
2,2365,1.13207e+06,1.13257e+06,552.683
2,2366,1.13207e+06,1.13257e+06,552.683
2,2367,1.13207e+06,1.13257e+06,552.683
2,2368,1.13207e+06,1.13257e+06,552.683
2,2369,1.13207e+06,1.13257e+06,552.683
2,2370,1.13207e+06,1.13257e+06,552.683
2,2371,1.13207e+06,1.13257e+06,552.683
2,2372,1.13207e+06,1.13253e+06,552.683
2,2373,1.13207e+06,1.13253e+06,552.683
2,2374,1.13207e+06,1.13253e+06,552.683
2,2375,1.13207e+06,1.13253e+06,552.683
2,2376,1.13207e+06,1.13253e+06,552.683
2,2377,1.13207e+06,1.13253e+06,552.683
2,2378,1.13207e+06,1.13245e+06,552.683
2,2379,1.13207e+06,1.13245e+06,552.683
2,2380,1.13207e+06,1.13245e+06,552.683
2,2381,1.13207e+06,1.1327e+06,552.683
2,2382,1.13207e+06,1.1327e+06,552.683
2,2383,1.13207e+06,1.1327e+06,552.683
2,2384,1.13207e+06,1.13268e+06,552.683
2,2385,1.13207e+06,1.13268e+06,552.683
2,2386,1.13207e+06,1.13268e+06,552.683
2,2387,1.13207e+06,1.13268e+06,552.683
2,2388,1.13207e+06,1.13268e+06,552.683
2,2389,1.13207e+06,1.13268e+06,552.683
2,2390,1.13207e+06,1.13268e+06,552.683
2,2391,1.13207e+06,1.13268e+06,552.683
2,2392,1.13207e+06,1.13268e+06,552.683
2,2393,1.13207e+06,1.13268e+06,552.683
2,2394,1.13207e+06,1.13268e+06,552.683
2,2395,1.13207e+06,1.13268e+06,552.683
2,2396,1.13207e+06,1.13271e+06,552.683
2,2397,1.13207e+06,1.13271e+06,552.683
2,2398,1.13207e+06,1.13271e+06,552.683
2,2399,1.13207e+06,1.13271e+06,552.683
2,2400,1.13207e+06,1.13271e+06,552.683
2,2401,1.13207e+06,1.13271e+06,547.157
2,2402,1.13207e+06,1.13271e+06,547.157
2,2403,1.13207e+06,1.13271e+06,547.157
2,2404,1.13207e+06,1.13271e+06,547.157
2,2405,1.13207e+06,1.13271e+06,547.157
2,2406,1.13207e+06,1.13271e+06,547.157
2,2407,1.13207e+06,1.13271e+06,547.157
2,2408,1.13207e+06,1.13271e+06,547.157
2,2409,1.13207e+06,1.13271e+06,547.157
2,2410,1.13207e+06,1.13271e+06,547.157
2,2411,1.13207e+06,1.13271e+06,547.157
2,2412,1.13207e+06,1.13271e+06,547.157
2,2413,1.13207e+06,1.13271e+06,547.157
2,2414,1.13207e+06,1.13268e+06,547.157
2,2415,1.13207e+06,1.13281e+06,547.157
2,2416,1.13207e+06,1.13281e+06,547.157
2,2417,1.13207e+06,1.13279e+06,547.157
2,2418,1.13207e+06,1.13279e+06,547.157
2,2419,1.13207e+06,1.13279e+06,547.157
2,2420,1.13207e+06,1.13279e+06,547.157
2,2421,1.13207e+06,1.13279e+06,547.157
2,2422,1.13207e+06,1.13279e+06,547.157
2,2423,1.13207e+06,1.13279e+06,547.157
2,2424,1.13207e+06,1.13279e+06,547.157
2,2425,1.13207e+06,1.13279e+06,547.157
2,2426,1.13207e+06,1.13279e+06,547.157
2,2427,1.13207e+06,1.13279e+06,547.157
2,2428,1.13207e+06,1.13279e+06,547.157
2,2429,1.13207e+06,1.13279e+06,547.157
2,2430,1.13207e+06,1.13279e+06,547.157
2,2431,1.13207e+06,1.13279e+06,547.157
2,2432,1.13207e+06,1.13279e+06,547.157
2,2433,1.13207e+06,1.13279e+06,547.157
2,2434,1.13207e+06,1.13265e+06,547.157
2,2435,1.13207e+06,1.13265e+06,547.157
2,2436,1.13207e+06,1.13265e+06,547.157
2,2437,1.13207e+06,1.13265e+06,547.157
2,2438,1.13207e+06,1.13265e+06,547.157
2,2439,1.13207e+06,1.13265e+06,547.157
2,2440,1.13207e+06,1.13265e+06,547.157
2,2441,1.13207e+06,1.13265e+06,541.685
2,2442,1.13207e+06,1.13265e+06,541.685
2,2443,1.13207e+06,1.13265e+06,541.685
2,2444,1.13207e+06,1.13265e+06,541.685
2,2445,1.13207e+06,1.13265e+06,541.685
2,2446,1.13207e+06,1.13265e+06,541.685
2,2447,1.13207e+06,1.13265e+06,541.685
2,2448,1.13207e+06,1.13265e+06,541.685
2,2449,1.13207e+06,1.13265e+06,541.685
2,2450,1.13207e+06,1.13265e+06,541.685
2,2451,1.13207e+06,1.13265e+06,541.685
2,2452,1.13207e+06,1.13265e+06,541.685
2,2453,1.13207e+06,1.13265e+06,541.685
2,2454,1.13207e+06,1.13265e+06,541.685
2,2455,1.13207e+06,1.13266e+06,541.685
2,2456,1.13207e+06,1.13266e+06,541.685
2,2457,1.13207e+06,1.13266e+06,541.685
2,2458,1.13207e+06,1.13276e+06,541.685
2,2459,1.13207e+06,1.13276e+06,541.685
2,2460,1.13207e+06,1.13276e+06,541.685
2,2461,1.13207e+06,1.13276e+06,541.685
2,2462,1.13207e+06,1.13274e+06,541.685
2,2463,1.13207e+06,1.13274e+06,541.685
2,2464,1.13207e+06,1.13274e+06,541.685
2,2465,1.13207e+06,1.13278e+06,541.685
2,2466,1.13207e+06,1.13278e+06,541.685
2,2467,1.13207e+06,1.13278e+06,541.685
2,2468,1.13207e+06,1.13278e+06,541.685
2,2469,1.13207e+06,1.13278e+06,541.685
2,2470,1.13207e+06,1.13278e+06,541.685
2,2471,1.13207e+06,1.13278e+06,541.685
2,2472,1.13207e+06,1.13279e+06,541.685
2,2473,1.13207e+06,1.13292e+06,541.685
2,2474,1.13207e+06,1.13279e+06,541.685
2,2475,1.13207e+06,1.13279e+06,541.685
2,2476,1.13207e+06,1.13292e+06,541.685
2,2477,1.13207e+06,1.13292e+06,541.685
2,2478,1.13207e+06,1.13291e+06,541.685
2,2479,1.13207e+06,1.13291e+06,541.685
2,2480,1.13207e+06,1.13291e+06,541.685
2,2481,1.13207e+06,1.13291e+06,536.268
2,2482,1.13207e+06,1.13291e+06,536.268
2,2483,1.13207e+06,1.13291e+06,536.268
2,2484,1.13207e+06,1.13291e+06,536.268
2,2485,1.13207e+06,1.13291e+06,536.268
2,2486,1.13207e+06,1.13293e+06,536.268
2,2487,1.13207e+06,1.13293e+06,536.268
2,2488,1.13207e+06,1.13293e+06,536.268
2,2489,1.13207e+06,1.13293e+06,536.268
2,2490,1.13207e+06,1.13291e+06,536.268
2,2491,1.13207e+06,1.13291e+06,536.268
2,2492,1.13207e+06,1.13291e+06,536.268
2,2493,1.13207e+06,1.13291e+06,536.268
2,2494,1.13207e+06,1.13291e+06,536.268
2,2495,1.13207e+06,1.13291e+06,536.268
2,2496,1.13207e+06,1.1329e+06,536.268
2,2497,1.13207e+06,1.13278e+06,536.268
2,2498,1.13207e+06,1.1328e+06,536.268
2,2499,1.13207e+06,1.1328e+06,536.268
2,2500,1.13207e+06,1.1328e+06,536.268
2,2501,1.13207e+06,1.1328e+06,536.268
2,2502,1.13207e+06,1.13274e+06,536.268
2,2503,1.13207e+06,1.13274e+06,536.268
2,2504,1.13207e+06,1.13274e+06,536.268
2,2505,1.13207e+06,1.13274e+06,536.268
2,2506,1.13207e+06,1.13274e+06,536.268
2,2507,1.13207e+06,1.13274e+06,536.268
2,2508,1.13207e+06,1.13274e+06,536.268
2,2509,1.13207e+06,1.1328e+06,536.268
2,2510,1.13207e+06,1.13283e+06,536.268
2,2511,1.13207e+06,1.13283e+06,536.268
2,2512,1.13207e+06,1.13283e+06,536.268
2,2513,1.13207e+06,1.13283e+06,536.268
2,2514,1.13207e+06,1.13283e+06,536.268
2,2515,1.13207e+06,1.13283e+06,536.268
2,2516,1.13207e+06,1.13283e+06,536.268
2,2517,1.13207e+06,1.1328e+06,536.268
2,2518,1.13207e+06,1.1328e+06,536.268
2,2519,1.13207e+06,1.1328e+06,536.268
2,2520,1.13207e+06,1.1328e+06,536.268
2,2521,1.13207e+06,1.13286e+06,530.906
2,2522,1.13207e+06,1.13286e+06,530.906
2,2523,1.13207e+06,1.13286e+06,530.906
2,2524,1.13207e+06,1.13286e+06,530.906
2,2525,1.13207e+06,1.1329e+06,530.906
2,2526,1.13207e+06,1.1329e+06,530.906
2,2527,1.13207e+06,1.1329e+06,530.906
2,2528,1.13207e+06,1.1329e+06,530.906
2,2529,1.13207e+06,1.13288e+06,530.906
2,2530,1.13207e+06,1.13288e+06,530.906
2,2531,1.13207e+06,1.13288e+06,530.906
2,2532,1.13207e+06,1.13285e+06,530.906
2,2533,1.13207e+06,1.13285e+06,530.906
2,2534,1.13207e+06,1.13285e+06,530.906
2,2535,1.13207e+06,1.13285e+06,530.906
2,2536,1.13207e+06,1.13285e+06,530.906
2,2537,1.13207e+06,1.13285e+06,530.906
2,2538,1.13207e+06,1.13285e+06,530.906
2,2539,1.13207e+06,1.13285e+06,530.906
2,2540,1.13207e+06,1.13285e+06,530.906
2,2541,1.13207e+06,1.13284e+06,530.906
2,2542,1.13207e+06,1.13284e+06,530.906
2,2543,1.13207e+06,1.13284e+06,530.906
2,2544,1.13207e+06,1.13267e+06,530.906
2,2545,1.13207e+06,1.13267e+06,530.906
2,2546,1.13207e+06,1.13267e+06,530.906
2,2547,1.13207e+06,1.13285e+06,530.906
2,2548,1.13207e+06,1.1328e+06,530.906
2,2549,1.13207e+06,1.1328e+06,530.906
2,2550,1.13207e+06,1.1328e+06,530.906
2,2551,1.13207e+06,1.1328e+06,530.906
2,2552,1.13207e+06,1.1328e+06,530.906
2,2553,1.13207e+06,1.1328e+06,530.906
2,2554,1.13207e+06,1.13279e+06,530.906
2,2555,1.13207e+06,1.13279e+06,530.906
2,2556,1.13207e+06,1.13279e+06,530.906
2,2557,1.13207e+06,1.13279e+06,530.906
2,2558,1.13207e+06,1.13279e+06,530.906
2,2559,1.13207e+06,1.13279e+06,530.906
2,2560,1.13207e+06,1.13279e+06,530.906
2,2561,1.13207e+06,1.1329e+06,525.596
2,2562,1.13207e+06,1.1329e+06,525.596
2,2563,1.13207e+06,1.1329e+06,525.596
2,2564,1.13207e+06,1.1329e+06,525.596
2,2565,1.13207e+06,1.13293e+06,525.596
2,2566,1.13207e+06,1.13293e+06,525.596
2,2567,1.13207e+06,1.13293e+06,525.596
2,2568,1.13207e+06,1.13293e+06,525.596
2,2569,1.13207e+06,1.13293e+06,525.596
2,2570,1.13207e+06,1.13293e+06,525.596
2,2571,1.13207e+06,1.13293e+06,525.596
2,2572,1.13207e+06,1.13293e+06,525.596
2,2573,1.13207e+06,1.13293e+06,525.596
2,2574,1.13207e+06,1.13293e+06,525.596
2,2575,1.13207e+06,1.13293e+06,525.596
2,2576,1.13207e+06,1.133e+06,525.596
2,2577,1.13207e+06,1.133e+06,525.596
2,2578,1.13207e+06,1.13279e+06,525.596
2,2579,1.13207e+06,1.13279e+06,525.596
2,2580,1.13207e+06,1.13279e+06,525.596
2,2581,1.13207e+06,1.13279e+06,525.596
2,2582,1.13207e+06,1.13279e+06,525.596
2,2583,1.13207e+06,1.13279e+06,525.596
2,2584,1.13207e+06,1.13279e+06,525.596
2,2585,1.13207e+06,1.13279e+06,525.596
2,2586,1.13207e+06,1.13279e+06,525.596
2,2587,1.13207e+06,1.13279e+06,525.596
2,2588,1.13207e+06,1.13279e+06,525.596
2,2589,1.13207e+06,1.13279e+06,525.596
2,2590,1.13207e+06,1.13279e+06,525.596
2,2591,1.13207e+06,1.13279e+06,525.596
2,2592,1.13207e+06,1.13279e+06,525.596
2,2593,1.13207e+06,1.13279e+06,525.596
2,2594,1.13207e+06,1.13278e+06,525.596
2,2595,1.13207e+06,1.13277e+06,525.596
2,2596,1.13207e+06,1.13277e+06,525.596
2,2597,1.13207e+06,1.13277e+06,525.596
2,2598,1.13207e+06,1.13277e+06,525.596
2,2599,1.13207e+06,1.13277e+06,525.596
2,2600,1.13207e+06,1.13277e+06,525.596
2,2601,1.13207e+06,1.13277e+06,520.341
2,2602,1.13207e+06,1.13277e+06,520.341
2,2603,1.13207e+06,1.13277e+06,520.341
2,2604,1.13207e+06,1.13277e+06,520.341
2,2605,1.13207e+06,1.13277e+06,520.341
2,2606,1.13207e+06,1.13277e+06,520.341
2,2607,1.13207e+06,1.13277e+06,520.341
2,2608,1.13207e+06,1.13269e+06,520.341
2,2609,1.13207e+06,1.13269e+06,520.341
2,2610,1.13207e+06,1.13265e+06,520.341
2,2611,1.13207e+06,1.13267e+06,520.341
2,2612,1.13207e+06,1.13265e+06,520.341
2,2613,1.13207e+06,1.13287e+06,520.341
2,2614,1.13207e+06,1.13297e+06,520.341
2,2615,1.13207e+06,1.13292e+06,520.341
2,2616,1.13207e+06,1.13292e+06,520.341
2,2617,1.13207e+06,1.13292e+06,520.341
2,2618,1.13207e+06,1.13292e+06,520.341
2,2619,1.13207e+06,1.13292e+06,520.341
2,2620,1.13207e+06,1.13292e+06,520.341
2,2621,1.13207e+06,1.13292e+06,520.341
2,2622,1.13207e+06,1.13292e+06,520.341
2,2623,1.13207e+06,1.13292e+06,520.341
2,2624,1.13207e+06,1.1329e+06,520.341
2,2625,1.13207e+06,1.1329e+06,520.341
2,2626,1.13207e+06,1.1329e+06,520.341
2,2627,1.13207e+06,1.1329e+06,520.341
2,2628,1.13207e+06,1.1329e+06,520.341
2,2629,1.13207e+06,1.1329e+06,520.341
2,2630,1.13207e+06,1.1329e+06,520.341
2,2631,1.13207e+06,1.1329e+06,520.341
2,2632,1.13207e+06,1.13293e+06,520.341
2,2633,1.13207e+06,1.13293e+06,520.341
2,2634,1.13207e+06,1.13293e+06,520.341
2,2635,1.13207e+06,1.13289e+06,520.341
2,2636,1.13207e+06,1.13289e+06,520.341
2,2637,1.13207e+06,1.13289e+06,520.341
2,2638,1.13207e+06,1.1329e+06,520.341
2,2639,1.13207e+06,1.13281e+06,520.341
2,2640,1.13207e+06,1.13281e+06,520.341
2,2641,1.13207e+06,1.13281e+06,515.137
2,2642,1.13207e+06,1.13281e+06,515.137
2,2643,1.13207e+06,1.13281e+06,515.137
2,2644,1.13207e+06,1.13281e+06,515.137
2,2645,1.13207e+06,1.13281e+06,515.137
2,2646,1.13207e+06,1.13281e+06,515.137
2,2647,1.13207e+06,1.13281e+06,515.137
2,2648,1.13207e+06,1.13252e+06,515.137
2,2649,1.13207e+06,1.13252e+06,515.137
2,2650,1.13207e+06,1.13252e+06,515.137
2,2651,1.13207e+06,1.13252e+06,515.137
2,2652,1.13207e+06,1.13252e+06,515.137
2,2653,1.13207e+06,1.13252e+06,515.137
2,2654,1.13207e+06,1.13252e+06,515.137
2,2655,1.13207e+06,1.13252e+06,515.137
2,2656,1.13207e+06,1.13252e+06,515.137
2,2657,1.13207e+06,1.13234e+06,515.137
2,2658,1.13207e+06,1.13234e+06,515.137
2,2659,1.13207e+06,1.13234e+06,515.137
2,2660,1.13207e+06,1.13234e+06,515.137
2,2661,1.13207e+06,1.13234e+06,515.137
2,2662,1.13207e+06,1.13234e+06,515.137
2,2663,1.13207e+06,1.13234e+06,515.137
2,2664,1.13207e+06,1.13234e+06,515.137
2,2665,1.13207e+06,1.13234e+06,515.137
2,2666,1.13207e+06,1.13234e+06,515.137
2,2667,1.13207e+06,1.13234e+06,515.137
2,2668,1.13207e+06,1.13234e+06,515.137
2,2669,1.13207e+06,1.13234e+06,515.137
2,2670,1.13207e+06,1.13234e+06,515.137
2,2671,1.13207e+06,1.13234e+06,515.137
2,2672,1.13207e+06,1.13234e+06,515.137
2,2673,1.13207e+06,1.13234e+06,515.137
2,2674,1.13207e+06,1.1323e+06,515.137
2,2675,1.13207e+06,1.1323e+06,515.137
2,2676,1.13207e+06,1.1323e+06,515.137
2,2677,1.13207e+06,1.1323e+06,515.137
2,2678,1.13207e+06,1.1323e+06,515.137
2,2679,1.13207e+06,1.1323e+06,515.137
2,2680,1.13207e+06,1.1323e+06,515.137
2,2681,1.13207e+06,1.1323e+06,509.986
2,2682,1.13207e+06,1.1323e+06,509.986
2,2683,1.13207e+06,1.1323e+06,509.986
2,2684,1.13207e+06,1.1323e+06,509.986
2,2685,1.13207e+06,1.1323e+06,509.986
2,2686,1.13207e+06,1.13233e+06,509.986
2,2687,1.13207e+06,1.13233e+06,509.986
2,2688,1.13207e+06,1.13233e+06,509.986
2,2689,1.13207e+06,1.13233e+06,509.986
2,2690,1.13207e+06,1.13233e+06,509.986
2,2691,1.13207e+06,1.13233e+06,509.986
2,2692,1.13207e+06,1.13233e+06,509.986
2,2693,1.13207e+06,1.13233e+06,509.986
2,2694,1.13207e+06,1.13233e+06,509.986
2,2695,1.13207e+06,1.13233e+06,509.986
2,2696,1.13207e+06,1.13233e+06,509.986
2,2697,1.13207e+06,1.13233e+06,509.986
2,2698,1.13207e+06,1.13233e+06,509.986
2,2699,1.13207e+06,1.13233e+06,509.986
2,2700,1.13207e+06,1.13233e+06,509.986
2,2701,1.13207e+06,1.13233e+06,509.986
2,2702,1.13207e+06,1.13233e+06,509.986
2,2703,1.13207e+06,1.13233e+06,509.986
2,2704,1.13207e+06,1.13232e+06,509.986
2,2705,1.13207e+06,1.13232e+06,509.986
2,2706,1.13207e+06,1.13232e+06,509.986
2,2707,1.13207e+06,1.13232e+06,509.986
2,2708,1.13207e+06,1.13232e+06,509.986
2,2709,1.13207e+06,1.13232e+06,509.986
2,2710,1.13207e+06,1.13232e+06,509.986
2,2711,1.13207e+06,1.13232e+06,509.986
2,2712,1.13207e+06,1.13232e+06,509.986
2,2713,1.13207e+06,1.13232e+06,509.986
2,2714,1.13207e+06,1.13232e+06,509.986
2,2715,1.13207e+06,1.13232e+06,509.986
2,2716,1.13207e+06,1.13232e+06,509.986
2,2717,1.13207e+06,1.13232e+06,509.986
2,2718,1.13207e+06,1.13232e+06,509.986
2,2719,1.13207e+06,1.13232e+06,509.986
2,2720,1.13207e+06,1.13232e+06,509.986
2,2721,1.13207e+06,1.13231e+06,504.886
2,2722,1.13207e+06,1.13231e+06,504.886
2,2723,1.13207e+06,1.13231e+06,504.886
2,2724,1.13207e+06,1.13231e+06,504.886
2,2725,1.13207e+06,1.13231e+06,504.886
2,2726,1.13207e+06,1.13234e+06,504.886
2,2727,1.13207e+06,1.13234e+06,504.886
2,2728,1.13207e+06,1.13234e+06,504.886
2,2729,1.13207e+06,1.13234e+06,504.886
2,2730,1.13207e+06,1.13234e+06,504.886
2,2731,1.13207e+06,1.13234e+06,504.886
2,2732,1.13207e+06,1.13234e+06,504.886
2,2733,1.13207e+06,1.13234e+06,504.886
2,2734,1.13207e+06,1.13235e+06,504.886
2,2735,1.13207e+06,1.13235e+06,504.886
2,2736,1.13207e+06,1.13235e+06,504.886
2,2737,1.13207e+06,1.13235e+06,504.886
2,2738,1.13207e+06,1.13234e+06,504.886
2,2739,1.13207e+06,1.13234e+06,504.886
2,2740,1.13207e+06,1.13234e+06,504.886
2,2741,1.13207e+06,1.13234e+06,504.886
2,2742,1.13207e+06,1.13234e+06,504.886
2,2743,1.13207e+06,1.13234e+06,504.886
2,2744,1.13207e+06,1.13234e+06,504.886
2,2745,1.13207e+06,1.13234e+06,504.886
2,2746,1.13207e+06,1.13234e+06,504.886
2,2747,1.13207e+06,1.13234e+06,504.886
2,2748,1.13207e+06,1.13234e+06,504.886
2,2749,1.13207e+06,1.13234e+06,504.886
2,2750,1.13207e+06,1.13234e+06,504.886
2,2751,1.13207e+06,1.13234e+06,504.886
2,2752,1.13207e+06,1.13234e+06,504.886
2,2753,1.13207e+06,1.13234e+06,504.886
2,2754,1.13207e+06,1.13234e+06,504.886
2,2755,1.13207e+06,1.13234e+06,504.886
2,2756,1.13207e+06,1.13234e+06,504.886
2,2757,1.13207e+06,1.13234e+06,504.886
2,2758,1.13207e+06,1.13234e+06,504.886
2,2759,1.13207e+06,1.13234e+06,504.886
2,2760,1.13207e+06,1.13234e+06,504.886
2,2761,1.13207e+06,1.13221e+06,499.837
2,2762,1.13207e+06,1.13221e+06,499.837
2,2763,1.13207e+06,1.13221e+06,499.837
2,2764,1.13207e+06,1.13221e+06,499.837
2,2765,1.13207e+06,1.13221e+06,499.837
2,2766,1.13207e+06,1.13226e+06,499.837
2,2767,1.13207e+06,1.13226e+06,499.837
2,2768,1.13207e+06,1.13226e+06,499.837
2,2769,1.13207e+06,1.13226e+06,499.837
2,2770,1.13207e+06,1.13226e+06,499.837
2,2771,1.13207e+06,1.13226e+06,499.837
2,2772,1.13207e+06,1.13226e+06,499.837
2,2773,1.13207e+06,1.13235e+06,499.837
2,2774,1.13207e+06,1.13235e+06,499.837
2,2775,1.13207e+06,1.13237e+06,499.837
2,2776,1.13207e+06,1.13237e+06,499.837
2,2777,1.13207e+06,1.13237e+06,499.837
2,2778,1.13207e+06,1.13237e+06,499.837
2,2779,1.13207e+06,1.13237e+06,499.837
2,2780,1.13207e+06,1.13237e+06,499.837
2,2781,1.13207e+06,1.13237e+06,499.837
2,2782,1.13207e+06,1.13237e+06,499.837
2,2783,1.13207e+06,1.13237e+06,499.837
2,2784,1.13207e+06,1.13237e+06,499.837
2,2785,1.13207e+06,1.13237e+06,499.837
2,2786,1.13207e+06,1.13237e+06,499.837
2,2787,1.13207e+06,1.13237e+06,499.837
2,2788,1.13207e+06,1.13237e+06,499.837
2,2789,1.13207e+06,1.13237e+06,499.837
2,2790,1.13207e+06,1.13227e+06,499.837
2,2791,1.13207e+06,1.13227e+06,499.837
2,2792,1.13207e+06,1.13227e+06,499.837
2,2793,1.13207e+06,1.13227e+06,499.837
2,2794,1.13207e+06,1.13227e+06,499.837
2,2795,1.13207e+06,1.13227e+06,499.837
2,2796,1.13207e+06,1.13227e+06,499.837
2,2797,1.13207e+06,1.13227e+06,499.837
2,2798,1.13207e+06,1.13227e+06,499.837
2,2799,1.13207e+06,1.13227e+06,499.837
2,2800,1.13207e+06,1.13227e+06,499.837
2,2801,1.13207e+06,1.13227e+06,494.839
2,2802,1.13207e+06,1.13227e+06,494.839
2,2803,1.13207e+06,1.13226e+06,494.839
2,2804,1.13207e+06,1.13226e+06,494.839
2,2805,1.13207e+06,1.13225e+06,494.839
2,2806,1.13207e+06,1.13225e+06,494.839
2,2807,1.13207e+06,1.13225e+06,494.839
2,2808,1.13207e+06,1.13225e+06,494.839
2,2809,1.13207e+06,1.13225e+06,494.839
2,2810,1.13207e+06,1.13225e+06,494.839
2,2811,1.13207e+06,1.13225e+06,494.839
2,2812,1.13207e+06,1.13225e+06,494.839
2,2813,1.13207e+06,1.13225e+06,494.839
2,2814,1.13207e+06,1.13225e+06,494.839
2,2815,1.13207e+06,1.13225e+06,494.839
2,2816,1.13207e+06,1.13225e+06,494.839
2,2817,1.13207e+06,1.13224e+06,494.839
2,2818,1.13207e+06,1.13213e+06,494.839
2,2819,1.13207e+06,1.13213e+06,494.839
2,2820,1.13207e+06,1.13213e+06,494.839
2,2821,1.13207e+06,1.13213e+06,494.839
2,2822,1.13207e+06,1.13213e+06,494.839
2,2823,1.13207e+06,1.13213e+06,494.839
2,2824,1.13207e+06,1.13213e+06,494.839
2,2825,1.13207e+06,1.13213e+06,494.839
2,2826,1.13207e+06,1.13239e+06,494.839
2,2827,1.13207e+06,1.13239e+06,494.839
2,2828,1.13207e+06,1.13239e+06,494.839
2,2829,1.13207e+06,1.13239e+06,494.839
2,2830,1.13207e+06,1.13239e+06,494.839
2,2831,1.13207e+06,1.13239e+06,494.839
2,2832,1.13207e+06,1.13233e+06,494.839
2,2833,1.13207e+06,1.13233e+06,494.839
2,2834,1.13207e+06,1.13233e+06,494.839
2,2835,1.13207e+06,1.13242e+06,494.839
2,2836,1.13207e+06,1.13236e+06,494.839
2,2837,1.13207e+06,1.13236e+06,494.839
2,2838,1.13207e+06,1.13236e+06,494.839
2,2839,1.13207e+06,1.13236e+06,494.839
2,2840,1.13207e+06,1.13236e+06,494.839
2,2841,1.13207e+06,1.13236e+06,489.89
2,2842,1.13207e+06,1.13236e+06,489.89
2,2843,1.13207e+06,1.13236e+06,489.89
2,2844,1.13207e+06,1.13236e+06,489.89
2,2845,1.13207e+06,1.13236e+06,489.89
2,2846,1.13207e+06,1.13232e+06,489.89
2,2847,1.13207e+06,1.13232e+06,489.89
2,2848,1.13207e+06,1.13231e+06,489.89
2,2849,1.13207e+06,1.13231e+06,489.89
2,2850,1.13207e+06,1.13231e+06,489.89
2,2851,1.13207e+06,1.13231e+06,489.89
2,2852,1.13207e+06,1.13231e+06,489.89
2,2853,1.13207e+06,1.13231e+06,489.89
2,2854,1.13207e+06,1.13231e+06,489.89
2,2855,1.13207e+06,1.13231e+06,489.89
2,2856,1.13207e+06,1.13231e+06,489.89
2,2857,1.13207e+06,1.13231e+06,489.89
2,2858,1.13207e+06,1.13228e+06,489.89
2,2859,1.13207e+06,1.13228e+06,489.89
2,2860,1.13207e+06,1.13228e+06,489.89
2,2861,1.13207e+06,1.13228e+06,489.89
2,2862,1.13207e+06,1.13225e+06,489.89
2,2863,1.13207e+06,1.13225e+06,489.89
2,2864,1.13207e+06,1.13224e+06,489.89
2,2865,1.13207e+06,1.13223e+06,489.89
2,2866,1.13207e+06,1.13224e+06,489.89
2,2867,1.13207e+06,1.13224e+06,489.89
2,2868,1.13207e+06,1.13224e+06,489.89
2,2869,1.13207e+06,1.13223e+06,489.89
2,2870,1.13207e+06,1.13223e+06,489.89
2,2871,1.13207e+06,1.13252e+06,489.89
2,2872,1.13207e+06,1.13252e+06,489.89
2,2873,1.13207e+06,1.13252e+06,489.89
2,2874,1.13207e+06,1.13252e+06,489.89
2,2875,1.13207e+06,1.13251e+06,489.89
2,2876,1.13207e+06,1.13251e+06,489.89
2,2877,1.13207e+06,1.1325e+06,489.89
2,2878,1.13207e+06,1.1325e+06,489.89
2,2879,1.13207e+06,1.1325e+06,489.89
2,2880,1.13207e+06,1.13272e+06,489.89
2,2881,1.13207e+06,1.13272e+06,484.991
2,2882,1.13207e+06,1.13272e+06,484.991
2,2883,1.13207e+06,1.13272e+06,484.991
2,2884,1.13207e+06,1.13272e+06,484.991
2,2885,1.13207e+06,1.13272e+06,484.991
2,2886,1.13207e+06,1.13272e+06,484.991
2,2887,1.13207e+06,1.13272e+06,484.991
2,2888,1.13207e+06,1.13272e+06,484.991
2,2889,1.13207e+06,1.13272e+06,484.991
2,2890,1.13207e+06,1.13272e+06,484.991
2,2891,1.13207e+06,1.13272e+06,484.991
2,2892,1.13207e+06,1.13272e+06,484.991
2,2893,1.13207e+06,1.13272e+06,484.991
2,2894,1.13207e+06,1.13273e+06,484.991
2,2895,1.13207e+06,1.13273e+06,484.991
2,2896,1.13207e+06,1.13273e+06,484.991
2,2897,1.13207e+06,1.13273e+06,484.991
2,2898,1.13207e+06,1.13273e+06,484.991
2,2899,1.13207e+06,1.13273e+06,484.991
2,2900,1.13207e+06,1.13273e+06,484.991
2,2901,1.13207e+06,1.13273e+06,484.991
2,2902,1.13207e+06,1.13269e+06,484.991
2,2903,1.13207e+06,1.13269e+06,484.991
2,2904,1.13207e+06,1.13267e+06,484.991
2,2905,1.13207e+06,1.13267e+06,484.991
2,2906,1.13207e+06,1.13267e+06,484.991
2,2907,1.13207e+06,1.13267e+06,484.991
2,2908,1.13207e+06,1.13267e+06,484.991
2,2909,1.13207e+06,1.13267e+06,484.991
2,2910,1.13207e+06,1.13267e+06,484.991
2,2911,1.13207e+06,1.13267e+06,484.991
2,2912,1.13207e+06,1.13267e+06,484.991
2,2913,1.13207e+06,1.13267e+06,484.991
2,2914,1.13207e+06,1.13267e+06,484.991
2,2915,1.13207e+06,1.13272e+06,484.991
2,2916,1.13207e+06,1.13272e+06,484.991
2,2917,1.13207e+06,1.13272e+06,484.991
2,2918,1.13207e+06,1.13274e+06,484.991
2,2919,1.13207e+06,1.13274e+06,484.991
2,2920,1.13207e+06,1.13274e+06,484.991
2,2921,1.13207e+06,1.13274e+06,480.141
2,2922,1.13207e+06,1.13274e+06,480.141
2,2923,1.13207e+06,1.13274e+06,480.141
2,2924,1.13207e+06,1.13274e+06,480.141
2,2925,1.13207e+06,1.13274e+06,480.141
2,2926,1.13207e+06,1.13274e+06,480.141
2,2927,1.13207e+06,1.13274e+06,480.141
2,2928,1.13207e+06,1.13274e+06,480.141
2,2929,1.13207e+06,1.13274e+06,480.141
2,2930,1.13207e+06,1.13274e+06,480.141
2,2931,1.13207e+06,1.13277e+06,480.141
2,2932,1.13207e+06,1.13277e+06,480.141
2,2933,1.13207e+06,1.13277e+06,480.141
2,2934,1.13207e+06,1.13277e+06,480.141
2,2935,1.13207e+06,1.13277e+06,480.141
2,2936,1.13207e+06,1.13277e+06,480.141
2,2937,1.13207e+06,1.13277e+06,480.141
2,2938,1.13207e+06,1.13277e+06,480.141
2,2939,1.13207e+06,1.13277e+06,480.141
2,2940,1.13207e+06,1.13267e+06,480.141
2,2941,1.13207e+06,1.13267e+06,480.141
2,2942,1.13207e+06,1.13267e+06,480.141
2,2943,1.13207e+06,1.13267e+06,480.141
2,2944,1.13207e+06,1.13267e+06,480.141
2,2945,1.13207e+06,1.13267e+06,480.141
2,2946,1.13207e+06,1.13267e+06,480.141
2,2947,1.13207e+06,1.13267e+06,480.141
2,2948,1.13207e+06,1.13267e+06,480.141
2,2949,1.13207e+06,1.13267e+06,480.141
2,2950,1.13207e+06,1.13271e+06,480.141
2,2951,1.13207e+06,1.13271e+06,480.141
2,2952,1.13207e+06,1.13271e+06,480.141
2,2953,1.13207e+06,1.13271e+06,480.141
2,2954,1.13207e+06,1.13271e+06,480.141
2,2955,1.13207e+06,1.13271e+06,480.141
2,2956,1.13207e+06,1.13271e+06,480.141
2,2957,1.13207e+06,1.13271e+06,480.141
2,2958,1.13207e+06,1.13271e+06,480.141
2,2959,1.13207e+06,1.13271e+06,480.141
2,2960,1.13207e+06,1.13271e+06,480.141
2,2961,1.13207e+06,1.13271e+06,475.34
2,2962,1.13207e+06,1.13271e+06,475.34
2,2963,1.13207e+06,1.13271e+06,475.34
2,2964,1.13207e+06,1.13271e+06,475.34
2,2965,1.13207e+06,1.13271e+06,475.34
2,2966,1.13207e+06,1.13271e+06,475.34
2,2967,1.13207e+06,1.13271e+06,475.34
2,2968,1.13207e+06,1.13271e+06,475.34
2,2969,1.13207e+06,1.13271e+06,475.34
2,2970,1.13207e+06,1.13269e+06,475.34
2,2971,1.13207e+06,1.13269e+06,475.34
2,2972,1.13207e+06,1.13269e+06,475.34
2,2973,1.13207e+06,1.13269e+06,475.34
2,2974,1.13207e+06,1.13269e+06,475.34
2,2975,1.13207e+06,1.13269e+06,475.34
2,2976,1.13207e+06,1.13268e+06,475.34
2,2977,1.13207e+06,1.13285e+06,475.34
2,2978,1.13207e+06,1.13285e+06,475.34
2,2979,1.13207e+06,1.13285e+06,475.34
2,2980,1.13207e+06,1.13285e+06,475.34
2,2981,1.13207e+06,1.13285e+06,475.34
2,2982,1.13207e+06,1.13288e+06,475.34
2,2983,1.13207e+06,1.13288e+06,475.34
2,2984,1.13207e+06,1.13288e+06,475.34
2,2985,1.13207e+06,1.13288e+06,475.34
2,2986,1.13207e+06,1.13288e+06,475.34
2,2987,1.13207e+06,1.13288e+06,475.34
2,2988,1.13207e+06,1.13288e+06,475.34
2,2989,1.13207e+06,1.13288e+06,475.34
2,2990,1.13207e+06,1.13288e+06,475.34
2,2991,1.13207e+06,1.13286e+06,475.34
2,2992,1.13207e+06,1.13286e+06,475.34
2,2993,1.13207e+06,1.13286e+06,475.34
2,2994,1.13207e+06,1.13286e+06,475.34
2,2995,1.13207e+06,1.13286e+06,475.34
2,2996,1.13207e+06,1.13286e+06,475.34
2,2997,1.13207e+06,1.13286e+06,475.34
2,2998,1.13207e+06,1.13286e+06,475.34
2,2999,1.13207e+06,1.13295e+06,475.34
2,3000,1.13207e+06,1.13295e+06,475.34
2,3001,1.13207e+06,1.13286e+06,470.587
2,3002,1.13207e+06,1.13286e+06,470.587
2,3003,1.13207e+06,1.13286e+06,470.587
2,3004,1.13207e+06,1.13286e+06,470.587
2,3005,1.13207e+06,1.13286e+06,470.587
2,3006,1.13207e+06,1.13286e+06,470.587
2,3007,1.13207e+06,1.13286e+06,470.587
2,3008,1.13207e+06,1.13286e+06,470.587
2,3009,1.13207e+06,1.13286e+06,470.587
2,3010,1.13207e+06,1.13286e+06,470.587
2,3011,1.13207e+06,1.13286e+06,470.587
2,3012,1.13207e+06,1.13286e+06,470.587
2,3013,1.13207e+06,1.13286e+06,470.587
2,3014,1.13207e+06,1.13286e+06,470.587
2,3015,1.13207e+06,1.13288e+06,470.587
2,3016,1.13207e+06,1.13288e+06,470.587
2,3017,1.13207e+06,1.13288e+06,470.587
2,3018,1.13207e+06,1.13288e+06,470.587
2,3019,1.13207e+06,1.13288e+06,470.587
2,3020,1.13207e+06,1.13288e+06,470.587
2,3021,1.13207e+06,1.13288e+06,470.587
2,3022,1.13207e+06,1.13288e+06,470.587
2,3023,1.13207e+06,1.13288e+06,470.587
2,3024,1.13207e+06,1.13288e+06,470.587
2,3025,1.13207e+06,1.13288e+06,470.587
2,3026,1.13207e+06,1.13288e+06,470.587
2,3027,1.13207e+06,1.13288e+06,470.587
2,3028,1.13207e+06,1.13288e+06,470.587
2,3029,1.13207e+06,1.13288e+06,470.587
2,3030,1.13207e+06,1.13288e+06,470.587
2,3031,1.13207e+06,1.13288e+06,470.587
2,3032,1.13207e+06,1.13288e+06,470.587
2,3033,1.13207e+06,1.13288e+06,470.587
2,3034,1.13207e+06,1.13288e+06,470.587
2,3035,1.13207e+06,1.13288e+06,470.587
2,3036,1.13207e+06,1.13288e+06,470.587
2,3037,1.13207e+06,1.13288e+06,470.587
2,3038,1.13207e+06,1.13286e+06,470.587
2,3039,1.13207e+06,1.13286e+06,470.587
2,3040,1.13207e+06,1.13286e+06,470.587
2,3041,1.13207e+06,1.13286e+06,465.881
2,3042,1.13207e+06,1.13286e+06,465.881
2,3043,1.13207e+06,1.13306e+06,465.881
2,3044,1.13207e+06,1.13306e+06,465.881
2,3045,1.13207e+06,1.13305e+06,465.881
2,3046,1.13207e+06,1.13305e+06,465.881
2,3047,1.13207e+06,1.13305e+06,465.881
2,3048,1.13207e+06,1.13305e+06,465.881
2,3049,1.13207e+06,1.13309e+06,465.881
2,3050,1.13207e+06,1.13309e+06,465.881
2,3051,1.13207e+06,1.13291e+06,465.881
2,3052,1.13207e+06,1.13291e+06,465.881
2,3053,1.13207e+06,1.13291e+06,465.881
2,3054,1.13207e+06,1.13291e+06,465.881
2,3055,1.13207e+06,1.13291e+06,465.881
2,3056,1.13207e+06,1.13277e+06,465.881
2,3057,1.13207e+06,1.13277e+06,465.881
2,3058,1.13207e+06,1.13277e+06,465.881
2,3059,1.13207e+06,1.13275e+06,465.881
2,3060,1.13207e+06,1.13274e+06,465.881
2,3061,1.13207e+06,1.13274e+06,465.881
2,3062,1.13207e+06,1.13274e+06,465.881
2,3063,1.13207e+06,1.13274e+06,465.881
2,3064,1.13207e+06,1.13274e+06,465.881
2,3065,1.13207e+06,1.13274e+06,465.881
2,3066,1.13207e+06,1.13274e+06,465.881
2,3067,1.13207e+06,1.13274e+06,465.881
2,3068,1.13207e+06,1.13306e+06,465.881
2,3069,1.13207e+06,1.13306e+06,465.881
2,3070,1.13207e+06,1.13304e+06,465.881
2,3071,1.13207e+06,1.13304e+06,465.881
2,3072,1.13207e+06,1.13304e+06,465.881
2,3073,1.13207e+06,1.13304e+06,465.881
2,3074,1.13207e+06,1.13301e+06,465.881
2,3075,1.13207e+06,1.13301e+06,465.881
2,3076,1.13207e+06,1.13288e+06,465.881
2,3077,1.13207e+06,1.13288e+06,465.881
2,3078,1.13207e+06,1.13288e+06,465.881
2,3079,1.13207e+06,1.13288e+06,465.881
2,3080,1.13207e+06,1.13287e+06,465.881
2,3081,1.13207e+06,1.13285e+06,461.222
2,3082,1.13207e+06,1.13281e+06,461.222
2,3083,1.13207e+06,1.13281e+06,461.222
2,3084,1.13207e+06,1.13281e+06,461.222
2,3085,1.13207e+06,1.13281e+06,461.222
2,3086,1.13207e+06,1.13277e+06,461.222
2,3087,1.13207e+06,1.13276e+06,461.222
2,3088,1.13207e+06,1.13276e+06,461.222
2,3089,1.13207e+06,1.13276e+06,461.222
2,3090,1.13207e+06,1.13276e+06,461.222
2,3091,1.13207e+06,1.13276e+06,461.222
2,3092,1.13207e+06,1.13274e+06,461.222
2,3093,1.13207e+06,1.13274e+06,461.222
2,3094,1.13207e+06,1.13274e+06,461.222
2,3095,1.13207e+06,1.13274e+06,461.222
2,3096,1.13207e+06,1.13274e+06,461.222
2,3097,1.13207e+06,1.13274e+06,461.222
2,3098,1.13207e+06,1.13274e+06,461.222
2,3099,1.13207e+06,1.13273e+06,461.222
2,3100,1.13207e+06,1.13272e+06,461.222
2,3101,1.13207e+06,1.13272e+06,461.222
2,3102,1.13207e+06,1.13272e+06,461.222
2,3103,1.13207e+06,1.13272e+06,461.222
2,3104,1.13207e+06,1.13272e+06,461.222
2,3105,1.13207e+06,1.13272e+06,461.222
2,3106,1.13207e+06,1.13272e+06,461.222
2,3107,1.13207e+06,1.13272e+06,461.222
2,3108,1.13207e+06,1.13272e+06,461.222
2,3109,1.13207e+06,1.13245e+06,461.222
2,3110,1.13207e+06,1.13245e+06,461.222
2,3111,1.13207e+06,1.13245e+06,461.222
2,3112,1.13207e+06,1.13245e+06,461.222
2,3113,1.13207e+06,1.13245e+06,461.222
2,3114,1.13207e+06,1.13245e+06,461.222
2,3115,1.13207e+06,1.13245e+06,461.222
2,3116,1.13207e+06,1.13245e+06,461.222
2,3117,1.13207e+06,1.13242e+06,461.222
2,3118,1.13207e+06,1.13242e+06,461.222
2,3119,1.13207e+06,1.13242e+06,461.222
2,3120,1.13207e+06,1.13243e+06,461.222
2,3121,1.13207e+06,1.13243e+06,456.61
2,3122,1.13207e+06,1.13235e+06,456.61
2,3123,1.13207e+06,1.13258e+06,456.61
2,3124,1.13207e+06,1.13258e+06,456.61
2,3125,1.13207e+06,1.13258e+06,456.61
2,3126,1.13207e+06,1.13258e+06,456.61
2,3127,1.13207e+06,1.13258e+06,456.61
2,3128,1.13207e+06,1.13259e+06,456.61
2,3129,1.13207e+06,1.13259e+06,456.61
2,3130,1.13207e+06,1.13259e+06,456.61
2,3131,1.13207e+06,1.13259e+06,456.61
2,3132,1.13207e+06,1.13259e+06,456.61
2,3133,1.13207e+06,1.13259e+06,456.61
2,3134,1.13207e+06,1.13259e+06,456.61
2,3135,1.13207e+06,1.13259e+06,456.61
2,3136,1.13207e+06,1.13259e+06,456.61
2,3137,1.13207e+06,1.13259e+06,456.61
2,3138,1.13207e+06,1.13259e+06,456.61
2,3139,1.13207e+06,1.13259e+06,456.61
2,3140,1.13207e+06,1.13259e+06,456.61
2,3141,1.13207e+06,1.13259e+06,456.61
2,3142,1.13207e+06,1.13259e+06,456.61
2,3143,1.13207e+06,1.13259e+06,456.61
2,3144,1.13207e+06,1.13259e+06,456.61
2,3145,1.13207e+06,1.13259e+06,456.61
2,3146,1.13207e+06,1.13259e+06,456.61
2,3147,1.13207e+06,1.13259e+06,456.61
2,3148,1.13207e+06,1.13259e+06,456.61
2,3149,1.13207e+06,1.13259e+06,456.61
2,3150,1.13207e+06,1.13259e+06,456.61
2,3151,1.13207e+06,1.13259e+06,456.61
2,3152,1.13207e+06,1.13259e+06,456.61
2,3153,1.13207e+06,1.13259e+06,456.61
2,3154,1.13207e+06,1.13259e+06,456.61
2,3155,1.13207e+06,1.13259e+06,456.61
2,3156,1.13207e+06,1.13259e+06,456.61
2,3157,1.13207e+06,1.13259e+06,456.61
2,3158,1.13207e+06,1.13259e+06,456.61
2,3159,1.13207e+06,1.13259e+06,456.61
2,3160,1.13207e+06,1.13259e+06,456.61
2,3161,1.13207e+06,1.13259e+06,452.044
2,3162,1.13207e+06,1.13259e+06,452.044
2,3163,1.13207e+06,1.13259e+06,452.044
2,3164,1.13207e+06,1.13259e+06,452.044
2,3165,1.13207e+06,1.13259e+06,452.044
2,3166,1.13207e+06,1.13259e+06,452.044
2,3167,1.13207e+06,1.13259e+06,452.044
2,3168,1.13207e+06,1.13259e+06,452.044
2,3169,1.13207e+06,1.13259e+06,452.044
2,3170,1.13207e+06,1.13259e+06,452.044
2,3171,1.13207e+06,1.13259e+06,452.044
2,3172,1.13207e+06,1.13259e+06,452.044
2,3173,1.13207e+06,1.13259e+06,452.044
2,3174,1.13207e+06,1.13259e+06,452.044
2,3175,1.13207e+06,1.13261e+06,452.044
2,3176,1.13207e+06,1.13261e+06,452.044
2,3177,1.13207e+06,1.13261e+06,452.044
2,3178,1.13207e+06,1.13267e+06,452.044
2,3179,1.13207e+06,1.13263e+06,452.044
2,3180,1.13207e+06,1.13263e+06,452.044
2,3181,1.13207e+06,1.13263e+06,452.044
2,3182,1.13207e+06,1.13263e+06,452.044
2,3183,1.13207e+06,1.13263e+06,452.044
2,3184,1.13207e+06,1.13263e+06,452.044
2,3185,1.13207e+06,1.13263e+06,452.044
2,3186,1.13207e+06,1.13263e+06,452.044
2,3187,1.13207e+06,1.13263e+06,452.044
2,3188,1.13207e+06,1.13263e+06,452.044
2,3189,1.13207e+06,1.13263e+06,452.044
2,3190,1.13207e+06,1.13263e+06,452.044
2,3191,1.13207e+06,1.1325e+06,452.044
2,3192,1.13207e+06,1.1325e+06,452.044
2,3193,1.13207e+06,1.1325e+06,452.044
2,3194,1.13207e+06,1.1325e+06,452.044
2,3195,1.13207e+06,1.13249e+06,452.044
2,3196,1.13207e+06,1.13249e+06,452.044
2,3197,1.13207e+06,1.13242e+06,452.044
2,3198,1.13207e+06,1.13242e+06,452.044
2,3199,1.13207e+06,1.13242e+06,452.044
2,3200,1.13207e+06,1.13241e+06,452.044
2,3201,1.13207e+06,1.13241e+06,447.523
2,3202,1.13207e+06,1.13241e+06,447.523
2,3203,1.13207e+06,1.13241e+06,447.523
2,3204,1.13207e+06,1.13241e+06,447.523
2,3205,1.13207e+06,1.1325e+06,447.523
2,3206,1.13207e+06,1.1325e+06,447.523
2,3207,1.13207e+06,1.13255e+06,447.523
2,3208,1.13207e+06,1.13255e+06,447.523
2,3209,1.13207e+06,1.13255e+06,447.523
2,3210,1.13207e+06,1.13255e+06,447.523
2,3211,1.13207e+06,1.13253e+06,447.523
2,3212,1.13207e+06,1.13253e+06,447.523
2,3213,1.13207e+06,1.13253e+06,447.523
2,3214,1.13207e+06,1.13253e+06,447.523
2,3215,1.13207e+06,1.13253e+06,447.523
2,3216,1.13207e+06,1.13253e+06,447.523
2,3217,1.13207e+06,1.13253e+06,447.523
2,3218,1.13207e+06,1.13253e+06,447.523
2,3219,1.13207e+06,1.13253e+06,447.523
2,3220,1.13207e+06,1.13252e+06,447.523
2,3221,1.13207e+06,1.13252e+06,447.523
2,3222,1.13207e+06,1.13252e+06,447.523
2,3223,1.13207e+06,1.13252e+06,447.523
2,3224,1.13207e+06,1.13252e+06,447.523
2,3225,1.13207e+06,1.13252e+06,447.523
2,3226,1.13207e+06,1.13252e+06,447.523
2,3227,1.13207e+06,1.13252e+06,447.523
2,3228,1.13207e+06,1.13251e+06,447.523
2,3229,1.13207e+06,1.13254e+06,447.523
2,3230,1.13207e+06,1.13248e+06,447.523
2,3231,1.13207e+06,1.13248e+06,447.523
2,3232,1.13207e+06,1.13248e+06,447.523
2,3233,1.13207e+06,1.13248e+06,447.523
2,3234,1.13207e+06,1.13248e+06,447.523
2,3235,1.13207e+06,1.13252e+06,447.523
2,3236,1.13207e+06,1.13252e+06,447.523
2,3237,1.13207e+06,1.13248e+06,447.523
2,3238,1.13207e+06,1.13248e+06,447.523
2,3239,1.13207e+06,1.13248e+06,447.523
2,3240,1.13207e+06,1.13248e+06,447.523
2,3241,1.13207e+06,1.13242e+06,443.048
2,3242,1.13207e+06,1.13245e+06,443.048
2,3243,1.13207e+06,1.13245e+06,443.048
2,3244,1.13207e+06,1.13245e+06,443.048
2,3245,1.13207e+06,1.13245e+06,443.048
2,3246,1.13207e+06,1.13245e+06,443.048
2,3247,1.13207e+06,1.13245e+06,443.048
2,3248,1.13207e+06,1.13245e+06,443.048
2,3249,1.13207e+06,1.13245e+06,443.048
2,3250,1.13207e+06,1.13245e+06,443.048
2,3251,1.13207e+06,1.13245e+06,443.048
2,3252,1.13207e+06,1.13245e+06,443.048
2,3253,1.13207e+06,1.13245e+06,443.048
2,3254,1.13207e+06,1.13245e+06,443.048
2,3255,1.13207e+06,1.13245e+06,443.048
2,3256,1.13207e+06,1.13245e+06,443.048
2,3257,1.13207e+06,1.13243e+06,443.048
2,3258,1.13207e+06,1.13243e+06,443.048
2,3259,1.13207e+06,1.13243e+06,443.048
2,3260,1.13207e+06,1.13243e+06,443.048
2,3261,1.13207e+06,1.13243e+06,443.048
2,3262,1.13207e+06,1.13242e+06,443.048
2,3263,1.13207e+06,1.13238e+06,443.048
2,3264,1.13207e+06,1.13238e+06,443.048
2,3265,1.13207e+06,1.13238e+06,443.048
2,3266,1.13207e+06,1.13238e+06,443.048
2,3267,1.13207e+06,1.13238e+06,443.048
2,3268,1.13207e+06,1.13238e+06,443.048
2,3269,1.13207e+06,1.13238e+06,443.048
2,3270,1.13207e+06,1.13238e+06,443.048
2,3271,1.13207e+06,1.13238e+06,443.048
2,3272,1.13207e+06,1.13238e+06,443.048
2,3273,1.13207e+06,1.13225e+06,443.048
2,3274,1.13207e+06,1.13225e+06,443.048
2,3275,1.13207e+06,1.13225e+06,443.048
2,3276,1.13207e+06,1.13225e+06,443.048
2,3277,1.13207e+06,1.13225e+06,443.048
2,3278,1.13207e+06,1.13225e+06,443.048
2,3279,1.13207e+06,1.13225e+06,443.048
2,3280,1.13207e+06,1.13225e+06,443.048
2,3281,1.13207e+06,1.13224e+06,438.618
2,3282,1.13207e+06,1.13224e+06,438.618
2,3283,1.13207e+06,1.13223e+06,438.618
2,3284,1.13207e+06,1.13223e+06,438.618
2,3285,1.13207e+06,1.13223e+06,438.618
2,3286,1.13207e+06,1.13223e+06,438.618
2,3287,1.13207e+06,1.13223e+06,438.618
2,3288,1.13207e+06,1.13223e+06,438.618
2,3289,1.13207e+06,1.13223e+06,438.618
2,3290,1.13207e+06,1.13223e+06,438.618
2,3291,1.13207e+06,1.13223e+06,438.618
2,3292,1.13207e+06,1.13223e+06,438.618
2,3293,1.1318e+06,1.1318e+06,438.618
2,3294,1.1318e+06,1.1318e+06,438.618
2,3295,1.1318e+06,1.13182e+06,438.618
2,3296,1.1318e+06,1.13182e+06,438.618
2,3297,1.1318e+06,1.13182e+06,438.618
2,3298,1.1318e+06,1.13182e+06,438.618
2,3299,1.1318e+06,1.13182e+06,438.618
2,3300,1.1318e+06,1.13182e+06,438.618
2,3301,1.1318e+06,1.13182e+06,438.618
2,3302,1.1318e+06,1.13182e+06,438.618
2,3303,1.1318e+06,1.13182e+06,438.618
2,3304,1.13179e+06,1.13179e+06,438.618
2,3305,1.13173e+06,1.13173e+06,438.618
2,3306,1.13173e+06,1.13173e+06,438.618
2,3307,1.13173e+06,1.13173e+06,438.618
2,3308,1.13173e+06,1.13173e+06,438.618
2,3309,1.13173e+06,1.13173e+06,438.618
2,3310,1.13173e+06,1.13173e+06,438.618
2,3311,1.13173e+06,1.13173e+06,438.618
2,3312,1.13173e+06,1.13173e+06,438.618
2,3313,1.13173e+06,1.13173e+06,438.618
2,3314,1.13173e+06,1.13173e+06,438.618
2,3315,1.13173e+06,1.13173e+06,438.618
2,3316,1.13173e+06,1.13173e+06,438.618
2,3317,1.13173e+06,1.13173e+06,438.618
2,3318,1.13173e+06,1.13173e+06,438.618
2,3319,1.13173e+06,1.13173e+06,438.618
2,3320,1.13173e+06,1.13173e+06,438.618
2,3321,1.13173e+06,1.13173e+06,434.231
2,3322,1.13173e+06,1.13173e+06,434.231
2,3323,1.13173e+06,1.13173e+06,434.231
2,3324,1.13173e+06,1.1318e+06,434.231
2,3325,1.13173e+06,1.1318e+06,434.231
2,3326,1.13173e+06,1.1318e+06,434.231
2,3327,1.13173e+06,1.1318e+06,434.231
2,3328,1.13173e+06,1.1318e+06,434.231
2,3329,1.13173e+06,1.1318e+06,434.231
2,3330,1.13173e+06,1.1318e+06,434.231
2,3331,1.13173e+06,1.13174e+06,434.231
2,3332,1.13173e+06,1.13179e+06,434.231
2,3333,1.13173e+06,1.13179e+06,434.231
2,3334,1.13173e+06,1.13179e+06,434.231
2,3335,1.13173e+06,1.13179e+06,434.231
2,3336,1.13173e+06,1.13179e+06,434.231
2,3337,1.13173e+06,1.13179e+06,434.231
2,3338,1.13173e+06,1.13179e+06,434.231
2,3339,1.13173e+06,1.13179e+06,434.231
2,3340,1.13173e+06,1.13179e+06,434.231
2,3341,1.13173e+06,1.13179e+06,434.231
2,3342,1.13173e+06,1.13179e+06,434.231
2,3343,1.13173e+06,1.13179e+06,434.231
2,3344,1.13173e+06,1.13179e+06,434.231
2,3345,1.13173e+06,1.1319e+06,434.231
2,3346,1.13173e+06,1.1319e+06,434.231
2,3347,1.13173e+06,1.1319e+06,434.231
2,3348,1.13173e+06,1.1319e+06,434.231
2,3349,1.13173e+06,1.1319e+06,434.231
2,3350,1.13173e+06,1.1319e+06,434.231
2,3351,1.13173e+06,1.1319e+06,434.231
2,3352,1.13173e+06,1.1319e+06,434.231
2,3353,1.13173e+06,1.1319e+06,434.231
2,3354,1.13173e+06,1.1319e+06,434.231
2,3355,1.13173e+06,1.1319e+06,434.231
2,3356,1.13173e+06,1.1319e+06,434.231
2,3357,1.13173e+06,1.1319e+06,434.231
2,3358,1.13173e+06,1.1319e+06,434.231
2,3359,1.13173e+06,1.1319e+06,434.231
2,3360,1.13173e+06,1.1319e+06,434.231
2,3361,1.13173e+06,1.1319e+06,429.889
2,3362,1.13173e+06,1.1319e+06,429.889
2,3363,1.13173e+06,1.1319e+06,429.889
2,3364,1.13173e+06,1.13189e+06,429.889
2,3365,1.13173e+06,1.13189e+06,429.889
2,3366,1.13173e+06,1.13189e+06,429.889
2,3367,1.13173e+06,1.13189e+06,429.889
2,3368,1.13173e+06,1.13189e+06,429.889
2,3369,1.13173e+06,1.13189e+06,429.889
2,3370,1.13173e+06,1.13189e+06,429.889
2,3371,1.13173e+06,1.13183e+06,429.889
2,3372,1.13173e+06,1.13193e+06,429.889
2,3373,1.13173e+06,1.13193e+06,429.889
2,3374,1.13173e+06,1.13192e+06,429.889
2,3375,1.13173e+06,1.13192e+06,429.889
2,3376,1.13173e+06,1.13192e+06,429.889
2,3377,1.13173e+06,1.13192e+06,429.889
2,3378,1.13173e+06,1.13192e+06,429.889
2,3379,1.13173e+06,1.13192e+06,429.889
2,3380,1.13173e+06,1.13192e+06,429.889
2,3381,1.13173e+06,1.13192e+06,429.889
2,3382,1.13173e+06,1.13192e+06,429.889
2,3383,1.13173e+06,1.13192e+06,429.889
2,3384,1.13173e+06,1.13192e+06,429.889
2,3385,1.13173e+06,1.13192e+06,429.889
2,3386,1.13173e+06,1.13192e+06,429.889
2,3387,1.13173e+06,1.13192e+06,429.889
2,3388,1.13173e+06,1.13192e+06,429.889
2,3389,1.13173e+06,1.13193e+06,429.889
2,3390,1.13173e+06,1.13193e+06,429.889
2,3391,1.13173e+06,1.13193e+06,429.889
2,3392,1.13173e+06,1.13193e+06,429.889
2,3393,1.13173e+06,1.13204e+06,429.889
2,3394,1.13173e+06,1.13204e+06,429.889
2,3395,1.13173e+06,1.13199e+06,429.889
2,3396,1.13173e+06,1.13199e+06,429.889
2,3397,1.13173e+06,1.13199e+06,429.889
2,3398,1.13173e+06,1.13199e+06,429.889
2,3399,1.13173e+06,1.13199e+06,429.889
2,3400,1.13173e+06,1.13199e+06,429.889
2,3401,1.13173e+06,1.13199e+06,425.59
2,3402,1.13173e+06,1.13199e+06,425.59
2,3403,1.13173e+06,1.13199e+06,425.59
2,3404,1.13173e+06,1.13199e+06,425.59
2,3405,1.13173e+06,1.13199e+06,425.59
2,3406,1.13173e+06,1.13198e+06,425.59
2,3407,1.13173e+06,1.13198e+06,425.59
2,3408,1.13173e+06,1.13197e+06,425.59
2,3409,1.13173e+06,1.13197e+06,425.59
2,3410,1.13173e+06,1.13197e+06,425.59
2,3411,1.13173e+06,1.13197e+06,425.59
2,3412,1.13173e+06,1.13197e+06,425.59
2,3413,1.13173e+06,1.13198e+06,425.59
2,3414,1.13173e+06,1.13198e+06,425.59
2,3415,1.13173e+06,1.13196e+06,425.59
2,3416,1.13173e+06,1.13196e+06,425.59
2,3417,1.13173e+06,1.13196e+06,425.59
2,3418,1.13173e+06,1.13196e+06,425.59
2,3419,1.13173e+06,1.13196e+06,425.59
2,3420,1.13173e+06,1.13196e+06,425.59
2,3421,1.13173e+06,1.13196e+06,425.59
2,3422,1.13173e+06,1.13196e+06,425.59
2,3423,1.13173e+06,1.13196e+06,425.59
2,3424,1.13173e+06,1.13196e+06,425.59
2,3425,1.13173e+06,1.13196e+06,425.59
2,3426,1.13173e+06,1.13196e+06,425.59
2,3427,1.13173e+06,1.13196e+06,425.59
2,3428,1.13173e+06,1.13196e+06,425.59
2,3429,1.13173e+06,1.13196e+06,425.59
2,3430,1.13173e+06,1.13196e+06,425.59
2,3431,1.13173e+06,1.13196e+06,425.59
2,3432,1.13173e+06,1.13196e+06,425.59
2,3433,1.13173e+06,1.13196e+06,425.59
2,3434,1.13173e+06,1.13196e+06,425.59
2,3435,1.13173e+06,1.13196e+06,425.59
2,3436,1.13173e+06,1.13196e+06,425.59
2,3437,1.13173e+06,1.13196e+06,425.59
2,3438,1.13173e+06,1.13196e+06,425.59
2,3439,1.13173e+06,1.13196e+06,425.59
2,3440,1.13173e+06,1.13196e+06,425.59
2,3441,1.13173e+06,1.13196e+06,421.334
2,3442,1.13173e+06,1.13196e+06,421.334
2,3443,1.13173e+06,1.13192e+06,421.334
2,3444,1.13173e+06,1.13191e+06,421.334
2,3445,1.13173e+06,1.13186e+06,421.334
2,3446,1.13173e+06,1.13186e+06,421.334
2,3447,1.13173e+06,1.13186e+06,421.334
2,3448,1.13173e+06,1.13186e+06,421.334
2,3449,1.13173e+06,1.1319e+06,421.334
2,3450,1.13173e+06,1.1319e+06,421.334
2,3451,1.13173e+06,1.1319e+06,421.334
2,3452,1.13173e+06,1.1319e+06,421.334
2,3453,1.13173e+06,1.1319e+06,421.334
2,3454,1.13173e+06,1.1319e+06,421.334
2,3455,1.13173e+06,1.1319e+06,421.334
2,3456,1.13173e+06,1.1319e+06,421.334
2,3457,1.13173e+06,1.1319e+06,421.334
2,3458,1.13173e+06,1.1319e+06,421.334
2,3459,1.13173e+06,1.13212e+06,421.334
2,3460,1.13173e+06,1.13212e+06,421.334
2,3461,1.13173e+06,1.13217e+06,421.334
2,3462,1.13173e+06,1.13217e+06,421.334
2,3463,1.13173e+06,1.13217e+06,421.334
2,3464,1.13173e+06,1.13216e+06,421.334
2,3465,1.13173e+06,1.13216e+06,421.334
2,3466,1.13173e+06,1.13215e+06,421.334
2,3467,1.13173e+06,1.13215e+06,421.334
2,3468,1.13173e+06,1.13215e+06,421.334
2,3469,1.13173e+06,1.13215e+06,421.334
2,3470,1.13173e+06,1.13215e+06,421.334
2,3471,1.13173e+06,1.13223e+06,421.334
2,3472,1.13173e+06,1.13223e+06,421.334
2,3473,1.13173e+06,1.13223e+06,421.334
2,3474,1.13173e+06,1.13223e+06,421.334
2,3475,1.13173e+06,1.13223e+06,421.334
2,3476,1.13173e+06,1.13223e+06,421.334
2,3477,1.13173e+06,1.13223e+06,421.334
2,3478,1.13173e+06,1.13223e+06,421.334
2,3479,1.13173e+06,1.13223e+06,421.334
2,3480,1.13173e+06,1.13223e+06,421.334
2,3481,1.13173e+06,1.13261e+06,417.121
2,3482,1.13173e+06,1.13261e+06,417.121
2,3483,1.13173e+06,1.13261e+06,417.121
2,3484,1.13173e+06,1.13261e+06,417.121
2,3485,1.13173e+06,1.13261e+06,417.121
2,3486,1.13173e+06,1.13261e+06,417.121
2,3487,1.13173e+06,1.13263e+06,417.121
2,3488,1.13173e+06,1.13263e+06,417.121
2,3489,1.13173e+06,1.13263e+06,417.121
2,3490,1.13173e+06,1.13258e+06,417.121
2,3491,1.13173e+06,1.13258e+06,417.121
2,3492,1.13173e+06,1.13258e+06,417.121
2,3493,1.13173e+06,1.13257e+06,417.121
2,3494,1.13173e+06,1.13257e+06,417.121
2,3495,1.13173e+06,1.13277e+06,417.121
2,3496,1.13173e+06,1.13279e+06,417.121
2,3497,1.13173e+06,1.13279e+06,417.121
2,3498,1.13173e+06,1.13279e+06,417.121
2,3499,1.13173e+06,1.13279e+06,417.121
2,3500,1.13173e+06,1.13279e+06,417.121
2,3501,1.13173e+06,1.13279e+06,417.121
2,3502,1.13173e+06,1.13279e+06,417.121
2,3503,1.13173e+06,1.13279e+06,417.121
2,3504,1.13173e+06,1.13281e+06,417.121
2,3505,1.13173e+06,1.13276e+06,417.121
2,3506,1.13173e+06,1.13275e+06,417.121
2,3507,1.13173e+06,1.13275e+06,417.121
2,3508,1.13173e+06,1.13275e+06,417.121
2,3509,1.13173e+06,1.13275e+06,417.121
2,3510,1.13173e+06,1.13275e+06,417.121
2,3511,1.13173e+06,1.13275e+06,417.121
2,3512,1.13173e+06,1.13275e+06,417.121
2,3513,1.13173e+06,1.13275e+06,417.121
2,3514,1.13173e+06,1.13275e+06,417.121
2,3515,1.13173e+06,1.13275e+06,417.121
2,3516,1.13173e+06,1.13275e+06,417.121
2,3517,1.13173e+06,1.13275e+06,417.121
2,3518,1.13173e+06,1.13275e+06,417.121
2,3519,1.13173e+06,1.13275e+06,417.121
2,3520,1.13173e+06,1.13272e+06,417.121
2,3521,1.13173e+06,1.1328e+06,412.95
2,3522,1.13173e+06,1.1328e+06,412.95
2,3523,1.13173e+06,1.1328e+06,412.95
2,3524,1.13173e+06,1.1328e+06,412.95
2,3525,1.13173e+06,1.1328e+06,412.95
2,3526,1.13173e+06,1.1328e+06,412.95
2,3527,1.13173e+06,1.13279e+06,412.95
2,3528,1.13173e+06,1.13279e+06,412.95
2,3529,1.13173e+06,1.13279e+06,412.95
2,3530,1.13173e+06,1.13279e+06,412.95
2,3531,1.13173e+06,1.13279e+06,412.95
2,3532,1.13173e+06,1.13279e+06,412.95
2,3533,1.13173e+06,1.13279e+06,412.95
2,3534,1.13173e+06,1.13279e+06,412.95
2,3535,1.13173e+06,1.13279e+06,412.95
2,3536,1.13173e+06,1.13279e+06,412.95
2,3537,1.13173e+06,1.13279e+06,412.95
2,3538,1.13173e+06,1.13279e+06,412.95
2,3539,1.13173e+06,1.13279e+06,412.95
2,3540,1.13173e+06,1.1328e+06,412.95
2,3541,1.13173e+06,1.1328e+06,412.95
2,3542,1.13173e+06,1.13276e+06,412.95
2,3543,1.13173e+06,1.13279e+06,412.95
2,3544,1.13173e+06,1.13279e+06,412.95
2,3545,1.13173e+06,1.13279e+06,412.95
2,3546,1.13173e+06,1.13279e+06,412.95
2,3547,1.13173e+06,1.13271e+06,412.95
2,3548,1.13173e+06,1.13271e+06,412.95
2,3549,1.13173e+06,1.13271e+06,412.95
2,3550,1.13173e+06,1.13263e+06,412.95
2,3551,1.13173e+06,1.13263e+06,412.95
2,3552,1.13173e+06,1.13264e+06,412.95
2,3553,1.13173e+06,1.13264e+06,412.95
2,3554,1.13173e+06,1.13264e+06,412.95
2,3555,1.13173e+06,1.13263e+06,412.95
2,3556,1.13173e+06,1.13263e+06,412.95
2,3557,1.13173e+06,1.13263e+06,412.95
2,3558,1.13173e+06,1.13261e+06,412.95
2,3559,1.13173e+06,1.13261e+06,412.95
2,3560,1.13173e+06,1.13261e+06,412.95
2,3561,1.13173e+06,1.1326e+06,408.82
2,3562,1.13173e+06,1.1326e+06,408.82
2,3563,1.13173e+06,1.1326e+06,408.82
2,3564,1.13173e+06,1.1326e+06,408.82
2,3565,1.13173e+06,1.1326e+06,408.82
2,3566,1.13173e+06,1.1326e+06,408.82
2,3567,1.13173e+06,1.1326e+06,408.82
2,3568,1.13173e+06,1.1325e+06,408.82
2,3569,1.13173e+06,1.1325e+06,408.82
2,3570,1.13173e+06,1.13251e+06,408.82
2,3571,1.13173e+06,1.13251e+06,408.82
2,3572,1.13173e+06,1.13251e+06,408.82
2,3573,1.13173e+06,1.13251e+06,408.82
2,3574,1.13173e+06,1.13251e+06,408.82
2,3575,1.13173e+06,1.13247e+06,408.82
2,3576,1.13173e+06,1.13242e+06,408.82
2,3577,1.13173e+06,1.13242e+06,408.82
2,3578,1.13173e+06,1.13242e+06,408.82
2,3579,1.13173e+06,1.13247e+06,408.82
2,3580,1.13173e+06,1.13247e+06,408.82
2,3581,1.13173e+06,1.13247e+06,408.82
2,3582,1.13173e+06,1.13247e+06,408.82
2,3583,1.13173e+06,1.13247e+06,408.82
2,3584,1.13173e+06,1.13247e+06,408.82
2,3585,1.13173e+06,1.13247e+06,408.82
2,3586,1.13173e+06,1.13247e+06,408.82
2,3587,1.13173e+06,1.13247e+06,408.82
2,3588,1.13173e+06,1.13247e+06,408.82
2,3589,1.13173e+06,1.13247e+06,408.82
2,3590,1.13173e+06,1.1325e+06,408.82
2,3591,1.13173e+06,1.1325e+06,408.82
2,3592,1.13173e+06,1.1325e+06,408.82
2,3593,1.13173e+06,1.1325e+06,408.82
2,3594,1.13173e+06,1.1325e+06,408.82
2,3595,1.13173e+06,1.1325e+06,408.82
2,3596,1.13173e+06,1.1325e+06,408.82
2,3597,1.13173e+06,1.1325e+06,408.82
2,3598,1.13173e+06,1.1325e+06,408.82
2,3599,1.13173e+06,1.1325e+06,408.82
2,3600,1.13173e+06,1.1325e+06,408.82
2,3601,1.13173e+06,1.1325e+06,404.732
2,3602,1.13173e+06,1.1325e+06,404.732
2,3603,1.13173e+06,1.1325e+06,404.732
2,3604,1.13173e+06,1.1325e+06,404.732
2,3605,1.13173e+06,1.1325e+06,404.732
2,3606,1.13173e+06,1.1325e+06,404.732
2,3607,1.13173e+06,1.1325e+06,404.732
2,3608,1.13173e+06,1.1325e+06,404.732
2,3609,1.13173e+06,1.1325e+06,404.732
2,3610,1.13173e+06,1.13262e+06,404.732
2,3611,1.13173e+06,1.13258e+06,404.732
2,3612,1.13173e+06,1.13258e+06,404.732
2,3613,1.13173e+06,1.13254e+06,404.732
2,3614,1.13173e+06,1.13254e+06,404.732
2,3615,1.13173e+06,1.13254e+06,404.732
2,3616,1.13173e+06,1.13254e+06,404.732
2,3617,1.13173e+06,1.13254e+06,404.732
2,3618,1.13173e+06,1.13254e+06,404.732
2,3619,1.13173e+06,1.13254e+06,404.732
2,3620,1.13173e+06,1.13254e+06,404.732
2,3621,1.13173e+06,1.13254e+06,404.732
2,3622,1.13173e+06,1.13254e+06,404.732
2,3623,1.13173e+06,1.13254e+06,404.732
2,3624,1.13173e+06,1.13254e+06,404.732
2,3625,1.13173e+06,1.13254e+06,404.732
2,3626,1.13173e+06,1.13254e+06,404.732
2,3627,1.13173e+06,1.13254e+06,404.732
2,3628,1.13173e+06,1.13254e+06,404.732
2,3629,1.13173e+06,1.13254e+06,404.732
2,3630,1.13173e+06,1.13246e+06,404.732
2,3631,1.13173e+06,1.13246e+06,404.732
2,3632,1.13173e+06,1.13246e+06,404.732
2,3633,1.13173e+06,1.13246e+06,404.732
2,3634,1.13173e+06,1.1325e+06,404.732
2,3635,1.13173e+06,1.13248e+06,404.732
2,3636,1.13173e+06,1.13249e+06,404.732
2,3637,1.13173e+06,1.13249e+06,404.732
2,3638,1.13173e+06,1.13249e+06,404.732
2,3639,1.13173e+06,1.13249e+06,404.732
2,3640,1.13173e+06,1.13249e+06,404.732
2,3641,1.13173e+06,1.13249e+06,400.685
2,3642,1.13173e+06,1.13249e+06,400.685
2,3643,1.13173e+06,1.13249e+06,400.685
2,3644,1.13173e+06,1.13249e+06,400.685
2,3645,1.13173e+06,1.13249e+06,400.685
2,3646,1.13173e+06,1.13249e+06,400.685
2,3647,1.13173e+06,1.13249e+06,400.685
2,3648,1.13173e+06,1.13248e+06,400.685
2,3649,1.13173e+06,1.13248e+06,400.685
2,3650,1.13173e+06,1.13248e+06,400.685
2,3651,1.13173e+06,1.13248e+06,400.685
2,3652,1.13173e+06,1.13248e+06,400.685
2,3653,1.13173e+06,1.13248e+06,400.685
2,3654,1.13173e+06,1.13248e+06,400.685
2,3655,1.13173e+06,1.13248e+06,400.685
2,3656,1.13173e+06,1.13248e+06,400.685
2,3657,1.13173e+06,1.13248e+06,400.685
2,3658,1.13173e+06,1.13248e+06,400.685
2,3659,1.13173e+06,1.13248e+06,400.685
2,3660,1.13173e+06,1.13248e+06,400.685
2,3661,1.13173e+06,1.13246e+06,400.685
2,3662,1.13173e+06,1.13246e+06,400.685
2,3663,1.13173e+06,1.13246e+06,400.685
2,3664,1.13173e+06,1.13246e+06,400.685
2,3665,1.13173e+06,1.13249e+06,400.685
2,3666,1.13173e+06,1.13249e+06,400.685
2,3667,1.13173e+06,1.13249e+06,400.685
2,3668,1.13173e+06,1.13249e+06,400.685
2,3669,1.13173e+06,1.13249e+06,400.685
2,3670,1.13173e+06,1.13248e+06,400.685
2,3671,1.13173e+06,1.13248e+06,400.685
2,3672,1.13173e+06,1.13248e+06,400.685
2,3673,1.13173e+06,1.13248e+06,400.685
2,3674,1.13173e+06,1.13248e+06,400.685
2,3675,1.13173e+06,1.13248e+06,400.685
2,3676,1.13173e+06,1.13248e+06,400.685
2,3677,1.13173e+06,1.13248e+06,400.685
2,3678,1.13173e+06,1.13248e+06,400.685
2,3679,1.13173e+06,1.13248e+06,400.685
2,3680,1.13173e+06,1.13248e+06,400.685
2,3681,1.13173e+06,1.13248e+06,396.678
2,3682,1.13173e+06,1.13248e+06,396.678
2,3683,1.13173e+06,1.13248e+06,396.678
2,3684,1.13173e+06,1.13248e+06,396.678
2,3685,1.13173e+06,1.13248e+06,396.678
2,3686,1.13173e+06,1.13254e+06,396.678
2,3687,1.13173e+06,1.13254e+06,396.678
2,3688,1.13173e+06,1.13254e+06,396.678
2,3689,1.13173e+06,1.13254e+06,396.678
2,3690,1.13173e+06,1.13254e+06,396.678
2,3691,1.13173e+06,1.13254e+06,396.678
2,3692,1.13173e+06,1.13242e+06,396.678
2,3693,1.13173e+06,1.13242e+06,396.678
2,3694,1.13173e+06,1.13242e+06,396.678
2,3695,1.13173e+06,1.13242e+06,396.678
2,3696,1.13173e+06,1.13242e+06,396.678
2,3697,1.13173e+06,1.13242e+06,396.678
2,3698,1.13173e+06,1.13242e+06,396.678
2,3699,1.13173e+06,1.13242e+06,396.678
2,3700,1.13173e+06,1.13241e+06,396.678
2,3701,1.13173e+06,1.13241e+06,396.678
2,3702,1.13173e+06,1.13241e+06,396.678
2,3703,1.13173e+06,1.13244e+06,396.678
2,3704,1.13173e+06,1.13244e+06,396.678
2,3705,1.13173e+06,1.13244e+06,396.678
2,3706,1.13173e+06,1.13244e+06,396.678
2,3707,1.13173e+06,1.13244e+06,396.678
2,3708,1.13173e+06,1.13244e+06,396.678
2,3709,1.13173e+06,1.13244e+06,396.678
2,3710,1.13173e+06,1.13244e+06,396.678
2,3711,1.13173e+06,1.13244e+06,396.678
2,3712,1.13173e+06,1.13244e+06,396.678
2,3713,1.13173e+06,1.13244e+06,396.678
2,3714,1.13173e+06,1.13244e+06,396.678
2,3715,1.13173e+06,1.13244e+06,396.678
2,3716,1.13173e+06,1.13244e+06,396.678
2,3717,1.13173e+06,1.13244e+06,396.678
2,3718,1.13173e+06,1.13244e+06,396.678
2,3719,1.13173e+06,1.13253e+06,396.678
2,3720,1.13173e+06,1.13253e+06,396.678
2,3721,1.13173e+06,1.13267e+06,392.711
2,3722,1.13173e+06,1.13282e+06,392.711
2,3723,1.13173e+06,1.13282e+06,392.711
2,3724,1.13173e+06,1.13282e+06,392.711
2,3725,1.13173e+06,1.13282e+06,392.711
2,3726,1.13173e+06,1.13282e+06,392.711
2,3727,1.13173e+06,1.1329e+06,392.711
2,3728,1.13173e+06,1.1329e+06,392.711
2,3729,1.13173e+06,1.1329e+06,392.711
2,3730,1.13173e+06,1.1329e+06,392.711
2,3731,1.13173e+06,1.1329e+06,392.711
2,3732,1.13173e+06,1.1329e+06,392.711
2,3733,1.13173e+06,1.1329e+06,392.711
2,3734,1.13173e+06,1.1329e+06,392.711
2,3735,1.13173e+06,1.1329e+06,392.711
2,3736,1.13173e+06,1.1329e+06,392.711
2,3737,1.13173e+06,1.13302e+06,392.711
2,3738,1.13173e+06,1.13301e+06,392.711
2,3739,1.13173e+06,1.13301e+06,392.711
2,3740,1.13173e+06,1.13301e+06,392.711
2,3741,1.13173e+06,1.13301e+06,392.711
2,3742,1.13173e+06,1.13301e+06,392.711
2,3743,1.13173e+06,1.13297e+06,392.711
2,3744,1.13173e+06,1.13297e+06,392.711
2,3745,1.13173e+06,1.13297e+06,392.711
2,3746,1.13173e+06,1.13297e+06,392.711
2,3747,1.13173e+06,1.13297e+06,392.711
2,3748,1.13173e+06,1.13297e+06,392.711
2,3749,1.13173e+06,1.13297e+06,392.711
2,3750,1.13173e+06,1.13297e+06,392.711
2,3751,1.13173e+06,1.13271e+06,392.711
2,3752,1.13173e+06,1.13271e+06,392.711
2,3753,1.13173e+06,1.13271e+06,392.711
2,3754,1.13173e+06,1.13271e+06,392.711
2,3755,1.13173e+06,1.13271e+06,392.711
2,3756,1.13173e+06,1.13271e+06,392.711
2,3757,1.13173e+06,1.13271e+06,392.711
2,3758,1.13173e+06,1.1328e+06,392.711
2,3759,1.13173e+06,1.1328e+06,392.711
2,3760,1.13173e+06,1.13275e+06,392.711
2,3761,1.13173e+06,1.13275e+06,388.784
2,3762,1.13173e+06,1.13275e+06,388.784
2,3763,1.13173e+06,1.13275e+06,388.784
2,3764,1.13173e+06,1.13275e+06,388.784
2,3765,1.13173e+06,1.13275e+06,388.784
2,3766,1.13173e+06,1.13275e+06,388.784
2,3767,1.13173e+06,1.13275e+06,388.784
2,3768,1.13173e+06,1.13275e+06,388.784
2,3769,1.13173e+06,1.13275e+06,388.784
2,3770,1.13173e+06,1.13275e+06,388.784
2,3771,1.13173e+06,1.13259e+06,388.784
2,3772,1.13173e+06,1.13258e+06,388.784
2,3773,1.13173e+06,1.13258e+06,388.784
2,3774,1.13173e+06,1.13258e+06,388.784
2,3775,1.13173e+06,1.13258e+06,388.784
2,3776,1.13173e+06,1.13258e+06,388.784
2,3777,1.13173e+06,1.13258e+06,388.784
2,3778,1.13173e+06,1.13258e+06,388.784
2,3779,1.13173e+06,1.13258e+06,388.784
2,3780,1.13173e+06,1.13258e+06,388.784
2,3781,1.13173e+06,1.13258e+06,388.784
2,3782,1.13173e+06,1.13258e+06,388.784
2,3783,1.13173e+06,1.13258e+06,388.784
2,3784,1.13173e+06,1.13258e+06,388.784
2,3785,1.13173e+06,1.13258e+06,388.784
2,3786,1.13173e+06,1.13258e+06,388.784
2,3787,1.13173e+06,1.13258e+06,388.784
2,3788,1.13173e+06,1.1326e+06,388.784
2,3789,1.13173e+06,1.1326e+06,388.784
2,3790,1.13173e+06,1.1326e+06,388.784
2,3791,1.13173e+06,1.1326e+06,388.784
2,3792,1.13173e+06,1.1326e+06,388.784
2,3793,1.13173e+06,1.1326e+06,388.784
2,3794,1.13173e+06,1.1326e+06,388.784
2,3795,1.13173e+06,1.13259e+06,388.784
2,3796,1.13173e+06,1.13259e+06,388.784
2,3797,1.13173e+06,1.13261e+06,388.784
2,3798,1.13173e+06,1.13261e+06,388.784
2,3799,1.13173e+06,1.13261e+06,388.784
2,3800,1.13173e+06,1.13261e+06,388.784
2,3801,1.13173e+06,1.13257e+06,384.896
2,3802,1.13173e+06,1.13263e+06,384.896
2,3803,1.13173e+06,1.1326e+06,384.896
2,3804,1.13173e+06,1.13271e+06,384.896
2,3805,1.13173e+06,1.13271e+06,384.896
2,3806,1.13173e+06,1.13271e+06,384.896
2,3807,1.13173e+06,1.13271e+06,384.896
2,3808,1.13173e+06,1.13271e+06,384.896
2,3809,1.13173e+06,1.13273e+06,384.896
2,3810,1.13173e+06,1.13273e+06,384.896
2,3811,1.13173e+06,1.13273e+06,384.896
2,3812,1.13173e+06,1.13273e+06,384.896
2,3813,1.13173e+06,1.13273e+06,384.896
2,3814,1.13173e+06,1.13273e+06,384.896
2,3815,1.13173e+06,1.13273e+06,384.896
2,3816,1.13173e+06,1.13273e+06,384.896
2,3817,1.13173e+06,1.13273e+06,384.896
2,3818,1.13173e+06,1.13273e+06,384.896
2,3819,1.13173e+06,1.13273e+06,384.896
2,3820,1.13173e+06,1.13273e+06,384.896
2,3821,1.13173e+06,1.13273e+06,384.896
2,3822,1.13173e+06,1.13276e+06,384.896
2,3823,1.13173e+06,1.13275e+06,384.896
2,3824,1.13173e+06,1.13275e+06,384.896
2,3825,1.13173e+06,1.13275e+06,384.896
2,3826,1.13173e+06,1.13275e+06,384.896
2,3827,1.13173e+06,1.13275e+06,384.896
2,3828,1.13173e+06,1.13275e+06,384.896
2,3829,1.13173e+06,1.13275e+06,384.896
2,3830,1.13173e+06,1.13275e+06,384.896
2,3831,1.13173e+06,1.13275e+06,384.896
2,3832,1.13173e+06,1.13275e+06,384.896
2,3833,1.13173e+06,1.13275e+06,384.896
2,3834,1.13173e+06,1.13275e+06,384.896
2,3835,1.13173e+06,1.13275e+06,384.896
2,3836,1.13173e+06,1.13275e+06,384.896
2,3837,1.13173e+06,1.13275e+06,384.896
2,3838,1.13173e+06,1.13275e+06,384.896
2,3839,1.13173e+06,1.13275e+06,384.896
2,3840,1.13173e+06,1.13275e+06,384.896
2,3841,1.13173e+06,1.13275e+06,381.047
2,3842,1.13173e+06,1.13274e+06,381.047
2,3843,1.13173e+06,1.13274e+06,381.047
2,3844,1.13173e+06,1.13274e+06,381.047
2,3845,1.13173e+06,1.13274e+06,381.047
2,3846,1.13173e+06,1.13273e+06,381.047
2,3847,1.13173e+06,1.13274e+06,381.047
2,3848,1.13173e+06,1.13274e+06,381.047
2,3849,1.13173e+06,1.13274e+06,381.047
2,3850,1.13173e+06,1.13294e+06,381.047
2,3851,1.13173e+06,1.13294e+06,381.047
2,3852,1.13173e+06,1.13294e+06,381.047
2,3853,1.13173e+06,1.13294e+06,381.047
2,3854,1.13173e+06,1.13294e+06,381.047
2,3855,1.13173e+06,1.13294e+06,381.047
2,3856,1.13173e+06,1.13294e+06,381.047
2,3857,1.13173e+06,1.13274e+06,381.047
2,3858,1.13173e+06,1.13274e+06,381.047
2,3859,1.13173e+06,1.13274e+06,381.047
2,3860,1.13173e+06,1.13274e+06,381.047
2,3861,1.13173e+06,1.13268e+06,381.047
2,3862,1.13173e+06,1.13268e+06,381.047
2,3863,1.13173e+06,1.13268e+06,381.047
2,3864,1.13173e+06,1.13268e+06,381.047
2,3865,1.13173e+06,1.13268e+06,381.047
2,3866,1.13173e+06,1.13268e+06,381.047
2,3867,1.13173e+06,1.13266e+06,381.047
2,3868,1.13173e+06,1.13266e+06,381.047
2,3869,1.13173e+06,1.13266e+06,381.047
2,3870,1.13173e+06,1.13266e+06,381.047
2,3871,1.13173e+06,1.13266e+06,381.047
2,3872,1.13173e+06,1.13266e+06,381.047
2,3873,1.13173e+06,1.13265e+06,381.047
2,3874,1.13173e+06,1.13265e+06,381.047
2,3875,1.13173e+06,1.13265e+06,381.047
2,3876,1.13173e+06,1.13265e+06,381.047
2,3877,1.13173e+06,1.13265e+06,381.047
2,3878,1.13173e+06,1.13265e+06,381.047
2,3879,1.13173e+06,1.13265e+06,381.047
2,3880,1.13173e+06,1.13265e+06,381.047
2,3881,1.13173e+06,1.13264e+06,377.237
2,3882,1.13173e+06,1.13264e+06,377.237
2,3883,1.13173e+06,1.13264e+06,377.237
2,3884,1.13173e+06,1.13264e+06,377.237
2,3885,1.13173e+06,1.13264e+06,377.237
2,3886,1.13173e+06,1.13264e+06,377.237
2,3887,1.13173e+06,1.13264e+06,377.237
2,3888,1.13173e+06,1.13264e+06,377.237
2,3889,1.13173e+06,1.13264e+06,377.237
2,3890,1.13173e+06,1.13264e+06,377.237
2,3891,1.13173e+06,1.13264e+06,377.237
2,3892,1.13173e+06,1.13264e+06,377.237
2,3893,1.13173e+06,1.13262e+06,377.237
2,3894,1.13173e+06,1.13262e+06,377.237
2,3895,1.13173e+06,1.13262e+06,377.237
2,3896,1.13173e+06,1.13262e+06,377.237
2,3897,1.13173e+06,1.13261e+06,377.237
2,3898,1.13173e+06,1.13261e+06,377.237
2,3899,1.13173e+06,1.13261e+06,377.237
2,3900,1.13173e+06,1.13261e+06,377.237
2,3901,1.13173e+06,1.13261e+06,377.237
2,3902,1.13173e+06,1.13261e+06,377.237
2,3903,1.13173e+06,1.13261e+06,377.237
2,3904,1.13173e+06,1.13261e+06,377.237
2,3905,1.13173e+06,1.13261e+06,377.237
2,3906,1.13173e+06,1.13261e+06,377.237
2,3907,1.13173e+06,1.13261e+06,377.237
2,3908,1.13173e+06,1.13261e+06,377.237
2,3909,1.13173e+06,1.13261e+06,377.237
2,3910,1.13173e+06,1.13261e+06,377.237
2,3911,1.13173e+06,1.13261e+06,377.237
2,3912,1.13173e+06,1.13261e+06,377.237
2,3913,1.13173e+06,1.13261e+06,377.237
2,3914,1.13173e+06,1.13261e+06,377.237
2,3915,1.13173e+06,1.13261e+06,377.237
2,3916,1.13173e+06,1.13268e+06,377.237
2,3917,1.13173e+06,1.13268e+06,377.237
2,3918,1.13173e+06,1.13268e+06,377.237
2,3919,1.13173e+06,1.13268e+06,377.237
2,3920,1.13173e+06,1.13268e+06,377.237
2,3921,1.13173e+06,1.13268e+06,373.464
2,3922,1.13173e+06,1.13268e+06,373.464
2,3923,1.13173e+06,1.13285e+06,373.464
2,3924,1.13173e+06,1.13285e+06,373.464
2,3925,1.13173e+06,1.13285e+06,373.464
2,3926,1.13173e+06,1.13275e+06,373.464
2,3927,1.13173e+06,1.13276e+06,373.464
2,3928,1.13173e+06,1.13276e+06,373.464
2,3929,1.13173e+06,1.13276e+06,373.464
2,3930,1.13173e+06,1.13276e+06,373.464
2,3931,1.13173e+06,1.13276e+06,373.464
2,3932,1.13173e+06,1.13276e+06,373.464
2,3933,1.13173e+06,1.13276e+06,373.464
2,3934,1.13173e+06,1.13276e+06,373.464
2,3935,1.13173e+06,1.13276e+06,373.464
2,3936,1.13173e+06,1.13276e+06,373.464
2,3937,1.13173e+06,1.13276e+06,373.464
2,3938,1.13173e+06,1.13276e+06,373.464
2,3939,1.13173e+06,1.13275e+06,373.464
2,3940,1.13173e+06,1.13275e+06,373.464
2,3941,1.13173e+06,1.13275e+06,373.464
2,3942,1.13173e+06,1.13275e+06,373.464
2,3943,1.13173e+06,1.13275e+06,373.464
2,3944,1.13173e+06,1.13275e+06,373.464
2,3945,1.13173e+06,1.13275e+06,373.464
2,3946,1.13173e+06,1.13275e+06,373.464
2,3947,1.13173e+06,1.13275e+06,373.464
2,3948,1.13173e+06,1.13275e+06,373.464
2,3949,1.13173e+06,1.13274e+06,373.464
2,3950,1.13173e+06,1.13274e+06,373.464
2,3951,1.13173e+06,1.13274e+06,373.464
2,3952,1.13173e+06,1.13274e+06,373.464
2,3953,1.13173e+06,1.13274e+06,373.464
2,3954,1.13173e+06,1.13274e+06,373.464
2,3955,1.13173e+06,1.13274e+06,373.464
2,3956,1.13173e+06,1.13274e+06,373.464
2,3957,1.13173e+06,1.13274e+06,373.464
2,3958,1.13173e+06,1.13274e+06,373.464
2,3959,1.13173e+06,1.13274e+06,373.464
2,3960,1.13173e+06,1.13274e+06,373.464
2,3961,1.13173e+06,1.13273e+06,369.73
2,3962,1.13173e+06,1.13273e+06,369.73
2,3963,1.13173e+06,1.13273e+06,369.73
2,3964,1.13173e+06,1.13273e+06,369.73
2,3965,1.13173e+06,1.13273e+06,369.73
2,3966,1.13173e+06,1.13273e+06,369.73
2,3967,1.13173e+06,1.13273e+06,369.73
2,3968,1.13173e+06,1.13273e+06,369.73
2,3969,1.13173e+06,1.13273e+06,369.73
2,3970,1.13173e+06,1.13273e+06,369.73
2,3971,1.13173e+06,1.13273e+06,369.73
2,3972,1.13173e+06,1.13273e+06,369.73
2,3973,1.13173e+06,1.13273e+06,369.73
2,3974,1.13173e+06,1.13273e+06,369.73
2,3975,1.13173e+06,1.13273e+06,369.73
2,3976,1.13173e+06,1.13273e+06,369.73
2,3977,1.13173e+06,1.13273e+06,369.73
2,3978,1.13173e+06,1.13273e+06,369.73
2,3979,1.13173e+06,1.13273e+06,369.73
2,3980,1.13173e+06,1.13273e+06,369.73
2,3981,1.13173e+06,1.13273e+06,369.73
2,3982,1.13173e+06,1.13273e+06,369.73
2,3983,1.13173e+06,1.13273e+06,369.73
2,3984,1.13173e+06,1.13273e+06,369.73
2,3985,1.13173e+06,1.13273e+06,369.73
2,3986,1.13173e+06,1.13273e+06,369.73
2,3987,1.13173e+06,1.13273e+06,369.73
2,3988,1.13173e+06,1.13273e+06,369.73
2,3989,1.13173e+06,1.13273e+06,369.73
2,3990,1.13173e+06,1.13273e+06,369.73
2,3991,1.13173e+06,1.13273e+06,369.73
2,3992,1.13173e+06,1.13271e+06,369.73
2,3993,1.13173e+06,1.13271e+06,369.73
2,3994,1.13173e+06,1.13271e+06,369.73
2,3995,1.13173e+06,1.13271e+06,369.73
2,3996,1.13173e+06,1.13271e+06,369.73
2,3997,1.13173e+06,1.13271e+06,369.73
2,3998,1.13173e+06,1.13271e+06,369.73
2,3999,1.13173e+06,1.13271e+06,369.73
2,4000,1.13173e+06,1.13271e+06,369.73
2,4001,1.13173e+06,1.13271e+06,366.032
2,4002,1.13173e+06,1.13271e+06,366.032
2,4003,1.13173e+06,1.13271e+06,366.032
2,4004,1.13173e+06,1.13271e+06,366.032
2,4005,1.13173e+06,1.13271e+06,366.032
2,4006,1.13173e+06,1.13271e+06,366.032
2,4007,1.13173e+06,1.13271e+06,366.032
2,4008,1.13173e+06,1.13279e+06,366.032
2,4009,1.13173e+06,1.13279e+06,366.032
2,4010,1.13173e+06,1.13279e+06,366.032
2,4011,1.13173e+06,1.13279e+06,366.032
2,4012,1.13173e+06,1.13279e+06,366.032
2,4013,1.13173e+06,1.13279e+06,366.032
2,4014,1.13173e+06,1.13279e+06,366.032
2,4015,1.13173e+06,1.13278e+06,366.032
2,4016,1.13173e+06,1.13289e+06,366.032
2,4017,1.13173e+06,1.13289e+06,366.032
2,4018,1.13173e+06,1.13289e+06,366.032
2,4019,1.13173e+06,1.13289e+06,366.032
2,4020,1.13173e+06,1.13289e+06,366.032
2,4021,1.13173e+06,1.13289e+06,366.032
2,4022,1.13173e+06,1.13289e+06,366.032
2,4023,1.13173e+06,1.13289e+06,366.032
2,4024,1.13173e+06,1.13289e+06,366.032
2,4025,1.13173e+06,1.13289e+06,366.032
2,4026,1.13173e+06,1.13289e+06,366.032
2,4027,1.13173e+06,1.13289e+06,366.032
2,4028,1.13173e+06,1.13289e+06,366.032
2,4029,1.13173e+06,1.13289e+06,366.032
2,4030,1.13173e+06,1.13289e+06,366.032
2,4031,1.13173e+06,1.13289e+06,366.032
2,4032,1.13173e+06,1.13289e+06,366.032
2,4033,1.13173e+06,1.13289e+06,366.032
2,4034,1.13173e+06,1.13289e+06,366.032
2,4035,1.13173e+06,1.13289e+06,366.032
2,4036,1.13173e+06,1.13289e+06,366.032
2,4037,1.13173e+06,1.13289e+06,366.032
2,4038,1.13173e+06,1.13289e+06,366.032
2,4039,1.13173e+06,1.13286e+06,366.032
2,4040,1.13173e+06,1.13286e+06,366.032
2,4041,1.13173e+06,1.13286e+06,362.372
2,4042,1.13173e+06,1.13286e+06,362.372
2,4043,1.13173e+06,1.13286e+06,362.372
2,4044,1.13173e+06,1.13286e+06,362.372
2,4045,1.13173e+06,1.13286e+06,362.372
2,4046,1.13173e+06,1.13286e+06,362.372
2,4047,1.13173e+06,1.13286e+06,362.372
2,4048,1.13173e+06,1.13284e+06,362.372
2,4049,1.13173e+06,1.13284e+06,362.372
2,4050,1.13173e+06,1.13287e+06,362.372
2,4051,1.13173e+06,1.13287e+06,362.372
2,4052,1.13173e+06,1.13287e+06,362.372
2,4053,1.13173e+06,1.13287e+06,362.372
2,4054,1.13173e+06,1.13283e+06,362.372
2,4055,1.13173e+06,1.13283e+06,362.372
2,4056,1.13173e+06,1.13283e+06,362.372
2,4057,1.13173e+06,1.13282e+06,362.372
2,4058,1.13173e+06,1.13282e+06,362.372
2,4059,1.13173e+06,1.13282e+06,362.372
2,4060,1.13173e+06,1.13282e+06,362.372
2,4061,1.13173e+06,1.13282e+06,362.372
2,4062,1.13173e+06,1.13282e+06,362.372
2,4063,1.13173e+06,1.13276e+06,362.372
2,4064,1.13173e+06,1.13276e+06,362.372
2,4065,1.13173e+06,1.13276e+06,362.372
2,4066,1.13173e+06,1.13276e+06,362.372
2,4067,1.13173e+06,1.13276e+06,362.372
2,4068,1.13173e+06,1.13276e+06,362.372
2,4069,1.13173e+06,1.13276e+06,362.372
2,4070,1.13173e+06,1.13276e+06,362.372
2,4071,1.13173e+06,1.13276e+06,362.372
2,4072,1.13173e+06,1.13276e+06,362.372
2,4073,1.13173e+06,1.13276e+06,362.372
2,4074,1.13173e+06,1.13276e+06,362.372
2,4075,1.13173e+06,1.13275e+06,362.372
2,4076,1.13173e+06,1.13275e+06,362.372
2,4077,1.13173e+06,1.13275e+06,362.372
2,4078,1.13173e+06,1.13275e+06,362.372
2,4079,1.13173e+06,1.13275e+06,362.372
2,4080,1.13173e+06,1.13275e+06,362.372
2,4081,1.13173e+06,1.13275e+06,358.748
2,4082,1.13173e+06,1.13275e+06,358.748
2,4083,1.13173e+06,1.13275e+06,358.748
2,4084,1.13173e+06,1.13274e+06,358.748
2,4085,1.13173e+06,1.13274e+06,358.748
2,4086,1.13173e+06,1.13274e+06,358.748
2,4087,1.13173e+06,1.13274e+06,358.748
2,4088,1.13173e+06,1.13274e+06,358.748
2,4089,1.13173e+06,1.13274e+06,358.748
2,4090,1.13173e+06,1.13274e+06,358.748
2,4091,1.13173e+06,1.13274e+06,358.748
2,4092,1.13173e+06,1.13274e+06,358.748
2,4093,1.13173e+06,1.13274e+06,358.748
2,4094,1.13173e+06,1.13274e+06,358.748
2,4095,1.13173e+06,1.13274e+06,358.748
2,4096,1.13173e+06,1.13274e+06,358.748
2,4097,1.13173e+06,1.13274e+06,358.748
2,4098,1.13173e+06,1.13274e+06,358.748
2,4099,1.13173e+06,1.13274e+06,358.748
2,4100,1.13173e+06,1.13274e+06,358.748
2,4101,1.13173e+06,1.13274e+06,358.748
2,4102,1.13173e+06,1.13274e+06,358.748
2,4103,1.13173e+06,1.13274e+06,358.748
2,4104,1.13173e+06,1.13274e+06,358.748
2,4105,1.13173e+06,1.13274e+06,358.748
2,4106,1.13173e+06,1.13274e+06,358.748
2,4107,1.13173e+06,1.13273e+06,358.748
2,4108,1.13173e+06,1.13273e+06,358.748
2,4109,1.13173e+06,1.13296e+06,358.748
2,4110,1.13173e+06,1.13296e+06,358.748
2,4111,1.13173e+06,1.13294e+06,358.748
2,4112,1.13173e+06,1.13294e+06,358.748
2,4113,1.13173e+06,1.1329e+06,358.748
2,4114,1.13173e+06,1.1329e+06,358.748
2,4115,1.13173e+06,1.1329e+06,358.748
2,4116,1.13173e+06,1.1329e+06,358.748
2,4117,1.13173e+06,1.1329e+06,358.748
2,4118,1.13173e+06,1.1329e+06,358.748
2,4119,1.13173e+06,1.1329e+06,358.748
2,4120,1.13173e+06,1.1329e+06,358.748
2,4121,1.13173e+06,1.1329e+06,355.161
2,4122,1.13173e+06,1.1329e+06,355.161
2,4123,1.13173e+06,1.1329e+06,355.161
2,4124,1.13173e+06,1.1329e+06,355.161
2,4125,1.13173e+06,1.1329e+06,355.161
2,4126,1.13173e+06,1.13288e+06,355.161
2,4127,1.13173e+06,1.13288e+06,355.161
2,4128,1.13173e+06,1.13288e+06,355.161
2,4129,1.13173e+06,1.13288e+06,355.161
2,4130,1.13173e+06,1.13288e+06,355.161
2,4131,1.13173e+06,1.1329e+06,355.161
2,4132,1.13173e+06,1.1329e+06,355.161
2,4133,1.13173e+06,1.1329e+06,355.161
2,4134,1.13173e+06,1.1329e+06,355.161
2,4135,1.13173e+06,1.1329e+06,355.161
2,4136,1.13173e+06,1.13275e+06,355.161
2,4137,1.13173e+06,1.13275e+06,355.161
2,4138,1.13173e+06,1.13275e+06,355.161
2,4139,1.13173e+06,1.13275e+06,355.161
2,4140,1.13173e+06,1.13275e+06,355.161
2,4141,1.13173e+06,1.13275e+06,355.161
2,4142,1.13173e+06,1.13275e+06,355.161
2,4143,1.13173e+06,1.13275e+06,355.161
2,4144,1.13173e+06,1.13275e+06,355.161
2,4145,1.13173e+06,1.13275e+06,355.161
2,4146,1.13173e+06,1.13275e+06,355.161
2,4147,1.13173e+06,1.13275e+06,355.161
2,4148,1.13173e+06,1.13275e+06,355.161
2,4149,1.13173e+06,1.13275e+06,355.161
2,4150,1.13173e+06,1.13275e+06,355.161
2,4151,1.13173e+06,1.13275e+06,355.161
2,4152,1.13173e+06,1.13275e+06,355.161
2,4153,1.13173e+06,1.13275e+06,355.161
2,4154,1.13173e+06,1.13275e+06,355.161
2,4155,1.13173e+06,1.13275e+06,355.161
2,4156,1.13173e+06,1.13275e+06,355.161
2,4157,1.13173e+06,1.13275e+06,355.161
2,4158,1.13173e+06,1.13275e+06,355.161
2,4159,1.13173e+06,1.13275e+06,355.161
2,4160,1.13173e+06,1.13275e+06,355.161
2,4161,1.13173e+06,1.13275e+06,351.609
2,4162,1.13173e+06,1.13275e+06,351.609
2,4163,1.13173e+06,1.13275e+06,351.609
2,4164,1.13173e+06,1.13263e+06,351.609
2,4165,1.13173e+06,1.13263e+06,351.609
2,4166,1.13173e+06,1.13263e+06,351.609
2,4167,1.13173e+06,1.13263e+06,351.609
2,4168,1.13173e+06,1.13263e+06,351.609
2,4169,1.13173e+06,1.13263e+06,351.609
2,4170,1.13173e+06,1.13263e+06,351.609
2,4171,1.13173e+06,1.13263e+06,351.609
2,4172,1.13173e+06,1.13263e+06,351.609
2,4173,1.13173e+06,1.13263e+06,351.609
2,4174,1.13173e+06,1.13242e+06,351.609
2,4175,1.13173e+06,1.13242e+06,351.609
2,4176,1.13173e+06,1.13242e+06,351.609
2,4177,1.13173e+06,1.13242e+06,351.609
2,4178,1.13173e+06,1.13242e+06,351.609
2,4179,1.13173e+06,1.13242e+06,351.609
2,4180,1.13173e+06,1.13242e+06,351.609
2,4181,1.13173e+06,1.13242e+06,351.609
2,4182,1.13173e+06,1.13242e+06,351.609
2,4183,1.13173e+06,1.13242e+06,351.609
2,4184,1.13173e+06,1.13242e+06,351.609
2,4185,1.13173e+06,1.1324e+06,351.609
2,4186,1.13173e+06,1.1324e+06,351.609
2,4187,1.13173e+06,1.1324e+06,351.609
2,4188,1.13173e+06,1.13253e+06,351.609
2,4189,1.13173e+06,1.13253e+06,351.609
2,4190,1.13173e+06,1.13253e+06,351.609
2,4191,1.13173e+06,1.13253e+06,351.609
2,4192,1.13173e+06,1.13253e+06,351.609
2,4193,1.13173e+06,1.13253e+06,351.609
2,4194,1.13173e+06,1.13253e+06,351.609
2,4195,1.13173e+06,1.13253e+06,351.609
2,4196,1.13173e+06,1.13281e+06,351.609
2,4197,1.13173e+06,1.13281e+06,351.609
2,4198,1.13173e+06,1.13281e+06,351.609
2,4199,1.13173e+06,1.13281e+06,351.609
2,4200,1.13173e+06,1.13281e+06,351.609
2,4201,1.13173e+06,1.13281e+06,348.093
2,4202,1.13173e+06,1.13281e+06,348.093
2,4203,1.13173e+06,1.13281e+06,348.093
2,4204,1.13173e+06,1.13277e+06,348.093
2,4205,1.13173e+06,1.13277e+06,348.093
2,4206,1.13173e+06,1.13277e+06,348.093
2,4207,1.13173e+06,1.13288e+06,348.093
2,4208,1.13173e+06,1.13288e+06,348.093
2,4209,1.13173e+06,1.13288e+06,348.093
2,4210,1.13173e+06,1.13288e+06,348.093
2,4211,1.13173e+06,1.13288e+06,348.093
2,4212,1.13173e+06,1.13288e+06,348.093
2,4213,1.13173e+06,1.13288e+06,348.093
2,4214,1.13173e+06,1.13288e+06,348.093
2,4215,1.13173e+06,1.13288e+06,348.093
2,4216,1.13173e+06,1.13288e+06,348.093
2,4217,1.13173e+06,1.13288e+06,348.093
2,4218,1.13173e+06,1.13288e+06,348.093
2,4219,1.13173e+06,1.13291e+06,348.093
2,4220,1.13173e+06,1.13291e+06,348.093
2,4221,1.13173e+06,1.13291e+06,348.093
2,4222,1.13173e+06,1.13291e+06,348.093
2,4223,1.13173e+06,1.13291e+06,348.093
2,4224,1.13173e+06,1.13291e+06,348.093
2,4225,1.13173e+06,1.13291e+06,348.093
2,4226,1.13173e+06,1.13298e+06,348.093
2,4227,1.13173e+06,1.13298e+06,348.093
2,4228,1.13173e+06,1.13298e+06,348.093
2,4229,1.13173e+06,1.13298e+06,348.093
2,4230,1.13173e+06,1.13298e+06,348.093
2,4231,1.13173e+06,1.13298e+06,348.093
2,4232,1.13173e+06,1.13298e+06,348.093
2,4233,1.13173e+06,1.13298e+06,348.093
2,4234,1.13173e+06,1.13298e+06,348.093
2,4235,1.13173e+06,1.13298e+06,348.093
2,4236,1.13173e+06,1.13298e+06,348.093
2,4237,1.13173e+06,1.13298e+06,348.093
2,4238,1.13173e+06,1.13297e+06,348.093
2,4239,1.13173e+06,1.13293e+06,348.093
2,4240,1.13173e+06,1.13304e+06,348.093
2,4241,1.13173e+06,1.13304e+06,344.612
2,4242,1.13173e+06,1.13304e+06,344.612
2,4243,1.13173e+06,1.13304e+06,344.612
2,4244,1.13173e+06,1.13304e+06,344.612
2,4245,1.13173e+06,1.13304e+06,344.612
2,4246,1.13173e+06,1.13304e+06,344.612
2,4247,1.13173e+06,1.13303e+06,344.612
2,4248,1.13173e+06,1.13303e+06,344.612
2,4249,1.13173e+06,1.13303e+06,344.612
2,4250,1.13173e+06,1.13303e+06,344.612
2,4251,1.13173e+06,1.13303e+06,344.612
2,4252,1.13173e+06,1.13303e+06,344.612
2,4253,1.13173e+06,1.13303e+06,344.612
2,4254,1.13173e+06,1.13303e+06,344.612
2,4255,1.13173e+06,1.13303e+06,344.612
2,4256,1.13173e+06,1.13303e+06,344.612
2,4257,1.13173e+06,1.13303e+06,344.612
2,4258,1.13173e+06,1.13303e+06,344.612
2,4259,1.13173e+06,1.13303e+06,344.612
2,4260,1.13173e+06,1.13303e+06,344.612
2,4261,1.13173e+06,1.13303e+06,344.612
2,4262,1.13173e+06,1.13303e+06,344.612
2,4263,1.13173e+06,1.13302e+06,344.612
2,4264,1.13173e+06,1.13302e+06,344.612
2,4265,1.13173e+06,1.13301e+06,344.612
2,4266,1.13173e+06,1.13301e+06,344.612
2,4267,1.13173e+06,1.133e+06,344.612
2,4268,1.13173e+06,1.133e+06,344.612
2,4269,1.13173e+06,1.133e+06,344.612
2,4270,1.13173e+06,1.133e+06,344.612
2,4271,1.13173e+06,1.133e+06,344.612
2,4272,1.13173e+06,1.133e+06,344.612
2,4273,1.13173e+06,1.133e+06,344.612
2,4274,1.13173e+06,1.13298e+06,344.612
2,4275,1.13173e+06,1.13298e+06,344.612
2,4276,1.13173e+06,1.13298e+06,344.612
2,4277,1.13173e+06,1.13298e+06,344.612
2,4278,1.13173e+06,1.13298e+06,344.612
2,4279,1.13173e+06,1.13298e+06,344.612
2,4280,1.13173e+06,1.13298e+06,344.612
2,4281,1.13173e+06,1.13298e+06,341.166
2,4282,1.13173e+06,1.13298e+06,341.166
2,4283,1.13173e+06,1.13304e+06,341.166
2,4284,1.13173e+06,1.13304e+06,341.166
2,4285,1.13173e+06,1.13304e+06,341.166
2,4286,1.13173e+06,1.13304e+06,341.166
2,4287,1.13173e+06,1.13304e+06,341.166
2,4288,1.13173e+06,1.13304e+06,341.166
2,4289,1.13173e+06,1.13302e+06,341.166
2,4290,1.13173e+06,1.13302e+06,341.166
2,4291,1.13173e+06,1.13302e+06,341.166
2,4292,1.13173e+06,1.13298e+06,341.166
2,4293,1.13173e+06,1.13298e+06,341.166
2,4294,1.13173e+06,1.13298e+06,341.166
2,4295,1.13173e+06,1.13298e+06,341.166
2,4296,1.13173e+06,1.13292e+06,341.166
2,4297,1.13173e+06,1.13292e+06,341.166
2,4298,1.13173e+06,1.13292e+06,341.166
2,4299,1.13173e+06,1.13292e+06,341.166
2,4300,1.13173e+06,1.13292e+06,341.166
2,4301,1.13173e+06,1.13292e+06,341.166
2,4302,1.13173e+06,1.13292e+06,341.166
2,4303,1.13173e+06,1.13292e+06,341.166
2,4304,1.13173e+06,1.13292e+06,341.166
2,4305,1.13173e+06,1.13292e+06,341.166
2,4306,1.13173e+06,1.13292e+06,341.166
2,4307,1.13173e+06,1.13292e+06,341.166
2,4308,1.13173e+06,1.13291e+06,341.166
2,4309,1.13173e+06,1.13291e+06,341.166
2,4310,1.13173e+06,1.13291e+06,341.166
2,4311,1.13173e+06,1.13291e+06,341.166
2,4312,1.13173e+06,1.13291e+06,341.166
2,4313,1.13173e+06,1.13291e+06,341.166
2,4314,1.13173e+06,1.13291e+06,341.166
2,4315,1.13173e+06,1.13291e+06,341.166
2,4316,1.13173e+06,1.13291e+06,341.166
2,4317,1.13173e+06,1.13291e+06,341.166
2,4318,1.13173e+06,1.1329e+06,341.166
2,4319,1.13173e+06,1.1329e+06,341.166
2,4320,1.13173e+06,1.13289e+06,341.166
2,4321,1.13173e+06,1.13289e+06,337.754
2,4322,1.13173e+06,1.13289e+06,337.754
2,4323,1.13173e+06,1.13289e+06,337.754
2,4324,1.13173e+06,1.13288e+06,337.754
2,4325,1.13173e+06,1.13288e+06,337.754
2,4326,1.13173e+06,1.13288e+06,337.754
2,4327,1.13173e+06,1.13288e+06,337.754
2,4328,1.13173e+06,1.13323e+06,337.754
2,4329,1.13173e+06,1.13323e+06,337.754
2,4330,1.13173e+06,1.13323e+06,337.754
2,4331,1.13173e+06,1.13323e+06,337.754
2,4332,1.13173e+06,1.13323e+06,337.754
2,4333,1.13173e+06,1.13323e+06,337.754
2,4334,1.13173e+06,1.13315e+06,337.754
2,4335,1.13173e+06,1.13315e+06,337.754
2,4336,1.13173e+06,1.13315e+06,337.754
2,4337,1.13173e+06,1.13315e+06,337.754
2,4338,1.13173e+06,1.13315e+06,337.754
2,4339,1.13173e+06,1.13315e+06,337.754
2,4340,1.13173e+06,1.13315e+06,337.754
2,4341,1.13173e+06,1.13315e+06,337.754
2,4342,1.13173e+06,1.13315e+06,337.754
2,4343,1.13173e+06,1.13306e+06,337.754
2,4344,1.13173e+06,1.13278e+06,337.754
2,4345,1.13173e+06,1.13278e+06,337.754
2,4346,1.13173e+06,1.13278e+06,337.754
2,4347,1.13173e+06,1.13278e+06,337.754
2,4348,1.13173e+06,1.13278e+06,337.754
2,4349,1.13173e+06,1.13278e+06,337.754
2,4350,1.13173e+06,1.13278e+06,337.754
2,4351,1.13173e+06,1.13278e+06,337.754
2,4352,1.13173e+06,1.13278e+06,337.754
2,4353,1.13173e+06,1.13278e+06,337.754
2,4354,1.13173e+06,1.13278e+06,337.754
2,4355,1.13173e+06,1.13278e+06,337.754
2,4356,1.13173e+06,1.13278e+06,337.754
2,4357,1.13173e+06,1.13278e+06,337.754
2,4358,1.13173e+06,1.13278e+06,337.754
2,4359,1.13173e+06,1.13278e+06,337.754
2,4360,1.13173e+06,1.13278e+06,337.754
2,4361,1.13173e+06,1.13278e+06,334.377
2,4362,1.13173e+06,1.13278e+06,334.377
2,4363,1.13173e+06,1.13278e+06,334.377
2,4364,1.13173e+06,1.13278e+06,334.377
2,4365,1.13173e+06,1.13285e+06,334.377
2,4366,1.13173e+06,1.13285e+06,334.377
2,4367,1.13173e+06,1.13285e+06,334.377
2,4368,1.13173e+06,1.13297e+06,334.377
2,4369,1.13173e+06,1.13297e+06,334.377
2,4370,1.13173e+06,1.13297e+06,334.377
2,4371,1.13173e+06,1.13297e+06,334.377
2,4372,1.13173e+06,1.13297e+06,334.377
2,4373,1.13173e+06,1.13294e+06,334.377
2,4374,1.13173e+06,1.13294e+06,334.377
2,4375,1.13173e+06,1.13294e+06,334.377
2,4376,1.13173e+06,1.13294e+06,334.377
2,4377,1.13173e+06,1.13294e+06,334.377
2,4378,1.13173e+06,1.13294e+06,334.377
2,4379,1.13173e+06,1.13294e+06,334.377
2,4380,1.13173e+06,1.13297e+06,334.377
2,4381,1.13173e+06,1.13273e+06,334.377
2,4382,1.13173e+06,1.13273e+06,334.377
2,4383,1.13173e+06,1.13273e+06,334.377
2,4384,1.13173e+06,1.13273e+06,334.377
2,4385,1.13173e+06,1.1327e+06,334.377
2,4386,1.13173e+06,1.1327e+06,334.377
2,4387,1.13173e+06,1.1327e+06,334.377
2,4388,1.13173e+06,1.1327e+06,334.377
2,4389,1.13173e+06,1.1327e+06,334.377
2,4390,1.13173e+06,1.1327e+06,334.377
2,4391,1.13173e+06,1.1327e+06,334.377
2,4392,1.13173e+06,1.1327e+06,334.377
2,4393,1.13173e+06,1.1327e+06,334.377
2,4394,1.13173e+06,1.1327e+06,334.377
2,4395,1.13173e+06,1.1327e+06,334.377
2,4396,1.13173e+06,1.1327e+06,334.377
2,4397,1.13173e+06,1.1327e+06,334.377
2,4398,1.13173e+06,1.1327e+06,334.377
2,4399,1.13173e+06,1.1327e+06,334.377
2,4400,1.13173e+06,1.1327e+06,334.377
2,4401,1.13173e+06,1.1327e+06,331.033
2,4402,1.13173e+06,1.1327e+06,331.033
2,4403,1.13173e+06,1.1327e+06,331.033
2,4404,1.13173e+06,1.1327e+06,331.033
2,4405,1.13173e+06,1.13269e+06,331.033
2,4406,1.13173e+06,1.13269e+06,331.033
2,4407,1.13173e+06,1.13269e+06,331.033
2,4408,1.13173e+06,1.13269e+06,331.033
2,4409,1.13173e+06,1.13269e+06,331.033
2,4410,1.13173e+06,1.13269e+06,331.033
2,4411,1.13173e+06,1.13269e+06,331.033
2,4412,1.13173e+06,1.13269e+06,331.033
2,4413,1.13173e+06,1.13269e+06,331.033
2,4414,1.13173e+06,1.13269e+06,331.033
2,4415,1.13173e+06,1.13269e+06,331.033
2,4416,1.13173e+06,1.13269e+06,331.033
2,4417,1.13173e+06,1.13269e+06,331.033
2,4418,1.13173e+06,1.13269e+06,331.033
2,4419,1.13173e+06,1.13269e+06,331.033
2,4420,1.13173e+06,1.13269e+06,331.033
2,4421,1.13173e+06,1.13269e+06,331.033
2,4422,1.13173e+06,1.13269e+06,331.033
2,4423,1.13173e+06,1.13269e+06,331.033
2,4424,1.13173e+06,1.13268e+06,331.033
2,4425,1.13173e+06,1.13268e+06,331.033
2,4426,1.13173e+06,1.13268e+06,331.033
2,4427,1.13173e+06,1.13268e+06,331.033
2,4428,1.13173e+06,1.13268e+06,331.033
2,4429,1.13173e+06,1.13268e+06,331.033
2,4430,1.13173e+06,1.13268e+06,331.033
2,4431,1.13173e+06,1.13268e+06,331.033
2,4432,1.13173e+06,1.13266e+06,331.033
2,4433,1.13173e+06,1.13266e+06,331.033
2,4434,1.13173e+06,1.13266e+06,331.033
2,4435,1.13173e+06,1.13266e+06,331.033
2,4436,1.13173e+06,1.13266e+06,331.033
2,4437,1.13173e+06,1.13266e+06,331.033
2,4438,1.13173e+06,1.13266e+06,331.033
2,4439,1.13173e+06,1.13266e+06,331.033
2,4440,1.13173e+06,1.13266e+06,331.033
2,4441,1.13173e+06,1.13266e+06,327.723
2,4442,1.13173e+06,1.13266e+06,327.723
2,4443,1.13173e+06,1.13266e+06,327.723
2,4444,1.13173e+06,1.13266e+06,327.723
2,4445,1.13173e+06,1.13266e+06,327.723
2,4446,1.13173e+06,1.13266e+06,327.723
2,4447,1.13173e+06,1.13266e+06,327.723
2,4448,1.13173e+06,1.13266e+06,327.723
2,4449,1.13173e+06,1.13266e+06,327.723
2,4450,1.13173e+06,1.13266e+06,327.723
2,4451,1.13173e+06,1.13266e+06,327.723
2,4452,1.13173e+06,1.13266e+06,327.723
2,4453,1.13173e+06,1.13266e+06,327.723
2,4454,1.13173e+06,1.13266e+06,327.723
2,4455,1.13173e+06,1.13266e+06,327.723
2,4456,1.13173e+06,1.13266e+06,327.723
2,4457,1.13173e+06,1.13266e+06,327.723
2,4458,1.13173e+06,1.13266e+06,327.723
2,4459,1.13173e+06,1.13268e+06,327.723
2,4460,1.13173e+06,1.13268e+06,327.723
2,4461,1.13173e+06,1.13268e+06,327.723
2,4462,1.13173e+06,1.13265e+06,327.723
2,4463,1.13173e+06,1.13265e+06,327.723
2,4464,1.13173e+06,1.13265e+06,327.723
2,4465,1.13173e+06,1.13276e+06,327.723
2,4466,1.13173e+06,1.13276e+06,327.723
2,4467,1.13173e+06,1.13276e+06,327.723
2,4468,1.13173e+06,1.13276e+06,327.723
2,4469,1.13173e+06,1.13276e+06,327.723
2,4470,1.13173e+06,1.13276e+06,327.723
2,4471,1.13173e+06,1.13276e+06,327.723
2,4472,1.13173e+06,1.13276e+06,327.723
2,4473,1.13173e+06,1.13276e+06,327.723
2,4474,1.13173e+06,1.13276e+06,327.723
2,4475,1.13173e+06,1.13276e+06,327.723
2,4476,1.13173e+06,1.13276e+06,327.723
2,4477,1.13173e+06,1.13274e+06,327.723
2,4478,1.13173e+06,1.13274e+06,327.723
2,4479,1.13173e+06,1.13274e+06,327.723
2,4480,1.13173e+06,1.13273e+06,327.723
2,4481,1.13173e+06,1.13273e+06,324.446
2,4482,1.13173e+06,1.13275e+06,324.446
2,4483,1.13173e+06,1.13275e+06,324.446
2,4484,1.13173e+06,1.13288e+06,324.446
2,4485,1.13173e+06,1.13288e+06,324.446
2,4486,1.13173e+06,1.13288e+06,324.446
2,4487,1.13173e+06,1.13288e+06,324.446
2,4488,1.13173e+06,1.13288e+06,324.446
2,4489,1.13173e+06,1.13264e+06,324.446
2,4490,1.13173e+06,1.13264e+06,324.446
2,4491,1.13173e+06,1.13264e+06,324.446
2,4492,1.13173e+06,1.13264e+06,324.446
2,4493,1.13173e+06,1.13264e+06,324.446
2,4494,1.13173e+06,1.13264e+06,324.446
2,4495,1.13173e+06,1.13264e+06,324.446
2,4496,1.13173e+06,1.13264e+06,324.446
2,4497,1.13173e+06,1.13269e+06,324.446
2,4498,1.13173e+06,1.13269e+06,324.446
2,4499,1.13173e+06,1.13269e+06,324.446
2,4500,1.13173e+06,1.13269e+06,324.446
2,4501,1.13173e+06,1.13269e+06,324.446
2,4502,1.13173e+06,1.13269e+06,324.446
2,4503,1.13173e+06,1.13269e+06,324.446
2,4504,1.13173e+06,1.13269e+06,324.446
2,4505,1.13173e+06,1.13269e+06,324.446
2,4506,1.13173e+06,1.13269e+06,324.446
2,4507,1.13173e+06,1.13269e+06,324.446
2,4508,1.13173e+06,1.13269e+06,324.446
2,4509,1.13173e+06,1.13268e+06,324.446
2,4510,1.13173e+06,1.13268e+06,324.446
2,4511,1.13173e+06,1.13268e+06,324.446
2,4512,1.13173e+06,1.13268e+06,324.446
2,4513,1.13173e+06,1.13268e+06,324.446
2,4514,1.13173e+06,1.13268e+06,324.446
2,4515,1.13173e+06,1.13276e+06,324.446
2,4516,1.13173e+06,1.13276e+06,324.446
2,4517,1.13173e+06,1.13276e+06,324.446
2,4518,1.13173e+06,1.13276e+06,324.446
2,4519,1.13173e+06,1.13276e+06,324.446
2,4520,1.13173e+06,1.13276e+06,324.446
2,4521,1.13173e+06,1.13293e+06,321.201
2,4522,1.13173e+06,1.13293e+06,321.201
2,4523,1.13173e+06,1.13293e+06,321.201
2,4524,1.13173e+06,1.13293e+06,321.201
2,4525,1.13173e+06,1.13293e+06,321.201
2,4526,1.13173e+06,1.13293e+06,321.201
2,4527,1.13173e+06,1.13293e+06,321.201
2,4528,1.13173e+06,1.13293e+06,321.201
2,4529,1.13173e+06,1.13293e+06,321.201
2,4530,1.13173e+06,1.13287e+06,321.201
2,4531,1.13173e+06,1.13287e+06,321.201
2,4532,1.13173e+06,1.13287e+06,321.201
2,4533,1.13173e+06,1.13287e+06,321.201
2,4534,1.13173e+06,1.13287e+06,321.201
2,4535,1.13173e+06,1.13276e+06,321.201
2,4536,1.13173e+06,1.13276e+06,321.201
2,4537,1.13173e+06,1.13279e+06,321.201
2,4538,1.13173e+06,1.13279e+06,321.201
2,4539,1.13173e+06,1.13279e+06,321.201
2,4540,1.13173e+06,1.13279e+06,321.201
2,4541,1.13173e+06,1.1328e+06,321.201
2,4542,1.13173e+06,1.1328e+06,321.201
2,4543,1.13173e+06,1.1328e+06,321.201
2,4544,1.13173e+06,1.1328e+06,321.201
2,4545,1.13173e+06,1.1328e+06,321.201
2,4546,1.13173e+06,1.1328e+06,321.201
2,4547,1.13173e+06,1.1328e+06,321.201
2,4548,1.13173e+06,1.1328e+06,321.201
2,4549,1.13173e+06,1.13282e+06,321.201
2,4550,1.13173e+06,1.13273e+06,321.201
2,4551,1.13173e+06,1.13273e+06,321.201
2,4552,1.13173e+06,1.13273e+06,321.201
2,4553,1.13173e+06,1.13273e+06,321.201
2,4554,1.13173e+06,1.13273e+06,321.201
2,4555,1.13173e+06,1.13273e+06,321.201
2,4556,1.13173e+06,1.13273e+06,321.201
2,4557,1.13173e+06,1.13273e+06,321.201
2,4558,1.13173e+06,1.13273e+06,321.201
2,4559,1.13173e+06,1.13273e+06,321.201
2,4560,1.13173e+06,1.13273e+06,321.201
2,4561,1.13173e+06,1.13272e+06,317.989
2,4562,1.13173e+06,1.13272e+06,317.989
2,4563,1.13173e+06,1.13272e+06,317.989
2,4564,1.13173e+06,1.13272e+06,317.989
2,4565,1.13173e+06,1.13272e+06,317.989
2,4566,1.13173e+06,1.13272e+06,317.989
2,4567,1.13173e+06,1.13272e+06,317.989
2,4568,1.13173e+06,1.13272e+06,317.989
2,4569,1.13173e+06,1.13272e+06,317.989
2,4570,1.13173e+06,1.13272e+06,317.989
2,4571,1.13173e+06,1.13272e+06,317.989
2,4572,1.13173e+06,1.13272e+06,317.989
2,4573,1.13173e+06,1.13272e+06,317.989
2,4574,1.13173e+06,1.13272e+06,317.989
2,4575,1.13173e+06,1.13272e+06,317.989
2,4576,1.13173e+06,1.13272e+06,317.989
2,4577,1.13173e+06,1.13272e+06,317.989
2,4578,1.13173e+06,1.13272e+06,317.989
2,4579,1.13173e+06,1.13272e+06,317.989
2,4580,1.13173e+06,1.13272e+06,317.989
2,4581,1.13173e+06,1.13272e+06,317.989
2,4582,1.13173e+06,1.13267e+06,317.989
2,4583,1.13173e+06,1.13267e+06,317.989
2,4584,1.13173e+06,1.13267e+06,317.989
2,4585,1.13173e+06,1.13267e+06,317.989
2,4586,1.13173e+06,1.13267e+06,317.989
2,4587,1.13173e+06,1.13267e+06,317.989
2,4588,1.13173e+06,1.13267e+06,317.989
2,4589,1.13173e+06,1.13267e+06,317.989
2,4590,1.13173e+06,1.13267e+06,317.989
2,4591,1.13173e+06,1.13267e+06,317.989
2,4592,1.13173e+06,1.13267e+06,317.989
2,4593,1.13173e+06,1.13267e+06,317.989
2,4594,1.13173e+06,1.13267e+06,317.989
2,4595,1.13173e+06,1.13267e+06,317.989
2,4596,1.13173e+06,1.13267e+06,317.989
2,4597,1.13173e+06,1.13267e+06,317.989
2,4598,1.13173e+06,1.13267e+06,317.989
2,4599,1.13173e+06,1.13267e+06,317.989
2,4600,1.13173e+06,1.13267e+06,317.989
2,4601,1.13173e+06,1.13267e+06,314.809
2,4602,1.13173e+06,1.13267e+06,314.809
2,4603,1.13173e+06,1.13267e+06,314.809
2,4604,1.13173e+06,1.13278e+06,314.809
2,4605,1.13173e+06,1.13278e+06,314.809
2,4606,1.13173e+06,1.13278e+06,314.809
2,4607,1.13173e+06,1.13278e+06,314.809
2,4608,1.13173e+06,1.13277e+06,314.809
2,4609,1.13173e+06,1.13277e+06,314.809
2,4610,1.13173e+06,1.13277e+06,314.809
2,4611,1.13173e+06,1.13277e+06,314.809
2,4612,1.13173e+06,1.13277e+06,314.809
2,4613,1.13173e+06,1.13277e+06,314.809
2,4614,1.13173e+06,1.13277e+06,314.809
2,4615,1.13173e+06,1.13277e+06,314.809
2,4616,1.13173e+06,1.13277e+06,314.809
2,4617,1.13173e+06,1.13277e+06,314.809
2,4618,1.13173e+06,1.13277e+06,314.809
2,4619,1.13173e+06,1.13277e+06,314.809
2,4620,1.13173e+06,1.13277e+06,314.809
2,4621,1.13173e+06,1.13277e+06,314.809
2,4622,1.13173e+06,1.13277e+06,314.809
2,4623,1.13173e+06,1.13277e+06,314.809
2,4624,1.13173e+06,1.13277e+06,314.809
2,4625,1.13173e+06,1.13277e+06,314.809
2,4626,1.13173e+06,1.13277e+06,314.809
2,4627,1.13173e+06,1.13277e+06,314.809
2,4628,1.13173e+06,1.13277e+06,314.809
2,4629,1.13173e+06,1.13277e+06,314.809
2,4630,1.13173e+06,1.13277e+06,314.809
2,4631,1.13173e+06,1.13277e+06,314.809
2,4632,1.13173e+06,1.13277e+06,314.809
2,4633,1.13173e+06,1.13277e+06,314.809
2,4634,1.13173e+06,1.13277e+06,314.809
2,4635,1.13173e+06,1.13277e+06,314.809
2,4636,1.13173e+06,1.13277e+06,314.809
2,4637,1.13173e+06,1.13277e+06,314.809
2,4638,1.13173e+06,1.13277e+06,314.809
2,4639,1.13173e+06,1.13277e+06,314.809
2,4640,1.13173e+06,1.13277e+06,314.809
2,4641,1.13173e+06,1.13277e+06,311.661
2,4642,1.13173e+06,1.13277e+06,311.661
2,4643,1.13173e+06,1.13277e+06,311.661
2,4644,1.13173e+06,1.13277e+06,311.661
2,4645,1.13173e+06,1.13277e+06,311.661
2,4646,1.13173e+06,1.13277e+06,311.661
2,4647,1.13173e+06,1.13277e+06,311.661
2,4648,1.13173e+06,1.13277e+06,311.661
2,4649,1.13173e+06,1.13277e+06,311.661
2,4650,1.13173e+06,1.13277e+06,311.661
2,4651,1.13173e+06,1.13277e+06,311.661
2,4652,1.13173e+06,1.13277e+06,311.661
2,4653,1.13173e+06,1.13277e+06,311.661
2,4654,1.13173e+06,1.13277e+06,311.661
2,4655,1.13173e+06,1.13276e+06,311.661
2,4656,1.13173e+06,1.13276e+06,311.661
2,4657,1.13173e+06,1.13276e+06,311.661
2,4658,1.13173e+06,1.13276e+06,311.661
2,4659,1.13173e+06,1.13276e+06,311.661
2,4660,1.13173e+06,1.13276e+06,311.661
2,4661,1.13173e+06,1.13276e+06,311.661
2,4662,1.13173e+06,1.13276e+06,311.661
2,4663,1.13173e+06,1.13276e+06,311.661
2,4664,1.13173e+06,1.13276e+06,311.661
2,4665,1.13173e+06,1.13276e+06,311.661
2,4666,1.13173e+06,1.13276e+06,311.661
2,4667,1.13173e+06,1.13276e+06,311.661
2,4668,1.13173e+06,1.13276e+06,311.661
2,4669,1.13173e+06,1.13276e+06,311.661
2,4670,1.13173e+06,1.13276e+06,311.661
2,4671,1.13173e+06,1.13276e+06,311.661
2,4672,1.13173e+06,1.13276e+06,311.661
2,4673,1.13173e+06,1.13276e+06,311.661
2,4674,1.13173e+06,1.13276e+06,311.661
2,4675,1.13173e+06,1.13276e+06,311.661
2,4676,1.13173e+06,1.13276e+06,311.661
2,4677,1.13173e+06,1.13276e+06,311.661
2,4678,1.13173e+06,1.13276e+06,311.661
2,4679,1.13173e+06,1.13276e+06,311.661
2,4680,1.13173e+06,1.13276e+06,311.661
4,1,1.13173e+06,1.13173e+06,1000
4,2,1.13173e+06,1.13173e+06,1000
4,3,1.13173e+06,1.13178e+06,1000
4,4,1.13173e+06,1.13178e+06,1000
4,5,1.13173e+06,1.13178e+06,1000
4,6,1.13173e+06,1.13178e+06,1000
4,7,1.13173e+06,1.13178e+06,1000
4,8,1.13173e+06,1.13178e+06,1000
4,9,1.13173e+06,1.13175e+06,1000
4,10,1.13173e+06,1.13175e+06,1000
4,11,1.13173e+06,1.1318e+06,1000
4,12,1.13173e+06,1.1318e+06,1000
4,13,1.13173e+06,1.1318e+06,1000
4,14,1.13173e+06,1.1318e+06,1000
4,15,1.13173e+06,1.1318e+06,1000
4,16,1.13173e+06,1.1318e+06,1000
4,17,1.13173e+06,1.1318e+06,1000
4,18,1.13173e+06,1.1318e+06,1000
4,19,1.13173e+06,1.1318e+06,1000
4,20,1.13173e+06,1.1318e+06,1000
4,21,1.13173e+06,1.1318e+06,1000
4,22,1.13173e+06,1.1318e+06,1000
4,23,1.13173e+06,1.1318e+06,1000
4,24,1.13173e+06,1.1318e+06,1000
4,25,1.13173e+06,1.1318e+06,1000
4,26,1.13173e+06,1.1318e+06,1000
4,27,1.13173e+06,1.1318e+06,1000
4,28,1.13173e+06,1.1318e+06,1000
4,29,1.13173e+06,1.1318e+06,1000
4,30,1.13173e+06,1.1318e+06,1000
4,31,1.13173e+06,1.1318e+06,1000
4,32,1.13173e+06,1.1318e+06,1000
4,33,1.13173e+06,1.13227e+06,1000
4,34,1.13173e+06,1.13227e+06,1000
4,35,1.13173e+06,1.13227e+06,1000
4,36,1.13173e+06,1.13227e+06,1000
4,37,1.13173e+06,1.13227e+06,1000
4,38,1.13173e+06,1.13227e+06,1000
4,39,1.13173e+06,1.13227e+06,1000
4,40,1.13173e+06,1.13227e+06,1000
4,41,1.13173e+06,1.13229e+06,990
4,42,1.13173e+06,1.13229e+06,990
4,43,1.13173e+06,1.13229e+06,990
4,44,1.13173e+06,1.13229e+06,990
4,45,1.13173e+06,1.13229e+06,990
4,46,1.13173e+06,1.13229e+06,990
4,47,1.13173e+06,1.13229e+06,990
4,48,1.13173e+06,1.13229e+06,990
4,49,1.13173e+06,1.13229e+06,990
4,50,1.13173e+06,1.13229e+06,990
4,51,1.13173e+06,1.13229e+06,990
4,52,1.13173e+06,1.13229e+06,990
4,53,1.13173e+06,1.13229e+06,990
4,54,1.13173e+06,1.13228e+06,990
4,55,1.13173e+06,1.13228e+06,990
4,56,1.13173e+06,1.13228e+06,990
4,57,1.13173e+06,1.13228e+06,990
4,58,1.13173e+06,1.13228e+06,990
4,59,1.13173e+06,1.13228e+06,990
4,60,1.13173e+06,1.13228e+06,990
4,61,1.13173e+06,1.13228e+06,990
4,62,1.13173e+06,1.13228e+06,990
4,63,1.13173e+06,1.13228e+06,990
4,64,1.13173e+06,1.13228e+06,990
4,65,1.13173e+06,1.13228e+06,990
4,66,1.13173e+06,1.13228e+06,990
4,67,1.13173e+06,1.13228e+06,990
4,68,1.13173e+06,1.13228e+06,990
4,69,1.13173e+06,1.13228e+06,990
4,70,1.13173e+06,1.13228e+06,990
4,71,1.13173e+06,1.13228e+06,990
4,72,1.13173e+06,1.13228e+06,990
4,73,1.13173e+06,1.13228e+06,990
4,74,1.13173e+06,1.13228e+06,990
4,75,1.13173e+06,1.13228e+06,990
4,76,1.13173e+06,1.13228e+06,990
4,77,1.13173e+06,1.13228e+06,990
4,78,1.13173e+06,1.13239e+06,990
4,79,1.13173e+06,1.13239e+06,990
4,80,1.13173e+06,1.13239e+06,990
4,81,1.13173e+06,1.13239e+06,980.1
4,82,1.13173e+06,1.13239e+06,980.1
4,83,1.13173e+06,1.13239e+06,980.1
4,84,1.13173e+06,1.13239e+06,980.1
4,85,1.13173e+06,1.13239e+06,980.1
4,86,1.13173e+06,1.13239e+06,980.1
4,87,1.13173e+06,1.13239e+06,980.1
4,88,1.13173e+06,1.13239e+06,980.1
4,89,1.13173e+06,1.13239e+06,980.1
4,90,1.13173e+06,1.13239e+06,980.1
4,91,1.13173e+06,1.13239e+06,980.1
4,92,1.13173e+06,1.13239e+06,980.1
4,93,1.13173e+06,1.13239e+06,980.1
4,94,1.13173e+06,1.13243e+06,980.1
4,95,1.13173e+06,1.13243e+06,980.1
4,96,1.13173e+06,1.13243e+06,980.1
4,97,1.13173e+06,1.13259e+06,980.1
4,98,1.13173e+06,1.13259e+06,980.1
4,99,1.13173e+06,1.13259e+06,980.1
4,100,1.13173e+06,1.13259e+06,980.1
4,101,1.13173e+06,1.13259e+06,980.1
4,102,1.13173e+06,1.13259e+06,980.1
4,103,1.13173e+06,1.13259e+06,980.1
4,104,1.13173e+06,1.13259e+06,980.1
4,105,1.13173e+06,1.13228e+06,980.1
4,106,1.13173e+06,1.13228e+06,980.1
4,107,1.13173e+06,1.13228e+06,980.1
4,108,1.13173e+06,1.13228e+06,980.1
4,109,1.13173e+06,1.13228e+06,980.1
4,110,1.13173e+06,1.13228e+06,980.1
4,111,1.13173e+06,1.13228e+06,980.1
4,112,1.13173e+06,1.13228e+06,980.1
4,113,1.13173e+06,1.13228e+06,980.1
4,114,1.13173e+06,1.13228e+06,980.1
4,115,1.13173e+06,1.13228e+06,980.1
4,116,1.13173e+06,1.13227e+06,980.1
4,117,1.13173e+06,1.13227e+06,980.1
4,118,1.13173e+06,1.13227e+06,980.1
4,119,1.13173e+06,1.13227e+06,980.1
4,120,1.13173e+06,1.13227e+06,980.1
4,121,1.13173e+06,1.13227e+06,970.299
4,122,1.13173e+06,1.13227e+06,970.299
4,123,1.13173e+06,1.13227e+06,970.299
4,124,1.13173e+06,1.13227e+06,970.299
4,125,1.13173e+06,1.13227e+06,970.299
4,126,1.13173e+06,1.13227e+06,970.299
4,127,1.13173e+06,1.13227e+06,970.299
4,128,1.13173e+06,1.13227e+06,970.299
4,129,1.13173e+06,1.13231e+06,970.299
4,130,1.13173e+06,1.13231e+06,970.299
4,131,1.13173e+06,1.13227e+06,970.299
4,132,1.13173e+06,1.13227e+06,970.299
4,133,1.13173e+06,1.13227e+06,970.299
4,134,1.13173e+06,1.13227e+06,970.299
4,135,1.13173e+06,1.13227e+06,970.299
4,136,1.13173e+06,1.13227e+06,970.299
4,137,1.13173e+06,1.13227e+06,970.299
4,138,1.13173e+06,1.13227e+06,970.299
4,139,1.13173e+06,1.13227e+06,970.299
4,140,1.13173e+06,1.13227e+06,970.299
4,141,1.13173e+06,1.13227e+06,970.299
4,142,1.13173e+06,1.13227e+06,970.299
4,143,1.13173e+06,1.13227e+06,970.299
4,144,1.13173e+06,1.13226e+06,970.299
4,145,1.13173e+06,1.13226e+06,970.299
4,146,1.13173e+06,1.13226e+06,970.299
4,147,1.13173e+06,1.13226e+06,970.299
4,148,1.13173e+06,1.13226e+06,970.299
4,149,1.13173e+06,1.13227e+06,970.299
4,150,1.13173e+06,1.13227e+06,970.299
4,151,1.13173e+06,1.13227e+06,970.299
4,152,1.13173e+06,1.13227e+06,970.299
4,153,1.13173e+06,1.13227e+06,970.299
4,154,1.13173e+06,1.13226e+06,970.299
4,155,1.13173e+06,1.13226e+06,970.299
4,156,1.13173e+06,1.13226e+06,970.299
4,157,1.13173e+06,1.13226e+06,970.299
4,158,1.13173e+06,1.13234e+06,970.299
4,159,1.13173e+06,1.13234e+06,970.299
4,160,1.13173e+06,1.13234e+06,970.299
4,161,1.13173e+06,1.13234e+06,960.596
4,162,1.13173e+06,1.13234e+06,960.596
4,163,1.13173e+06,1.13234e+06,960.596
4,164,1.13173e+06,1.13234e+06,960.596
4,165,1.13173e+06,1.13234e+06,960.596
4,166,1.13173e+06,1.13234e+06,960.596
4,167,1.13173e+06,1.13234e+06,960.596
4,168,1.13173e+06,1.13234e+06,960.596
4,169,1.13173e+06,1.13234e+06,960.596
4,170,1.13173e+06,1.13234e+06,960.596
4,171,1.13173e+06,1.13231e+06,960.596
4,172,1.13173e+06,1.13231e+06,960.596
4,173,1.13173e+06,1.13231e+06,960.596
4,174,1.13173e+06,1.13231e+06,960.596
4,175,1.13173e+06,1.13231e+06,960.596
4,176,1.13173e+06,1.13231e+06,960.596
4,177,1.13173e+06,1.13231e+06,960.596
4,178,1.13173e+06,1.13231e+06,960.596
4,179,1.13173e+06,1.13231e+06,960.596
4,180,1.13173e+06,1.13231e+06,960.596
4,181,1.13173e+06,1.13231e+06,960.596
4,182,1.13173e+06,1.13232e+06,960.596
4,183,1.13173e+06,1.13232e+06,960.596
4,184,1.13173e+06,1.13232e+06,960.596
4,185,1.13173e+06,1.13232e+06,960.596
4,186,1.13173e+06,1.13232e+06,960.596
4,187,1.13173e+06,1.13232e+06,960.596
4,188,1.13173e+06,1.13232e+06,960.596
4,189,1.13173e+06,1.13232e+06,960.596
4,190,1.13173e+06,1.13232e+06,960.596
4,191,1.13173e+06,1.13232e+06,960.596
4,192,1.13173e+06,1.13232e+06,960.596
4,193,1.13173e+06,1.13232e+06,960.596
4,194,1.13173e+06,1.13232e+06,960.596
4,195,1.13173e+06,1.13232e+06,960.596
4,196,1.13173e+06,1.13232e+06,960.596
4,197,1.13173e+06,1.13232e+06,960.596
4,198,1.13173e+06,1.13234e+06,960.596
4,199,1.13173e+06,1.13234e+06,960.596
4,200,1.13173e+06,1.13231e+06,960.596
4,201,1.13173e+06,1.13231e+06,950.99
4,202,1.13173e+06,1.13231e+06,950.99
4,203,1.13173e+06,1.13231e+06,950.99
4,204,1.13173e+06,1.13231e+06,950.99
4,205,1.13173e+06,1.13231e+06,950.99
4,206,1.13173e+06,1.1323e+06,950.99
4,207,1.13173e+06,1.1323e+06,950.99
4,208,1.13173e+06,1.1323e+06,950.99
4,209,1.13173e+06,1.1323e+06,950.99
4,210,1.13173e+06,1.1323e+06,950.99
4,211,1.13173e+06,1.1323e+06,950.99
4,212,1.13173e+06,1.1323e+06,950.99
4,213,1.13173e+06,1.13233e+06,950.99
4,214,1.13173e+06,1.13229e+06,950.99
4,215,1.13173e+06,1.13229e+06,950.99
4,216,1.13173e+06,1.13229e+06,950.99
4,217,1.13173e+06,1.13229e+06,950.99
4,218,1.13173e+06,1.13229e+06,950.99
4,219,1.13173e+06,1.13229e+06,950.99
4,220,1.13173e+06,1.13229e+06,950.99
4,221,1.13173e+06,1.13229e+06,950.99
4,222,1.13173e+06,1.13229e+06,950.99
4,223,1.13173e+06,1.13229e+06,950.99
4,224,1.13173e+06,1.13229e+06,950.99
4,225,1.13173e+06,1.13229e+06,950.99
4,226,1.13173e+06,1.13229e+06,950.99
4,227,1.13173e+06,1.13229e+06,950.99
4,228,1.13173e+06,1.13229e+06,950.99
4,229,1.13173e+06,1.13229e+06,950.99
4,230,1.13173e+06,1.13224e+06,950.99
4,231,1.13173e+06,1.13224e+06,950.99
4,232,1.13173e+06,1.13226e+06,950.99
4,233,1.13173e+06,1.13226e+06,950.99
4,234,1.13173e+06,1.13226e+06,950.99
4,235,1.13173e+06,1.13226e+06,950.99
4,236,1.13173e+06,1.1323e+06,950.99
4,237,1.13173e+06,1.1323e+06,950.99
4,238,1.13173e+06,1.13235e+06,950.99
4,239,1.13173e+06,1.13235e+06,950.99
4,240,1.13173e+06,1.13235e+06,950.99
4,241,1.13173e+06,1.13235e+06,941.48
4,242,1.13173e+06,1.13235e+06,941.48
4,243,1.13173e+06,1.13235e+06,941.48
4,244,1.13173e+06,1.13235e+06,941.48
4,245,1.13173e+06,1.13235e+06,941.48
4,246,1.13173e+06,1.13235e+06,941.48
4,247,1.13173e+06,1.13235e+06,941.48
4,248,1.13173e+06,1.13235e+06,941.48
4,249,1.13173e+06,1.13235e+06,941.48
4,250,1.13173e+06,1.13235e+06,941.48
4,251,1.13173e+06,1.13235e+06,941.48
4,252,1.13173e+06,1.13235e+06,941.48
4,253,1.13173e+06,1.13235e+06,941.48
4,254,1.13173e+06,1.13235e+06,941.48
4,255,1.13173e+06,1.13235e+06,941.48
4,256,1.13173e+06,1.13235e+06,941.48
4,257,1.13173e+06,1.13235e+06,941.48
4,258,1.13173e+06,1.13235e+06,941.48
4,259,1.13173e+06,1.13235e+06,941.48
4,260,1.13173e+06,1.13235e+06,941.48
4,261,1.13173e+06,1.13235e+06,941.48
4,262,1.13173e+06,1.13235e+06,941.48
4,263,1.13173e+06,1.13235e+06,941.48
4,264,1.13173e+06,1.13235e+06,941.48
4,265,1.13173e+06,1.13235e+06,941.48
4,266,1.13173e+06,1.13235e+06,941.48
4,267,1.13173e+06,1.13235e+06,941.48
4,268,1.13173e+06,1.13235e+06,941.48
4,269,1.13173e+06,1.13234e+06,941.48
4,270,1.13173e+06,1.13234e+06,941.48
4,271,1.13173e+06,1.13234e+06,941.48
4,272,1.13173e+06,1.13234e+06,941.48
4,273,1.13173e+06,1.13235e+06,941.48
4,274,1.13173e+06,1.13235e+06,941.48
4,275,1.13173e+06,1.13241e+06,941.48
4,276,1.13173e+06,1.13241e+06,941.48
4,277,1.13173e+06,1.13241e+06,941.48
4,278,1.13173e+06,1.13241e+06,941.48
4,279,1.13173e+06,1.13241e+06,941.48
4,280,1.13173e+06,1.13241e+06,941.48
4,281,1.13173e+06,1.13241e+06,932.065
4,282,1.13173e+06,1.13241e+06,932.065
4,283,1.13173e+06,1.13237e+06,932.065
4,284,1.13173e+06,1.13237e+06,932.065
4,285,1.13173e+06,1.13237e+06,932.065
4,286,1.13173e+06,1.13237e+06,932.065
4,287,1.13173e+06,1.13236e+06,932.065
4,288,1.13173e+06,1.13236e+06,932.065
4,289,1.13173e+06,1.13236e+06,932.065
4,290,1.13173e+06,1.13236e+06,932.065
4,291,1.13173e+06,1.13236e+06,932.065
4,292,1.13173e+06,1.13236e+06,932.065
4,293,1.13173e+06,1.13236e+06,932.065
4,294,1.13173e+06,1.13236e+06,932.065
4,295,1.13173e+06,1.13237e+06,932.065
4,296,1.13173e+06,1.13237e+06,932.065
4,297,1.13173e+06,1.13237e+06,932.065
4,298,1.13173e+06,1.13259e+06,932.065
4,299,1.13173e+06,1.13259e+06,932.065
4,300,1.13173e+06,1.13259e+06,932.065
4,301,1.13173e+06,1.13257e+06,932.065
4,302,1.13173e+06,1.13254e+06,932.065
4,303,1.13173e+06,1.13253e+06,932.065
4,304,1.13173e+06,1.13253e+06,932.065
4,305,1.13173e+06,1.13241e+06,932.065
4,306,1.13173e+06,1.13241e+06,932.065
4,307,1.13173e+06,1.13241e+06,932.065
4,308,1.13173e+06,1.13241e+06,932.065
4,309,1.13173e+06,1.13241e+06,932.065
4,310,1.13173e+06,1.13241e+06,932.065
4,311,1.13173e+06,1.13255e+06,932.065
4,312,1.13173e+06,1.13255e+06,932.065
4,313,1.13173e+06,1.13253e+06,932.065
4,314,1.13173e+06,1.13253e+06,932.065
4,315,1.13173e+06,1.13253e+06,932.065
4,316,1.13173e+06,1.13253e+06,932.065
4,317,1.13173e+06,1.13253e+06,932.065
4,318,1.13173e+06,1.13253e+06,932.065
4,319,1.13173e+06,1.13253e+06,932.065
4,320,1.13173e+06,1.13253e+06,932.065
4,321,1.13173e+06,1.13253e+06,922.745
4,322,1.13173e+06,1.13253e+06,922.745
4,323,1.13173e+06,1.13253e+06,922.745
4,324,1.13173e+06,1.13253e+06,922.745
4,325,1.13173e+06,1.13253e+06,922.745
4,326,1.13173e+06,1.13253e+06,922.745
4,327,1.13173e+06,1.13253e+06,922.745
4,328,1.13173e+06,1.13253e+06,922.745
4,329,1.13173e+06,1.13253e+06,922.745
4,330,1.13173e+06,1.13253e+06,922.745
4,331,1.13173e+06,1.13253e+06,922.745
4,332,1.13173e+06,1.13253e+06,922.745
4,333,1.13173e+06,1.13253e+06,922.745
4,334,1.13173e+06,1.13253e+06,922.745
4,335,1.13173e+06,1.13253e+06,922.745
4,336,1.13173e+06,1.13251e+06,922.745
4,337,1.13173e+06,1.13251e+06,922.745
4,338,1.13173e+06,1.13251e+06,922.745
4,339,1.13173e+06,1.13253e+06,922.745
4,340,1.13173e+06,1.13241e+06,922.745
4,341,1.13173e+06,1.1324e+06,922.745
4,342,1.13173e+06,1.1324e+06,922.745
4,343,1.13173e+06,1.13237e+06,922.745
4,344,1.13173e+06,1.13237e+06,922.745
4,345,1.13173e+06,1.13237e+06,922.745
4,346,1.13173e+06,1.13237e+06,922.745
4,347,1.13173e+06,1.13237e+06,922.745
4,348,1.13173e+06,1.13237e+06,922.745
4,349,1.13173e+06,1.13237e+06,922.745
4,350,1.13173e+06,1.13237e+06,922.745
4,351,1.13173e+06,1.13237e+06,922.745
4,352,1.13173e+06,1.13237e+06,922.745
4,353,1.13173e+06,1.13237e+06,922.745
4,354,1.13173e+06,1.13237e+06,922.745
4,355,1.13173e+06,1.13237e+06,922.745
4,356,1.13173e+06,1.13237e+06,922.745
4,357,1.13173e+06,1.13237e+06,922.745
4,358,1.13173e+06,1.13237e+06,922.745
4,359,1.13173e+06,1.13234e+06,922.745
4,360,1.13173e+06,1.13234e+06,922.745
4,361,1.13173e+06,1.13234e+06,913.517
4,362,1.13173e+06,1.13234e+06,913.517
4,363,1.13173e+06,1.13234e+06,913.517
4,364,1.13173e+06,1.13234e+06,913.517
4,365,1.13173e+06,1.13234e+06,913.517
4,366,1.13173e+06,1.13234e+06,913.517
4,367,1.13173e+06,1.13234e+06,913.517
4,368,1.13173e+06,1.13234e+06,913.517
4,369,1.13173e+06,1.13235e+06,913.517
4,370,1.13173e+06,1.1324e+06,913.517
4,371,1.13173e+06,1.1324e+06,913.517
4,372,1.13173e+06,1.1324e+06,913.517
4,373,1.13173e+06,1.13242e+06,913.517
4,374,1.13173e+06,1.13242e+06,913.517
4,375,1.13173e+06,1.1325e+06,913.517
4,376,1.13173e+06,1.1325e+06,913.517
4,377,1.13173e+06,1.13279e+06,913.517
4,378,1.13173e+06,1.13279e+06,913.517
4,379,1.13173e+06,1.13279e+06,913.517
4,380,1.13173e+06,1.13279e+06,913.517
4,381,1.13173e+06,1.13279e+06,913.517
4,382,1.13173e+06,1.13279e+06,913.517
4,383,1.13173e+06,1.13279e+06,913.517
4,384,1.13173e+06,1.13279e+06,913.517
4,385,1.13173e+06,1.13279e+06,913.517
4,386,1.13173e+06,1.13279e+06,913.517
4,387,1.13173e+06,1.13267e+06,913.517
4,388,1.13173e+06,1.13278e+06,913.517
4,389,1.13173e+06,1.13278e+06,913.517
4,390,1.13173e+06,1.13278e+06,913.517
4,391,1.13173e+06,1.13277e+06,913.517
4,392,1.13173e+06,1.13277e+06,913.517
4,393,1.13173e+06,1.13277e+06,913.517
4,394,1.13173e+06,1.13277e+06,913.517
4,395,1.13173e+06,1.13277e+06,913.517
4,396,1.13173e+06,1.13276e+06,913.517
4,397,1.13173e+06,1.13276e+06,913.517
4,398,1.13173e+06,1.13276e+06,913.517
4,399,1.13173e+06,1.13276e+06,913.517
4,400,1.13173e+06,1.13276e+06,913.517
